Running task 9 specified in logfiles/cpump_ML_01.config.pkl on anderson14 at Sat 25 Oct 19:32:21 CEST 2025 with 6 threads
INFO:tenpy.tools.params:MixedHofstadterLandauGauge_Pi_2: reading 'Lx'=2
INFO:tenpy.tools.params:MixedHofstadterLandauGauge_Pi_2: setting 'N_rings'=2
INFO:tenpy.tools.params:MixedHofstadterLandauGauge_Pi_2: reading 'Ly'=3
INFO:tenpy.tools.params:MixedHofstadterLandauGauge_Pi_2: reading 'bc_MPS'='infinite'
INFO:tenpy.tools.params:MixedHofstadterLandauGauge_Pi_2: reading 't'=-1
INFO:tenpy.tools.params:MixedHofstadterLandauGauge_Pi_2: reading 't2'=-0.25
INFO:tenpy.tools.params:MixedHofstadterLandauGauge_Pi_2: reading 'V1'=0.6
INFO:tenpy.tools.params:MixedHofstadterLandauGauge_Pi_2: reading 'phi_ext'=np.float64(0.0)
/home/t30/kna/ge54yin/Documents/MasterThesisFQHinTMDs/MPS_stuff/MPScalculations/.venv/lib/python3.12/site-packages/tenpy/tools/params.py:232: UserWarning: unused options for config MixedHofstadterLandauGauge_Pi_2:
['Delta', 'N_rings', 'Nsec', 'bc', 'chi_max', 'ktot', 'saveAll']
  warnings.warn(msg.format(keys=sorted(unused), name=self.name))
INFO:tenpy.tools.params:DMRG: subconfig 'trunc_params'=Config(<1 options>, 'trunc_params')
INFO:tenpy.tools.params:DMRG: reading 'chi_list'={0: 256}
INFO:tenpy.algorithms.mps_common:start environment_sweep
INFO:tenpy.tools.params:trunc_params: reading 'chi_max'=256
INFO:tenpy.tools.params:DMRG: reading 'mixer'=True
INFO:tenpy.algorithms.mps_common:activate DensityMatrixMixer with initial amplitude 1e-05
INFO:tenpy.tools.params:DMRG: reading 'max_sweeps'=250
INFO:tenpy.algorithms.dmrg:Running sweep with optimization
INFO:tenpy.algorithms.mps_common:Setting chi_max=256
INFO:tenpy.algorithms.mps_common:activate DensityMatrixMixer with initial amplitude 1e-05
INFO:tenpy.algorithms.mps_common:start environment_sweep
INFO:tenpy.algorithms.dmrg:checkpoint after sweep 10
energy=0.5295812839957795, max S=2.7957480167147826, age=198, norm_err=6.4e-03
Current memory usage 178.0MB, wall time: 54.9s
Delta E = nan, Delta S = 2.7418e-01 (per sweep)
max trunc_err = 1.3278e-08, max E_trunc = -5.8650e-09
chi: [256, 256, 256, 256, 256, 256]
================================================================================
INFO:tenpy.algorithms.dmrg:Running sweep with optimization
INFO:tenpy.algorithms.mps_common:start environment_sweep
INFO:tenpy.algorithms.dmrg:checkpoint after sweep 20
energy=0.6100692684726496, max S=2.4707498111190063, age=378, norm_err=1.8e-01
Current memory usage 178.0MB, wall time: 61.3s
Delta E = 8.0488e-03, Delta S = -5.6596e-02 (per sweep)
max trunc_err = 8.0983e-09, max E_trunc = -7.9734e-10
chi: [256, 256, 256, 256, 256, 256]
================================================================================
INFO:tenpy.algorithms.dmrg:Running sweep with optimization
INFO:tenpy.algorithms.mps_common:start environment_sweep
INFO:tenpy.algorithms.dmrg:checkpoint after sweep 30
energy=0.2058472191941595, max S=0.3892104192527306, age=558, norm_err=5.2e-02
Current memory usage 178.0MB, wall time: 55.9s
Delta E = -4.0422e-02, Delta S = -1.8999e-01 (per sweep)
max trunc_err = 2.6645e-08, max E_trunc = 2.1600e-12
chi: [256, 256, 234, 256, 256, 256]
================================================================================
INFO:tenpy.algorithms.dmrg:Running sweep with optimization
INFO:tenpy.algorithms.mps_common:start environment_sweep
INFO:tenpy.algorithms.dmrg:checkpoint after sweep 40
energy=0.3202886571589687, max S=0.8197836395903816, age=738, norm_err=1.3e-02
Current memory usage 178.0MB, wall time: 52.4s
Delta E = 1.1444e-02, Delta S = 3.2734e-02 (per sweep)
max trunc_err = 1.0400e-07, max E_trunc = 1.2506e-12
chi: [256, 256, 256, 256, 256, 256]
================================================================================
INFO:tenpy.algorithms.dmrg:Running sweep with optimization
INFO:tenpy.algorithms.mps_common:Disable mixer after 50 sweeps, final amplitude 3.051757812499999e-10.
INFO:tenpy.algorithms.mps_common:deactivate DensityMatrixMixer with final amplitude 3.051757812499999e-10
INFO:tenpy.algorithms.mps_common:start environment_sweep
INFO:tenpy.algorithms.dmrg:checkpoint after sweep 50
energy=0.3929703685473385, max S=2.4821147882191101, age=918, norm_err=9.8e-03
Current memory usage 178.0MB, wall time: 48.7s
Delta E = 7.2682e-03, Delta S = 1.7354e-01 (per sweep)
max trunc_err = 3.8746e-08, max E_trunc = 4.0359e-12
chi: [251, 255, 256, 255, 256, 256]
================================================================================
INFO:tenpy.algorithms.dmrg:Running sweep with optimization
INFO:tenpy.algorithms.mps_common:start environment_sweep
INFO:tenpy.algorithms.dmrg:checkpoint after sweep 60
energy=0.5111705804866821, max S=2.2447489045211255, age=1098, norm_err=2.0e-02
Current memory usage 178.0MB, wall time: 45.8s
Delta E = 1.1820e-02, Delta S = -4.1373e-02 (per sweep)
max trunc_err = 2.9128e-08, max E_trunc = 5.6843e-14
chi: [256, 255, 256, 255, 256, 255]
================================================================================
INFO:tenpy.algorithms.dmrg:Running sweep with optimization
INFO:tenpy.algorithms.mps_common:start environment_sweep
INFO:tenpy.algorithms.dmrg:checkpoint after sweep 70
energy=0.3594918782020926, max S=1.7404407876425352, age=1278, norm_err=6.0e-02
Current memory usage 178.0MB, wall time: 45.7s
Delta E = -1.5168e-02, Delta S = -3.2351e-02 (per sweep)
max trunc_err = 1.0632e-08, max E_trunc = 7.9581e-13
chi: [256, 254, 254, 254, 255, 255]
================================================================================
INFO:tenpy.algorithms.dmrg:Running sweep with optimization
INFO:tenpy.algorithms.mps_common:start environment_sweep
INFO:tenpy.algorithms.dmrg:checkpoint after sweep 80
energy=0.4339073687606619, max S=1.9541628853463646, age=1458, norm_err=7.7e-03
Current memory usage 178.0MB, wall time: 46.8s
Delta E = 7.4415e-03, Delta S = 1.7558e-02 (per sweep)
max trunc_err = 1.6245e-08, max E_trunc = 1.1369e-12
chi: [256, 256, 256, 255, 256, 255]
================================================================================
INFO:tenpy.algorithms.dmrg:Running sweep with optimization
INFO:tenpy.algorithms.mps_common:start environment_sweep
INFO:tenpy.algorithms.dmrg:checkpoint after sweep 90
energy=0.4478190217569515, max S=0.8387810920467328, age=1638, norm_err=1.3e-02
Current memory usage 178.0MB, wall time: 46.7s
Delta E = 1.3912e-03, Delta S = -1.0751e-01 (per sweep)
max trunc_err = 1.9004e-08, max E_trunc = 2.5011e-12
chi: [256, 256, 256, 256, 256, 256]
================================================================================
INFO:tenpy.algorithms.dmrg:Running sweep with optimization
INFO:tenpy.algorithms.mps_common:start environment_sweep
INFO:tenpy.algorithms.dmrg:checkpoint after sweep 100
energy=0.5601343972042514, max S=1.7073139958314236, age=1818, norm_err=2.1e-02
Current memory usage 178.0MB, wall time: 46.7s
Delta E = 1.1232e-02, Delta S = 5.3124e-02 (per sweep)
max trunc_err = 1.7837e-08, max E_trunc = 4.5475e-13
chi: [256, 256, 256, 255, 256, 255]
================================================================================
INFO:tenpy.algorithms.dmrg:Running sweep with optimization
INFO:tenpy.algorithms.mps_common:start environment_sweep
INFO:tenpy.algorithms.dmrg:checkpoint after sweep 110
energy=0.3680142399501089, max S=3.1064076337524558, age=1998, norm_err=3.1e-02
Current memory usage 178.0MB, wall time: 53.6s
Delta E = -1.9212e-02, Delta S = 1.6687e-01 (per sweep)
max trunc_err = 2.8010e-08, max E_trunc = -4.8271e-10
chi: [256, 256, 256, 256, 256, 256]
================================================================================
INFO:tenpy.algorithms.dmrg:Running sweep with optimization
INFO:tenpy.algorithms.mps_common:start environment_sweep
INFO:tenpy.algorithms.dmrg:checkpoint after sweep 120
energy=0.6778608814654490, max S=0.4550843270617484, age=2178, norm_err=9.6e-03
Current memory usage 178.0MB, wall time: 48.3s
Delta E = 3.0985e-02, Delta S = -2.5947e-01 (per sweep)
max trunc_err = 2.4076e-08, max E_trunc = 1.5916e-12
chi: [256, 256, 256, 256, 256, 256]
================================================================================
INFO:tenpy.algorithms.dmrg:Running sweep with optimization
INFO:tenpy.algorithms.mps_common:start environment_sweep
INFO:tenpy.algorithms.dmrg:checkpoint after sweep 130
energy=0.5801137643876757, max S=2.1845587911855882, age=2358, norm_err=1.5e-02
Current memory usage 178.0MB, wall time: 46.6s
Delta E = -9.7747e-03, Delta S = 1.7406e-01 (per sweep)
max trunc_err = 2.0933e-08, max E_trunc = 3.4106e-13
chi: [256, 256, 256, 255, 256, 256]
================================================================================
INFO:tenpy.algorithms.dmrg:Running sweep with optimization
INFO:tenpy.algorithms.mps_common:start environment_sweep
INFO:tenpy.algorithms.dmrg:checkpoint after sweep 140
energy=0.5439954888125555, max S=1.2618706904778225, age=2538, norm_err=9.3e-02
Current memory usage 178.0MB, wall time: 45.5s
Delta E = -3.6118e-03, Delta S = -1.1212e-01 (per sweep)
max trunc_err = 3.2107e-08, max E_trunc = 1.1369e-12
chi: [256, 255, 254, 256, 256, 256]
================================================================================
INFO:tenpy.algorithms.dmrg:Running sweep with optimization
INFO:tenpy.algorithms.mps_common:start environment_sweep
INFO:tenpy.algorithms.dmrg:checkpoint after sweep 150
energy=0.6060558070085259, max S=1.9475616806049865, age=2718, norm_err=2.1e-02
Current memory usage 178.0MB, wall time: 47.2s
Delta E = 6.2060e-03, Delta S = 7.9108e-02 (per sweep)
max trunc_err = 1.8167e-08, max E_trunc = 2.3874e-12
chi: [256, 256, 256, 255, 255, 256]
================================================================================
INFO:tenpy.algorithms.dmrg:Running sweep with optimization
INFO:tenpy.algorithms.mps_common:start environment_sweep
INFO:tenpy.algorithms.dmrg:checkpoint after sweep 160
energy=-0.1961451815679046, max S=3.8034812444624544, age=2898, norm_err=7.1e-03
Current memory usage 178.0MB, wall time: 47.0s
Delta E = -8.0220e-02, Delta S = 1.7246e-01 (per sweep)
max trunc_err = 4.0201e-08, max E_trunc = 6.8212e-13
chi: [256, 256, 256, 256, 256, 256]
================================================================================
INFO:tenpy.algorithms.dmrg:Running sweep with optimization
INFO:tenpy.algorithms.mps_common:start environment_sweep
INFO:tenpy.algorithms.dmrg:checkpoint after sweep 170
energy=0.6792112889480109, max S=1.1025920860556486, age=3078, norm_err=1.2e-02
Current memory usage 178.0MB, wall time: 42.4s
Delta E = 8.7536e-02, Delta S = -2.6356e-01 (per sweep)
max trunc_err = 2.1119e-08, max E_trunc = 1.8190e-12
chi: [255, 256, 256, 256, 256, 256]
================================================================================
INFO:tenpy.algorithms.dmrg:Running sweep with optimization
INFO:tenpy.algorithms.mps_common:start environment_sweep
INFO:tenpy.algorithms.dmrg:checkpoint after sweep 180
energy=0.4026809526866752, max S=1.6070346815179797, age=3258, norm_err=2.5e-01
Current memory usage 178.0MB, wall time: 52.3s
Delta E = -2.7653e-02, Delta S = 5.4694e-02 (per sweep)
max trunc_err = 4.8552e-09, max E_trunc = -1.8554e-10
chi: [256, 256, 256, 256, 256, 256]
================================================================================
INFO:tenpy.algorithms.dmrg:Running sweep with optimization
INFO:tenpy.algorithms.mps_common:start environment_sweep
INFO:tenpy.algorithms.dmrg:checkpoint after sweep 190
energy=0.2136721413544933, max S=0.1564376846455768, age=3438, norm_err=2.5e-02
Current memory usage 178.0MB, wall time: 49.5s
Delta E = -1.8901e-02, Delta S = -1.2222e-01 (per sweep)
max trunc_err = 2.6393e-08, max E_trunc = 1.5916e-12
chi: [256, 256, 256, 256, 255, 256]
================================================================================
INFO:tenpy.algorithms.dmrg:Running sweep with optimization
INFO:tenpy.algorithms.mps_common:start environment_sweep
INFO:tenpy.algorithms.dmrg:checkpoint after sweep 200
energy=0.4250082531099603, max S=1.4772339285390315, age=3618, norm_err=1.1e-02
Current memory usage 178.0MB, wall time: 47.2s
Delta E = 2.1134e-02, Delta S = 1.2112e-01 (per sweep)
max trunc_err = 1.1776e-08, max E_trunc = 2.2737e-12
chi: [256, 256, 256, 255, 256, 256]
================================================================================
INFO:tenpy.algorithms.dmrg:Running sweep with optimization
INFO:tenpy.algorithms.mps_common:start environment_sweep
INFO:tenpy.algorithms.dmrg:checkpoint after sweep 210
energy=0.6134860113965980, max S=1.1775396719152602, age=3798, norm_err=4.2e-02
Current memory usage 178.0MB, wall time: 46.6s
Delta E = 1.8848e-02, Delta S = -2.4928e-02 (per sweep)
max trunc_err = 2.9526e-08, max E_trunc = 2.0464e-12
chi: [256, 255, 256, 256, 256, 255]
================================================================================
INFO:tenpy.algorithms.dmrg:Running sweep with optimization
INFO:tenpy.algorithms.mps_common:start environment_sweep
INFO:tenpy.algorithms.dmrg:checkpoint after sweep 220
energy=0.6368820491499984, max S=1.8237805397134821, age=3978, norm_err=2.4e-02
Current memory usage 178.0MB, wall time: 45.8s
Delta E = 2.3396e-03, Delta S = 6.2932e-02 (per sweep)
max trunc_err = 1.2647e-08, max E_trunc = 2.2737e-13
chi: [255, 256, 255, 254, 255, 256]
================================================================================
INFO:tenpy.algorithms.dmrg:Running sweep with optimization
INFO:tenpy.algorithms.mps_common:start environment_sweep
INFO:tenpy.algorithms.dmrg:checkpoint after sweep 230
energy=0.4190678675797888, max S=2.5988936615305671, age=4158, norm_err=7.4e-02
Current memory usage 178.0MB, wall time: 54.8s
Delta E = -2.1781e-02, Delta S = 5.6679e-02 (per sweep)
max trunc_err = 4.9888e-09, max E_trunc = -6.1118e-10
chi: [256, 256, 256, 256, 256, 256]
================================================================================
INFO:tenpy.algorithms.dmrg:Running sweep with optimization
INFO:tenpy.algorithms.mps_common:start environment_sweep
INFO:tenpy.algorithms.dmrg:checkpoint after sweep 240
energy=0.4512544551187905, max S=2.1310378470463043, age=4338, norm_err=1.7e-01
Current memory usage 178.0MB, wall time: 53.5s
Delta E = 3.2187e-03, Delta S = -3.7638e-02 (per sweep)
max trunc_err = 3.6190e-09, max E_trunc = -3.1514e-10
chi: [256, 256, 256, 256, 256, 256]
================================================================================
INFO:tenpy.algorithms.dmrg:Running sweep with optimization
INFO:tenpy.algorithms.mps_common:start environment_sweep
INFO:tenpy.algorithms.dmrg:checkpoint after sweep 250
energy=0.4168488524488036, max S=2.6394610597884771, age=4518, norm_err=7.3e-02
Current memory usage 178.0MB, wall time: 49.9s
Delta E = -3.4406e-03, Delta S = 3.5846e-02 (per sweep)
max trunc_err = 3.2233e-09, max E_trunc = -2.1373e-10
chi: [256, 256, 256, 256, 256, 256]
================================================================================
INFO:tenpy.algorithms.dmrg:Running sweep with optimization
INFO:tenpy.algorithms.mps_common:start environment_sweep
INFO:tenpy.algorithms.dmrg:checkpoint after sweep 260
energy=0.5369892082427251, max S=0.8712163299891457, age=4698, norm_err=6.2e-06
Current memory usage 178.0MB, wall time: 49.2s
Delta E = 1.2014e-02, Delta S = -1.7321e-01 (per sweep)
max trunc_err = 7.2770e-08, max E_trunc = 2.7285e-12
chi: [256, 255, 256, 256, 256, 256]
================================================================================
INFO:tenpy.algorithms.mps_common:TwoSiteDMRGEngine: Maximum number of sweeps reached
WARNING:tenpy.algorithms.dmrg:final DMRG state not in canonical form up to norm_tol_final=1.00e-10: norm_err=6.23e-06, calling psi.canonical_form()
INFO:tenpy.algorithms.dmrg:TwoSiteDMRGEngine finished after 260 sweeps, max chi=256
INFO:tenpy.tools.params:MixedHofstadterLandauGauge_Pi_2: reading 'explicit_plus_hc'=False
INFO:tenpy.tools.params:MixedHofstadterLandauGauge_Pi_2: reading 'Lx'=2
INFO:tenpy.tools.params:MixedHofstadterLandauGauge_Pi_2: setting 'N_rings'=2
INFO:tenpy.tools.params:MixedHofstadterLandauGauge_Pi_2: reading 'xy_lattice'='Square'
INFO:tenpy.tools.params:MixedHofstadterLandauGauge_Pi_2: reading 'Ly'=3
INFO:tenpy.tools.params:MixedHofstadterLandauGauge_Pi_2: reading 'ring_order'=None
INFO:tenpy.tools.params:MixedHofstadterLandauGauge_Pi_2: reading 'conserve_k'=True
INFO:tenpy.tools.params:MixedHofstadterLandauGauge_Pi_2: reading 'bc_MPS'='infinite'
INFO:tenpy.tools.params:MixedHofstadterLandauGauge_Pi_2: reading 't'=-1
INFO:tenpy.tools.params:MixedHofstadterLandauGauge_Pi_2: reading 't2'=-0.25
INFO:tenpy.tools.params:MixedHofstadterLandauGauge_Pi_2: reading 'V1'=0.6
INFO:tenpy.tools.params:MixedHofstadterLandauGauge_Pi_2: reading 'phi_ext'=np.float64(0.05)
INFO:tenpy.tools.params:MixedHofstadterLandauGauge_Pi_2: reading 'sort_mpo_legs'=False
/home/t30/kna/ge54yin/Documents/MasterThesisFQHinTMDs/MPS_stuff/MPScalculations/.venv/lib/python3.12/site-packages/tenpy/tools/params.py:232: UserWarning: unused options for config MixedHofstadterLandauGauge_Pi_2:
['Delta', 'N_rings', 'Nsec', 'bc', 'chi_max', 'ktot', 'saveAll']
  warnings.warn(msg.format(keys=sorted(unused), name=self.name))
INFO:tenpy.tools.params:DMRG: subconfig 'trunc_params'=Config(<1 options>, 'trunc_params')
INFO:tenpy.algorithms.mps_common:start environment_sweep
INFO:tenpy.tools.params:trunc_params: reading 'chi_max'=256
INFO:tenpy.tools.params:DMRG: subconfig 'mixer_params'=Config(<1 options>, 'mixer_params')
INFO:tenpy.tools.params:DMRG: reading 'mixer'=None
INFO:tenpy.tools.params:DMRG: reading 'max_sweeps'=100
INFO:tenpy.algorithms.dmrg:Running sweep with optimization
INFO:tenpy.algorithms.mps_common:start environment_sweep
INFO:tenpy.algorithms.dmrg:checkpoint after sweep 10
energy=0.4041923595792885, max S=1.5610992724279185, age=198, norm_err=1.5e-01
Current memory usage 204.6MB, wall time: 55.0s
Delta E = nan, Delta S = 8.1098e-02 (per sweep)
max trunc_err = 3.8929e-08, max E_trunc = -8.8922e-10
chi: [256, 256, 256, 256, 256, 256]
================================================================================
INFO:tenpy.algorithms.dmrg:Running sweep with optimization
INFO:tenpy.algorithms.mps_common:start environment_sweep
INFO:tenpy.algorithms.dmrg:checkpoint after sweep 20
energy=0.4153111999957773, max S=2.0540593307921826, age=378, norm_err=1.1e-01
Current memory usage 204.6MB, wall time: 47.6s
Delta E = 1.1119e-03, Delta S = 4.2681e-02 (per sweep)
max trunc_err = 3.3592e-08, max E_trunc = 2.8422e-13
chi: [256, 256, 256, 256, 256, 256]
================================================================================
INFO:tenpy.algorithms.dmrg:Running sweep with optimization
INFO:tenpy.algorithms.mps_common:start environment_sweep
INFO:tenpy.algorithms.dmrg:checkpoint after sweep 30
energy=0.6565417752851962, max S=1.7900416096187697, age=558, norm_err=1.6e-02
Current memory usage 204.6MB, wall time: 44.8s
Delta E = 2.4123e-02, Delta S = -2.2344e-02 (per sweep)
max trunc_err = 1.0961e-08, max E_trunc = 1.7053e-12
chi: [256, 256, 256, 256, 256, 256]
================================================================================
INFO:tenpy.algorithms.dmrg:Running sweep with optimization
INFO:tenpy.algorithms.mps_common:start environment_sweep
INFO:tenpy.algorithms.dmrg:checkpoint after sweep 40
energy=0.1262187858096837, max S=2.8865691980365118, age=738, norm_err=5.4e-03
Current memory usage 204.6MB, wall time: 50.8s
Delta E = -5.3032e-02, Delta S = 9.7733e-02 (per sweep)
max trunc_err = 2.2217e-08, max E_trunc = -1.6081e-10
chi: [256, 256, 256, 256, 256, 256]
================================================================================
INFO:tenpy.algorithms.dmrg:Running sweep with optimization
INFO:tenpy.algorithms.mps_common:start environment_sweep
INFO:tenpy.algorithms.dmrg:checkpoint after sweep 50
energy=0.3013779756388904, max S=3.8393817847283929, age=918, norm_err=4.9e-02
Current memory usage 204.6MB, wall time: 46.2s
Delta E = 1.7516e-02, Delta S = 1.0157e-01 (per sweep)
max trunc_err = 8.0428e-08, max E_trunc = -6.8212e-13
chi: [256, 256, 256, 256, 256, 256]
================================================================================
INFO:tenpy.algorithms.dmrg:Running sweep with optimization
INFO:tenpy.algorithms.mps_common:start environment_sweep
INFO:tenpy.algorithms.dmrg:checkpoint after sweep 60
energy=0.0806710014212418, max S=1.7068868744173951, age=1098, norm_err=1.9e-04
Current memory usage 204.6MB, wall time: 42.5s
Delta E = -2.2071e-02, Delta S = -1.9894e-01 (per sweep)
max trunc_err = 1.0799e-07, max E_trunc = -2.6489e-11
chi: [256, 256, 256, 256, 256, 256]
================================================================================
INFO:tenpy.algorithms.dmrg:Running sweep with optimization
INFO:tenpy.algorithms.mps_common:start environment_sweep
INFO:tenpy.algorithms.dmrg:checkpoint after sweep 70
energy=0.4667808072876483, max S=1.9089672737289018, age=1278, norm_err=6.3e-02
Current memory usage 204.6MB, wall time: 44.2s
Delta E = 3.8611e-02, Delta S = 7.8658e-03 (per sweep)
max trunc_err = 3.9573e-08, max E_trunc = 2.2737e-12
chi: [256, 256, 256, 256, 256, 256]
================================================================================
INFO:tenpy.algorithms.dmrg:Running sweep with optimization
INFO:tenpy.algorithms.mps_common:start environment_sweep
INFO:tenpy.algorithms.dmrg:checkpoint after sweep 80
energy=0.5697644203461323, max S=0.8601543218911961, age=1458, norm_err=3.4e-02
Current memory usage 204.6MB, wall time: 44.5s
Delta E = 1.0298e-02, Delta S = -1.0176e-01 (per sweep)
max trunc_err = 4.9044e-08, max E_trunc = 1.9327e-12
chi: [256, 255, 256, 256, 256, 256]
================================================================================
INFO:tenpy.algorithms.dmrg:Running sweep with optimization
INFO:tenpy.algorithms.mps_common:start environment_sweep
INFO:tenpy.algorithms.dmrg:checkpoint after sweep 90
energy=0.6140143068024410, max S=1.5773666463991152, age=1638, norm_err=9.3e-03
Current memory usage 204.6MB, wall time: 53.8s
Delta E = 4.4250e-03, Delta S = 8.1670e-02 (per sweep)
max trunc_err = 7.9023e-09, max E_trunc = -3.8548e-09
chi: [256, 256, 256, 256, 256, 256]
================================================================================
INFO:tenpy.algorithms.dmrg:Running sweep with optimization
INFO:tenpy.algorithms.mps_common:start environment_sweep
INFO:tenpy.algorithms.dmrg:checkpoint after sweep 100
energy=0.5147564855622875, max S=3.2315938951889023, age=1818, norm_err=4.2e-02
Current memory usage 204.6MB, wall time: 52.7s
Delta E = -9.9258e-03, Delta S = 1.5215e-01 (per sweep)
max trunc_err = 1.3372e-08, max E_trunc = -1.5962e-10
chi: [256, 256, 256, 256, 256, 256]
================================================================================
INFO:tenpy.algorithms.dmrg:Running sweep with optimization
INFO:tenpy.algorithms.mps_common:start environment_sweep
INFO:tenpy.algorithms.dmrg:checkpoint after sweep 110
energy=0.2322656931519968, max S=0.8998035220902336, age=1998, norm_err=1.6e-02
Current memory usage 204.6MB, wall time: 45.2s
Delta E = -2.8249e-02, Delta S = -2.2893e-01 (per sweep)
max trunc_err = 1.3133e-08, max E_trunc = 2.6148e-12
chi: [255, 256, 256, 256, 255, 256]
================================================================================
INFO:tenpy.algorithms.mps_common:TwoSiteDMRGEngine: Maximum number of sweeps reached
WARNING:tenpy.algorithms.dmrg:final DMRG state not in canonical form up to norm_tol=1.00e-05: norm_err=1.59e-02
INFO:tenpy.algorithms.mps_common:start environment_sweep
INFO:tenpy.algorithms.mps_common:start environment_sweep
INFO:tenpy.algorithms.mps_common:start environment_sweep
WARNING:tenpy.algorithms.dmrg:final DMRG state not in canonical form up to norm_tol_final=1.00e-10: norm_err=1.10e-06, calling psi.canonical_form()
WARNING:tenpy.networks.mps:canonical_form_infinite: project to significantly smaller chi
WARNING:tenpy.networks.mps:canonical_form_infinite: project to significantly smaller chi
WARNING:tenpy.networks.mps:canonical_form_infinite: project to significantly smaller chi
WARNING:tenpy.networks.mps:canonical_form_infinite: project to significantly smaller chi
WARNING:tenpy.networks.mps:canonical_form_infinite: project to significantly smaller chi
WARNING:tenpy.networks.mps:canonical_form_infinite: project to significantly smaller chi
WARNING:tenpy.networks.mps:canonical_form_infinite: project to significantly smaller chi
INFO:tenpy.algorithms.dmrg:TwoSiteDMRGEngine finished after 110 sweeps, max chi=68
INFO:tenpy.tools.params:MixedHofstadterLandauGauge_Pi_2: reading 'explicit_plus_hc'=False
INFO:tenpy.tools.params:MixedHofstadterLandauGauge_Pi_2: reading 'Lx'=2
INFO:tenpy.tools.params:MixedHofstadterLandauGauge_Pi_2: setting 'N_rings'=2
INFO:tenpy.tools.params:MixedHofstadterLandauGauge_Pi_2: reading 'xy_lattice'='Square'
INFO:tenpy.tools.params:MixedHofstadterLandauGauge_Pi_2: reading 'Ly'=3
INFO:tenpy.tools.params:MixedHofstadterLandauGauge_Pi_2: reading 'ring_order'=None
INFO:tenpy.tools.params:MixedHofstadterLandauGauge_Pi_2: reading 'conserve_k'=True
INFO:tenpy.tools.params:MixedHofstadterLandauGauge_Pi_2: reading 'bc_MPS'='infinite'
INFO:tenpy.tools.params:MixedHofstadterLandauGauge_Pi_2: reading 't'=-1
INFO:tenpy.tools.params:MixedHofstadterLandauGauge_Pi_2: reading 't2'=-0.25
INFO:tenpy.tools.params:MixedHofstadterLandauGauge_Pi_2: reading 'V1'=0.6
INFO:tenpy.tools.params:MixedHofstadterLandauGauge_Pi_2: reading 'phi_ext'=np.float64(0.1)
INFO:tenpy.tools.params:MixedHofstadterLandauGauge_Pi_2: reading 'sort_mpo_legs'=False
/home/t30/kna/ge54yin/Documents/MasterThesisFQHinTMDs/MPS_stuff/MPScalculations/.venv/lib/python3.12/site-packages/tenpy/tools/params.py:232: UserWarning: unused options for config MixedHofstadterLandauGauge_Pi_2:
['Delta', 'N_rings', 'Nsec', 'bc', 'chi_max', 'ktot', 'saveAll']
  warnings.warn(msg.format(keys=sorted(unused), name=self.name))
INFO:tenpy.tools.params:DMRG: reading 'active_sites'=2
INFO:tenpy.tools.params:DMRG: reading 'diag_method'='default'
INFO:tenpy.tools.params:DMRG: subconfig 'trunc_params'=Config(<5 options>, 'trunc_params')
INFO:tenpy.tools.params:DMRG: reading 'max_N_sites_per_ring'=18
INFO:tenpy.tools.params:DMRG: reading 'combine'=False
INFO:tenpy.tools.params:DMRG: subconfig 'lanczos_params'=Config(<9 options>, 'lanczos_params')
INFO:tenpy.tools.params:DMRG: reading 'chi_list'=None
INFO:tenpy.tools.params:DMRG: reading 'start_env'=1
INFO:tenpy.algorithms.mps_common:start environment_sweep
INFO:tenpy.tools.params:DMRG: reading 'N_sweeps_check'=10
INFO:tenpy.tools.params:DMRG: subconfig 'mixer_params'=Config(<3 options>, 'mixer_params')
INFO:tenpy.tools.params:DMRG: reading 'mixer'=None
INFO:tenpy.tools.params:DMRG: reading 'max_sweeps'=100
INFO:tenpy.tools.params:DMRG: reading 'max_hours'=8760
INFO:tenpy.tools.params:DMRG: reading 'P_tol_to_trunc'=0.05
INFO:tenpy.tools.params:DMRG: reading 'P_tol_min'=5.0000000000000004e-30
INFO:tenpy.tools.params:DMRG: reading 'P_tol_max'=0.0001
INFO:tenpy.tools.params:DMRG: reading 'E_tol_to_trunc'=None
INFO:tenpy.algorithms.dmrg:Running sweep with optimization
INFO:tenpy.tools.params:DMRG: reading 'max_N_for_ED'=400
INFO:tenpy.tools.params:DMRG: reading 'update_env'=5
INFO:tenpy.algorithms.mps_common:start environment_sweep
INFO:tenpy.algorithms.dmrg:checkpoint after sweep 10
energy=0.4577288893109663, max S=1.3006066108057974, age=198, norm_err=4.3e-02
Current memory usage 204.6MB, wall time: 42.5s
Delta E = nan, Delta S = 3.8712e-02 (per sweep)
max trunc_err = 1.4954e-08, max E_trunc = 8.5265e-13
chi: [256, 256, 256, 256, 256, 256]
================================================================================
INFO:tenpy.algorithms.dmrg:Running sweep with optimization
INFO:tenpy.algorithms.mps_common:start environment_sweep
INFO:tenpy.algorithms.dmrg:checkpoint after sweep 20
energy=0.6358219224325327, max S=1.6663541485793640, age=378, norm_err=2.6e-02
Current memory usage 204.6MB, wall time: 44.9s
Delta E = 1.7809e-02, Delta S = 5.2217e-02 (per sweep)
max trunc_err = 1.4519e-08, max E_trunc = 1.1369e-12
chi: [256, 256, 256, 256, 256, 256]
================================================================================
INFO:tenpy.tools.params:DMRG: reading 'max_E_err'=1e-08
INFO:tenpy.tools.params:DMRG: reading 'max_S_err'=1e-05
INFO:tenpy.algorithms.dmrg:Running sweep with optimization
INFO:tenpy.algorithms.mps_common:start environment_sweep
INFO:tenpy.algorithms.dmrg:checkpoint after sweep 30
energy=0.6092060306548106, max S=2.3307054394366373, age=558, norm_err=1.8e-02
Current memory usage 204.6MB, wall time: 43.7s
Delta E = -2.6616e-03, Delta S = 6.4553e-02 (per sweep)
max trunc_err = 3.3120e-08, max E_trunc = 1.3927e-12
chi: [256, 256, 256, 256, 256, 256]
================================================================================
INFO:tenpy.algorithms.dmrg:Running sweep with optimization
INFO:tenpy.algorithms.mps_common:start environment_sweep
INFO:tenpy.algorithms.dmrg:checkpoint after sweep 40
energy=0.7347373205930907, max S=0.8172654925977876, age=738, norm_err=2.2e-03
Current memory usage 204.6MB, wall time: 43.7s
Delta E = 1.2553e-02, Delta S = -1.7271e-01 (per sweep)
max trunc_err = 1.7584e-08, max E_trunc = 9.0949e-13
chi: [256, 256, 256, 256, 256, 256]
================================================================================
INFO:tenpy.algorithms.dmrg:Running sweep with optimization
INFO:tenpy.algorithms.mps_common:start environment_sweep
INFO:tenpy.algorithms.dmrg:checkpoint after sweep 50
energy=-0.0560935707577007, max S=2.0139873564243382, age=918, norm_err=4.2e-04
Current memory usage 204.6MB, wall time: 53.3s
Delta E = -7.9083e-02, Delta S = 1.0983e-01 (per sweep)
max trunc_err = 3.9825e-09, max E_trunc = -7.0497e-10
chi: [256, 256, 256, 256, 256, 256]
================================================================================
INFO:tenpy.algorithms.dmrg:Running sweep with optimization
INFO:tenpy.algorithms.mps_common:start environment_sweep
INFO:tenpy.algorithms.dmrg:checkpoint after sweep 60
energy=0.2916310150873566, max S=2.0493150190815106, age=1098, norm_err=1.4e-01
Current memory usage 204.6MB, wall time: 53.4s
Delta E = 3.4772e-02, Delta S = 2.2577e-02 (per sweep)
max trunc_err = 9.5502e-10, max E_trunc = -3.4777e-10
chi: [256, 256, 256, 256, 256, 256]
================================================================================
INFO:tenpy.algorithms.dmrg:Running sweep with optimization
INFO:tenpy.algorithms.mps_common:start environment_sweep
INFO:tenpy.algorithms.dmrg:checkpoint after sweep 70
energy=0.2595210669248521, max S=2.8280283903279737, age=1278, norm_err=6.6e-02
Current memory usage 204.6MB, wall time: 52.3s
Delta E = -3.2110e-03, Delta S = 7.6577e-02 (per sweep)
max trunc_err = 2.9775e-08, max E_trunc = -1.0004e-10
chi: [256, 256, 256, 256, 256, 256]
================================================================================
INFO:tenpy.algorithms.dmrg:Running sweep with optimization
INFO:tenpy.algorithms.mps_common:start environment_sweep
INFO:tenpy.algorithms.dmrg:checkpoint after sweep 80
energy=0.3677060310155203, max S=1.5915589392542300, age=1458, norm_err=1.7e-01
Current memory usage 204.6MB, wall time: 43.7s
Delta E = 1.0818e-02, Delta S = -1.1090e-01 (per sweep)
max trunc_err = 1.2179e-07, max E_trunc = 2.0464e-12
chi: [256, 256, 256, 256, 256, 256]
================================================================================
INFO:tenpy.algorithms.dmrg:Running sweep with optimization
INFO:tenpy.algorithms.mps_common:start environment_sweep
INFO:tenpy.algorithms.dmrg:checkpoint after sweep 90
energy=0.0499392108785723, max S=2.8522316650007631, age=1638, norm_err=9.9e-03
Current memory usage 204.6MB, wall time: 47.1s
Delta E = -3.1777e-02, Delta S = 9.8580e-02 (per sweep)
max trunc_err = 2.8809e-08, max E_trunc = -2.3385e-10
chi: [256, 256, 256, 256, 256, 256]
================================================================================
INFO:tenpy.algorithms.dmrg:Running sweep with optimization
INFO:tenpy.algorithms.mps_common:start environment_sweep
INFO:tenpy.algorithms.dmrg:checkpoint after sweep 100
energy=0.6516790616022092, max S=1.9821746814112227, age=1818, norm_err=1.2e-01
Current memory usage 204.6MB, wall time: 48.0s
Delta E = 6.0174e-02, Delta S = -7.4049e-02 (per sweep)
max trunc_err = 1.6362e-08, max E_trunc = -7.8785e-11
chi: [256, 256, 256, 256, 256, 256]
================================================================================
INFO:tenpy.algorithms.dmrg:Running sweep with optimization
INFO:tenpy.algorithms.mps_common:start environment_sweep
INFO:tenpy.algorithms.dmrg:checkpoint after sweep 110
energy=0.2505632222928114, max S=3.3613279217918990, age=1998, norm_err=1.1e-02
Current memory usage 204.6MB, wall time: 44.6s
Delta E = -4.0112e-02, Delta S = 1.3726e-01 (per sweep)
max trunc_err = 6.3934e-07, max E_trunc = -9.5497e-12
chi: [256, 256, 256, 256, 256, 256]
================================================================================
INFO:tenpy.algorithms.mps_common:TwoSiteDMRGEngine: Maximum number of sweeps reached
INFO:tenpy.tools.params:DMRG: reading 'norm_tol'=1e-05
INFO:tenpy.tools.params:DMRG: reading 'norm_tol_final'=1e-10
INFO:tenpy.tools.params:DMRG: reading 'norm_tol_iter'=5
WARNING:tenpy.algorithms.dmrg:final DMRG state not in canonical form up to norm_tol=1.00e-05: norm_err=1.07e-02
INFO:tenpy.algorithms.mps_common:start environment_sweep
INFO:tenpy.algorithms.mps_common:start environment_sweep
WARNING:tenpy.algorithms.dmrg:final DMRG state not in canonical form up to norm_tol_final=1.00e-10: norm_err=8.50e-07, calling psi.canonical_form()
INFO:tenpy.algorithms.dmrg:TwoSiteDMRGEngine finished after 110 sweeps, max chi=256
INFO:tenpy.tools.params:DMRG: reading 'max_trunc_err'=0.0001
INFO:tenpy.tools.params:MixedHofstadterLandauGauge_Pi_2: reading 'explicit_plus_hc'=False
INFO:tenpy.tools.params:MixedHofstadterLandauGauge_Pi_2: reading 'Lx'=2
INFO:tenpy.tools.params:MixedHofstadterLandauGauge_Pi_2: setting 'N_rings'=2
INFO:tenpy.tools.params:MixedHofstadterLandauGauge_Pi_2: reading 'xy_lattice'='Square'
INFO:tenpy.tools.params:MixedHofstadterLandauGauge_Pi_2: reading 'Ly'=3
INFO:tenpy.tools.params:MixedHofstadterLandauGauge_Pi_2: reading 'ring_order'=None
INFO:tenpy.tools.params:MixedHofstadterLandauGauge_Pi_2: reading 'conserve_k'=True
INFO:tenpy.tools.params:MixedHofstadterLandauGauge_Pi_2: reading 'bc_MPS'='infinite'
INFO:tenpy.tools.params:MixedHofstadterLandauGauge_Pi_2: reading 't'=-1
INFO:tenpy.tools.params:MixedHofstadterLandauGauge_Pi_2: reading 't2'=-0.25
INFO:tenpy.tools.params:MixedHofstadterLandauGauge_Pi_2: reading 'V1'=0.6
INFO:tenpy.tools.params:MixedHofstadterLandauGauge_Pi_2: reading 'phi_ext'=np.float64(0.15000000000000002)
INFO:tenpy.tools.params:MixedHofstadterLandauGauge_Pi_2: reading 'sort_mpo_legs'=False
/home/t30/kna/ge54yin/Documents/MasterThesisFQHinTMDs/MPS_stuff/MPScalculations/.venv/lib/python3.12/site-packages/tenpy/tools/params.py:232: UserWarning: unused options for config MixedHofstadterLandauGauge_Pi_2:
['Delta', 'N_rings', 'Nsec', 'bc', 'chi_max', 'ktot', 'saveAll']
  warnings.warn(msg.format(keys=sorted(unused), name=self.name))
INFO:tenpy.tools.params:DMRG: reading 'active_sites'=2
INFO:tenpy.tools.params:DMRG: reading 'diag_method'='default'
INFO:tenpy.tools.params:DMRG: subconfig 'trunc_params'=Config(<5 options>, 'trunc_params')
INFO:tenpy.tools.params:DMRG: reading 'max_N_sites_per_ring'=18
INFO:tenpy.tools.params:DMRG: reading 'combine'=False
INFO:tenpy.tools.params:DMRG: subconfig 'lanczos_params'=Config(<9 options>, 'lanczos_params')
INFO:tenpy.tools.params:DMRG: reading 'chi_list'=None
INFO:tenpy.tools.params:DMRG: reading 'start_env'=1
INFO:tenpy.algorithms.mps_common:start environment_sweep
INFO:tenpy.tools.params:DMRG: reading 'N_sweeps_check'=10
INFO:tenpy.tools.params:DMRG: subconfig 'mixer_params'=Config(<3 options>, 'mixer_params')
INFO:tenpy.tools.params:DMRG: reading 'mixer'=None
INFO:tenpy.tools.params:DMRG: reading 'max_sweeps'=100
INFO:tenpy.tools.params:DMRG: reading 'max_hours'=8760
INFO:tenpy.tools.params:DMRG: reading 'P_tol_to_trunc'=0.05
INFO:tenpy.tools.params:DMRG: reading 'P_tol_min'=5.0000000000000004e-30
INFO:tenpy.tools.params:DMRG: reading 'P_tol_max'=0.0001
INFO:tenpy.tools.params:DMRG: reading 'E_tol_to_trunc'=None
INFO:tenpy.algorithms.dmrg:Running sweep with optimization
INFO:tenpy.tools.params:DMRG: reading 'max_N_for_ED'=400
INFO:tenpy.tools.params:DMRG: reading 'update_env'=5
INFO:tenpy.algorithms.mps_common:start environment_sweep
INFO:tenpy.algorithms.dmrg:checkpoint after sweep 10
energy=0.4205574774102085, max S=2.4854097647943370, age=198, norm_err=1.2e-01
Current memory usage 216.6MB, wall time: 48.6s
Delta E = nan, Delta S = -8.4808e-02 (per sweep)
max trunc_err = 6.7954e-09, max E_trunc = -9.3161e-10
chi: [256, 256, 256, 256, 256, 256]
================================================================================
INFO:tenpy.algorithms.dmrg:Running sweep with optimization
INFO:tenpy.algorithms.mps_common:start environment_sweep
INFO:tenpy.algorithms.dmrg:checkpoint after sweep 20
energy=0.4553970222632818, max S=1.8358674358548748, age=378, norm_err=1.3e-01
Current memory usage 216.6MB, wall time: 49.7s
Delta E = 3.4840e-03, Delta S = -7.1934e-02 (per sweep)
max trunc_err = 2.7057e-09, max E_trunc = -5.9975e-10
chi: [256, 256, 256, 256, 256, 256]
================================================================================
INFO:tenpy.tools.params:DMRG: reading 'max_E_err'=1e-08
INFO:tenpy.tools.params:DMRG: reading 'max_S_err'=1e-05
INFO:tenpy.algorithms.dmrg:Running sweep with optimization
INFO:tenpy.algorithms.mps_common:start environment_sweep
INFO:tenpy.algorithms.dmrg:checkpoint after sweep 30
energy=0.4522367776326774, max S=0.9733862954480965, age=558, norm_err=1.4e-02
Current memory usage 216.6MB, wall time: 45.8s
Delta E = -3.1602e-04, Delta S = -6.2410e-02 (per sweep)
max trunc_err = 1.7795e-08, max E_trunc = 9.0949e-13
chi: [256, 256, 256, 256, 256, 256]
================================================================================
INFO:tenpy.algorithms.dmrg:Running sweep with optimization
INFO:tenpy.algorithms.mps_common:start environment_sweep
INFO:tenpy.algorithms.dmrg:checkpoint after sweep 40
energy=0.3517835397666005, max S=2.2680181159576200, age=738, norm_err=1.0e-01
Current memory usage 216.6MB, wall time: 52.5s
Delta E = -1.0045e-02, Delta S = 1.0985e-01 (per sweep)
max trunc_err = 2.1787e-08, max E_trunc = -1.1950e-09
chi: [256, 256, 256, 256, 256, 256]
================================================================================
INFO:tenpy.algorithms.dmrg:Running sweep with optimization
INFO:tenpy.algorithms.mps_common:start environment_sweep
INFO:tenpy.algorithms.dmrg:checkpoint after sweep 50
energy=0.6613263211531214, max S=1.0605194895444865, age=918, norm_err=4.1e-02
Current memory usage 216.6MB, wall time: 45.5s
Delta E = 3.0954e-02, Delta S = -1.0607e-01 (per sweep)
max trunc_err = 1.6655e-08, max E_trunc = 2.4443e-12
chi: [254, 254, 256, 256, 256, 256]
================================================================================
INFO:tenpy.algorithms.dmrg:Running sweep with optimization
INFO:tenpy.algorithms.mps_common:start environment_sweep
INFO:tenpy.algorithms.dmrg:checkpoint after sweep 60
energy=0.5218219968646309, max S=0.7050623339391614, age=1098, norm_err=6.8e-03
Current memory usage 216.6MB, wall time: 47.2s
Delta E = -1.3950e-02, Delta S = -4.6026e-02 (per sweep)
max trunc_err = 1.0502e-08, max E_trunc = 1.1369e-12
chi: [256, 255, 256, 256, 256, 254]
================================================================================
INFO:tenpy.algorithms.dmrg:Running sweep with optimization
INFO:tenpy.algorithms.mps_common:start environment_sweep
INFO:tenpy.algorithms.dmrg:checkpoint after sweep 70
energy=0.5566505038969988, max S=2.5032470139167868, age=1278, norm_err=7.6e-02
Current memory usage 216.6MB, wall time: 54.0s
Delta E = 3.4829e-03, Delta S = 1.6936e-01 (per sweep)
max trunc_err = 3.0021e-09, max E_trunc = -1.1482e-11
chi: [256, 256, 256, 256, 256, 256]
================================================================================
INFO:tenpy.algorithms.dmrg:Running sweep with optimization
INFO:tenpy.algorithms.mps_common:start environment_sweep
INFO:tenpy.algorithms.dmrg:checkpoint after sweep 80
energy=-0.1465337294244478, max S=3.8944614533292392, age=1458, norm_err=1.1e-02
Current memory usage 216.6MB, wall time: 49.0s
Delta E = -7.0318e-02, Delta S = 1.2948e-01 (per sweep)
max trunc_err = 3.7641e-09, max E_trunc = -2.1600e-12
chi: [256, 256, 256, 256, 256, 256]
================================================================================
INFO:tenpy.algorithms.dmrg:Running sweep with optimization
INFO:tenpy.algorithms.mps_common:start environment_sweep
INFO:tenpy.algorithms.dmrg:checkpoint after sweep 90
energy=0.5725081427600381, max S=1.5989995200052154, age=1638, norm_err=9.4e-03
Current memory usage 216.6MB, wall time: 44.2s
Delta E = 7.1904e-02, Delta S = -2.0842e-01 (per sweep)
max trunc_err = 7.1154e-08, max E_trunc = 9.0949e-13
chi: [256, 256, 256, 256, 256, 256]
================================================================================
INFO:tenpy.algorithms.dmrg:Running sweep with optimization
INFO:tenpy.algorithms.mps_common:start environment_sweep
INFO:tenpy.algorithms.dmrg:checkpoint after sweep 100
energy=0.1089592002640245, max S=2.8736026577354679, age=1818, norm_err=9.4e-03
Current memory usage 216.6MB, wall time: 48.6s
Delta E = -4.6355e-02, Delta S = 1.2080e-01 (per sweep)
max trunc_err = 9.7170e-09, max E_trunc = -4.4031e-10
chi: [256, 256, 256, 256, 256, 256]
================================================================================
INFO:tenpy.algorithms.dmrg:Running sweep with optimization
INFO:tenpy.algorithms.mps_common:start environment_sweep
INFO:tenpy.algorithms.dmrg:checkpoint after sweep 110
energy=0.4309155562886720, max S=2.0309147157800300, age=1998, norm_err=1.9e-01
Current memory usage 216.6MB, wall time: 50.4s
Delta E = 3.2196e-02, Delta S = -7.9395e-02 (per sweep)
max trunc_err = 4.4891e-09, max E_trunc = -1.5269e-09
chi: [256, 256, 256, 256, 256, 256]
================================================================================
INFO:tenpy.algorithms.mps_common:TwoSiteDMRGEngine: Maximum number of sweeps reached
INFO:tenpy.tools.params:DMRG: reading 'norm_tol'=1e-05
INFO:tenpy.tools.params:DMRG: reading 'norm_tol_final'=1e-10
INFO:tenpy.tools.params:DMRG: reading 'norm_tol_iter'=5
WARNING:tenpy.algorithms.dmrg:final DMRG state not in canonical form up to norm_tol=1.00e-05: norm_err=1.86e-01
INFO:tenpy.algorithms.mps_common:start environment_sweep
INFO:tenpy.algorithms.mps_common:start environment_sweep
INFO:tenpy.algorithms.mps_common:start environment_sweep
INFO:tenpy.algorithms.mps_common:start environment_sweep
INFO:tenpy.algorithms.mps_common:start environment_sweep
WARNING:tenpy.algorithms.dmrg:norm_err=2.55e-05 still too high after environment_sweeps
WARNING:tenpy.algorithms.dmrg:final DMRG state not in canonical form up to norm_tol_final=1.00e-10: norm_err=2.55e-05, calling psi.canonical_form()
WARNING:tenpy.networks.mps:canonical_form_infinite: project to significantly smaller chi
WARNING:tenpy.networks.mps:canonical_form_infinite: project to significantly smaller chi
WARNING:tenpy.networks.mps:canonical_form_infinite: project to significantly smaller chi
WARNING:tenpy.networks.mps:canonical_form_infinite: project to significantly smaller chi
WARNING:tenpy.networks.mps:canonical_form_infinite: project to significantly smaller chi
INFO:tenpy.algorithms.dmrg:TwoSiteDMRGEngine finished after 110 sweeps, max chi=223
INFO:tenpy.tools.params:DMRG: reading 'max_trunc_err'=0.0001
INFO:tenpy.tools.params:MixedHofstadterLandauGauge_Pi_2: reading 'explicit_plus_hc'=False
INFO:tenpy.tools.params:MixedHofstadterLandauGauge_Pi_2: reading 'Lx'=2
INFO:tenpy.tools.params:MixedHofstadterLandauGauge_Pi_2: setting 'N_rings'=2
INFO:tenpy.tools.params:MixedHofstadterLandauGauge_Pi_2: reading 'xy_lattice'='Square'
INFO:tenpy.tools.params:MixedHofstadterLandauGauge_Pi_2: reading 'Ly'=3
INFO:tenpy.tools.params:MixedHofstadterLandauGauge_Pi_2: reading 'ring_order'=None
INFO:tenpy.tools.params:MixedHofstadterLandauGauge_Pi_2: reading 'conserve_k'=True
INFO:tenpy.tools.params:MixedHofstadterLandauGauge_Pi_2: reading 'bc_MPS'='infinite'
INFO:tenpy.tools.params:MixedHofstadterLandauGauge_Pi_2: reading 't'=-1
INFO:tenpy.tools.params:MixedHofstadterLandauGauge_Pi_2: reading 't2'=-0.25
INFO:tenpy.tools.params:MixedHofstadterLandauGauge_Pi_2: reading 'V1'=0.6
INFO:tenpy.tools.params:MixedHofstadterLandauGauge_Pi_2: reading 'phi_ext'=np.float64(0.2)
INFO:tenpy.tools.params:MixedHofstadterLandauGauge_Pi_2: reading 'sort_mpo_legs'=False
/home/t30/kna/ge54yin/Documents/MasterThesisFQHinTMDs/MPS_stuff/MPScalculations/.venv/lib/python3.12/site-packages/tenpy/tools/params.py:232: UserWarning: unused options for config MixedHofstadterLandauGauge_Pi_2:
['Delta', 'N_rings', 'Nsec', 'bc', 'chi_max', 'ktot', 'saveAll']
  warnings.warn(msg.format(keys=sorted(unused), name=self.name))
INFO:tenpy.tools.params:DMRG: reading 'active_sites'=2
INFO:tenpy.tools.params:DMRG: reading 'diag_method'='default'
INFO:tenpy.tools.params:DMRG: subconfig 'trunc_params'=Config(<5 options>, 'trunc_params')
INFO:tenpy.tools.params:DMRG: reading 'max_N_sites_per_ring'=18
INFO:tenpy.tools.params:DMRG: reading 'combine'=False
INFO:tenpy.tools.params:DMRG: subconfig 'lanczos_params'=Config(<9 options>, 'lanczos_params')
INFO:tenpy.tools.params:DMRG: reading 'chi_list'=None
INFO:tenpy.tools.params:DMRG: reading 'start_env'=1
INFO:tenpy.algorithms.mps_common:start environment_sweep
INFO:tenpy.tools.params:DMRG: reading 'N_sweeps_check'=10
INFO:tenpy.tools.params:DMRG: subconfig 'mixer_params'=Config(<3 options>, 'mixer_params')
INFO:tenpy.tools.params:DMRG: reading 'mixer'=None
INFO:tenpy.tools.params:DMRG: reading 'max_sweeps'=100
INFO:tenpy.tools.params:DMRG: reading 'max_hours'=8760
INFO:tenpy.tools.params:DMRG: reading 'P_tol_to_trunc'=0.05
INFO:tenpy.tools.params:DMRG: reading 'P_tol_min'=5.0000000000000004e-30
INFO:tenpy.tools.params:DMRG: reading 'P_tol_max'=0.0001
INFO:tenpy.tools.params:DMRG: reading 'E_tol_to_trunc'=None
INFO:tenpy.algorithms.dmrg:Running sweep with optimization
INFO:tenpy.tools.params:DMRG: reading 'max_N_for_ED'=400
INFO:tenpy.tools.params:DMRG: reading 'update_env'=5
INFO:tenpy.algorithms.mps_common:start environment_sweep
INFO:tenpy.algorithms.dmrg:checkpoint after sweep 10
energy=-0.3634792186847591, max S=3.7476070664369106, age=198, norm_err=5.6e-02
Current memory usage 216.6MB, wall time: 45.3s
Delta E = nan, Delta S = 1.6862e-01 (per sweep)
max trunc_err = 8.4507e-08, max E_trunc = -9.0949e-13
chi: [256, 256, 256, 256, 256, 256]
================================================================================
INFO:tenpy.algorithms.dmrg:Running sweep with optimization
INFO:tenpy.algorithms.mps_common:start environment_sweep
INFO:tenpy.algorithms.dmrg:checkpoint after sweep 20
energy=0.1457569437992774, max S=1.0526328100773945, age=378, norm_err=3.2e-02
Current memory usage 216.6MB, wall time: 40.7s
Delta E = 5.0924e-02, Delta S = -2.5222e-01 (per sweep)
max trunc_err = 1.8777e-08, max E_trunc = 1.0800e-12
chi: [224, 209, 204, 202, 209, 218]
================================================================================
INFO:tenpy.tools.params:DMRG: reading 'max_E_err'=1e-08
INFO:tenpy.tools.params:DMRG: reading 'max_S_err'=1e-05
INFO:tenpy.algorithms.dmrg:Running sweep with optimization
INFO:tenpy.algorithms.mps_common:start environment_sweep
INFO:tenpy.algorithms.dmrg:checkpoint after sweep 30
energy=0.6298865558711976, max S=1.1866368936678890, age=558, norm_err=1.7e-02
Current memory usage 216.6MB, wall time: 44.5s
Delta E = 4.8413e-02, Delta S = 1.5717e-02 (per sweep)
max trunc_err = 1.4304e-08, max E_trunc = 1.8758e-12
chi: [255, 253, 252, 248, 254, 253]
================================================================================
INFO:tenpy.algorithms.dmrg:Running sweep with optimization
INFO:tenpy.algorithms.mps_common:start environment_sweep
INFO:tenpy.algorithms.dmrg:checkpoint after sweep 40
energy=0.4603587695799642, max S=3.2007103131036105, age=738, norm_err=3.0e-02
Current memory usage 216.6MB, wall time: 54.0s
Delta E = -1.6953e-02, Delta S = 2.0041e-01 (per sweep)
max trunc_err = 1.0854e-08, max E_trunc = -4.2161e-10
chi: [256, 256, 256, 256, 256, 256]
================================================================================
INFO:tenpy.algorithms.dmrg:Running sweep with optimization
INFO:tenpy.algorithms.mps_common:start environment_sweep
INFO:tenpy.algorithms.dmrg:checkpoint after sweep 50
energy=0.7501478722902893, max S=0.6899931746186379, age=918, norm_err=2.0e-01
Current memory usage 216.6MB, wall time: 52.7s
Delta E = 2.8979e-02, Delta S = -2.3969e-01 (per sweep)
max trunc_err = 5.0139e-09, max E_trunc = -2.5619e-10
chi: [256, 256, 256, 256, 256, 256]
================================================================================
INFO:tenpy.algorithms.dmrg:Running sweep with optimization
INFO:tenpy.algorithms.mps_common:start environment_sweep
INFO:tenpy.algorithms.dmrg:checkpoint after sweep 60
energy=-0.3380108967099886, max S=3.6808105373938074, age=1098, norm_err=5.9e-02
Current memory usage 216.6MB, wall time: 45.8s
Delta E = -1.0882e-01, Delta S = 2.6483e-01 (per sweep)
max trunc_err = 2.7655e-08, max E_trunc = -3.4106e-13
chi: [256, 256, 256, 256, 256, 256]
================================================================================
INFO:tenpy.algorithms.dmrg:Running sweep with optimization
INFO:tenpy.algorithms.mps_common:start environment_sweep
INFO:tenpy.algorithms.dmrg:checkpoint after sweep 70
energy=0.6630420213745462, max S=1.2185798467689923, age=1278, norm_err=9.2e-02
Current memory usage 216.6MB, wall time: 43.7s
Delta E = 1.0011e-01, Delta S = -2.3653e-01 (per sweep)
max trunc_err = 2.4927e-08, max E_trunc = 1.7053e-12
chi: [256, 256, 256, 255, 256, 255]
================================================================================
INFO:tenpy.algorithms.dmrg:Running sweep with optimization
INFO:tenpy.algorithms.mps_common:start environment_sweep
INFO:tenpy.algorithms.dmrg:checkpoint after sweep 80
energy=0.3021636912521046, max S=1.6403138437725060, age=1458, norm_err=8.8e-02
Current memory usage 216.6MB, wall time: 52.1s
Delta E = -3.6088e-02, Delta S = 6.1049e-02 (per sweep)
max trunc_err = 4.8008e-09, max E_trunc = -7.4488e-10
chi: [256, 256, 256, 256, 256, 256]
================================================================================
INFO:tenpy.algorithms.dmrg:Running sweep with optimization
INFO:tenpy.algorithms.mps_common:start environment_sweep
INFO:tenpy.algorithms.dmrg:checkpoint after sweep 90
energy=-0.1568066809420922, max S=3.3396395431952701, age=1638, norm_err=4.5e-03
Current memory usage 216.6MB, wall time: 46.3s
Delta E = -4.5897e-02, Delta S = 1.5308e-01 (per sweep)
max trunc_err = 4.6524e-08, max E_trunc = -1.0459e-11
chi: [256, 256, 256, 256, 256, 256]
================================================================================
INFO:tenpy.algorithms.dmrg:Running sweep with optimization
INFO:tenpy.algorithms.mps_common:start environment_sweep
INFO:tenpy.algorithms.dmrg:checkpoint after sweep 100
energy=0.3196909061270408, max S=1.6542328741375394, age=1818, norm_err=1.0e-01
Current memory usage 216.6MB, wall time: 51.4s
Delta E = 4.7650e-02, Delta S = -1.5991e-01 (per sweep)
max trunc_err = 4.5036e-09, max E_trunc = -8.3344e-10
chi: [256, 256, 256, 256, 256, 256]
================================================================================
INFO:tenpy.algorithms.dmrg:Running sweep with optimization
INFO:tenpy.algorithms.mps_common:start environment_sweep
INFO:tenpy.algorithms.dmrg:checkpoint after sweep 110
energy=0.5327132885750435, max S=2.3040655976990236, age=1998, norm_err=7.4e-02
Current memory usage 216.6MB, wall time: 52.7s
Delta E = 2.1302e-02, Delta S = 6.3326e-02 (per sweep)
max trunc_err = 1.0056e-08, max E_trunc = -1.9099e-11
chi: [256, 256, 256, 256, 256, 256]
================================================================================
INFO:tenpy.algorithms.mps_common:TwoSiteDMRGEngine: Maximum number of sweeps reached
INFO:tenpy.tools.params:DMRG: reading 'norm_tol'=1e-05
INFO:tenpy.tools.params:DMRG: reading 'norm_tol_final'=1e-10
INFO:tenpy.tools.params:DMRG: reading 'norm_tol_iter'=5
WARNING:tenpy.algorithms.dmrg:final DMRG state not in canonical form up to norm_tol=1.00e-05: norm_err=7.39e-02
INFO:tenpy.algorithms.mps_common:start environment_sweep
INFO:tenpy.algorithms.mps_common:start environment_sweep
INFO:tenpy.algorithms.mps_common:start environment_sweep
WARNING:tenpy.algorithms.dmrg:final DMRG state not in canonical form up to norm_tol_final=1.00e-10: norm_err=6.76e-06, calling psi.canonical_form()
INFO:tenpy.algorithms.dmrg:TwoSiteDMRGEngine finished after 110 sweeps, max chi=256
INFO:tenpy.tools.params:DMRG: reading 'max_trunc_err'=0.0001
INFO:tenpy.tools.params:MixedHofstadterLandauGauge_Pi_2: reading 'explicit_plus_hc'=False
INFO:tenpy.tools.params:MixedHofstadterLandauGauge_Pi_2: reading 'Lx'=2
INFO:tenpy.tools.params:MixedHofstadterLandauGauge_Pi_2: setting 'N_rings'=2
INFO:tenpy.tools.params:MixedHofstadterLandauGauge_Pi_2: reading 'xy_lattice'='Square'
INFO:tenpy.tools.params:MixedHofstadterLandauGauge_Pi_2: reading 'Ly'=3
INFO:tenpy.tools.params:MixedHofstadterLandauGauge_Pi_2: reading 'ring_order'=None
INFO:tenpy.tools.params:MixedHofstadterLandauGauge_Pi_2: reading 'conserve_k'=True
INFO:tenpy.tools.params:MixedHofstadterLandauGauge_Pi_2: reading 'bc_MPS'='infinite'
INFO:tenpy.tools.params:MixedHofstadterLandauGauge_Pi_2: reading 't'=-1
INFO:tenpy.tools.params:MixedHofstadterLandauGauge_Pi_2: reading 't2'=-0.25
INFO:tenpy.tools.params:MixedHofstadterLandauGauge_Pi_2: reading 'V1'=0.6
INFO:tenpy.tools.params:MixedHofstadterLandauGauge_Pi_2: reading 'phi_ext'=np.float64(0.25)
INFO:tenpy.tools.params:MixedHofstadterLandauGauge_Pi_2: reading 'sort_mpo_legs'=False
/home/t30/kna/ge54yin/Documents/MasterThesisFQHinTMDs/MPS_stuff/MPScalculations/.venv/lib/python3.12/site-packages/tenpy/tools/params.py:232: UserWarning: unused options for config MixedHofstadterLandauGauge_Pi_2:
['Delta', 'N_rings', 'Nsec', 'bc', 'chi_max', 'ktot', 'saveAll']
  warnings.warn(msg.format(keys=sorted(unused), name=self.name))
INFO:tenpy.tools.params:DMRG: reading 'active_sites'=2
INFO:tenpy.tools.params:DMRG: reading 'diag_method'='default'
INFO:tenpy.tools.params:DMRG: subconfig 'trunc_params'=Config(<5 options>, 'trunc_params')
INFO:tenpy.tools.params:DMRG: reading 'max_N_sites_per_ring'=18
INFO:tenpy.tools.params:DMRG: reading 'combine'=False
INFO:tenpy.tools.params:DMRG: subconfig 'lanczos_params'=Config(<9 options>, 'lanczos_params')
INFO:tenpy.tools.params:DMRG: reading 'chi_list'=None
INFO:tenpy.tools.params:DMRG: reading 'start_env'=1
INFO:tenpy.algorithms.mps_common:start environment_sweep
INFO:tenpy.tools.params:DMRG: reading 'N_sweeps_check'=10
INFO:tenpy.tools.params:DMRG: subconfig 'mixer_params'=Config(<3 options>, 'mixer_params')
INFO:tenpy.tools.params:DMRG: reading 'mixer'=None
INFO:tenpy.tools.params:DMRG: reading 'max_sweeps'=100
INFO:tenpy.tools.params:DMRG: reading 'max_hours'=8760
INFO:tenpy.tools.params:DMRG: reading 'P_tol_to_trunc'=0.05
INFO:tenpy.tools.params:DMRG: reading 'P_tol_min'=5.0000000000000004e-30
INFO:tenpy.tools.params:DMRG: reading 'P_tol_max'=0.0001
INFO:tenpy.tools.params:DMRG: reading 'E_tol_to_trunc'=None
INFO:tenpy.algorithms.dmrg:Running sweep with optimization
INFO:tenpy.tools.params:DMRG: reading 'max_N_for_ED'=400
INFO:tenpy.tools.params:DMRG: reading 'update_env'=5
INFO:tenpy.algorithms.mps_common:start environment_sweep
INFO:tenpy.algorithms.dmrg:checkpoint after sweep 10
energy=0.5453967990081589, max S=0.9580747360334321, age=198, norm_err=2.9e-03
Current memory usage 216.6MB, wall time: 42.7s
Delta E = nan, Delta S = -1.3160e-01 (per sweep)
max trunc_err = 5.7529e-08, max E_trunc = 1.3642e-12
chi: [256, 255, 256, 256, 256, 256]
================================================================================
INFO:tenpy.algorithms.dmrg:Running sweep with optimization
INFO:tenpy.algorithms.mps_common:start environment_sweep
INFO:tenpy.algorithms.dmrg:checkpoint after sweep 20
energy=0.0804767044885987, max S=0.0696903436545217, age=378, norm_err=1.8e-07
Current memory usage 216.6MB, wall time: 51.1s
Delta E = -4.6492e-02, Delta S = -6.6839e-02 (per sweep)
max trunc_err = 4.9032e-09, max E_trunc = -6.8781e-12
chi: [256, 256, 256, 256, 256, 256]
================================================================================
INFO:tenpy.tools.params:DMRG: reading 'max_E_err'=1e-08
INFO:tenpy.tools.params:DMRG: reading 'max_S_err'=1e-05
INFO:tenpy.algorithms.dmrg:Running sweep with optimization
INFO:tenpy.algorithms.mps_common:start environment_sweep
INFO:tenpy.algorithms.dmrg:checkpoint after sweep 30
energy=0.3296521960688044, max S=0.4941857957537397, age=558, norm_err=1.0e-13
Current memory usage 216.6MB, wall time: 44.2s
Delta E = 2.4918e-02, Delta S = 2.0625e-02 (per sweep)
max trunc_err = 2.6672e-08, max E_trunc = 1.8190e-12
chi: [253, 254, 256, 255, 256, 256]
================================================================================
INFO:tenpy.algorithms.dmrg:Running sweep with optimization
INFO:tenpy.algorithms.mps_common:start environment_sweep
INFO:tenpy.algorithms.dmrg:checkpoint after sweep 40
energy=0.4692131067059506, max S=3.3453091279969023, age=738, norm_err=3.0e-02
Current memory usage 216.6MB, wall time: 52.9s
Delta E = 1.3956e-02, Delta S = 2.6934e-01 (per sweep)
max trunc_err = 5.8794e-09, max E_trunc = -6.8479e-10
chi: [256, 256, 256, 256, 256, 256]
================================================================================
INFO:tenpy.algorithms.dmrg:Running sweep with optimization
INFO:tenpy.algorithms.mps_common:start environment_sweep
INFO:tenpy.algorithms.dmrg:checkpoint after sweep 50
energy=0.6582901335422804, max S=0.0907803764718799, age=918, norm_err=3.1e-03
Current memory usage 216.6MB, wall time: 46.6s
Delta E = 1.8908e-02, Delta S = -2.8641e-01 (per sweep)
max trunc_err = 1.3498e-08, max E_trunc = 1.8758e-12
chi: [256, 256, 256, 256, 256, 255]
================================================================================
INFO:tenpy.algorithms.dmrg:Running sweep with optimization
INFO:tenpy.algorithms.mps_common:start environment_sweep
INFO:tenpy.algorithms.dmrg:checkpoint after sweep 60
energy=0.5788544384125723, max S=2.1101668504715185, age=1098, norm_err=1.2e-01
Current memory usage 216.6MB, wall time: 50.4s
Delta E = -7.9436e-03, Delta S = 1.7538e-01 (per sweep)
max trunc_err = 2.7742e-08, max E_trunc = -8.6561e-10
chi: [256, 256, 256, 256, 256, 256]
================================================================================
INFO:tenpy.algorithms.dmrg:Running sweep with optimization
INFO:tenpy.algorithms.mps_common:start environment_sweep
INFO:tenpy.algorithms.dmrg:checkpoint after sweep 70
energy=0.5718218641160178, max S=2.0006964735125301, age=1278, norm_err=1.2e-01
Current memory usage 216.6MB, wall time: 53.9s
Delta E = -7.0326e-04, Delta S = -8.0135e-03 (per sweep)
max trunc_err = 1.6966e-09, max E_trunc = -1.4927e-10
chi: [256, 256, 256, 256, 256, 256]
================================================================================
INFO:tenpy.algorithms.dmrg:Running sweep with optimization
INFO:tenpy.algorithms.mps_common:start environment_sweep
INFO:tenpy.algorithms.dmrg:checkpoint after sweep 80
energy=0.2593321170456591, max S=1.2947986828982192, age=1458, norm_err=2.4e-02
Current memory usage 216.6MB, wall time: 46.2s
Delta E = -3.1249e-02, Delta S = -5.6454e-02 (per sweep)
max trunc_err = 5.7763e-08, max E_trunc = 1.9327e-12
chi: [256, 255, 256, 256, 256, 256]
================================================================================
INFO:tenpy.algorithms.dmrg:Running sweep with optimization
INFO:tenpy.algorithms.mps_common:start environment_sweep
INFO:tenpy.algorithms.dmrg:checkpoint after sweep 90
energy=0.2450715480238349, max S=1.9338093549492830, age=1638, norm_err=1.2e-01
Current memory usage 216.6MB, wall time: 53.7s
Delta E = -1.4261e-03, Delta S = 4.9873e-02 (per sweep)
max trunc_err = 9.4000e-09, max E_trunc = -2.1703e-10
chi: [256, 256, 256, 256, 256, 256]
================================================================================
INFO:tenpy.algorithms.dmrg:Running sweep with optimization
INFO:tenpy.algorithms.mps_common:start environment_sweep
INFO:tenpy.algorithms.dmrg:checkpoint after sweep 100
energy=0.5850100345990370, max S=2.0501256685156193, age=1818, norm_err=1.9e-02
Current memory usage 216.6MB, wall time: 46.5s
Delta E = 3.3994e-02, Delta S = 2.2057e-02 (per sweep)
max trunc_err = 4.2209e-09, max E_trunc = -6.8212e-13
chi: [256, 256, 256, 256, 256, 256]
================================================================================
INFO:tenpy.algorithms.dmrg:Running sweep with optimization
INFO:tenpy.algorithms.mps_common:start environment_sweep
INFO:tenpy.algorithms.dmrg:checkpoint after sweep 110
energy=-0.1683151810233880, max S=3.7589312569755009, age=1998, norm_err=2.0e-02
Current memory usage 216.6MB, wall time: 45.4s
Delta E = -7.5333e-02, Delta S = 1.4598e-01 (per sweep)
max trunc_err = 8.9356e-08, max E_trunc = -9.0949e-13
chi: [256, 256, 256, 256, 256, 256]
================================================================================
INFO:tenpy.algorithms.mps_common:TwoSiteDMRGEngine: Maximum number of sweeps reached
INFO:tenpy.tools.params:DMRG: reading 'norm_tol'=1e-05
INFO:tenpy.tools.params:DMRG: reading 'norm_tol_final'=1e-10
INFO:tenpy.tools.params:DMRG: reading 'norm_tol_iter'=5
WARNING:tenpy.algorithms.dmrg:final DMRG state not in canonical form up to norm_tol=1.00e-05: norm_err=1.99e-02
INFO:tenpy.algorithms.mps_common:start environment_sweep
INFO:tenpy.algorithms.mps_common:start environment_sweep
INFO:tenpy.algorithms.mps_common:start environment_sweep
WARNING:tenpy.algorithms.dmrg:final DMRG state not in canonical form up to norm_tol_final=1.00e-10: norm_err=1.71e-06, calling psi.canonical_form()
INFO:tenpy.algorithms.dmrg:TwoSiteDMRGEngine finished after 110 sweeps, max chi=256
INFO:tenpy.tools.params:DMRG: reading 'max_trunc_err'=0.0001
INFO:tenpy.tools.params:MixedHofstadterLandauGauge_Pi_2: reading 'explicit_plus_hc'=False
INFO:tenpy.tools.params:MixedHofstadterLandauGauge_Pi_2: reading 'Lx'=2
INFO:tenpy.tools.params:MixedHofstadterLandauGauge_Pi_2: setting 'N_rings'=2
INFO:tenpy.tools.params:MixedHofstadterLandauGauge_Pi_2: reading 'xy_lattice'='Square'
INFO:tenpy.tools.params:MixedHofstadterLandauGauge_Pi_2: reading 'Ly'=3
INFO:tenpy.tools.params:MixedHofstadterLandauGauge_Pi_2: reading 'ring_order'=None
INFO:tenpy.tools.params:MixedHofstadterLandauGauge_Pi_2: reading 'conserve_k'=True
INFO:tenpy.tools.params:MixedHofstadterLandauGauge_Pi_2: reading 'bc_MPS'='infinite'
INFO:tenpy.tools.params:MixedHofstadterLandauGauge_Pi_2: reading 't'=-1
INFO:tenpy.tools.params:MixedHofstadterLandauGauge_Pi_2: reading 't2'=-0.25
INFO:tenpy.tools.params:MixedHofstadterLandauGauge_Pi_2: reading 'V1'=0.6
INFO:tenpy.tools.params:MixedHofstadterLandauGauge_Pi_2: reading 'phi_ext'=np.float64(0.30000000000000004)
INFO:tenpy.tools.params:MixedHofstadterLandauGauge_Pi_2: reading 'sort_mpo_legs'=False
/home/t30/kna/ge54yin/Documents/MasterThesisFQHinTMDs/MPS_stuff/MPScalculations/.venv/lib/python3.12/site-packages/tenpy/tools/params.py:232: UserWarning: unused options for config MixedHofstadterLandauGauge_Pi_2:
['Delta', 'N_rings', 'Nsec', 'bc', 'chi_max', 'ktot', 'saveAll']
  warnings.warn(msg.format(keys=sorted(unused), name=self.name))
INFO:tenpy.tools.params:DMRG: reading 'active_sites'=2
INFO:tenpy.tools.params:DMRG: reading 'diag_method'='default'
INFO:tenpy.tools.params:DMRG: subconfig 'trunc_params'=Config(<5 options>, 'trunc_params')
INFO:tenpy.tools.params:DMRG: reading 'max_N_sites_per_ring'=18
INFO:tenpy.tools.params:DMRG: reading 'combine'=False
INFO:tenpy.tools.params:DMRG: subconfig 'lanczos_params'=Config(<9 options>, 'lanczos_params')
INFO:tenpy.tools.params:DMRG: reading 'chi_list'=None
INFO:tenpy.tools.params:DMRG: reading 'start_env'=1
INFO:tenpy.algorithms.mps_common:start environment_sweep
INFO:tenpy.tools.params:DMRG: reading 'N_sweeps_check'=10
INFO:tenpy.tools.params:DMRG: subconfig 'mixer_params'=Config(<3 options>, 'mixer_params')
INFO:tenpy.tools.params:DMRG: reading 'mixer'=None
INFO:tenpy.tools.params:DMRG: reading 'max_sweeps'=100
INFO:tenpy.tools.params:DMRG: reading 'max_hours'=8760
INFO:tenpy.tools.params:DMRG: reading 'P_tol_to_trunc'=0.05
INFO:tenpy.tools.params:DMRG: reading 'P_tol_min'=5.0000000000000004e-30
INFO:tenpy.tools.params:DMRG: reading 'P_tol_max'=0.0001
INFO:tenpy.tools.params:DMRG: reading 'E_tol_to_trunc'=None
INFO:tenpy.algorithms.dmrg:Running sweep with optimization
INFO:tenpy.tools.params:DMRG: reading 'max_N_for_ED'=400
INFO:tenpy.tools.params:DMRG: reading 'update_env'=5
INFO:tenpy.algorithms.mps_common:start environment_sweep
INFO:tenpy.algorithms.dmrg:checkpoint after sweep 10
energy=0.5726987267324800, max S=1.6854040492703373, age=198, norm_err=4.6e-02
Current memory usage 216.6MB, wall time: 39.5s
Delta E = nan, Delta S = -2.0190e-01 (per sweep)
max trunc_err = 3.5983e-08, max E_trunc = 5.9686e-13
chi: [256, 256, 256, 256, 256, 256]
================================================================================
INFO:tenpy.algorithms.dmrg:Running sweep with optimization
INFO:tenpy.algorithms.mps_common:start environment_sweep
INFO:tenpy.algorithms.dmrg:checkpoint after sweep 20
energy=0.5208717651601992, max S=1.3167639367763233, age=378, norm_err=7.8e-02
Current memory usage 216.6MB, wall time: 42.6s
Delta E = -5.1827e-03, Delta S = -3.5285e-02 (per sweep)
max trunc_err = 3.7062e-08, max E_trunc = -2.5580e-13
chi: [256, 256, 256, 256, 256, 256]
================================================================================
INFO:tenpy.tools.params:DMRG: reading 'max_E_err'=1e-08
INFO:tenpy.tools.params:DMRG: reading 'max_S_err'=1e-05
INFO:tenpy.algorithms.dmrg:Running sweep with optimization
INFO:tenpy.algorithms.mps_common:start environment_sweep
INFO:tenpy.algorithms.dmrg:checkpoint after sweep 30
energy=0.4719893468104743, max S=1.3777996739558984, age=558, norm_err=9.7e-02
Current memory usage 216.6MB, wall time: 48.9s
Delta E = -4.8882e-03, Delta S = 1.4926e-02 (per sweep)
max trunc_err = 7.8282e-09, max E_trunc = -1.4478e-10
chi: [256, 256, 256, 256, 256, 256]
================================================================================
INFO:tenpy.algorithms.dmrg:Running sweep with optimization
INFO:tenpy.algorithms.mps_common:start environment_sweep
INFO:tenpy.algorithms.dmrg:checkpoint after sweep 40
energy=0.0715848284715008, max S=4.0877791991929122, age=738, norm_err=3.1e-02
Current memory usage 216.6MB, wall time: 43.6s
Delta E = -4.0040e-02, Delta S = 2.6181e-01 (per sweep)
max trunc_err = 1.8645e-08, max E_trunc = -2.5580e-12
chi: [256, 256, 256, 256, 256, 256]
================================================================================
INFO:tenpy.algorithms.dmrg:Running sweep with optimization
INFO:tenpy.algorithms.mps_common:start environment_sweep
INFO:tenpy.algorithms.dmrg:checkpoint after sweep 50
energy=0.4818944385341126, max S=0.9139661280249528, age=918, norm_err=1.9e-01
Current memory usage 216.6MB, wall time: 40.7s
Delta E = 4.1031e-02, Delta S = -2.9262e-01 (per sweep)
max trunc_err = 2.0680e-08, max E_trunc = 2.2737e-12
chi: [256, 256, 256, 255, 256, 256]
================================================================================
INFO:tenpy.algorithms.dmrg:Running sweep with optimization
INFO:tenpy.algorithms.mps_common:start environment_sweep
INFO:tenpy.algorithms.dmrg:checkpoint after sweep 60
energy=0.3393326843188239, max S=2.3225825989322408, age=1098, norm_err=1.6e-01
Current memory usage 216.6MB, wall time: 47.8s
Delta E = -1.4256e-02, Delta S = 1.1947e-01 (per sweep)
max trunc_err = 4.0948e-09, max E_trunc = -1.4018e-10
chi: [256, 256, 256, 256, 256, 256]
================================================================================
INFO:tenpy.algorithms.dmrg:Running sweep with optimization
INFO:tenpy.algorithms.mps_common:start environment_sweep
INFO:tenpy.algorithms.dmrg:checkpoint after sweep 70
energy=0.1810402743102581, max S=1.5746203456311587, age=1278, norm_err=1.7e-01
Current memory usage 216.6MB, wall time: 46.9s
Delta E = -1.5829e-02, Delta S = -6.6078e-02 (per sweep)
max trunc_err = 2.2253e-08, max E_trunc = -9.0040e-11
chi: [256, 255, 256, 256, 256, 256]
================================================================================
INFO:tenpy.algorithms.dmrg:Running sweep with optimization
INFO:tenpy.algorithms.mps_common:start environment_sweep
INFO:tenpy.algorithms.dmrg:checkpoint after sweep 80
energy=0.5182738001047559, max S=2.8174488867747272, age=1458, norm_err=5.3e-02
Current memory usage 216.6MB, wall time: 47.6s
Delta E = 3.3723e-02, Delta S = 1.1437e-01 (per sweep)
max trunc_err = 2.8581e-09, max E_trunc = -2.5557e-10
chi: [256, 256, 256, 256, 256, 256]
================================================================================
INFO:tenpy.algorithms.dmrg:Running sweep with optimization
INFO:tenpy.algorithms.mps_common:start environment_sweep
INFO:tenpy.algorithms.dmrg:checkpoint after sweep 90
energy=0.5204337601551098, max S=2.2190585420594262, age=1638, norm_err=5.6e-02
Current memory usage 216.6MB, wall time: 43.1s
Delta E = 2.1600e-04, Delta S = -5.8921e-02 (per sweep)
max trunc_err = 1.5409e-07, max E_trunc = 2.3874e-12
chi: [256, 256, 256, 256, 256, 256]
================================================================================
INFO:tenpy.algorithms.dmrg:Running sweep with optimization
INFO:tenpy.algorithms.mps_common:start environment_sweep
INFO:tenpy.algorithms.dmrg:checkpoint after sweep 100
energy=0.0281773951876498, max S=1.6665399632498881, age=1818, norm_err=3.0e-01
Current memory usage 216.6MB, wall time: 48.9s
Delta E = -4.9226e-02, Delta S = -3.4626e-02 (per sweep)
max trunc_err = 3.3073e-09, max E_trunc = -5.9345e-11
chi: [256, 256, 256, 256, 256, 256]
================================================================================
INFO:tenpy.algorithms.dmrg:Running sweep with optimization
INFO:tenpy.algorithms.mps_common:start environment_sweep
INFO:tenpy.algorithms.dmrg:checkpoint after sweep 110
energy=-0.7512949095975046, max S=2.3163368914100424, age=1998, norm_err=2.8e-01
Current memory usage 216.6MB, wall time: 42.2s
Delta E = -7.7947e-02, Delta S = 3.2549e-02 (per sweep)
max trunc_err = 1.5580e-08, max E_trunc = -6.8212e-13
chi: [256, 256, 256, 256, 256, 256]
================================================================================
INFO:tenpy.algorithms.mps_common:TwoSiteDMRGEngine: Maximum number of sweeps reached
INFO:tenpy.tools.params:DMRG: reading 'norm_tol'=1e-05
INFO:tenpy.tools.params:DMRG: reading 'norm_tol_final'=1e-10
INFO:tenpy.tools.params:DMRG: reading 'norm_tol_iter'=5
WARNING:tenpy.algorithms.dmrg:final DMRG state not in canonical form up to norm_tol=1.00e-05: norm_err=2.83e-01
INFO:tenpy.algorithms.mps_common:start environment_sweep
INFO:tenpy.algorithms.mps_common:start environment_sweep
INFO:tenpy.algorithms.mps_common:start environment_sweep
INFO:tenpy.algorithms.mps_common:start environment_sweep
INFO:tenpy.algorithms.mps_common:start environment_sweep
WARNING:tenpy.algorithms.dmrg:norm_err=1.04e-02 still too high after environment_sweeps
WARNING:tenpy.algorithms.dmrg:final DMRG state not in canonical form up to norm_tol_final=1.00e-10: norm_err=1.04e-02, calling psi.canonical_form()
INFO:tenpy.algorithms.dmrg:TwoSiteDMRGEngine finished after 110 sweeps, max chi=256
INFO:tenpy.tools.params:DMRG: reading 'max_trunc_err'=0.0001
INFO:tenpy.tools.params:MixedHofstadterLandauGauge_Pi_2: reading 'explicit_plus_hc'=False
INFO:tenpy.tools.params:MixedHofstadterLandauGauge_Pi_2: reading 'Lx'=2
INFO:tenpy.tools.params:MixedHofstadterLandauGauge_Pi_2: setting 'N_rings'=2
INFO:tenpy.tools.params:MixedHofstadterLandauGauge_Pi_2: reading 'xy_lattice'='Square'
INFO:tenpy.tools.params:MixedHofstadterLandauGauge_Pi_2: reading 'Ly'=3
INFO:tenpy.tools.params:MixedHofstadterLandauGauge_Pi_2: reading 'ring_order'=None
INFO:tenpy.tools.params:MixedHofstadterLandauGauge_Pi_2: reading 'conserve_k'=True
INFO:tenpy.tools.params:MixedHofstadterLandauGauge_Pi_2: reading 'bc_MPS'='infinite'
INFO:tenpy.tools.params:MixedHofstadterLandauGauge_Pi_2: reading 't'=-1
INFO:tenpy.tools.params:MixedHofstadterLandauGauge_Pi_2: reading 't2'=-0.25
INFO:tenpy.tools.params:MixedHofstadterLandauGauge_Pi_2: reading 'V1'=0.6
INFO:tenpy.tools.params:MixedHofstadterLandauGauge_Pi_2: reading 'phi_ext'=np.float64(0.35000000000000003)
INFO:tenpy.tools.params:MixedHofstadterLandauGauge_Pi_2: reading 'sort_mpo_legs'=False
/home/t30/kna/ge54yin/Documents/MasterThesisFQHinTMDs/MPS_stuff/MPScalculations/.venv/lib/python3.12/site-packages/tenpy/tools/params.py:232: UserWarning: unused options for config MixedHofstadterLandauGauge_Pi_2:
['Delta', 'N_rings', 'Nsec', 'bc', 'chi_max', 'ktot', 'saveAll']
  warnings.warn(msg.format(keys=sorted(unused), name=self.name))
INFO:tenpy.tools.params:DMRG: reading 'active_sites'=2
INFO:tenpy.tools.params:DMRG: reading 'diag_method'='default'
INFO:tenpy.tools.params:DMRG: subconfig 'trunc_params'=Config(<5 options>, 'trunc_params')
INFO:tenpy.tools.params:DMRG: reading 'max_N_sites_per_ring'=18
INFO:tenpy.tools.params:DMRG: reading 'combine'=False
INFO:tenpy.tools.params:DMRG: subconfig 'lanczos_params'=Config(<9 options>, 'lanczos_params')
INFO:tenpy.tools.params:DMRG: reading 'chi_list'=None
INFO:tenpy.tools.params:DMRG: reading 'start_env'=1
INFO:tenpy.algorithms.mps_common:start environment_sweep
INFO:tenpy.tools.params:DMRG: reading 'N_sweeps_check'=10
INFO:tenpy.tools.params:DMRG: subconfig 'mixer_params'=Config(<3 options>, 'mixer_params')
INFO:tenpy.tools.params:DMRG: reading 'mixer'=None
INFO:tenpy.tools.params:DMRG: reading 'max_sweeps'=100
INFO:tenpy.tools.params:DMRG: reading 'max_hours'=8760
INFO:tenpy.tools.params:DMRG: reading 'P_tol_to_trunc'=0.05
INFO:tenpy.tools.params:DMRG: reading 'P_tol_min'=5.0000000000000004e-30
INFO:tenpy.tools.params:DMRG: reading 'P_tol_max'=0.0001
INFO:tenpy.tools.params:DMRG: reading 'E_tol_to_trunc'=None
INFO:tenpy.algorithms.dmrg:Running sweep with optimization
INFO:tenpy.tools.params:DMRG: reading 'max_N_for_ED'=400
INFO:tenpy.tools.params:DMRG: reading 'update_env'=5
INFO:tenpy.algorithms.mps_common:start environment_sweep
INFO:tenpy.algorithms.dmrg:checkpoint after sweep 10
energy=0.3546890756139571, max S=1.0094265015518074, age=198, norm_err=1.4e-02
Current memory usage 216.6MB, wall time: 38.6s
Delta E = nan, Delta S = -1.2031e-01 (per sweep)
max trunc_err = 1.7217e-08, max E_trunc = 1.7906e-12
chi: [229, 233, 226, 212, 219, 228]
================================================================================
INFO:tenpy.algorithms.dmrg:Running sweep with optimization
INFO:tenpy.algorithms.mps_common:start environment_sweep
INFO:tenpy.algorithms.dmrg:checkpoint after sweep 20
energy=0.2241848954141309, max S=1.4569250231168236, age=378, norm_err=1.4e-01
Current memory usage 216.6MB, wall time: 46.1s
Delta E = -1.3050e-02, Delta S = 2.7773e-02 (per sweep)
max trunc_err = 1.6584e-09, max E_trunc = -1.4711e-10
chi: [256, 256, 256, 256, 256, 256]
================================================================================
INFO:tenpy.tools.params:DMRG: reading 'max_E_err'=1e-08
INFO:tenpy.tools.params:DMRG: reading 'max_S_err'=1e-05
INFO:tenpy.algorithms.dmrg:Running sweep with optimization
INFO:tenpy.algorithms.mps_common:start environment_sweep
INFO:tenpy.algorithms.dmrg:checkpoint after sweep 30
energy=0.5688096338202513, max S=1.6185135008132061, age=558, norm_err=1.1e-02
Current memory usage 216.6MB, wall time: 42.7s
Delta E = 3.4462e-02, Delta S = 2.1600e-02 (per sweep)
max trunc_err = 4.0351e-08, max E_trunc = 1.4779e-12
chi: [256, 255, 256, 255, 256, 256]
================================================================================
INFO:tenpy.algorithms.dmrg:Running sweep with optimization
INFO:tenpy.algorithms.mps_common:start environment_sweep
INFO:tenpy.algorithms.dmrg:checkpoint after sweep 40
energy=0.2052676606695011, max S=1.3125579806361836, age=738, norm_err=1.4e-02
Current memory usage 216.6MB, wall time: 45.8s
Delta E = -3.6354e-02, Delta S = -3.2409e-02 (per sweep)
max trunc_err = 1.1753e-07, max E_trunc = 6.8212e-13
chi: [256, 256, 256, 256, 256, 256]
================================================================================
INFO:tenpy.algorithms.dmrg:Running sweep with optimization
INFO:tenpy.algorithms.mps_common:start environment_sweep
INFO:tenpy.algorithms.dmrg:checkpoint after sweep 50
energy=0.3770172057078298, max S=1.9723698320214234, age=918, norm_err=1.2e-01
Current memory usage 216.6MB, wall time: 53.3s
Delta E = 1.7175e-02, Delta S = 6.3037e-02 (per sweep)
max trunc_err = 3.0673e-09, max E_trunc = -4.0359e-10
chi: [256, 256, 256, 256, 256, 256]
================================================================================
INFO:tenpy.algorithms.dmrg:Running sweep with optimization
INFO:tenpy.algorithms.mps_common:start environment_sweep
INFO:tenpy.algorithms.dmrg:checkpoint after sweep 60
energy=0.7446257429910285, max S=1.6303717584218458, age=1098, norm_err=1.3e-02
Current memory usage 216.6MB, wall time: 46.0s
Delta E = 3.6761e-02, Delta S = -2.8860e-02 (per sweep)
max trunc_err = 1.1734e-06, max E_trunc = 2.2737e-12
chi: [256, 256, 256, 255, 256, 256]
================================================================================
INFO:tenpy.algorithms.dmrg:Running sweep with optimization
INFO:tenpy.algorithms.mps_common:start environment_sweep
INFO:tenpy.algorithms.dmrg:checkpoint after sweep 70
energy=0.4323164982127044, max S=1.6880475694164159, age=1278, norm_err=5.3e-02
Current memory usage 216.6MB, wall time: 42.4s
Delta E = -3.1231e-02, Delta S = 5.1401e-03 (per sweep)
max trunc_err = 1.7622e-08, max E_trunc = 1.0118e-11
chi: [256, 256, 256, 256, 256, 256]
================================================================================
INFO:tenpy.algorithms.dmrg:Running sweep with optimization
INFO:tenpy.algorithms.mps_common:start environment_sweep
INFO:tenpy.algorithms.dmrg:checkpoint after sweep 80
energy=0.5508101277742318, max S=1.6674962262865902, age=1458, norm_err=6.0e-03
Current memory usage 216.6MB, wall time: 44.4s
Delta E = 1.1849e-02, Delta S = -5.9346e-03 (per sweep)
max trunc_err = 5.1991e-09, max E_trunc = 3.0695e-12
chi: [256, 253, 254, 254, 256, 254]
================================================================================
INFO:tenpy.algorithms.dmrg:Running sweep with optimization
INFO:tenpy.algorithms.mps_common:start environment_sweep
INFO:tenpy.algorithms.dmrg:checkpoint after sweep 90
energy=0.3483772818357143, max S=1.5591549219952321, age=1638, norm_err=8.8e-02
Current memory usage 216.6MB, wall time: 47.8s
Delta E = -2.0243e-02, Delta S = -2.1431e-02 (per sweep)
max trunc_err = 1.0417e-08, max E_trunc = 1.1369e-12
chi: [256, 256, 256, 256, 256, 256]
================================================================================
INFO:tenpy.algorithms.dmrg:Running sweep with optimization
INFO:tenpy.algorithms.mps_common:start environment_sweep
INFO:tenpy.algorithms.dmrg:checkpoint after sweep 100
energy=0.3197891370091194, max S=2.5326975258597404, age=1818, norm_err=8.2e-02
Current memory usage 216.6MB, wall time: 50.8s
Delta E = -2.8588e-03, Delta S = 1.0301e-01 (per sweep)
max trunc_err = 3.1808e-08, max E_trunc = -1.1732e-10
chi: [256, 256, 256, 256, 256, 256]
================================================================================
INFO:tenpy.algorithms.dmrg:Running sweep with optimization
INFO:tenpy.algorithms.mps_common:start environment_sweep
INFO:tenpy.algorithms.dmrg:checkpoint after sweep 110
energy=0.3199242714743396, max S=1.9262543878854779, age=1998, norm_err=6.8e-02
Current memory usage 216.6MB, wall time: 42.4s
Delta E = 1.3513e-05, Delta S = -4.1114e-02 (per sweep)
max trunc_err = 1.5583e-08, max E_trunc = 9.0949e-13
chi: [244, 242, 240, 238, 242, 243]
================================================================================
INFO:tenpy.algorithms.mps_common:TwoSiteDMRGEngine: Maximum number of sweeps reached
INFO:tenpy.tools.params:DMRG: reading 'norm_tol'=1e-05
INFO:tenpy.tools.params:DMRG: reading 'norm_tol_final'=1e-10
INFO:tenpy.tools.params:DMRG: reading 'norm_tol_iter'=5
WARNING:tenpy.algorithms.dmrg:final DMRG state not in canonical form up to norm_tol=1.00e-05: norm_err=6.84e-02
INFO:tenpy.algorithms.mps_common:start environment_sweep
INFO:tenpy.algorithms.mps_common:start environment_sweep
INFO:tenpy.algorithms.mps_common:start environment_sweep
WARNING:tenpy.algorithms.dmrg:final DMRG state not in canonical form up to norm_tol_final=1.00e-10: norm_err=1.59e-06, calling psi.canonical_form()
WARNING:tenpy.networks.mps:canonical_form_infinite: project to significantly smaller chi
WARNING:tenpy.networks.mps:canonical_form_infinite: project to significantly smaller chi
WARNING:tenpy.networks.mps:canonical_form_infinite: project to significantly smaller chi
WARNING:tenpy.networks.mps:canonical_form_infinite: project to significantly smaller chi
WARNING:tenpy.networks.mps:canonical_form_infinite: project to significantly smaller chi
WARNING:tenpy.networks.mps:canonical_form_infinite: project to significantly smaller chi
WARNING:tenpy.networks.mps:canonical_form_infinite: project to significantly smaller chi
WARNING:tenpy.networks.mps:canonical_form_infinite: project to significantly smaller chi
WARNING:tenpy.networks.mps:canonical_form_infinite: project to significantly smaller chi
INFO:tenpy.algorithms.dmrg:TwoSiteDMRGEngine finished after 110 sweeps, max chi=84
INFO:tenpy.tools.params:DMRG: reading 'max_trunc_err'=0.0001
INFO:tenpy.tools.params:MixedHofstadterLandauGauge_Pi_2: reading 'explicit_plus_hc'=False
INFO:tenpy.tools.params:MixedHofstadterLandauGauge_Pi_2: reading 'Lx'=2
INFO:tenpy.tools.params:MixedHofstadterLandauGauge_Pi_2: setting 'N_rings'=2
INFO:tenpy.tools.params:MixedHofstadterLandauGauge_Pi_2: reading 'xy_lattice'='Square'
INFO:tenpy.tools.params:MixedHofstadterLandauGauge_Pi_2: reading 'Ly'=3
INFO:tenpy.tools.params:MixedHofstadterLandauGauge_Pi_2: reading 'ring_order'=None
INFO:tenpy.tools.params:MixedHofstadterLandauGauge_Pi_2: reading 'conserve_k'=True
INFO:tenpy.tools.params:MixedHofstadterLandauGauge_Pi_2: reading 'bc_MPS'='infinite'
INFO:tenpy.tools.params:MixedHofstadterLandauGauge_Pi_2: reading 't'=-1
INFO:tenpy.tools.params:MixedHofstadterLandauGauge_Pi_2: reading 't2'=-0.25
INFO:tenpy.tools.params:MixedHofstadterLandauGauge_Pi_2: reading 'V1'=0.6
INFO:tenpy.tools.params:MixedHofstadterLandauGauge_Pi_2: reading 'phi_ext'=np.float64(0.4)
INFO:tenpy.tools.params:MixedHofstadterLandauGauge_Pi_2: reading 'sort_mpo_legs'=False
/home/t30/kna/ge54yin/Documents/MasterThesisFQHinTMDs/MPS_stuff/MPScalculations/.venv/lib/python3.12/site-packages/tenpy/tools/params.py:232: UserWarning: unused options for config MixedHofstadterLandauGauge_Pi_2:
['Delta', 'N_rings', 'Nsec', 'bc', 'chi_max', 'ktot', 'saveAll']
  warnings.warn(msg.format(keys=sorted(unused), name=self.name))
INFO:tenpy.tools.params:DMRG: reading 'active_sites'=2
INFO:tenpy.tools.params:DMRG: reading 'diag_method'='default'
INFO:tenpy.tools.params:DMRG: subconfig 'trunc_params'=Config(<5 options>, 'trunc_params')
INFO:tenpy.tools.params:DMRG: reading 'max_N_sites_per_ring'=18
INFO:tenpy.tools.params:DMRG: reading 'combine'=False
INFO:tenpy.tools.params:DMRG: subconfig 'lanczos_params'=Config(<9 options>, 'lanczos_params')
INFO:tenpy.tools.params:DMRG: reading 'chi_list'=None
INFO:tenpy.tools.params:DMRG: reading 'start_env'=1
INFO:tenpy.algorithms.mps_common:start environment_sweep
INFO:tenpy.tools.params:DMRG: reading 'N_sweeps_check'=10
INFO:tenpy.tools.params:DMRG: subconfig 'mixer_params'=Config(<3 options>, 'mixer_params')
INFO:tenpy.tools.params:DMRG: reading 'mixer'=None
INFO:tenpy.tools.params:DMRG: reading 'max_sweeps'=100
INFO:tenpy.tools.params:DMRG: reading 'max_hours'=8760
INFO:tenpy.tools.params:DMRG: reading 'P_tol_to_trunc'=0.05
INFO:tenpy.tools.params:DMRG: reading 'P_tol_min'=5.0000000000000004e-30
INFO:tenpy.tools.params:DMRG: reading 'P_tol_max'=0.0001
INFO:tenpy.tools.params:DMRG: reading 'E_tol_to_trunc'=None
INFO:tenpy.algorithms.dmrg:Running sweep with optimization
INFO:tenpy.tools.params:DMRG: reading 'max_N_for_ED'=400
INFO:tenpy.tools.params:DMRG: reading 'update_env'=5
INFO:tenpy.algorithms.mps_common:start environment_sweep
INFO:tenpy.algorithms.dmrg:checkpoint after sweep 10
energy=0.3663431253290146, max S=2.3559421564196001, age=198, norm_err=9.8e-03
Current memory usage 216.6MB, wall time: 40.1s
Delta E = nan, Delta S = 3.6539e-02 (per sweep)
max trunc_err = 2.7472e-07, max E_trunc = 2.2737e-13
chi: [256, 256, 256, 256, 256, 256]
================================================================================
INFO:tenpy.algorithms.dmrg:Running sweep with optimization
INFO:tenpy.algorithms.mps_common:start environment_sweep
INFO:tenpy.algorithms.dmrg:checkpoint after sweep 20
energy=0.0137199390979982, max S=3.3276055882092122, age=378, norm_err=2.2e-02
Current memory usage 216.6MB, wall time: 53.6s
Delta E = -3.5262e-02, Delta S = 7.5218e-02 (per sweep)
max trunc_err = 3.5613e-09, max E_trunc = -8.8988e-11
chi: [256, 256, 256, 256, 256, 256]
================================================================================
INFO:tenpy.tools.params:DMRG: reading 'max_E_err'=1e-08
INFO:tenpy.tools.params:DMRG: reading 'max_S_err'=1e-05
INFO:tenpy.algorithms.dmrg:Running sweep with optimization
INFO:tenpy.algorithms.mps_common:start environment_sweep
INFO:tenpy.algorithms.dmrg:checkpoint after sweep 30
energy=0.3382479587999872, max S=0.7058288447426674, age=558, norm_err=4.5e-02
Current memory usage 216.6MB, wall time: 44.7s
Delta E = 3.2453e-02, Delta S = -2.3109e-01 (per sweep)
max trunc_err = 1.3659e-07, max E_trunc = 1.0800e-12
chi: [256, 255, 256, 256, 256, 256]
================================================================================
INFO:tenpy.algorithms.dmrg:Running sweep with optimization
INFO:tenpy.algorithms.mps_common:start environment_sweep
INFO:tenpy.algorithms.dmrg:checkpoint after sweep 40
energy=0.6238801294009259, max S=1.8994511734174966, age=738, norm_err=2.4e-02
Current memory usage 216.6MB, wall time: 44.7s
Delta E = 2.8563e-02, Delta S = 1.0254e-01 (per sweep)
max trunc_err = 2.8031e-08, max E_trunc = 5.2864e-12
chi: [256, 256, 256, 256, 256, 256]
================================================================================
INFO:tenpy.algorithms.dmrg:Running sweep with optimization
INFO:tenpy.algorithms.mps_common:start environment_sweep
INFO:tenpy.algorithms.dmrg:checkpoint after sweep 50
energy=0.5101952077396845, max S=2.4175170518860982, age=918, norm_err=1.1e-01
Current memory usage 216.6MB, wall time: 45.5s
Delta E = -1.1368e-02, Delta S = 4.0131e-02 (per sweep)
max trunc_err = 2.1324e-08, max E_trunc = -2.4443e-12
chi: [256, 256, 256, 256, 256, 256]
================================================================================
INFO:tenpy.algorithms.dmrg:Running sweep with optimization
INFO:tenpy.algorithms.mps_common:start environment_sweep
INFO:tenpy.algorithms.dmrg:checkpoint after sweep 60
energy=0.5522120861713612, max S=0.7270979262135743, age=1098, norm_err=7.8e-03
Current memory usage 216.6MB, wall time: 45.9s
Delta E = 4.2017e-03, Delta S = -1.5057e-01 (per sweep)
max trunc_err = 5.4247e-08, max E_trunc = 2.3874e-12
chi: [256, 256, 256, 256, 256, 256]
================================================================================
INFO:tenpy.algorithms.dmrg:Running sweep with optimization
INFO:tenpy.algorithms.mps_common:start environment_sweep
INFO:tenpy.algorithms.dmrg:checkpoint after sweep 70
energy=0.4206809035192975, max S=1.4134001306802806, age=1278, norm_err=2.8e-02
Current memory usage 216.6MB, wall time: 44.2s
Delta E = -1.3153e-02, Delta S = 5.6856e-02 (per sweep)
max trunc_err = 4.1450e-09, max E_trunc = 1.0232e-12
chi: [256, 256, 256, 256, 256, 256]
================================================================================
INFO:tenpy.algorithms.dmrg:Running sweep with optimization
INFO:tenpy.algorithms.mps_common:start environment_sweep
INFO:tenpy.algorithms.dmrg:checkpoint after sweep 80
energy=0.3819318671081930, max S=0.9408529964935610, age=1458, norm_err=1.2e-01
Current memory usage 216.6MB, wall time: 46.4s
Delta E = -3.8749e-03, Delta S = -2.7661e-02 (per sweep)
max trunc_err = 8.2314e-09, max E_trunc = 2.3874e-12
chi: [256, 256, 256, 256, 256, 256]
================================================================================
INFO:tenpy.algorithms.dmrg:Running sweep with optimization
INFO:tenpy.algorithms.mps_common:start environment_sweep
INFO:tenpy.algorithms.dmrg:checkpoint after sweep 90
energy=0.4441998112755433, max S=1.1396899041921904, age=1638, norm_err=2.1e-02
Current memory usage 216.6MB, wall time: 44.1s
Delta E = 6.2268e-03, Delta S = 8.9883e-03 (per sweep)
max trunc_err = 1.5550e-08, max E_trunc = 1.2506e-12
chi: [256, 256, 256, 256, 256, 256]
================================================================================
INFO:tenpy.algorithms.dmrg:Running sweep with optimization
INFO:tenpy.algorithms.mps_common:start environment_sweep
INFO:tenpy.algorithms.dmrg:checkpoint after sweep 100
energy=0.3439114129885752, max S=1.4379714706354874, age=1818, norm_err=8.3e-02
Current memory usage 216.6MB, wall time: 51.8s
Delta E = -1.0029e-02, Delta S = 2.1525e-02 (per sweep)
max trunc_err = 4.4209e-09, max E_trunc = -1.0914e-11
chi: [256, 256, 256, 255, 256, 256]
================================================================================
INFO:tenpy.algorithms.dmrg:Running sweep with optimization
INFO:tenpy.algorithms.mps_common:start environment_sweep
INFO:tenpy.algorithms.dmrg:checkpoint after sweep 110
energy=0.6608551029446801, max S=1.3005666460588730, age=1998, norm_err=1.1e-01
Current memory usage 216.6MB, wall time: 47.3s
Delta E = 3.1694e-02, Delta S = -7.2217e-03 (per sweep)
max trunc_err = 3.3659e-08, max E_trunc = -6.9349e-12
chi: [256, 256, 256, 256, 256, 256]
================================================================================
INFO:tenpy.algorithms.mps_common:TwoSiteDMRGEngine: Maximum number of sweeps reached
INFO:tenpy.tools.params:DMRG: reading 'norm_tol'=1e-05
INFO:tenpy.tools.params:DMRG: reading 'norm_tol_final'=1e-10
INFO:tenpy.tools.params:DMRG: reading 'norm_tol_iter'=5
WARNING:tenpy.algorithms.dmrg:final DMRG state not in canonical form up to norm_tol=1.00e-05: norm_err=1.13e-01
INFO:tenpy.algorithms.mps_common:start environment_sweep
INFO:tenpy.algorithms.mps_common:start environment_sweep
INFO:tenpy.algorithms.mps_common:start environment_sweep
INFO:tenpy.algorithms.mps_common:start environment_sweep
WARNING:tenpy.algorithms.dmrg:final DMRG state not in canonical form up to norm_tol_final=1.00e-10: norm_err=9.97e-06, calling psi.canonical_form()
INFO:tenpy.algorithms.dmrg:TwoSiteDMRGEngine finished after 110 sweeps, max chi=256
INFO:tenpy.tools.params:DMRG: reading 'max_trunc_err'=0.0001
INFO:tenpy.tools.params:MixedHofstadterLandauGauge_Pi_2: reading 'explicit_plus_hc'=False
INFO:tenpy.tools.params:MixedHofstadterLandauGauge_Pi_2: reading 'Lx'=2
INFO:tenpy.tools.params:MixedHofstadterLandauGauge_Pi_2: setting 'N_rings'=2
INFO:tenpy.tools.params:MixedHofstadterLandauGauge_Pi_2: reading 'xy_lattice'='Square'
INFO:tenpy.tools.params:MixedHofstadterLandauGauge_Pi_2: reading 'Ly'=3
INFO:tenpy.tools.params:MixedHofstadterLandauGauge_Pi_2: reading 'ring_order'=None
INFO:tenpy.tools.params:MixedHofstadterLandauGauge_Pi_2: reading 'conserve_k'=True
INFO:tenpy.tools.params:MixedHofstadterLandauGauge_Pi_2: reading 'bc_MPS'='infinite'
INFO:tenpy.tools.params:MixedHofstadterLandauGauge_Pi_2: reading 't'=-1
INFO:tenpy.tools.params:MixedHofstadterLandauGauge_Pi_2: reading 't2'=-0.25
INFO:tenpy.tools.params:MixedHofstadterLandauGauge_Pi_2: reading 'V1'=0.6
INFO:tenpy.tools.params:MixedHofstadterLandauGauge_Pi_2: reading 'phi_ext'=np.float64(0.45)
INFO:tenpy.tools.params:MixedHofstadterLandauGauge_Pi_2: reading 'sort_mpo_legs'=False
/home/t30/kna/ge54yin/Documents/MasterThesisFQHinTMDs/MPS_stuff/MPScalculations/.venv/lib/python3.12/site-packages/tenpy/tools/params.py:232: UserWarning: unused options for config MixedHofstadterLandauGauge_Pi_2:
['Delta', 'N_rings', 'Nsec', 'bc', 'chi_max', 'ktot', 'saveAll']
  warnings.warn(msg.format(keys=sorted(unused), name=self.name))
INFO:tenpy.tools.params:DMRG: reading 'active_sites'=2
INFO:tenpy.tools.params:DMRG: reading 'diag_method'='default'
INFO:tenpy.tools.params:DMRG: subconfig 'trunc_params'=Config(<5 options>, 'trunc_params')
INFO:tenpy.tools.params:DMRG: reading 'max_N_sites_per_ring'=18
INFO:tenpy.tools.params:DMRG: reading 'combine'=False
INFO:tenpy.tools.params:DMRG: subconfig 'lanczos_params'=Config(<9 options>, 'lanczos_params')
INFO:tenpy.tools.params:DMRG: reading 'chi_list'=None
INFO:tenpy.tools.params:DMRG: reading 'start_env'=1
INFO:tenpy.algorithms.mps_common:start environment_sweep
INFO:tenpy.tools.params:DMRG: reading 'N_sweeps_check'=10
INFO:tenpy.tools.params:DMRG: subconfig 'mixer_params'=Config(<3 options>, 'mixer_params')
INFO:tenpy.tools.params:DMRG: reading 'mixer'=None
INFO:tenpy.tools.params:DMRG: reading 'max_sweeps'=100
INFO:tenpy.tools.params:DMRG: reading 'max_hours'=8760
INFO:tenpy.tools.params:DMRG: reading 'P_tol_to_trunc'=0.05
INFO:tenpy.tools.params:DMRG: reading 'P_tol_min'=5.0000000000000004e-30
INFO:tenpy.tools.params:DMRG: reading 'P_tol_max'=0.0001
INFO:tenpy.tools.params:DMRG: reading 'E_tol_to_trunc'=None
INFO:tenpy.algorithms.dmrg:Running sweep with optimization
INFO:tenpy.tools.params:DMRG: reading 'max_N_for_ED'=400
INFO:tenpy.tools.params:DMRG: reading 'update_env'=5
INFO:tenpy.algorithms.mps_common:start environment_sweep
INFO:tenpy.algorithms.dmrg:checkpoint after sweep 10
energy=0.3513774536307928, max S=3.0185297962746596, age=198, norm_err=9.4e-03
Current memory usage 216.6MB, wall time: 53.3s
Delta E = nan, Delta S = 1.7372e-01 (per sweep)
max trunc_err = 1.4658e-08, max E_trunc = -1.3445e-10
chi: [256, 256, 256, 256, 256, 256]
================================================================================
INFO:tenpy.algorithms.dmrg:Running sweep with optimization
INFO:tenpy.algorithms.mps_common:start environment_sweep
INFO:tenpy.algorithms.dmrg:checkpoint after sweep 20
energy=0.3581138828888631, max S=0.3316022786264766, age=378, norm_err=5.3e-02
Current memory usage 216.6MB, wall time: 45.2s
Delta E = 6.7364e-04, Delta S = -2.5387e-01 (per sweep)
max trunc_err = 6.0045e-08, max E_trunc = 1.1653e-12
chi: [256, 256, 256, 256, 256, 256]
================================================================================
INFO:tenpy.tools.params:DMRG: reading 'max_E_err'=1e-08
INFO:tenpy.tools.params:DMRG: reading 'max_S_err'=1e-05
INFO:tenpy.algorithms.dmrg:Running sweep with optimization
INFO:tenpy.algorithms.mps_common:start environment_sweep
INFO:tenpy.algorithms.dmrg:checkpoint after sweep 30
energy=0.1752852074304604, max S=0.9326864891626496, age=558, norm_err=6.3e-02
Current memory usage 216.6MB, wall time: 43.4s
Delta E = -1.8283e-02, Delta S = 5.8498e-02 (per sweep)
max trunc_err = 3.9627e-08, max E_trunc = 9.0949e-13
chi: [256, 256, 256, 256, 256, 256]
================================================================================
INFO:tenpy.algorithms.dmrg:Running sweep with optimization
INFO:tenpy.algorithms.mps_common:start environment_sweep
INFO:tenpy.algorithms.dmrg:checkpoint after sweep 40
energy=0.5664474881899272, max S=1.3785001378810446, age=738, norm_err=5.6e-02
Current memory usage 216.6MB, wall time: 46.5s
Delta E = 3.9116e-02, Delta S = 3.3977e-02 (per sweep)
max trunc_err = 6.2843e-09, max E_trunc = -1.3074e-11
chi: [256, 256, 256, 256, 256, 256]
================================================================================
INFO:tenpy.algorithms.dmrg:Running sweep with optimization
INFO:tenpy.algorithms.mps_common:start environment_sweep
INFO:tenpy.algorithms.dmrg:checkpoint after sweep 50
energy=0.5826486822263300, max S=1.2439598297931396, age=918, norm_err=1.7e-02
Current memory usage 216.6MB, wall time: 45.9s
Delta E = 1.6201e-03, Delta S = -9.8876e-03 (per sweep)
max trunc_err = 5.7827e-08, max E_trunc = 1.4211e-12
chi: [256, 256, 256, 256, 256, 256]
================================================================================
INFO:tenpy.algorithms.dmrg:Running sweep with optimization
INFO:tenpy.algorithms.mps_common:start environment_sweep
INFO:tenpy.algorithms.dmrg:checkpoint after sweep 60
energy=0.2457845859248569, max S=1.3257953839409178, age=1098, norm_err=8.4e-02
Current memory usage 216.6MB, wall time: 44.8s
Delta E = -3.3686e-02, Delta S = 1.3526e-02 (per sweep)
max trunc_err = 1.2515e-08, max E_trunc = 2.5011e-12
chi: [256, 256, 256, 255, 256, 256]
================================================================================
INFO:tenpy.algorithms.dmrg:Running sweep with optimization
INFO:tenpy.algorithms.mps_common:start environment_sweep
INFO:tenpy.algorithms.dmrg:checkpoint after sweep 70
energy=0.5706234451952431, max S=0.0867312168829658, age=1278, norm_err=8.7e-06
Current memory usage 216.6MB, wall time: 45.2s
Delta E = 3.2484e-02, Delta S = -1.1167e-01 (per sweep)
max trunc_err = 5.5431e-09, max E_trunc = 1.4779e-12
chi: [254, 256, 256, 254, 254, 256]
================================================================================
INFO:tenpy.algorithms.dmrg:Running sweep with optimization
INFO:tenpy.algorithms.mps_common:start environment_sweep
INFO:tenpy.algorithms.dmrg:checkpoint after sweep 80
energy=0.5124198119766845, max S=2.1201899896785577, age=1458, norm_err=2.9e-02
Current memory usage 216.6MB, wall time: 45.4s
Delta E = -5.8204e-03, Delta S = 1.8381e-01 (per sweep)
max trunc_err = 9.0594e-08, max E_trunc = 5.6843e-13
chi: [256, 256, 256, 256, 256, 256]
================================================================================
INFO:tenpy.algorithms.dmrg:Running sweep with optimization
INFO:tenpy.algorithms.mps_common:start environment_sweep
INFO:tenpy.algorithms.dmrg:checkpoint after sweep 90
energy=0.2751249938940816, max S=1.5293396331116331, age=1638, norm_err=1.5e-01
Current memory usage 216.6MB, wall time: 53.0s
Delta E = -2.3729e-02, Delta S = -5.7612e-02 (per sweep)
max trunc_err = 3.1596e-09, max E_trunc = -1.2038e-09
chi: [256, 256, 256, 256, 256, 256]
================================================================================
INFO:tenpy.algorithms.dmrg:Running sweep with optimization
INFO:tenpy.algorithms.mps_common:start environment_sweep
INFO:tenpy.algorithms.dmrg:checkpoint after sweep 100
energy=0.3866189980062036, max S=1.7775750804621409, age=1818, norm_err=5.0e-04
Current memory usage 216.6MB, wall time: 46.9s
Delta E = 1.1149e-02, Delta S = 2.3349e-02 (per sweep)
max trunc_err = 2.2169e-08, max E_trunc = 9.0949e-13
chi: [256, 256, 256, 256, 256, 256]
================================================================================
INFO:tenpy.algorithms.dmrg:Running sweep with optimization
INFO:tenpy.algorithms.mps_common:start environment_sweep
INFO:tenpy.algorithms.dmrg:checkpoint after sweep 110
energy=0.1531181682782877, max S=0.4740548790325518, age=1998, norm_err=5.5e-03
Current memory usage 216.6MB, wall time: 44.9s
Delta E = -2.3350e-02, Delta S = -1.1997e-01 (per sweep)
max trunc_err = 2.0417e-08, max E_trunc = 2.1600e-12
chi: [254, 255, 256, 255, 256, 255]
================================================================================
INFO:tenpy.algorithms.mps_common:TwoSiteDMRGEngine: Maximum number of sweeps reached
INFO:tenpy.tools.params:DMRG: reading 'norm_tol'=1e-05
INFO:tenpy.tools.params:DMRG: reading 'norm_tol_final'=1e-10
INFO:tenpy.tools.params:DMRG: reading 'norm_tol_iter'=5
WARNING:tenpy.algorithms.dmrg:final DMRG state not in canonical form up to norm_tol=1.00e-05: norm_err=5.48e-03
INFO:tenpy.algorithms.mps_common:start environment_sweep
INFO:tenpy.algorithms.mps_common:start environment_sweep
WARNING:tenpy.algorithms.dmrg:final DMRG state not in canonical form up to norm_tol_final=1.00e-10: norm_err=2.15e-07, calling psi.canonical_form()
WARNING:tenpy.networks.mps:canonical_form_infinite: project to significantly smaller chi
WARNING:tenpy.networks.mps:canonical_form_infinite: project to significantly smaller chi
WARNING:tenpy.networks.mps:canonical_form_infinite: project to significantly smaller chi
WARNING:tenpy.networks.mps:canonical_form_infinite: project to significantly smaller chi
WARNING:tenpy.networks.mps:canonical_form_infinite: project to significantly smaller chi
WARNING:tenpy.networks.mps:canonical_form_infinite: project to significantly smaller chi
WARNING:tenpy.networks.mps:canonical_form_infinite: project to significantly smaller chi
WARNING:tenpy.networks.mps:canonical_form_infinite: project to significantly smaller chi
INFO:tenpy.algorithms.dmrg:TwoSiteDMRGEngine finished after 110 sweeps, max chi=61
INFO:tenpy.tools.params:DMRG: reading 'max_trunc_err'=0.0001
INFO:tenpy.tools.params:MixedHofstadterLandauGauge_Pi_2: reading 'explicit_plus_hc'=False
INFO:tenpy.tools.params:MixedHofstadterLandauGauge_Pi_2: reading 'Lx'=2
INFO:tenpy.tools.params:MixedHofstadterLandauGauge_Pi_2: setting 'N_rings'=2
INFO:tenpy.tools.params:MixedHofstadterLandauGauge_Pi_2: reading 'xy_lattice'='Square'
INFO:tenpy.tools.params:MixedHofstadterLandauGauge_Pi_2: reading 'Ly'=3
INFO:tenpy.tools.params:MixedHofstadterLandauGauge_Pi_2: reading 'ring_order'=None
INFO:tenpy.tools.params:MixedHofstadterLandauGauge_Pi_2: reading 'conserve_k'=True
INFO:tenpy.tools.params:MixedHofstadterLandauGauge_Pi_2: reading 'bc_MPS'='infinite'
INFO:tenpy.tools.params:MixedHofstadterLandauGauge_Pi_2: reading 't'=-1
INFO:tenpy.tools.params:MixedHofstadterLandauGauge_Pi_2: reading 't2'=-0.25
INFO:tenpy.tools.params:MixedHofstadterLandauGauge_Pi_2: reading 'V1'=0.6
INFO:tenpy.tools.params:MixedHofstadterLandauGauge_Pi_2: reading 'phi_ext'=np.float64(0.5)
INFO:tenpy.tools.params:MixedHofstadterLandauGauge_Pi_2: reading 'sort_mpo_legs'=False
/home/t30/kna/ge54yin/Documents/MasterThesisFQHinTMDs/MPS_stuff/MPScalculations/.venv/lib/python3.12/site-packages/tenpy/tools/params.py:232: UserWarning: unused options for config MixedHofstadterLandauGauge_Pi_2:
['Delta', 'N_rings', 'Nsec', 'bc', 'chi_max', 'ktot', 'saveAll']
  warnings.warn(msg.format(keys=sorted(unused), name=self.name))
INFO:tenpy.tools.params:DMRG: reading 'active_sites'=2
INFO:tenpy.tools.params:DMRG: reading 'diag_method'='default'
INFO:tenpy.tools.params:DMRG: subconfig 'trunc_params'=Config(<5 options>, 'trunc_params')
INFO:tenpy.tools.params:DMRG: reading 'max_N_sites_per_ring'=18
INFO:tenpy.tools.params:DMRG: reading 'combine'=False
INFO:tenpy.tools.params:DMRG: subconfig 'lanczos_params'=Config(<9 options>, 'lanczos_params')
INFO:tenpy.tools.params:DMRG: reading 'chi_list'=None
INFO:tenpy.tools.params:DMRG: reading 'start_env'=1
INFO:tenpy.algorithms.mps_common:start environment_sweep
INFO:tenpy.tools.params:DMRG: reading 'N_sweeps_check'=10
INFO:tenpy.tools.params:DMRG: subconfig 'mixer_params'=Config(<3 options>, 'mixer_params')
INFO:tenpy.tools.params:DMRG: reading 'mixer'=None
INFO:tenpy.tools.params:DMRG: reading 'max_sweeps'=100
INFO:tenpy.tools.params:DMRG: reading 'max_hours'=8760
INFO:tenpy.tools.params:DMRG: reading 'P_tol_to_trunc'=0.05
INFO:tenpy.tools.params:DMRG: reading 'P_tol_min'=5.0000000000000004e-30
INFO:tenpy.tools.params:DMRG: reading 'P_tol_max'=0.0001
INFO:tenpy.tools.params:DMRG: reading 'E_tol_to_trunc'=None
INFO:tenpy.algorithms.dmrg:Running sweep with optimization
INFO:tenpy.tools.params:DMRG: reading 'max_N_for_ED'=400
INFO:tenpy.tools.params:DMRG: reading 'update_env'=5
INFO:tenpy.algorithms.mps_common:start environment_sweep
INFO:tenpy.algorithms.dmrg:checkpoint after sweep 10
energy=0.5358194567684809, max S=0.6778866538092708, age=198, norm_err=3.8e-02
Current memory usage 216.6MB, wall time: 38.9s
Delta E = nan, Delta S = 2.0234e-02 (per sweep)
max trunc_err = 8.9542e-09, max E_trunc = 2.9274e-12
chi: [256, 255, 256, 255, 256, 255]
================================================================================
INFO:tenpy.algorithms.dmrg:Running sweep with optimization
INFO:tenpy.algorithms.mps_common:start environment_sweep
INFO:tenpy.algorithms.dmrg:checkpoint after sweep 20
energy=0.3695654258572413, max S=3.2704139637849043, age=378, norm_err=5.7e-02
Current memory usage 216.6MB, wall time: 48.7s
Delta E = -1.6625e-02, Delta S = 2.4459e-01 (per sweep)
max trunc_err = 2.4920e-08, max E_trunc = -2.1004e-10
chi: [256, 256, 256, 256, 256, 256]
================================================================================
INFO:tenpy.tools.params:DMRG: reading 'max_E_err'=1e-08
INFO:tenpy.tools.params:DMRG: reading 'max_S_err'=1e-05
INFO:tenpy.algorithms.dmrg:Running sweep with optimization
INFO:tenpy.algorithms.mps_common:start environment_sweep
INFO:tenpy.algorithms.dmrg:checkpoint after sweep 30
energy=0.7422923390113615, max S=2.6007675545132578, age=558, norm_err=1.4e-01
Current memory usage 216.6MB, wall time: 46.8s
Delta E = 3.7273e-02, Delta S = -7.3677e-02 (per sweep)
max trunc_err = 1.2002e-08, max E_trunc = -9.0211e-11
chi: [256, 256, 256, 256, 256, 256]
================================================================================
INFO:tenpy.algorithms.dmrg:Running sweep with optimization
INFO:tenpy.algorithms.mps_common:start environment_sweep
INFO:tenpy.algorithms.dmrg:checkpoint after sweep 40
energy=0.5127658829733454, max S=2.3578527948208459, age=738, norm_err=1.3e-01
Current memory usage 216.6MB, wall time: 45.5s
Delta E = -2.2953e-02, Delta S = -1.8296e-02 (per sweep)
max trunc_err = 3.4173e-09, max E_trunc = -2.5040e-10
chi: [256, 256, 256, 256, 256, 256]
================================================================================
INFO:tenpy.algorithms.dmrg:Running sweep with optimization
INFO:tenpy.algorithms.mps_common:start environment_sweep
INFO:tenpy.algorithms.dmrg:checkpoint after sweep 50
energy=0.4089675430257387, max S=1.1556693000438163, age=918, norm_err=9.9e-02
Current memory usage 216.6MB, wall time: 46.4s
Delta E = -1.0380e-02, Delta S = -1.1092e-01 (per sweep)
max trunc_err = 2.5832e-09, max E_trunc = -2.3374e-10
chi: [256, 256, 256, 256, 256, 256]
================================================================================
INFO:tenpy.algorithms.dmrg:Running sweep with optimization
INFO:tenpy.algorithms.mps_common:start environment_sweep
INFO:tenpy.algorithms.dmrg:checkpoint after sweep 60
energy=-0.1623163392297708, max S=3.5974991569176349, age=1098, norm_err=3.8e-02
Current memory usage 216.6MB, wall time: 44.6s
Delta E = -5.7128e-02, Delta S = 2.2810e-01 (per sweep)
max trunc_err = 1.2573e-08, max E_trunc = -5.9117e-12
chi: [256, 256, 256, 256, 256, 256]
================================================================================
INFO:tenpy.algorithms.dmrg:Running sweep with optimization
INFO:tenpy.algorithms.mps_common:start environment_sweep
INFO:tenpy.algorithms.dmrg:checkpoint after sweep 70
energy=0.6143029113025875, max S=1.8636794081055008, age=1278, norm_err=4.0e-02
Current memory usage 216.6MB, wall time: 43.7s
Delta E = 7.7662e-02, Delta S = -1.5772e-01 (per sweep)
max trunc_err = 2.7317e-08, max E_trunc = 1.7053e-12
chi: [256, 256, 256, 256, 256, 256]
================================================================================
INFO:tenpy.algorithms.dmrg:Running sweep with optimization
INFO:tenpy.algorithms.mps_common:start environment_sweep
INFO:tenpy.algorithms.dmrg:checkpoint after sweep 80
energy=0.2481850731568898, max S=1.4884301299042368, age=1458, norm_err=7.6e-02
Current memory usage 216.6MB, wall time: 49.2s
Delta E = -3.6612e-02, Delta S = -4.1692e-02 (per sweep)
max trunc_err = 1.6410e-09, max E_trunc = -5.3603e-10
chi: [256, 256, 256, 256, 256, 256]
================================================================================
INFO:tenpy.algorithms.dmrg:Running sweep with optimization
INFO:tenpy.algorithms.mps_common:start environment_sweep
INFO:tenpy.algorithms.dmrg:checkpoint after sweep 90
energy=0.5439646521684173, max S=0.0001827995999365, age=1638, norm_err=6.4e-16
Current memory usage 216.6MB, wall time: 44.6s
Delta E = 2.9578e-02, Delta S = -1.2513e-01 (per sweep)
max trunc_err = 1.2016e-08, max E_trunc = 2.9559e-12
chi: [250, 241, 236, 247, 250, 250]
================================================================================
INFO:tenpy.algorithms.dmrg:Running sweep with optimization
INFO:tenpy.algorithms.mps_common:start environment_sweep
INFO:tenpy.algorithms.dmrg:checkpoint after sweep 100
energy=0.5595859920524902, max S=3.3664063157198836, age=1818, norm_err=3.8e-02
Current memory usage 216.6MB, wall time: 45.8s
Delta E = 1.5621e-03, Delta S = 3.1538e-01 (per sweep)
max trunc_err = 4.8516e-08, max E_trunc = -3.0695e-11
chi: [256, 256, 256, 256, 256, 256]
================================================================================
INFO:tenpy.algorithms.dmrg:Running sweep with optimization
INFO:tenpy.algorithms.mps_common:start environment_sweep
INFO:tenpy.algorithms.dmrg:checkpoint after sweep 110
energy=0.4879495941011858, max S=2.4406767152932760, age=1998, norm_err=9.7e-03
Current memory usage 216.6MB, wall time: 43.0s
Delta E = -7.1636e-03, Delta S = -1.1338e-01 (per sweep)
max trunc_err = 3.5181e-08, max E_trunc = 4.5475e-12
chi: [256, 255, 256, 256, 256, 256]
================================================================================
INFO:tenpy.algorithms.mps_common:TwoSiteDMRGEngine: Maximum number of sweeps reached
INFO:tenpy.tools.params:DMRG: reading 'norm_tol'=1e-05
INFO:tenpy.tools.params:DMRG: reading 'norm_tol_final'=1e-10
INFO:tenpy.tools.params:DMRG: reading 'norm_tol_iter'=5
WARNING:tenpy.algorithms.dmrg:final DMRG state not in canonical form up to norm_tol=1.00e-05: norm_err=9.68e-03
INFO:tenpy.algorithms.mps_common:start environment_sweep
INFO:tenpy.algorithms.mps_common:start environment_sweep
WARNING:tenpy.algorithms.dmrg:final DMRG state not in canonical form up to norm_tol_final=1.00e-10: norm_err=6.64e-07, calling psi.canonical_form()
INFO:tenpy.algorithms.dmrg:TwoSiteDMRGEngine finished after 110 sweeps, max chi=254
INFO:tenpy.tools.params:DMRG: reading 'max_trunc_err'=0.0001
INFO:tenpy.tools.params:MixedHofstadterLandauGauge_Pi_2: reading 'explicit_plus_hc'=False
INFO:tenpy.tools.params:MixedHofstadterLandauGauge_Pi_2: reading 'Lx'=2
INFO:tenpy.tools.params:MixedHofstadterLandauGauge_Pi_2: setting 'N_rings'=2
INFO:tenpy.tools.params:MixedHofstadterLandauGauge_Pi_2: reading 'xy_lattice'='Square'
INFO:tenpy.tools.params:MixedHofstadterLandauGauge_Pi_2: reading 'Ly'=3
INFO:tenpy.tools.params:MixedHofstadterLandauGauge_Pi_2: reading 'ring_order'=None
INFO:tenpy.tools.params:MixedHofstadterLandauGauge_Pi_2: reading 'conserve_k'=True
INFO:tenpy.tools.params:MixedHofstadterLandauGauge_Pi_2: reading 'bc_MPS'='infinite'
INFO:tenpy.tools.params:MixedHofstadterLandauGauge_Pi_2: reading 't'=-1
INFO:tenpy.tools.params:MixedHofstadterLandauGauge_Pi_2: reading 't2'=-0.25
INFO:tenpy.tools.params:MixedHofstadterLandauGauge_Pi_2: reading 'V1'=0.6
INFO:tenpy.tools.params:MixedHofstadterLandauGauge_Pi_2: reading 'phi_ext'=np.float64(0.55)
INFO:tenpy.tools.params:MixedHofstadterLandauGauge_Pi_2: reading 'sort_mpo_legs'=False
/home/t30/kna/ge54yin/Documents/MasterThesisFQHinTMDs/MPS_stuff/MPScalculations/.venv/lib/python3.12/site-packages/tenpy/tools/params.py:232: UserWarning: unused options for config MixedHofstadterLandauGauge_Pi_2:
['Delta', 'N_rings', 'Nsec', 'bc', 'chi_max', 'ktot', 'saveAll']
  warnings.warn(msg.format(keys=sorted(unused), name=self.name))
INFO:tenpy.tools.params:DMRG: reading 'active_sites'=2
INFO:tenpy.tools.params:DMRG: reading 'diag_method'='default'
INFO:tenpy.tools.params:DMRG: subconfig 'trunc_params'=Config(<5 options>, 'trunc_params')
INFO:tenpy.tools.params:DMRG: reading 'max_N_sites_per_ring'=18
INFO:tenpy.tools.params:DMRG: reading 'combine'=False
INFO:tenpy.tools.params:DMRG: subconfig 'lanczos_params'=Config(<9 options>, 'lanczos_params')
INFO:tenpy.tools.params:DMRG: reading 'chi_list'=None
INFO:tenpy.tools.params:DMRG: reading 'start_env'=1
INFO:tenpy.algorithms.mps_common:start environment_sweep
INFO:tenpy.tools.params:DMRG: reading 'N_sweeps_check'=10
INFO:tenpy.tools.params:DMRG: subconfig 'mixer_params'=Config(<3 options>, 'mixer_params')
INFO:tenpy.tools.params:DMRG: reading 'mixer'=None
INFO:tenpy.tools.params:DMRG: reading 'max_sweeps'=100
INFO:tenpy.tools.params:DMRG: reading 'max_hours'=8760
INFO:tenpy.tools.params:DMRG: reading 'P_tol_to_trunc'=0.05
INFO:tenpy.tools.params:DMRG: reading 'P_tol_min'=5.0000000000000004e-30
INFO:tenpy.tools.params:DMRG: reading 'P_tol_max'=0.0001
INFO:tenpy.tools.params:DMRG: reading 'E_tol_to_trunc'=None
INFO:tenpy.algorithms.dmrg:Running sweep with optimization
INFO:tenpy.tools.params:DMRG: reading 'max_N_for_ED'=400
INFO:tenpy.tools.params:DMRG: reading 'update_env'=5
INFO:tenpy.algorithms.mps_common:start environment_sweep
INFO:tenpy.algorithms.dmrg:checkpoint after sweep 10
energy=0.5487026470420755, max S=2.2242242007481243, age=198, norm_err=1.0e-02
Current memory usage 216.6MB, wall time: 45.0s
Delta E = nan, Delta S = 1.0288e-02 (per sweep)
max trunc_err = 1.4742e-08, max E_trunc = 2.0037e-12
chi: [256, 256, 256, 256, 256, 256]
================================================================================
INFO:tenpy.algorithms.dmrg:Running sweep with optimization
INFO:tenpy.algorithms.mps_common:start environment_sweep
INFO:tenpy.algorithms.dmrg:checkpoint after sweep 20
energy=0.3880019782776974, max S=1.7187569712458042, age=378, norm_err=3.5e-02
Current memory usage 216.6MB, wall time: 45.5s
Delta E = -1.6070e-02, Delta S = -4.9733e-02 (per sweep)
max trunc_err = 1.5471e-08, max E_trunc = -1.4211e-13
chi: [256, 256, 256, 256, 256, 256]
================================================================================
INFO:tenpy.tools.params:DMRG: reading 'max_E_err'=1e-08
INFO:tenpy.tools.params:DMRG: reading 'max_S_err'=1e-05
INFO:tenpy.algorithms.dmrg:Running sweep with optimization
INFO:tenpy.algorithms.mps_common:start environment_sweep
INFO:tenpy.algorithms.dmrg:checkpoint after sweep 30
energy=0.2295315584447100, max S=2.4249847611892710, age=558, norm_err=3.2e-02
Current memory usage 216.6MB, wall time: 53.0s
Delta E = -1.5847e-02, Delta S = 6.3361e-02 (per sweep)
max trunc_err = 5.7104e-09, max E_trunc = -7.9552e-10
chi: [256, 256, 256, 256, 256, 256]
================================================================================
INFO:tenpy.algorithms.dmrg:Running sweep with optimization
INFO:tenpy.algorithms.mps_common:start environment_sweep
INFO:tenpy.algorithms.dmrg:checkpoint after sweep 40
energy=-0.2009987691808325, max S=3.8030339501816819, age=738, norm_err=4.1e-02
Current memory usage 216.6MB, wall time: 43.7s
Delta E = -4.3053e-02, Delta S = 1.2009e-01 (per sweep)
max trunc_err = 1.1453e-08, max E_trunc = -5.1159e-13
chi: [256, 256, 256, 256, 256, 256]
================================================================================
INFO:tenpy.algorithms.dmrg:Running sweep with optimization
INFO:tenpy.algorithms.mps_common:start environment_sweep
INFO:tenpy.algorithms.dmrg:checkpoint after sweep 50
energy=0.8769786124540104, max S=1.1082650809108381, age=918, norm_err=2.2e-01
Current memory usage 216.6MB, wall time: 43.7s
Delta E = 1.0780e-01, Delta S = -2.5141e-01 (per sweep)
max trunc_err = 4.6113e-08, max E_trunc = 7.3896e-13
chi: [155, 143, 147, 160, 179, 172]
================================================================================
INFO:tenpy.algorithms.dmrg:Running sweep with optimization
INFO:tenpy.algorithms.mps_common:start environment_sweep
INFO:tenpy.algorithms.dmrg:checkpoint after sweep 60
energy=0.4105279562483967, max S=1.5472016651014056, age=1098, norm_err=1.4e-02
Current memory usage 216.6MB, wall time: 45.5s
Delta E = -4.6645e-02, Delta S = 1.4886e-02 (per sweep)
max trunc_err = 1.3538e-08, max E_trunc = -1.5689e-11
chi: [256, 256, 256, 256, 256, 256]
================================================================================
INFO:tenpy.algorithms.dmrg:Running sweep with optimization
INFO:tenpy.algorithms.mps_common:start environment_sweep
INFO:tenpy.algorithms.dmrg:checkpoint after sweep 70
energy=0.2499765822682984, max S=1.7017278088135419, age=1278, norm_err=1.5e-01
Current memory usage 216.6MB, wall time: 46.3s
Delta E = -1.6055e-02, Delta S = 3.3468e-02 (per sweep)
max trunc_err = 4.8498e-08, max E_trunc = 1.3642e-12
chi: [256, 256, 256, 256, 256, 256]
================================================================================
INFO:tenpy.algorithms.dmrg:Running sweep with optimization
INFO:tenpy.algorithms.mps_common:start environment_sweep
INFO:tenpy.algorithms.dmrg:checkpoint after sweep 80
energy=0.4865393743446210, max S=2.3015351605822127, age=1458, norm_err=8.1e-02
Current memory usage 216.6MB, wall time: 54.1s
Delta E = 2.3656e-02, Delta S = 5.4780e-02 (per sweep)
max trunc_err = 7.3587e-09, max E_trunc = -3.1321e-10
chi: [256, 256, 256, 255, 256, 256]
================================================================================
INFO:tenpy.algorithms.dmrg:Running sweep with optimization
INFO:tenpy.algorithms.mps_common:start environment_sweep
INFO:tenpy.algorithms.dmrg:checkpoint after sweep 90
energy=0.5809397816976324, max S=1.0438681617470216, age=1638, norm_err=8.2e-03
Current memory usage 216.6MB, wall time: 45.8s
Delta E = 9.4400e-03, Delta S = -1.2286e-01 (per sweep)
max trunc_err = 4.4260e-08, max E_trunc = 1.2506e-12
chi: [256, 256, 256, 256, 256, 256]
================================================================================
INFO:tenpy.algorithms.dmrg:Running sweep with optimization
INFO:tenpy.algorithms.mps_common:start environment_sweep
INFO:tenpy.algorithms.dmrg:checkpoint after sweep 100
energy=0.5178654678830602, max S=2.6599239046849368, age=1818, norm_err=7.9e-03
Current memory usage 216.6MB, wall time: 47.0s
Delta E = -6.3074e-03, Delta S = 1.6974e-01 (per sweep)
max trunc_err = 1.1000e-08, max E_trunc = -1.8758e-11
chi: [256, 256, 256, 256, 256, 256]
================================================================================
INFO:tenpy.algorithms.dmrg:Running sweep with optimization
INFO:tenpy.algorithms.mps_common:start environment_sweep
INFO:tenpy.algorithms.dmrg:checkpoint after sweep 110
energy=0.4212002533443524, max S=0.8399977121243265, age=1998, norm_err=9.3e-02
Current memory usage 216.6MB, wall time: 43.9s
Delta E = -9.6665e-03, Delta S = -1.8081e-01 (per sweep)
max trunc_err = 1.0182e-07, max E_trunc = 2.9559e-12
chi: [251, 250, 246, 249, 250, 254]
================================================================================
INFO:tenpy.algorithms.mps_common:TwoSiteDMRGEngine: Maximum number of sweeps reached
INFO:tenpy.tools.params:DMRG: reading 'norm_tol'=1e-05
INFO:tenpy.tools.params:DMRG: reading 'norm_tol_final'=1e-10
INFO:tenpy.tools.params:DMRG: reading 'norm_tol_iter'=5
WARNING:tenpy.algorithms.dmrg:final DMRG state not in canonical form up to norm_tol=1.00e-05: norm_err=9.33e-02
INFO:tenpy.algorithms.mps_common:start environment_sweep
INFO:tenpy.algorithms.mps_common:start environment_sweep
INFO:tenpy.algorithms.mps_common:start environment_sweep
WARNING:tenpy.algorithms.dmrg:final DMRG state not in canonical form up to norm_tol_final=1.00e-10: norm_err=4.96e-07, calling psi.canonical_form()
WARNING:tenpy.networks.mps:canonical_form_infinite: project to significantly smaller chi
WARNING:tenpy.networks.mps:canonical_form_infinite: project to significantly smaller chi
WARNING:tenpy.networks.mps:canonical_form_infinite: project to significantly smaller chi
WARNING:tenpy.networks.mps:canonical_form_infinite: project to significantly smaller chi
WARNING:tenpy.networks.mps:canonical_form_infinite: project to significantly smaller chi
WARNING:tenpy.networks.mps:canonical_form_infinite: project to significantly smaller chi
WARNING:tenpy.networks.mps:canonical_form_infinite: project to significantly smaller chi
WARNING:tenpy.networks.mps:canonical_form_infinite: project to significantly smaller chi
WARNING:tenpy.networks.mps:canonical_form_infinite: project to significantly smaller chi
INFO:tenpy.algorithms.dmrg:TwoSiteDMRGEngine finished after 110 sweeps, max chi=64
INFO:tenpy.tools.params:DMRG: reading 'max_trunc_err'=0.0001
INFO:tenpy.tools.params:MixedHofstadterLandauGauge_Pi_2: reading 'explicit_plus_hc'=False
INFO:tenpy.tools.params:MixedHofstadterLandauGauge_Pi_2: reading 'Lx'=2
INFO:tenpy.tools.params:MixedHofstadterLandauGauge_Pi_2: setting 'N_rings'=2
INFO:tenpy.tools.params:MixedHofstadterLandauGauge_Pi_2: reading 'xy_lattice'='Square'
INFO:tenpy.tools.params:MixedHofstadterLandauGauge_Pi_2: reading 'Ly'=3
INFO:tenpy.tools.params:MixedHofstadterLandauGauge_Pi_2: reading 'ring_order'=None
INFO:tenpy.tools.params:MixedHofstadterLandauGauge_Pi_2: reading 'conserve_k'=True
INFO:tenpy.tools.params:MixedHofstadterLandauGauge_Pi_2: reading 'bc_MPS'='infinite'
INFO:tenpy.tools.params:MixedHofstadterLandauGauge_Pi_2: reading 't'=-1
INFO:tenpy.tools.params:MixedHofstadterLandauGauge_Pi_2: reading 't2'=-0.25
INFO:tenpy.tools.params:MixedHofstadterLandauGauge_Pi_2: reading 'V1'=0.6
INFO:tenpy.tools.params:MixedHofstadterLandauGauge_Pi_2: reading 'phi_ext'=np.float64(0.6000000000000001)
INFO:tenpy.tools.params:MixedHofstadterLandauGauge_Pi_2: reading 'sort_mpo_legs'=False
/home/t30/kna/ge54yin/Documents/MasterThesisFQHinTMDs/MPS_stuff/MPScalculations/.venv/lib/python3.12/site-packages/tenpy/tools/params.py:232: UserWarning: unused options for config MixedHofstadterLandauGauge_Pi_2:
['Delta', 'N_rings', 'Nsec', 'bc', 'chi_max', 'ktot', 'saveAll']
  warnings.warn(msg.format(keys=sorted(unused), name=self.name))
INFO:tenpy.tools.params:DMRG: reading 'active_sites'=2
INFO:tenpy.tools.params:DMRG: reading 'diag_method'='default'
INFO:tenpy.tools.params:DMRG: subconfig 'trunc_params'=Config(<5 options>, 'trunc_params')
INFO:tenpy.tools.params:DMRG: reading 'max_N_sites_per_ring'=18
INFO:tenpy.tools.params:DMRG: reading 'combine'=False
INFO:tenpy.tools.params:DMRG: subconfig 'lanczos_params'=Config(<9 options>, 'lanczos_params')
INFO:tenpy.tools.params:DMRG: reading 'chi_list'=None
INFO:tenpy.tools.params:DMRG: reading 'start_env'=1
INFO:tenpy.algorithms.mps_common:start environment_sweep
INFO:tenpy.tools.params:DMRG: reading 'N_sweeps_check'=10
INFO:tenpy.tools.params:DMRG: subconfig 'mixer_params'=Config(<3 options>, 'mixer_params')
INFO:tenpy.tools.params:DMRG: reading 'mixer'=None
INFO:tenpy.tools.params:DMRG: reading 'max_sweeps'=100
INFO:tenpy.tools.params:DMRG: reading 'max_hours'=8760
INFO:tenpy.tools.params:DMRG: reading 'P_tol_to_trunc'=0.05
INFO:tenpy.tools.params:DMRG: reading 'P_tol_min'=5.0000000000000004e-30
INFO:tenpy.tools.params:DMRG: reading 'P_tol_max'=0.0001
INFO:tenpy.tools.params:DMRG: reading 'E_tol_to_trunc'=None
INFO:tenpy.algorithms.dmrg:Running sweep with optimization
INFO:tenpy.tools.params:DMRG: reading 'max_N_for_ED'=400
INFO:tenpy.tools.params:DMRG: reading 'update_env'=5
INFO:tenpy.algorithms.mps_common:start environment_sweep
INFO:tenpy.algorithms.dmrg:checkpoint after sweep 10
energy=0.4314688531351176, max S=1.9614029661788339, age=198, norm_err=1.3e-01
Current memory usage 216.6MB, wall time: 49.7s
Delta E = nan, Delta S = 1.1121e-01 (per sweep)
max trunc_err = 2.0972e-09, max E_trunc = -7.2447e-11
chi: [256, 256, 256, 256, 256, 256]
================================================================================
INFO:tenpy.algorithms.dmrg:Running sweep with optimization
INFO:tenpy.algorithms.mps_common:start environment_sweep
INFO:tenpy.algorithms.dmrg:checkpoint after sweep 20
energy=0.4672092600028843, max S=2.4311229039233604, age=378, norm_err=8.9e-02
Current memory usage 216.6MB, wall time: 50.6s
Delta E = 3.5740e-03, Delta S = 4.5211e-02 (per sweep)
max trunc_err = 2.0971e-08, max E_trunc = -7.5198e-10
chi: [256, 256, 256, 256, 256, 256]
================================================================================
INFO:tenpy.tools.params:DMRG: reading 'max_E_err'=1e-08
INFO:tenpy.tools.params:DMRG: reading 'max_S_err'=1e-05
INFO:tenpy.algorithms.dmrg:Running sweep with optimization
INFO:tenpy.algorithms.mps_common:start environment_sweep
INFO:tenpy.algorithms.dmrg:checkpoint after sweep 30
energy=0.5854017953682368, max S=1.2632613428143169, age=558, norm_err=1.1e-02
Current memory usage 216.6MB, wall time: 47.5s
Delta E = 1.1819e-02, Delta S = -9.9348e-02 (per sweep)
max trunc_err = 2.2957e-08, max E_trunc = 1.1369e-12
chi: [256, 256, 256, 255, 256, 256]
================================================================================
INFO:tenpy.algorithms.dmrg:Running sweep with optimization
INFO:tenpy.algorithms.mps_common:start environment_sweep
INFO:tenpy.algorithms.dmrg:checkpoint after sweep 40
energy=0.4242649099829663, max S=1.3415310429725618, age=738, norm_err=4.5e-02
Current memory usage 216.6MB, wall time: 46.0s
Delta E = -1.6114e-02, Delta S = -1.3275e-02 (per sweep)
max trunc_err = 1.3556e-08, max E_trunc = 2.5011e-12
chi: [256, 256, 256, 255, 255, 256]
================================================================================
INFO:tenpy.algorithms.dmrg:Running sweep with optimization
INFO:tenpy.algorithms.mps_common:start environment_sweep
INFO:tenpy.algorithms.dmrg:checkpoint after sweep 50
energy=0.7026948109358860, max S=0.4269132902418723, age=918, norm_err=5.5e-02
Current memory usage 216.6MB, wall time: 45.5s
Delta E = 2.7843e-02, Delta S = -6.8347e-02 (per sweep)
max trunc_err = 1.9193e-08, max E_trunc = 1.3642e-12
chi: [255, 256, 256, 256, 256, 255]
================================================================================
INFO:tenpy.algorithms.dmrg:Running sweep with optimization
INFO:tenpy.algorithms.mps_common:start environment_sweep
INFO:tenpy.algorithms.dmrg:checkpoint after sweep 60
energy=0.5618864487927766, max S=1.0221062792085163, age=1098, norm_err=4.5e-02
Current memory usage 216.6MB, wall time: 43.9s
Delta E = -1.4081e-02, Delta S = 4.7779e-02 (per sweep)
max trunc_err = 1.2265e-08, max E_trunc = 6.8212e-13
chi: [256, 256, 256, 255, 256, 255]
================================================================================
INFO:tenpy.algorithms.dmrg:Running sweep with optimization
INFO:tenpy.algorithms.mps_common:start environment_sweep
INFO:tenpy.algorithms.dmrg:checkpoint after sweep 70
energy=0.5048525342856843, max S=1.8894099185740147, age=1278, norm_err=1.3e-01
Current memory usage 216.6MB, wall time: 47.0s
Delta E = -5.7034e-03, Delta S = 9.8758e-02 (per sweep)
max trunc_err = 2.4564e-08, max E_trunc = 6.8212e-13
chi: [251, 252, 252, 252, 252, 251]
================================================================================
INFO:tenpy.algorithms.dmrg:Running sweep with optimization
INFO:tenpy.algorithms.mps_common:start environment_sweep
INFO:tenpy.algorithms.dmrg:checkpoint after sweep 80
energy=0.5073360017260219, max S=2.5508600702839761, age=1458, norm_err=7.0e-03
Current memory usage 216.6MB, wall time: 46.1s
Delta E = 2.4835e-04, Delta S = 5.4256e-02 (per sweep)
max trunc_err = 6.1133e-09, max E_trunc = -1.2392e-11
chi: [256, 256, 256, 256, 256, 256]
================================================================================
INFO:tenpy.algorithms.dmrg:Running sweep with optimization
INFO:tenpy.algorithms.mps_common:start environment_sweep
INFO:tenpy.algorithms.dmrg:checkpoint after sweep 90
energy=0.5433661137363401, max S=1.5540724542278723, age=1638, norm_err=2.3e-03
Current memory usage 216.6MB, wall time: 44.7s
Delta E = 3.6030e-03, Delta S = -9.3574e-02 (per sweep)
max trunc_err = 4.8774e-08, max E_trunc = 1.1369e-12
chi: [256, 256, 256, 256, 256, 256]
================================================================================
INFO:tenpy.algorithms.dmrg:Running sweep with optimization
INFO:tenpy.algorithms.mps_common:start environment_sweep
INFO:tenpy.algorithms.dmrg:checkpoint after sweep 100
energy=0.1671096444543328, max S=2.2377280166022242, age=1818, norm_err=1.1e-01
Current memory usage 216.6MB, wall time: 44.2s
Delta E = -3.7626e-02, Delta S = 4.9589e-02 (per sweep)
max trunc_err = 2.7072e-08, max E_trunc = -7.9581e-12
chi: [256, 256, 256, 256, 256, 256]
================================================================================
INFO:tenpy.algorithms.dmrg:Running sweep with optimization
INFO:tenpy.algorithms.mps_common:start environment_sweep
INFO:tenpy.algorithms.dmrg:checkpoint after sweep 110
energy=-0.3859361443481362, max S=3.7674920436937493, age=1998, norm_err=4.9e-02
Current memory usage 216.6MB, wall time: 43.0s
Delta E = -5.5305e-02, Delta S = 1.4469e-01 (per sweep)
max trunc_err = 7.5961e-09, max E_trunc = -2.9559e-12
chi: [256, 256, 256, 256, 256, 256]
================================================================================
INFO:tenpy.algorithms.mps_common:TwoSiteDMRGEngine: Maximum number of sweeps reached
INFO:tenpy.tools.params:DMRG: reading 'norm_tol'=1e-05
INFO:tenpy.tools.params:DMRG: reading 'norm_tol_final'=1e-10
INFO:tenpy.tools.params:DMRG: reading 'norm_tol_iter'=5
WARNING:tenpy.algorithms.dmrg:final DMRG state not in canonical form up to norm_tol=1.00e-05: norm_err=4.87e-02
INFO:tenpy.algorithms.mps_common:start environment_sweep
INFO:tenpy.algorithms.mps_common:start environment_sweep
INFO:tenpy.algorithms.mps_common:start environment_sweep
INFO:tenpy.algorithms.mps_common:start environment_sweep
INFO:tenpy.algorithms.mps_common:start environment_sweep
WARNING:tenpy.algorithms.dmrg:norm_err=1.70e-05 still too high after environment_sweeps
WARNING:tenpy.algorithms.dmrg:final DMRG state not in canonical form up to norm_tol_final=1.00e-10: norm_err=1.70e-05, calling psi.canonical_form()
INFO:tenpy.algorithms.dmrg:TwoSiteDMRGEngine finished after 110 sweeps, max chi=256
INFO:tenpy.tools.params:DMRG: reading 'max_trunc_err'=0.0001
INFO:tenpy.tools.params:MixedHofstadterLandauGauge_Pi_2: reading 'explicit_plus_hc'=False
INFO:tenpy.tools.params:MixedHofstadterLandauGauge_Pi_2: reading 'Lx'=2
INFO:tenpy.tools.params:MixedHofstadterLandauGauge_Pi_2: setting 'N_rings'=2
INFO:tenpy.tools.params:MixedHofstadterLandauGauge_Pi_2: reading 'xy_lattice'='Square'
INFO:tenpy.tools.params:MixedHofstadterLandauGauge_Pi_2: reading 'Ly'=3
INFO:tenpy.tools.params:MixedHofstadterLandauGauge_Pi_2: reading 'ring_order'=None
INFO:tenpy.tools.params:MixedHofstadterLandauGauge_Pi_2: reading 'conserve_k'=True
INFO:tenpy.tools.params:MixedHofstadterLandauGauge_Pi_2: reading 'bc_MPS'='infinite'
INFO:tenpy.tools.params:MixedHofstadterLandauGauge_Pi_2: reading 't'=-1
INFO:tenpy.tools.params:MixedHofstadterLandauGauge_Pi_2: reading 't2'=-0.25
INFO:tenpy.tools.params:MixedHofstadterLandauGauge_Pi_2: reading 'V1'=0.6
INFO:tenpy.tools.params:MixedHofstadterLandauGauge_Pi_2: reading 'phi_ext'=np.float64(0.65)
INFO:tenpy.tools.params:MixedHofstadterLandauGauge_Pi_2: reading 'sort_mpo_legs'=False
/home/t30/kna/ge54yin/Documents/MasterThesisFQHinTMDs/MPS_stuff/MPScalculations/.venv/lib/python3.12/site-packages/tenpy/tools/params.py:232: UserWarning: unused options for config MixedHofstadterLandauGauge_Pi_2:
['Delta', 'N_rings', 'Nsec', 'bc', 'chi_max', 'ktot', 'saveAll']
  warnings.warn(msg.format(keys=sorted(unused), name=self.name))
INFO:tenpy.tools.params:DMRG: reading 'active_sites'=2
INFO:tenpy.tools.params:DMRG: reading 'diag_method'='default'
INFO:tenpy.tools.params:DMRG: subconfig 'trunc_params'=Config(<5 options>, 'trunc_params')
INFO:tenpy.tools.params:DMRG: reading 'max_N_sites_per_ring'=18
INFO:tenpy.tools.params:DMRG: reading 'combine'=False
INFO:tenpy.tools.params:DMRG: subconfig 'lanczos_params'=Config(<9 options>, 'lanczos_params')
INFO:tenpy.tools.params:DMRG: reading 'chi_list'=None
INFO:tenpy.tools.params:DMRG: reading 'start_env'=1
INFO:tenpy.algorithms.mps_common:start environment_sweep
INFO:tenpy.tools.params:DMRG: reading 'N_sweeps_check'=10
INFO:tenpy.tools.params:DMRG: subconfig 'mixer_params'=Config(<3 options>, 'mixer_params')
INFO:tenpy.tools.params:DMRG: reading 'mixer'=None
INFO:tenpy.tools.params:DMRG: reading 'max_sweeps'=100
INFO:tenpy.tools.params:DMRG: reading 'max_hours'=8760
INFO:tenpy.tools.params:DMRG: reading 'P_tol_to_trunc'=0.05
INFO:tenpy.tools.params:DMRG: reading 'P_tol_min'=5.0000000000000004e-30
INFO:tenpy.tools.params:DMRG: reading 'P_tol_max'=0.0001
INFO:tenpy.tools.params:DMRG: reading 'E_tol_to_trunc'=None
INFO:tenpy.algorithms.dmrg:Running sweep with optimization
INFO:tenpy.tools.params:DMRG: reading 'max_N_for_ED'=400
INFO:tenpy.tools.params:DMRG: reading 'update_env'=5
INFO:tenpy.algorithms.mps_common:start environment_sweep
INFO:tenpy.algorithms.dmrg:checkpoint after sweep 10
energy=-0.2078459098928533, max S=3.9076032203027018, age=198, norm_err=2.4e-02
Current memory usage 216.6MB, wall time: 41.9s
Delta E = nan, Delta S = 4.3019e-02 (per sweep)
max trunc_err = 1.3112e-08, max E_trunc = -1.8474e-12
chi: [256, 256, 256, 256, 256, 256]
================================================================================
INFO:tenpy.algorithms.dmrg:Running sweep with optimization
INFO:tenpy.algorithms.mps_common:start environment_sweep
INFO:tenpy.algorithms.dmrg:checkpoint after sweep 20
energy=0.3314409236901217, max S=1.1299213873238434, age=378, norm_err=1.4e-01
Current memory usage 216.6MB, wall time: 47.4s
Delta E = 5.3929e-02, Delta S = -2.6173e-01 (per sweep)
max trunc_err = 3.1183e-09, max E_trunc = -2.1575e-10
chi: [256, 256, 256, 256, 256, 256]
================================================================================
INFO:tenpy.tools.params:DMRG: reading 'max_E_err'=1e-08
INFO:tenpy.tools.params:DMRG: reading 'max_S_err'=1e-05
INFO:tenpy.algorithms.dmrg:Running sweep with optimization
INFO:tenpy.algorithms.mps_common:start environment_sweep
INFO:tenpy.algorithms.dmrg:checkpoint after sweep 30
energy=0.2100489310716398, max S=3.4780707079014235, age=558, norm_err=5.3e-02
Current memory usage 216.6MB, wall time: 48.2s
Delta E = -1.2139e-02, Delta S = 2.2243e-01 (per sweep)
max trunc_err = 6.7208e-09, max E_trunc = -7.3896e-13
chi: [256, 256, 256, 256, 256, 256]
================================================================================
INFO:tenpy.algorithms.dmrg:Running sweep with optimization
INFO:tenpy.algorithms.mps_common:start environment_sweep
INFO:tenpy.algorithms.dmrg:checkpoint after sweep 40
energy=0.4502299760986641, max S=2.1269660999739739, age=738, norm_err=4.1e-02
Current memory usage 216.6MB, wall time: 45.6s
Delta E = 2.4018e-02, Delta S = -1.1752e-01 (per sweep)
max trunc_err = 2.5123e-08, max E_trunc = 2.4443e-12
chi: [256, 256, 256, 256, 256, 256]
================================================================================
INFO:tenpy.algorithms.dmrg:Running sweep with optimization
INFO:tenpy.algorithms.mps_common:start environment_sweep
INFO:tenpy.algorithms.dmrg:checkpoint after sweep 50
energy=0.3749119146503688, max S=2.1044886550442725, age=918, norm_err=2.7e-02
Current memory usage 216.6MB, wall time: 44.7s
Delta E = -7.5318e-03, Delta S = -5.8458e-03 (per sweep)
max trunc_err = 2.5475e-08, max E_trunc = 1.3642e-12
chi: [256, 256, 256, 256, 256, 256]
================================================================================
INFO:tenpy.algorithms.dmrg:Running sweep with optimization
INFO:tenpy.algorithms.mps_common:start environment_sweep
INFO:tenpy.algorithms.dmrg:checkpoint after sweep 60
energy=0.5693612107165601, max S=2.1559753455390971, age=1098, norm_err=1.4e-02
Current memory usage 216.6MB, wall time: 44.9s
Delta E = 1.9445e-02, Delta S = -2.3394e-03 (per sweep)
max trunc_err = 2.1744e-08, max E_trunc = 1.4779e-12
chi: [256, 256, 256, 256, 256, 256]
================================================================================
INFO:tenpy.algorithms.dmrg:Running sweep with optimization
INFO:tenpy.algorithms.mps_common:start environment_sweep
INFO:tenpy.algorithms.dmrg:checkpoint after sweep 70
energy=0.4607827188238787, max S=1.6223539948804935, age=1278, norm_err=2.1e-01
Current memory usage 216.6MB, wall time: 44.0s
Delta E = -1.0858e-02, Delta S = -3.7791e-02 (per sweep)
max trunc_err = 3.8640e-08, max E_trunc = 2.2737e-13
chi: [256, 256, 256, 256, 256, 256]
================================================================================
INFO:tenpy.algorithms.dmrg:Running sweep with optimization
INFO:tenpy.algorithms.mps_common:start environment_sweep
INFO:tenpy.algorithms.dmrg:checkpoint after sweep 80
energy=0.5688674193906328, max S=1.0878647842067490, age=1458, norm_err=1.8e-02
Current memory usage 216.6MB, wall time: 44.6s
Delta E = 1.0808e-02, Delta S = -7.5899e-02 (per sweep)
max trunc_err = 2.3800e-08, max E_trunc = 9.0949e-13
chi: [256, 256, 256, 256, 256, 256]
================================================================================
INFO:tenpy.algorithms.dmrg:Running sweep with optimization
INFO:tenpy.algorithms.mps_common:start environment_sweep
INFO:tenpy.algorithms.dmrg:checkpoint after sweep 90
energy=0.3849542909265248, max S=1.8548421401028909, age=1638, norm_err=8.2e-02
Current memory usage 216.6MB, wall time: 46.3s
Delta E = -1.8391e-02, Delta S = 8.0598e-02 (per sweep)
max trunc_err = 3.7686e-08, max E_trunc = -7.9581e-13
chi: [256, 256, 256, 256, 256, 256]
================================================================================
INFO:tenpy.algorithms.dmrg:Running sweep with optimization
INFO:tenpy.algorithms.mps_common:start environment_sweep
INFO:tenpy.algorithms.dmrg:checkpoint after sweep 100
energy=0.4529597136348874, max S=2.1818414942928523, age=1818, norm_err=1.1e-01
Current memory usage 216.6MB, wall time: 51.7s
Delta E = 6.8005e-03, Delta S = 3.0622e-02 (per sweep)
max trunc_err = 3.1029e-09, max E_trunc = -2.0350e-11
chi: [256, 256, 256, 255, 256, 256]
================================================================================
INFO:tenpy.algorithms.dmrg:Running sweep with optimization
INFO:tenpy.algorithms.mps_common:start environment_sweep
INFO:tenpy.algorithms.dmrg:checkpoint after sweep 110
energy=-0.3232109429639725, max S=3.4879327834247151, age=1998, norm_err=4.4e-02
Current memory usage 216.6MB, wall time: 46.3s
Delta E = -7.7617e-02, Delta S = 1.2696e-01 (per sweep)
max trunc_err = 3.7354e-08, max E_trunc = -5.6843e-13
chi: [256, 256, 256, 256, 256, 256]
================================================================================
INFO:tenpy.algorithms.mps_common:TwoSiteDMRGEngine: Maximum number of sweeps reached
INFO:tenpy.tools.params:DMRG: reading 'norm_tol'=1e-05
INFO:tenpy.tools.params:DMRG: reading 'norm_tol_final'=1e-10
INFO:tenpy.tools.params:DMRG: reading 'norm_tol_iter'=5
WARNING:tenpy.algorithms.dmrg:final DMRG state not in canonical form up to norm_tol=1.00e-05: norm_err=4.43e-02
INFO:tenpy.algorithms.mps_common:start environment_sweep
INFO:tenpy.algorithms.mps_common:start environment_sweep
INFO:tenpy.algorithms.mps_common:start environment_sweep
INFO:tenpy.algorithms.mps_common:start environment_sweep
INFO:tenpy.algorithms.mps_common:start environment_sweep
WARNING:tenpy.algorithms.dmrg:final DMRG state not in canonical form up to norm_tol_final=1.00e-10: norm_err=4.67e-06, calling psi.canonical_form()
INFO:tenpy.algorithms.dmrg:TwoSiteDMRGEngine finished after 110 sweeps, max chi=256
INFO:tenpy.tools.params:DMRG: reading 'max_trunc_err'=0.0001
INFO:tenpy.tools.params:MixedHofstadterLandauGauge_Pi_2: reading 'explicit_plus_hc'=False
INFO:tenpy.tools.params:MixedHofstadterLandauGauge_Pi_2: reading 'Lx'=2
INFO:tenpy.tools.params:MixedHofstadterLandauGauge_Pi_2: setting 'N_rings'=2
INFO:tenpy.tools.params:MixedHofstadterLandauGauge_Pi_2: reading 'xy_lattice'='Square'
INFO:tenpy.tools.params:MixedHofstadterLandauGauge_Pi_2: reading 'Ly'=3
INFO:tenpy.tools.params:MixedHofstadterLandauGauge_Pi_2: reading 'ring_order'=None
INFO:tenpy.tools.params:MixedHofstadterLandauGauge_Pi_2: reading 'conserve_k'=True
INFO:tenpy.tools.params:MixedHofstadterLandauGauge_Pi_2: reading 'bc_MPS'='infinite'
INFO:tenpy.tools.params:MixedHofstadterLandauGauge_Pi_2: reading 't'=-1
INFO:tenpy.tools.params:MixedHofstadterLandauGauge_Pi_2: reading 't2'=-0.25
INFO:tenpy.tools.params:MixedHofstadterLandauGauge_Pi_2: reading 'V1'=0.6
INFO:tenpy.tools.params:MixedHofstadterLandauGauge_Pi_2: reading 'phi_ext'=np.float64(0.7000000000000001)
INFO:tenpy.tools.params:MixedHofstadterLandauGauge_Pi_2: reading 'sort_mpo_legs'=False
/home/t30/kna/ge54yin/Documents/MasterThesisFQHinTMDs/MPS_stuff/MPScalculations/.venv/lib/python3.12/site-packages/tenpy/tools/params.py:232: UserWarning: unused options for config MixedHofstadterLandauGauge_Pi_2:
['Delta', 'N_rings', 'Nsec', 'bc', 'chi_max', 'ktot', 'saveAll']
  warnings.warn(msg.format(keys=sorted(unused), name=self.name))
INFO:tenpy.tools.params:DMRG: reading 'active_sites'=2
INFO:tenpy.tools.params:DMRG: reading 'diag_method'='default'
INFO:tenpy.tools.params:DMRG: subconfig 'trunc_params'=Config(<5 options>, 'trunc_params')
INFO:tenpy.tools.params:DMRG: reading 'max_N_sites_per_ring'=18
INFO:tenpy.tools.params:DMRG: reading 'combine'=False
INFO:tenpy.tools.params:DMRG: subconfig 'lanczos_params'=Config(<9 options>, 'lanczos_params')
INFO:tenpy.tools.params:DMRG: reading 'chi_list'=None
INFO:tenpy.tools.params:DMRG: reading 'start_env'=1
INFO:tenpy.algorithms.mps_common:start environment_sweep
INFO:tenpy.tools.params:DMRG: reading 'N_sweeps_check'=10
INFO:tenpy.tools.params:DMRG: subconfig 'mixer_params'=Config(<3 options>, 'mixer_params')
INFO:tenpy.tools.params:DMRG: reading 'mixer'=None
INFO:tenpy.tools.params:DMRG: reading 'max_sweeps'=100
INFO:tenpy.tools.params:DMRG: reading 'max_hours'=8760
INFO:tenpy.tools.params:DMRG: reading 'P_tol_to_trunc'=0.05
INFO:tenpy.tools.params:DMRG: reading 'P_tol_min'=5.0000000000000004e-30
INFO:tenpy.tools.params:DMRG: reading 'P_tol_max'=0.0001
INFO:tenpy.tools.params:DMRG: reading 'E_tol_to_trunc'=None
INFO:tenpy.algorithms.dmrg:Running sweep with optimization
INFO:tenpy.tools.params:DMRG: reading 'max_N_for_ED'=400
INFO:tenpy.tools.params:DMRG: reading 'update_env'=5
INFO:tenpy.algorithms.mps_common:start environment_sweep
INFO:tenpy.algorithms.dmrg:checkpoint after sweep 10
energy=0.6368432379514335, max S=1.7056717386999851, age=198, norm_err=5.2e-02
Current memory usage 216.7MB, wall time: 42.4s
Delta E = nan, Delta S = -1.4747e-01 (per sweep)
max trunc_err = 4.9997e-08, max E_trunc = 8.2423e-13
chi: [253, 253, 256, 256, 255, 256]
================================================================================
INFO:tenpy.algorithms.dmrg:Running sweep with optimization
INFO:tenpy.algorithms.mps_common:start environment_sweep
INFO:tenpy.algorithms.dmrg:checkpoint after sweep 20
energy=0.3215107969003330, max S=2.4267272572398788, age=378, norm_err=4.7e-02
Current memory usage 216.7MB, wall time: 43.8s
Delta E = -3.1533e-02, Delta S = 6.1436e-02 (per sweep)
max trunc_err = 2.1875e-08, max E_trunc = 1.1084e-12
chi: [254, 254, 255, 255, 254, 255]
================================================================================
INFO:tenpy.tools.params:DMRG: reading 'max_E_err'=1e-08
INFO:tenpy.tools.params:DMRG: reading 'max_S_err'=1e-05
INFO:tenpy.algorithms.dmrg:Running sweep with optimization
INFO:tenpy.algorithms.mps_common:start environment_sweep
INFO:tenpy.algorithms.dmrg:checkpoint after sweep 30
energy=0.6613623388844919, max S=0.8249093396591264, age=558, norm_err=6.6e-02
Current memory usage 216.7MB, wall time: 53.3s
Delta E = 3.3985e-02, Delta S = -1.6270e-01 (per sweep)
max trunc_err = 3.3985e-09, max E_trunc = -2.4329e-11
chi: [256, 256, 256, 256, 256, 256]
================================================================================
INFO:tenpy.algorithms.dmrg:Running sweep with optimization
INFO:tenpy.algorithms.mps_common:start environment_sweep
INFO:tenpy.algorithms.dmrg:checkpoint after sweep 40
energy=-0.4077016956941861, max S=3.3533971496108235, age=738, norm_err=5.7e-02
Current memory usage 216.7MB, wall time: 45.2s
Delta E = -1.0691e-01, Delta S = 2.2517e-01 (per sweep)
max trunc_err = 5.3744e-09, max E_trunc = -2.8990e-12
chi: [256, 256, 256, 256, 256, 256]
================================================================================
INFO:tenpy.algorithms.dmrg:Running sweep with optimization
INFO:tenpy.algorithms.mps_common:start environment_sweep
INFO:tenpy.algorithms.dmrg:checkpoint after sweep 50
energy=0.0772688783480315, max S=0.7888211531294296, age=918, norm_err=2.9e-02
Current memory usage 216.7MB, wall time: 42.8s
Delta E = 4.8497e-02, Delta S = -2.1613e-01 (per sweep)
max trunc_err = 6.4843e-08, max E_trunc = 1.8758e-12
chi: [256, 256, 256, 256, 256, 256]
================================================================================
INFO:tenpy.algorithms.dmrg:Running sweep with optimization
INFO:tenpy.algorithms.mps_common:start environment_sweep
INFO:tenpy.algorithms.dmrg:checkpoint after sweep 60
energy=0.6294945259242534, max S=2.4951341461527750, age=1098, norm_err=2.3e-02
Current memory usage 216.7MB, wall time: 44.2s
Delta E = 5.5223e-02, Delta S = 1.6491e-01 (per sweep)
max trunc_err = 1.5740e-08, max E_trunc = 2.5011e-12
chi: [256, 256, 256, 256, 256, 256]
================================================================================
INFO:tenpy.algorithms.dmrg:Running sweep with optimization
INFO:tenpy.algorithms.mps_common:start environment_sweep
INFO:tenpy.algorithms.dmrg:checkpoint after sweep 70
energy=0.4636993938429346, max S=1.9254043363229907, age=1278, norm_err=5.0e-02
Current memory usage 216.7MB, wall time: 44.2s
Delta E = -1.6580e-02, Delta S = -5.1791e-02 (per sweep)
max trunc_err = 1.9005e-07, max E_trunc = 1.7053e-12
chi: [256, 256, 256, 256, 256, 256]
================================================================================
INFO:tenpy.algorithms.dmrg:Running sweep with optimization
INFO:tenpy.algorithms.mps_common:start environment_sweep
INFO:tenpy.algorithms.dmrg:checkpoint after sweep 80
energy=0.3372610905537006, max S=2.9289802699232417, age=1458, norm_err=2.5e-02
Current memory usage 216.7MB, wall time: 53.3s
Delta E = -1.2644e-02, Delta S = 6.5777e-02 (per sweep)
max trunc_err = 1.0074e-08, max E_trunc = -9.4087e-10
chi: [256, 255, 256, 256, 256, 256]
================================================================================
INFO:tenpy.algorithms.dmrg:Running sweep with optimization
INFO:tenpy.algorithms.mps_common:start environment_sweep
INFO:tenpy.algorithms.dmrg:checkpoint after sweep 90
energy=0.5395011266130419, max S=1.5237219264373409, age=1638, norm_err=7.0e-03
Current memory usage 216.7MB, wall time: 44.6s
Delta E = 2.0224e-02, Delta S = -1.2046e-01 (per sweep)
max trunc_err = 3.1138e-07, max E_trunc = 1.5916e-12
chi: [249, 250, 255, 255, 253, 254]
================================================================================
INFO:tenpy.algorithms.dmrg:Running sweep with optimization
INFO:tenpy.algorithms.mps_common:start environment_sweep
INFO:tenpy.algorithms.dmrg:checkpoint after sweep 100
energy=0.3296577075864491, max S=1.3519936899873732, age=1818, norm_err=8.7e-02
Current memory usage 216.7MB, wall time: 43.8s
Delta E = -2.0984e-02, Delta S = -1.8781e-02 (per sweep)
max trunc_err = 4.4891e-08, max E_trunc = 1.4779e-11
chi: [256, 256, 256, 256, 256, 256]
================================================================================
INFO:tenpy.algorithms.dmrg:Running sweep with optimization
INFO:tenpy.algorithms.mps_common:start environment_sweep
INFO:tenpy.algorithms.dmrg:checkpoint after sweep 110
energy=0.3176273045670257, max S=2.6082486144813739, age=1998, norm_err=4.7e-02
Current memory usage 216.7MB, wall time: 52.8s
Delta E = -1.2030e-03, Delta S = 1.1244e-01 (per sweep)
max trunc_err = 2.4670e-09, max E_trunc = -2.9263e-10
chi: [256, 256, 256, 256, 256, 256]
================================================================================
INFO:tenpy.algorithms.mps_common:TwoSiteDMRGEngine: Maximum number of sweeps reached
INFO:tenpy.tools.params:DMRG: reading 'norm_tol'=1e-05
INFO:tenpy.tools.params:DMRG: reading 'norm_tol_final'=1e-10
INFO:tenpy.tools.params:DMRG: reading 'norm_tol_iter'=5
WARNING:tenpy.algorithms.dmrg:final DMRG state not in canonical form up to norm_tol=1.00e-05: norm_err=4.71e-02
INFO:tenpy.algorithms.mps_common:start environment_sweep
INFO:tenpy.algorithms.mps_common:start environment_sweep
INFO:tenpy.algorithms.mps_common:start environment_sweep
WARNING:tenpy.algorithms.dmrg:final DMRG state not in canonical form up to norm_tol_final=1.00e-10: norm_err=6.77e-07, calling psi.canonical_form()
INFO:tenpy.algorithms.dmrg:TwoSiteDMRGEngine finished after 110 sweeps, max chi=256
INFO:tenpy.tools.params:DMRG: reading 'max_trunc_err'=0.0001
INFO:tenpy.tools.params:MixedHofstadterLandauGauge_Pi_2: reading 'explicit_plus_hc'=False
INFO:tenpy.tools.params:MixedHofstadterLandauGauge_Pi_2: reading 'Lx'=2
INFO:tenpy.tools.params:MixedHofstadterLandauGauge_Pi_2: setting 'N_rings'=2
INFO:tenpy.tools.params:MixedHofstadterLandauGauge_Pi_2: reading 'xy_lattice'='Square'
INFO:tenpy.tools.params:MixedHofstadterLandauGauge_Pi_2: reading 'Ly'=3
INFO:tenpy.tools.params:MixedHofstadterLandauGauge_Pi_2: reading 'ring_order'=None
INFO:tenpy.tools.params:MixedHofstadterLandauGauge_Pi_2: reading 'conserve_k'=True
INFO:tenpy.tools.params:MixedHofstadterLandauGauge_Pi_2: reading 'bc_MPS'='infinite'
INFO:tenpy.tools.params:MixedHofstadterLandauGauge_Pi_2: reading 't'=-1
INFO:tenpy.tools.params:MixedHofstadterLandauGauge_Pi_2: reading 't2'=-0.25
INFO:tenpy.tools.params:MixedHofstadterLandauGauge_Pi_2: reading 'V1'=0.6
INFO:tenpy.tools.params:MixedHofstadterLandauGauge_Pi_2: reading 'phi_ext'=np.float64(0.75)
INFO:tenpy.tools.params:MixedHofstadterLandauGauge_Pi_2: reading 'sort_mpo_legs'=False
/home/t30/kna/ge54yin/Documents/MasterThesisFQHinTMDs/MPS_stuff/MPScalculations/.venv/lib/python3.12/site-packages/tenpy/tools/params.py:232: UserWarning: unused options for config MixedHofstadterLandauGauge_Pi_2:
['Delta', 'N_rings', 'Nsec', 'bc', 'chi_max', 'ktot', 'saveAll']
  warnings.warn(msg.format(keys=sorted(unused), name=self.name))
INFO:tenpy.tools.params:DMRG: reading 'active_sites'=2
INFO:tenpy.tools.params:DMRG: reading 'diag_method'='default'
INFO:tenpy.tools.params:DMRG: subconfig 'trunc_params'=Config(<5 options>, 'trunc_params')
INFO:tenpy.tools.params:DMRG: reading 'max_N_sites_per_ring'=18
INFO:tenpy.tools.params:DMRG: reading 'combine'=False
INFO:tenpy.tools.params:DMRG: subconfig 'lanczos_params'=Config(<9 options>, 'lanczos_params')
INFO:tenpy.tools.params:DMRG: reading 'chi_list'=None
INFO:tenpy.tools.params:DMRG: reading 'start_env'=1
INFO:tenpy.algorithms.mps_common:start environment_sweep
INFO:tenpy.tools.params:DMRG: reading 'N_sweeps_check'=10
INFO:tenpy.tools.params:DMRG: subconfig 'mixer_params'=Config(<3 options>, 'mixer_params')
INFO:tenpy.tools.params:DMRG: reading 'mixer'=None
INFO:tenpy.tools.params:DMRG: reading 'max_sweeps'=100
INFO:tenpy.tools.params:DMRG: reading 'max_hours'=8760
INFO:tenpy.tools.params:DMRG: reading 'P_tol_to_trunc'=0.05
INFO:tenpy.tools.params:DMRG: reading 'P_tol_min'=5.0000000000000004e-30
INFO:tenpy.tools.params:DMRG: reading 'P_tol_max'=0.0001
INFO:tenpy.tools.params:DMRG: reading 'E_tol_to_trunc'=None
INFO:tenpy.algorithms.dmrg:Running sweep with optimization
INFO:tenpy.tools.params:DMRG: reading 'max_N_for_ED'=400
INFO:tenpy.tools.params:DMRG: reading 'update_env'=5
INFO:tenpy.algorithms.mps_common:start environment_sweep
INFO:tenpy.algorithms.dmrg:checkpoint after sweep 10
energy=0.5739971687701159, max S=0.5093695734468092, age=198, norm_err=7.2e-05
Current memory usage 219.5MB, wall time: 45.1s
Delta E = nan, Delta S = -1.7767e-01 (per sweep)
max trunc_err = 2.9468e-08, max E_trunc = 3.0269e-12
chi: [256, 256, 256, 256, 256, 256]
================================================================================
INFO:tenpy.algorithms.dmrg:Running sweep with optimization
INFO:tenpy.algorithms.mps_common:start environment_sweep
INFO:tenpy.algorithms.dmrg:checkpoint after sweep 20
energy=0.4625387706635517, max S=2.1112045076186581, age=378, norm_err=1.1e-01
Current memory usage 219.5MB, wall time: 55.4s
Delta E = -1.1146e-02, Delta S = 1.3881e-01 (per sweep)
max trunc_err = 5.0449e-09, max E_trunc = -5.5530e-10
chi: [256, 256, 256, 256, 256, 256]
================================================================================
INFO:tenpy.tools.params:DMRG: reading 'max_E_err'=1e-08
INFO:tenpy.tools.params:DMRG: reading 'max_S_err'=1e-05
INFO:tenpy.algorithms.dmrg:Running sweep with optimization
INFO:tenpy.algorithms.mps_common:start environment_sweep
INFO:tenpy.algorithms.dmrg:checkpoint after sweep 30
energy=-0.0854807630465046, max S=3.3827525285975932, age=558, norm_err=1.4e-02
Current memory usage 219.5MB, wall time: 44.9s
Delta E = -5.4802e-02, Delta S = 1.2501e-01 (per sweep)
max trunc_err = 1.4054e-07, max E_trunc = -3.6380e-12
chi: [256, 256, 256, 256, 256, 256]
================================================================================
INFO:tenpy.algorithms.dmrg:Running sweep with optimization
INFO:tenpy.algorithms.mps_common:start environment_sweep
INFO:tenpy.algorithms.dmrg:checkpoint after sweep 40
energy=0.5884048426330111, max S=1.0136884425894386, age=738, norm_err=2.1e-02
Current memory usage 219.5MB, wall time: 42.2s
Delta E = 6.7389e-02, Delta S = -2.3047e-01 (per sweep)
max trunc_err = 2.1615e-07, max E_trunc = 1.7621e-12
chi: [256, 256, 256, 256, 256, 256]
================================================================================
INFO:tenpy.algorithms.dmrg:Running sweep with optimization
INFO:tenpy.algorithms.mps_common:start environment_sweep
INFO:tenpy.algorithms.dmrg:checkpoint after sweep 50
energy=0.5291329307244155, max S=2.5745572902771645, age=918, norm_err=3.4e-02
Current memory usage 219.5MB, wall time: 44.2s
Delta E = -5.9272e-03, Delta S = 1.4650e-01 (per sweep)
max trunc_err = 1.4726e-08, max E_trunc = 5.7412e-12
chi: [256, 256, 256, 256, 256, 256]
================================================================================
INFO:tenpy.algorithms.dmrg:Running sweep with optimization
INFO:tenpy.algorithms.mps_common:start environment_sweep
INFO:tenpy.algorithms.dmrg:checkpoint after sweep 60
energy=0.4452309266526792, max S=1.6408852993773173, age=1098, norm_err=1.9e-02
Current memory usage 219.5MB, wall time: 45.4s
Delta E = -8.3902e-03, Delta S = -8.2608e-02 (per sweep)
max trunc_err = 4.7197e-08, max E_trunc = 2.5011e-12
chi: [256, 256, 256, 256, 256, 256]
================================================================================
INFO:tenpy.algorithms.dmrg:Running sweep with optimization
INFO:tenpy.algorithms.mps_common:start environment_sweep
INFO:tenpy.algorithms.dmrg:checkpoint after sweep 70
energy=0.4728761392426482, max S=2.2631394827190845, age=1278, norm_err=1.7e-02
Current memory usage 219.5MB, wall time: 43.6s
Delta E = 2.7645e-03, Delta S = 5.1369e-02 (per sweep)
max trunc_err = 1.9521e-08, max E_trunc = 1.5916e-12
chi: [256, 256, 256, 256, 256, 256]
================================================================================
INFO:tenpy.algorithms.dmrg:Running sweep with optimization
INFO:tenpy.algorithms.mps_common:start environment_sweep
INFO:tenpy.algorithms.dmrg:checkpoint after sweep 80
energy=0.3122942483406537, max S=1.4524887473532411, age=1458, norm_err=2.8e-02
Current memory usage 219.5MB, wall time: 43.4s
Delta E = -1.6058e-02, Delta S = -6.7554e-02 (per sweep)
max trunc_err = 2.2648e-08, max E_trunc = 1.3642e-12
chi: [248, 249, 252, 250, 251, 251]
================================================================================
INFO:tenpy.algorithms.dmrg:Running sweep with optimization
INFO:tenpy.algorithms.mps_common:start environment_sweep
INFO:tenpy.algorithms.dmrg:checkpoint after sweep 90
energy=0.6474189942172947, max S=1.2173904886305011, age=1638, norm_err=6.8e-02
Current memory usage 219.5MB, wall time: 43.3s
Delta E = 3.3512e-02, Delta S = -8.4822e-03 (per sweep)
max trunc_err = 1.2296e-07, max E_trunc = 1.8190e-12
chi: [231, 217, 222, 221, 230, 235]
================================================================================
INFO:tenpy.algorithms.dmrg:Running sweep with optimization
INFO:tenpy.algorithms.mps_common:start environment_sweep
INFO:tenpy.algorithms.dmrg:checkpoint after sweep 100
energy=0.3218976560505287, max S=2.2274076227135673, age=1818, norm_err=1.3e-01
Current memory usage 219.5MB, wall time: 46.5s
Delta E = -3.2552e-02, Delta S = 7.8233e-02 (per sweep)
max trunc_err = 1.5822e-08, max E_trunc = -6.0936e-11
chi: [256, 256, 256, 256, 256, 256]
================================================================================
INFO:tenpy.algorithms.dmrg:Running sweep with optimization
INFO:tenpy.algorithms.mps_common:start environment_sweep
INFO:tenpy.algorithms.dmrg:checkpoint after sweep 110
energy=0.5336199298244632, max S=2.1638235350646307, age=1998, norm_err=1.5e-02
Current memory usage 219.5MB, wall time: 47.1s
Delta E = 2.1172e-02, Delta S = 7.7063e-03 (per sweep)
max trunc_err = 1.5522e-08, max E_trunc = -8.5265e-12
chi: [256, 256, 256, 256, 256, 256]
================================================================================
INFO:tenpy.algorithms.mps_common:TwoSiteDMRGEngine: Maximum number of sweeps reached
INFO:tenpy.tools.params:DMRG: reading 'norm_tol'=1e-05
INFO:tenpy.tools.params:DMRG: reading 'norm_tol_final'=1e-10
INFO:tenpy.tools.params:DMRG: reading 'norm_tol_iter'=5
WARNING:tenpy.algorithms.dmrg:final DMRG state not in canonical form up to norm_tol=1.00e-05: norm_err=1.47e-02
INFO:tenpy.algorithms.mps_common:start environment_sweep
INFO:tenpy.algorithms.mps_common:start environment_sweep
WARNING:tenpy.algorithms.dmrg:final DMRG state not in canonical form up to norm_tol_final=1.00e-10: norm_err=1.61e-07, calling psi.canonical_form()
INFO:tenpy.algorithms.dmrg:TwoSiteDMRGEngine finished after 110 sweeps, max chi=256
INFO:tenpy.tools.params:DMRG: reading 'max_trunc_err'=0.0001
INFO:tenpy.tools.params:MixedHofstadterLandauGauge_Pi_2: reading 'explicit_plus_hc'=False
INFO:tenpy.tools.params:MixedHofstadterLandauGauge_Pi_2: reading 'Lx'=2
INFO:tenpy.tools.params:MixedHofstadterLandauGauge_Pi_2: setting 'N_rings'=2
INFO:tenpy.tools.params:MixedHofstadterLandauGauge_Pi_2: reading 'xy_lattice'='Square'
INFO:tenpy.tools.params:MixedHofstadterLandauGauge_Pi_2: reading 'Ly'=3
INFO:tenpy.tools.params:MixedHofstadterLandauGauge_Pi_2: reading 'ring_order'=None
INFO:tenpy.tools.params:MixedHofstadterLandauGauge_Pi_2: reading 'conserve_k'=True
INFO:tenpy.tools.params:MixedHofstadterLandauGauge_Pi_2: reading 'bc_MPS'='infinite'
INFO:tenpy.tools.params:MixedHofstadterLandauGauge_Pi_2: reading 't'=-1
INFO:tenpy.tools.params:MixedHofstadterLandauGauge_Pi_2: reading 't2'=-0.25
INFO:tenpy.tools.params:MixedHofstadterLandauGauge_Pi_2: reading 'V1'=0.6
INFO:tenpy.tools.params:MixedHofstadterLandauGauge_Pi_2: reading 'phi_ext'=np.float64(0.8)
INFO:tenpy.tools.params:MixedHofstadterLandauGauge_Pi_2: reading 'sort_mpo_legs'=False
/home/t30/kna/ge54yin/Documents/MasterThesisFQHinTMDs/MPS_stuff/MPScalculations/.venv/lib/python3.12/site-packages/tenpy/tools/params.py:232: UserWarning: unused options for config MixedHofstadterLandauGauge_Pi_2:
['Delta', 'N_rings', 'Nsec', 'bc', 'chi_max', 'ktot', 'saveAll']
  warnings.warn(msg.format(keys=sorted(unused), name=self.name))
INFO:tenpy.tools.params:DMRG: reading 'active_sites'=2
INFO:tenpy.tools.params:DMRG: reading 'diag_method'='default'
INFO:tenpy.tools.params:DMRG: subconfig 'trunc_params'=Config(<5 options>, 'trunc_params')
INFO:tenpy.tools.params:DMRG: reading 'max_N_sites_per_ring'=18
INFO:tenpy.tools.params:DMRG: reading 'combine'=False
INFO:tenpy.tools.params:DMRG: subconfig 'lanczos_params'=Config(<9 options>, 'lanczos_params')
INFO:tenpy.tools.params:DMRG: reading 'chi_list'=None
INFO:tenpy.tools.params:DMRG: reading 'start_env'=1
INFO:tenpy.algorithms.mps_common:start environment_sweep
INFO:tenpy.tools.params:DMRG: reading 'N_sweeps_check'=10
INFO:tenpy.tools.params:DMRG: subconfig 'mixer_params'=Config(<3 options>, 'mixer_params')
INFO:tenpy.tools.params:DMRG: reading 'mixer'=None
INFO:tenpy.tools.params:DMRG: reading 'max_sweeps'=100
INFO:tenpy.tools.params:DMRG: reading 'max_hours'=8760
INFO:tenpy.tools.params:DMRG: reading 'P_tol_to_trunc'=0.05
INFO:tenpy.tools.params:DMRG: reading 'P_tol_min'=5.0000000000000004e-30
INFO:tenpy.tools.params:DMRG: reading 'P_tol_max'=0.0001
INFO:tenpy.tools.params:DMRG: reading 'E_tol_to_trunc'=None
INFO:tenpy.algorithms.dmrg:Running sweep with optimization
INFO:tenpy.tools.params:DMRG: reading 'max_N_for_ED'=400
INFO:tenpy.tools.params:DMRG: reading 'update_env'=5
INFO:tenpy.algorithms.mps_common:start environment_sweep
INFO:tenpy.algorithms.dmrg:checkpoint after sweep 10
energy=0.6531573366986075, max S=0.6662446727648926, age=198, norm_err=8.4e-05
Current memory usage 219.5MB, wall time: 45.6s
Delta E = nan, Delta S = -1.5600e-01 (per sweep)
max trunc_err = 5.4306e-08, max E_trunc = 1.2648e-12
chi: [248, 255, 256, 235, 236, 247]
================================================================================
INFO:tenpy.algorithms.dmrg:Running sweep with optimization
INFO:tenpy.algorithms.mps_common:start environment_sweep
INFO:tenpy.algorithms.dmrg:checkpoint after sweep 20
energy=0.3504158065540975, max S=2.1652020159833327, age=378, norm_err=3.8e-02
Current memory usage 219.5MB, wall time: 44.4s
Delta E = -3.0274e-02, Delta S = 1.5822e-01 (per sweep)
max trunc_err = 3.3967e-08, max E_trunc = 1.7053e-12
chi: [256, 256, 256, 256, 256, 256]
================================================================================
INFO:tenpy.tools.params:DMRG: reading 'max_E_err'=1e-08
INFO:tenpy.tools.params:DMRG: reading 'max_S_err'=1e-05
INFO:tenpy.algorithms.dmrg:Running sweep with optimization
INFO:tenpy.algorithms.mps_common:start environment_sweep
INFO:tenpy.algorithms.dmrg:checkpoint after sweep 30
energy=0.3753800533220494, max S=2.5858122700964632, age=558, norm_err=5.0e-02
Current memory usage 219.5MB, wall time: 52.1s
Delta E = 2.4964e-03, Delta S = 1.4687e-02 (per sweep)
max trunc_err = 1.6599e-08, max E_trunc = -1.1358e-09
chi: [256, 255, 256, 255, 256, 256]
================================================================================
INFO:tenpy.algorithms.dmrg:Running sweep with optimization
INFO:tenpy.algorithms.mps_common:start environment_sweep
INFO:tenpy.algorithms.dmrg:checkpoint after sweep 40
energy=-0.0305616737513266, max S=2.9682953921547730, age=738, norm_err=1.9e-02
Current memory usage 219.5MB, wall time: 54.3s
Delta E = -4.0594e-02, Delta S = 4.9002e-02 (per sweep)
max trunc_err = 3.7091e-08, max E_trunc = -2.4295e-10
chi: [256, 255, 256, 255, 256, 256]
================================================================================
INFO:tenpy.algorithms.dmrg:Running sweep with optimization
INFO:tenpy.algorithms.mps_common:start environment_sweep
INFO:tenpy.algorithms.dmrg:checkpoint after sweep 50
energy=0.0794908495522056, max S=0.4986506882134039, age=918, norm_err=1.7e-02
Current memory usage 219.5MB, wall time: 46.4s
Delta E = 1.1005e-02, Delta S = -2.3075e-01 (per sweep)
max trunc_err = 1.0117e-07, max E_trunc = 1.9895e-12
chi: [256, 256, 256, 256, 256, 256]
================================================================================
INFO:tenpy.algorithms.dmrg:Running sweep with optimization
INFO:tenpy.algorithms.mps_common:start environment_sweep
INFO:tenpy.algorithms.dmrg:checkpoint after sweep 60
energy=0.4315483640316131, max S=0.4442920108534642, age=1098, norm_err=3.8e-02
Current memory usage 219.5MB, wall time: 46.8s
Delta E = 3.5206e-02, Delta S = -9.4069e-03 (per sweep)
max trunc_err = 1.8677e-08, max E_trunc = -1.8190e-12
chi: [256, 256, 256, 256, 256, 256]
================================================================================
INFO:tenpy.algorithms.dmrg:Running sweep with optimization
INFO:tenpy.algorithms.mps_common:start environment_sweep
INFO:tenpy.algorithms.dmrg:checkpoint after sweep 70
energy=0.2471947390928525, max S=2.2679270649597951, age=1278, norm_err=1.1e-01
Current memory usage 219.5MB, wall time: 54.8s
Delta E = -1.8435e-02, Delta S = 1.6852e-01 (per sweep)
max trunc_err = 6.9574e-09, max E_trunc = -2.4454e-10
chi: [256, 256, 256, 256, 256, 256]
================================================================================
INFO:tenpy.algorithms.dmrg:Running sweep with optimization
INFO:tenpy.algorithms.mps_common:start environment_sweep
INFO:tenpy.algorithms.dmrg:checkpoint after sweep 80
energy=0.6453589162386208, max S=0.5163233400646714, age=1458, norm_err=1.2e-03
Current memory usage 219.5MB, wall time: 46.3s
Delta E = 3.9816e-02, Delta S = -1.6402e-01 (per sweep)
max trunc_err = 5.5295e-08, max E_trunc = 2.5011e-12
chi: [249, 254, 253, 246, 248, 248]
================================================================================
INFO:tenpy.algorithms.dmrg:Running sweep with optimization
INFO:tenpy.algorithms.mps_common:start environment_sweep
INFO:tenpy.algorithms.dmrg:checkpoint after sweep 90
energy=0.3612813853385906, max S=1.6529753136138983, age=1638, norm_err=8.1e-03
Current memory usage 219.5MB, wall time: 44.9s
Delta E = -2.8408e-02, Delta S = 1.0317e-01 (per sweep)
max trunc_err = 1.6524e-08, max E_trunc = 1.9327e-12
chi: [256, 256, 256, 256, 256, 256]
================================================================================
INFO:tenpy.algorithms.dmrg:Running sweep with optimization
INFO:tenpy.algorithms.mps_common:start environment_sweep
INFO:tenpy.algorithms.dmrg:checkpoint after sweep 100
energy=0.5083856844666457, max S=2.1089211055115178, age=1818, norm_err=9.0e-03
Current memory usage 219.5MB, wall time: 44.7s
Delta E = 1.4710e-02, Delta S = 6.0191e-02 (per sweep)
max trunc_err = 2.2269e-08, max E_trunc = 1.2506e-12
chi: [256, 256, 256, 256, 256, 256]
================================================================================
INFO:tenpy.algorithms.dmrg:Running sweep with optimization
INFO:tenpy.algorithms.mps_common:start environment_sweep
INFO:tenpy.algorithms.dmrg:checkpoint after sweep 110
energy=0.3280263480454740, max S=3.2744110368174426, age=1998, norm_err=4.2e-02
Current memory usage 219.5MB, wall time: 54.2s
Delta E = -1.8036e-02, Delta S = 8.8154e-02 (per sweep)
max trunc_err = 2.6196e-09, max E_trunc = -9.2075e-10
chi: [256, 255, 256, 256, 256, 256]
================================================================================
INFO:tenpy.algorithms.mps_common:TwoSiteDMRGEngine: Maximum number of sweeps reached
INFO:tenpy.tools.params:DMRG: reading 'norm_tol'=1e-05
INFO:tenpy.tools.params:DMRG: reading 'norm_tol_final'=1e-10
INFO:tenpy.tools.params:DMRG: reading 'norm_tol_iter'=5
WARNING:tenpy.algorithms.dmrg:final DMRG state not in canonical form up to norm_tol=1.00e-05: norm_err=4.19e-02
INFO:tenpy.algorithms.mps_common:start environment_sweep
INFO:tenpy.algorithms.mps_common:start environment_sweep
INFO:tenpy.algorithms.mps_common:start environment_sweep
WARNING:tenpy.algorithms.dmrg:final DMRG state not in canonical form up to norm_tol_final=1.00e-10: norm_err=1.54e-07, calling psi.canonical_form()
INFO:tenpy.algorithms.dmrg:TwoSiteDMRGEngine finished after 110 sweeps, max chi=252
INFO:tenpy.tools.params:DMRG: reading 'max_trunc_err'=0.0001
INFO:tenpy.tools.params:MixedHofstadterLandauGauge_Pi_2: reading 'explicit_plus_hc'=False
INFO:tenpy.tools.params:MixedHofstadterLandauGauge_Pi_2: reading 'Lx'=2
INFO:tenpy.tools.params:MixedHofstadterLandauGauge_Pi_2: setting 'N_rings'=2
INFO:tenpy.tools.params:MixedHofstadterLandauGauge_Pi_2: reading 'xy_lattice'='Square'
INFO:tenpy.tools.params:MixedHofstadterLandauGauge_Pi_2: reading 'Ly'=3
INFO:tenpy.tools.params:MixedHofstadterLandauGauge_Pi_2: reading 'ring_order'=None
INFO:tenpy.tools.params:MixedHofstadterLandauGauge_Pi_2: reading 'conserve_k'=True
INFO:tenpy.tools.params:MixedHofstadterLandauGauge_Pi_2: reading 'bc_MPS'='infinite'
INFO:tenpy.tools.params:MixedHofstadterLandauGauge_Pi_2: reading 't'=-1
INFO:tenpy.tools.params:MixedHofstadterLandauGauge_Pi_2: reading 't2'=-0.25
INFO:tenpy.tools.params:MixedHofstadterLandauGauge_Pi_2: reading 'V1'=0.6
INFO:tenpy.tools.params:MixedHofstadterLandauGauge_Pi_2: reading 'phi_ext'=np.float64(0.8500000000000001)
INFO:tenpy.tools.params:MixedHofstadterLandauGauge_Pi_2: reading 'sort_mpo_legs'=False
/home/t30/kna/ge54yin/Documents/MasterThesisFQHinTMDs/MPS_stuff/MPScalculations/.venv/lib/python3.12/site-packages/tenpy/tools/params.py:232: UserWarning: unused options for config MixedHofstadterLandauGauge_Pi_2:
['Delta', 'N_rings', 'Nsec', 'bc', 'chi_max', 'ktot', 'saveAll']
  warnings.warn(msg.format(keys=sorted(unused), name=self.name))
INFO:tenpy.tools.params:DMRG: reading 'active_sites'=2
INFO:tenpy.tools.params:DMRG: reading 'diag_method'='default'
INFO:tenpy.tools.params:DMRG: subconfig 'trunc_params'=Config(<5 options>, 'trunc_params')
INFO:tenpy.tools.params:DMRG: reading 'max_N_sites_per_ring'=18
INFO:tenpy.tools.params:DMRG: reading 'combine'=False
INFO:tenpy.tools.params:DMRG: subconfig 'lanczos_params'=Config(<9 options>, 'lanczos_params')
INFO:tenpy.tools.params:DMRG: reading 'chi_list'=None
INFO:tenpy.tools.params:DMRG: reading 'start_env'=1
INFO:tenpy.algorithms.mps_common:start environment_sweep
INFO:tenpy.tools.params:DMRG: reading 'N_sweeps_check'=10
INFO:tenpy.tools.params:DMRG: subconfig 'mixer_params'=Config(<3 options>, 'mixer_params')
INFO:tenpy.tools.params:DMRG: reading 'mixer'=None
INFO:tenpy.tools.params:DMRG: reading 'max_sweeps'=100
INFO:tenpy.tools.params:DMRG: reading 'max_hours'=8760
INFO:tenpy.tools.params:DMRG: reading 'P_tol_to_trunc'=0.05
INFO:tenpy.tools.params:DMRG: reading 'P_tol_min'=5.0000000000000004e-30
INFO:tenpy.tools.params:DMRG: reading 'P_tol_max'=0.0001
INFO:tenpy.tools.params:DMRG: reading 'E_tol_to_trunc'=None
INFO:tenpy.algorithms.dmrg:Running sweep with optimization
INFO:tenpy.tools.params:DMRG: reading 'max_N_for_ED'=400
INFO:tenpy.tools.params:DMRG: reading 'update_env'=5
INFO:tenpy.algorithms.mps_common:start environment_sweep
INFO:tenpy.algorithms.dmrg:checkpoint after sweep 10
energy=0.5982299552622988, max S=0.9766257438783210, age=198, norm_err=1.6e-02
Current memory usage 222.2MB, wall time: 42.5s
Delta E = nan, Delta S = -2.0489e-01 (per sweep)
max trunc_err = 1.3338e-07, max E_trunc = 1.0232e-12
chi: [256, 255, 253, 255, 255, 255]
================================================================================
INFO:tenpy.algorithms.dmrg:Running sweep with optimization
INFO:tenpy.algorithms.mps_common:start environment_sweep
INFO:tenpy.algorithms.dmrg:checkpoint after sweep 20
energy=0.4799589492571788, max S=2.2142933032877949, age=378, norm_err=3.7e-02
Current memory usage 222.2MB, wall time: 41.5s
Delta E = -1.1827e-02, Delta S = 1.0821e-01 (per sweep)
max trunc_err = 9.0587e-08, max E_trunc = 4.9738e-12
chi: [256, 256, 256, 255, 256, 256]
================================================================================
INFO:tenpy.tools.params:DMRG: reading 'max_E_err'=1e-08
INFO:tenpy.tools.params:DMRG: reading 'max_S_err'=1e-05
INFO:tenpy.algorithms.dmrg:Running sweep with optimization
INFO:tenpy.algorithms.mps_common:start environment_sweep
INFO:tenpy.algorithms.dmrg:checkpoint after sweep 30
energy=0.5509376206717201, max S=2.3372453326247968, age=558, norm_err=8.7e-03
Current memory usage 222.2MB, wall time: 42.1s
Delta E = 7.0979e-03, Delta S = 2.6334e-02 (per sweep)
max trunc_err = 1.8490e-08, max E_trunc = 3.9506e-12
chi: [256, 256, 256, 256, 256, 256]
================================================================================
INFO:tenpy.algorithms.dmrg:Running sweep with optimization
INFO:tenpy.algorithms.mps_common:start environment_sweep
INFO:tenpy.algorithms.dmrg:checkpoint after sweep 40
energy=0.4177215429600475, max S=3.0967393058806025, age=738, norm_err=2.1e-02
Current memory usage 222.2MB, wall time: 48.2s
Delta E = -1.3322e-02, Delta S = 5.1673e-02 (per sweep)
max trunc_err = 8.1429e-09, max E_trunc = -1.4947e-09
chi: [256, 256, 256, 256, 256, 256]
================================================================================
INFO:tenpy.algorithms.dmrg:Running sweep with optimization
INFO:tenpy.algorithms.mps_common:start environment_sweep
INFO:tenpy.algorithms.dmrg:checkpoint after sweep 50
energy=0.6719195786351548, max S=1.7504187528622372, age=918, norm_err=5.8e-03
Current memory usage 222.2MB, wall time: 41.7s
Delta E = 2.5420e-02, Delta S = -1.0999e-01 (per sweep)
max trunc_err = 5.5268e-08, max E_trunc = 1.1369e-12
chi: [256, 256, 256, 256, 256, 256]
================================================================================
INFO:tenpy.algorithms.dmrg:Running sweep with optimization
INFO:tenpy.algorithms.mps_common:start environment_sweep
INFO:tenpy.algorithms.dmrg:checkpoint after sweep 60
energy=0.6834339246284694, max S=2.0456327094651607, age=1098, norm_err=3.8e-02
Current memory usage 222.2MB, wall time: 40.5s
Delta E = 1.1514e-03, Delta S = 3.8577e-02 (per sweep)
max trunc_err = 5.9336e-08, max E_trunc = 4.4906e-12
chi: [255, 256, 256, 256, 256, 256]
================================================================================
INFO:tenpy.algorithms.dmrg:Running sweep with optimization
INFO:tenpy.algorithms.mps_common:start environment_sweep
INFO:tenpy.algorithms.dmrg:checkpoint after sweep 70
energy=0.5428224010876619, max S=1.7185505902183387, age=1278, norm_err=2.2e-02
Current memory usage 222.2MB, wall time: 42.7s
Delta E = -1.4061e-02, Delta S = -5.0267e-02 (per sweep)
max trunc_err = 1.3433e-08, max E_trunc = 2.5011e-12
chi: [256, 256, 256, 256, 256, 256]
================================================================================
INFO:tenpy.algorithms.dmrg:Running sweep with optimization
INFO:tenpy.algorithms.mps_common:start environment_sweep
INFO:tenpy.algorithms.dmrg:checkpoint after sweep 80
energy=0.4418682034134918, max S=2.0306697603670063, age=1458, norm_err=2.4e-02
Current memory usage 222.2MB, wall time: 49.5s
Delta E = -1.0095e-02, Delta S = 2.9512e-02 (per sweep)
max trunc_err = 5.6076e-09, max E_trunc = -1.2153e-09
chi: [256, 256, 256, 256, 256, 256]
================================================================================
INFO:tenpy.algorithms.dmrg:Running sweep with optimization
INFO:tenpy.algorithms.mps_common:start environment_sweep
INFO:tenpy.algorithms.dmrg:checkpoint after sweep 90
energy=0.2749329492800712, max S=2.2570453718087515, age=1638, norm_err=9.4e-02
Current memory usage 222.2MB, wall time: 51.7s
Delta E = -1.6694e-02, Delta S = 1.5489e-02 (per sweep)
max trunc_err = 9.3453e-09, max E_trunc = -4.6498e-11
chi: [256, 256, 256, 255, 256, 256]
================================================================================
INFO:tenpy.algorithms.dmrg:Running sweep with optimization
INFO:tenpy.algorithms.mps_common:start environment_sweep
INFO:tenpy.algorithms.dmrg:checkpoint after sweep 100
energy=0.3999754166815326, max S=2.1855641976112326, age=1818, norm_err=1.0e-01
Current memory usage 222.2MB, wall time: 54.1s
Delta E = 1.2504e-02, Delta S = -6.6114e-04 (per sweep)
max trunc_err = 7.4333e-09, max E_trunc = -1.8429e-10
chi: [256, 256, 256, 255, 256, 256]
================================================================================
INFO:tenpy.algorithms.dmrg:Running sweep with optimization
INFO:tenpy.algorithms.mps_common:start environment_sweep
INFO:tenpy.algorithms.dmrg:checkpoint after sweep 110
energy=0.5750303595952270, max S=1.9397477412429436, age=1998, norm_err=1.7e-02
Current memory usage 222.2MB, wall time: 43.6s
Delta E = 1.7505e-02, Delta S = -2.0914e-02 (per sweep)
max trunc_err = 9.1871e-09, max E_trunc = -2.3113e-10
chi: [256, 256, 256, 256, 256, 256]
================================================================================
INFO:tenpy.algorithms.mps_common:TwoSiteDMRGEngine: Maximum number of sweeps reached
INFO:tenpy.tools.params:DMRG: reading 'norm_tol'=1e-05
INFO:tenpy.tools.params:DMRG: reading 'norm_tol_final'=1e-10
INFO:tenpy.tools.params:DMRG: reading 'norm_tol_iter'=5
WARNING:tenpy.algorithms.dmrg:final DMRG state not in canonical form up to norm_tol=1.00e-05: norm_err=1.71e-02
INFO:tenpy.algorithms.mps_common:start environment_sweep
INFO:tenpy.algorithms.mps_common:start environment_sweep
WARNING:tenpy.algorithms.dmrg:final DMRG state not in canonical form up to norm_tol_final=1.00e-10: norm_err=8.55e-08, calling psi.canonical_form()
INFO:tenpy.algorithms.dmrg:TwoSiteDMRGEngine finished after 110 sweeps, max chi=252
INFO:tenpy.tools.params:DMRG: reading 'max_trunc_err'=0.0001
INFO:tenpy.tools.params:MixedHofstadterLandauGauge_Pi_2: reading 'explicit_plus_hc'=False
INFO:tenpy.tools.params:MixedHofstadterLandauGauge_Pi_2: reading 'Lx'=2
INFO:tenpy.tools.params:MixedHofstadterLandauGauge_Pi_2: setting 'N_rings'=2
INFO:tenpy.tools.params:MixedHofstadterLandauGauge_Pi_2: reading 'xy_lattice'='Square'
INFO:tenpy.tools.params:MixedHofstadterLandauGauge_Pi_2: reading 'Ly'=3
INFO:tenpy.tools.params:MixedHofstadterLandauGauge_Pi_2: reading 'ring_order'=None
INFO:tenpy.tools.params:MixedHofstadterLandauGauge_Pi_2: reading 'conserve_k'=True
INFO:tenpy.tools.params:MixedHofstadterLandauGauge_Pi_2: reading 'bc_MPS'='infinite'
INFO:tenpy.tools.params:MixedHofstadterLandauGauge_Pi_2: reading 't'=-1
INFO:tenpy.tools.params:MixedHofstadterLandauGauge_Pi_2: reading 't2'=-0.25
INFO:tenpy.tools.params:MixedHofstadterLandauGauge_Pi_2: reading 'V1'=0.6
INFO:tenpy.tools.params:MixedHofstadterLandauGauge_Pi_2: reading 'phi_ext'=np.float64(0.9)
INFO:tenpy.tools.params:MixedHofstadterLandauGauge_Pi_2: reading 'sort_mpo_legs'=False
/home/t30/kna/ge54yin/Documents/MasterThesisFQHinTMDs/MPS_stuff/MPScalculations/.venv/lib/python3.12/site-packages/tenpy/tools/params.py:232: UserWarning: unused options for config MixedHofstadterLandauGauge_Pi_2:
['Delta', 'N_rings', 'Nsec', 'bc', 'chi_max', 'ktot', 'saveAll']
  warnings.warn(msg.format(keys=sorted(unused), name=self.name))
INFO:tenpy.tools.params:DMRG: reading 'active_sites'=2
INFO:tenpy.tools.params:DMRG: reading 'diag_method'='default'
INFO:tenpy.tools.params:DMRG: subconfig 'trunc_params'=Config(<5 options>, 'trunc_params')
INFO:tenpy.tools.params:DMRG: reading 'max_N_sites_per_ring'=18
INFO:tenpy.tools.params:DMRG: reading 'combine'=False
INFO:tenpy.tools.params:DMRG: subconfig 'lanczos_params'=Config(<9 options>, 'lanczos_params')
INFO:tenpy.tools.params:DMRG: reading 'chi_list'=None
INFO:tenpy.tools.params:DMRG: reading 'start_env'=1
INFO:tenpy.algorithms.mps_common:start environment_sweep
INFO:tenpy.tools.params:DMRG: reading 'N_sweeps_check'=10
INFO:tenpy.tools.params:DMRG: subconfig 'mixer_params'=Config(<3 options>, 'mixer_params')
INFO:tenpy.tools.params:DMRG: reading 'mixer'=None
INFO:tenpy.tools.params:DMRG: reading 'max_sweeps'=100
INFO:tenpy.tools.params:DMRG: reading 'max_hours'=8760
INFO:tenpy.tools.params:DMRG: reading 'P_tol_to_trunc'=0.05
INFO:tenpy.tools.params:DMRG: reading 'P_tol_min'=5.0000000000000004e-30
INFO:tenpy.tools.params:DMRG: reading 'P_tol_max'=0.0001
INFO:tenpy.tools.params:DMRG: reading 'E_tol_to_trunc'=None
INFO:tenpy.algorithms.dmrg:Running sweep with optimization
INFO:tenpy.tools.params:DMRG: reading 'max_N_for_ED'=400
INFO:tenpy.tools.params:DMRG: reading 'update_env'=5
INFO:tenpy.algorithms.mps_common:start environment_sweep
INFO:tenpy.algorithms.dmrg:checkpoint after sweep 10
energy=0.4493641850614860, max S=1.9963326991670787, age=198, norm_err=1.4e-01
Current memory usage 222.2MB, wall time: 45.9s
Delta E = nan, Delta S = 6.5264e-03 (per sweep)
max trunc_err = 1.2110e-08, max E_trunc = -7.3292e-10
chi: [256, 256, 256, 256, 256, 256]
================================================================================
INFO:tenpy.algorithms.dmrg:Running sweep with optimization
INFO:tenpy.algorithms.mps_common:start environment_sweep
INFO:tenpy.algorithms.dmrg:checkpoint after sweep 20
energy=-0.3519867018186602, max S=3.5323272308236162, age=378, norm_err=1.0e-01
Current memory usage 222.2MB, wall time: 42.7s
Delta E = -8.0135e-02, Delta S = 1.4019e-01 (per sweep)
max trunc_err = 8.1720e-08, max E_trunc = -4.0927e-12
chi: [256, 256, 256, 256, 256, 256]
================================================================================
INFO:tenpy.tools.params:DMRG: reading 'max_E_err'=1e-08
INFO:tenpy.tools.params:DMRG: reading 'max_S_err'=1e-05
INFO:tenpy.algorithms.dmrg:Running sweep with optimization
INFO:tenpy.algorithms.mps_common:start environment_sweep
INFO:tenpy.algorithms.dmrg:checkpoint after sweep 30
energy=0.3668470510082547, max S=2.4589855830309735, age=558, norm_err=1.6e-01
Current memory usage 222.2MB, wall time: 46.9s
Delta E = 7.1883e-02, Delta S = -9.7744e-02 (per sweep)
max trunc_err = 6.9020e-09, max E_trunc = -1.0439e-09
chi: [256, 256, 256, 256, 256, 256]
================================================================================
INFO:tenpy.algorithms.dmrg:Running sweep with optimization
INFO:tenpy.algorithms.mps_common:start environment_sweep
INFO:tenpy.algorithms.dmrg:checkpoint after sweep 40
energy=-0.0727590391000821, max S=3.7929802206927570, age=738, norm_err=3.7e-02
Current memory usage 222.2MB, wall time: 43.6s
Delta E = -4.3961e-02, Delta S = 1.3388e-01 (per sweep)
max trunc_err = 2.4019e-07, max E_trunc = -9.0949e-13
chi: [256, 256, 256, 256, 256, 256]
================================================================================
INFO:tenpy.algorithms.dmrg:Running sweep with optimization
INFO:tenpy.algorithms.mps_common:start environment_sweep
INFO:tenpy.algorithms.dmrg:checkpoint after sweep 50
energy=0.1450822291096661, max S=2.0943165398830539, age=918, norm_err=1.1e-01
Current memory usage 222.2MB, wall time: 49.1s
Delta E = 2.1784e-02, Delta S = -1.6914e-01 (per sweep)
max trunc_err = 1.8536e-08, max E_trunc = -1.2755e-09
chi: [256, 255, 256, 256, 256, 256]
================================================================================
INFO:tenpy.algorithms.dmrg:Running sweep with optimization
INFO:tenpy.algorithms.mps_common:start environment_sweep
INFO:tenpy.algorithms.dmrg:checkpoint after sweep 60
energy=0.4970644814312095, max S=1.9144265667147256, age=1098, norm_err=1.1e-02
Current memory usage 222.2MB, wall time: 43.0s
Delta E = 3.5198e-02, Delta S = -2.1788e-02 (per sweep)
max trunc_err = 4.1921e-08, max E_trunc = 3.0695e-12
chi: [256, 256, 256, 256, 256, 256]
================================================================================
INFO:tenpy.algorithms.dmrg:Running sweep with optimization
INFO:tenpy.algorithms.mps_common:start environment_sweep
INFO:tenpy.algorithms.dmrg:checkpoint after sweep 70
energy=0.2724211189566195, max S=1.5698939323684229, age=1278, norm_err=6.2e-02
Current memory usage 222.2MB, wall time: 43.3s
Delta E = -2.2464e-02, Delta S = -2.9003e-02 (per sweep)
max trunc_err = 1.7385e-08, max E_trunc = 6.8212e-13
chi: [256, 256, 256, 256, 256, 256]
================================================================================
INFO:tenpy.algorithms.dmrg:Running sweep with optimization
INFO:tenpy.algorithms.mps_common:start environment_sweep
INFO:tenpy.algorithms.dmrg:checkpoint after sweep 80
energy=0.5811644262099188, max S=1.8050098789624811, age=1458, norm_err=6.6e-02
Current memory usage 222.2MB, wall time: 43.6s
Delta E = 3.0874e-02, Delta S = 3.1848e-02 (per sweep)
max trunc_err = 2.7903e-08, max E_trunc = 4.5475e-13
chi: [255, 255, 256, 256, 256, 256]
================================================================================
INFO:tenpy.algorithms.dmrg:Running sweep with optimization
INFO:tenpy.algorithms.mps_common:start environment_sweep
INFO:tenpy.algorithms.dmrg:checkpoint after sweep 90
energy=0.5724052677365989, max S=1.5360795508301290, age=1638, norm_err=2.0e-01
Current memory usage 222.2MB, wall time: 44.4s
Delta E = -8.7592e-04, Delta S = -2.9152e-02 (per sweep)
max trunc_err = 5.8532e-08, max E_trunc = 1.3642e-12
chi: [256, 255, 256, 256, 256, 256]
================================================================================
INFO:tenpy.algorithms.dmrg:Running sweep with optimization
INFO:tenpy.algorithms.mps_common:start environment_sweep
INFO:tenpy.algorithms.dmrg:checkpoint after sweep 100
energy=0.3708357203881197, max S=1.3498807998137363, age=1818, norm_err=3.6e-02
Current memory usage 222.2MB, wall time: 61.4s
Delta E = -2.0157e-02, Delta S = -1.3247e-02 (per sweep)
max trunc_err = 1.9600e-08, max E_trunc = 1.3642e-12
chi: [252, 255, 255, 251, 252, 255]
================================================================================
INFO:tenpy.algorithms.dmrg:Running sweep with optimization
INFO:tenpy.algorithms.mps_common:start environment_sweep
INFO:tenpy.algorithms.dmrg:checkpoint after sweep 110
energy=0.3439106957993185, max S=2.1042758212177839, age=1998, norm_err=1.3e-01
Current memory usage 222.2MB, wall time: 79.2s
Delta E = -2.6925e-03, Delta S = 7.1318e-02 (per sweep)
max trunc_err = 2.7578e-09, max E_trunc = -1.2790e-10
chi: [256, 256, 256, 255, 256, 256]
================================================================================
INFO:tenpy.algorithms.mps_common:TwoSiteDMRGEngine: Maximum number of sweeps reached
INFO:tenpy.tools.params:DMRG: reading 'norm_tol'=1e-05
INFO:tenpy.tools.params:DMRG: reading 'norm_tol_final'=1e-10
INFO:tenpy.tools.params:DMRG: reading 'norm_tol_iter'=5
WARNING:tenpy.algorithms.dmrg:final DMRG state not in canonical form up to norm_tol=1.00e-05: norm_err=1.34e-01
INFO:tenpy.algorithms.mps_common:start environment_sweep
INFO:tenpy.algorithms.mps_common:start environment_sweep
INFO:tenpy.algorithms.mps_common:start environment_sweep
INFO:tenpy.algorithms.mps_common:start environment_sweep
WARNING:tenpy.algorithms.dmrg:final DMRG state not in canonical form up to norm_tol_final=1.00e-10: norm_err=5.72e-06, calling psi.canonical_form()
INFO:tenpy.algorithms.dmrg:TwoSiteDMRGEngine finished after 110 sweeps, max chi=256
INFO:tenpy.tools.params:DMRG: reading 'max_trunc_err'=0.0001
INFO:tenpy.tools.params:MixedHofstadterLandauGauge_Pi_2: reading 'explicit_plus_hc'=False
INFO:tenpy.tools.params:MixedHofstadterLandauGauge_Pi_2: reading 'Lx'=2
INFO:tenpy.tools.params:MixedHofstadterLandauGauge_Pi_2: setting 'N_rings'=2
INFO:tenpy.tools.params:MixedHofstadterLandauGauge_Pi_2: reading 'xy_lattice'='Square'
INFO:tenpy.tools.params:MixedHofstadterLandauGauge_Pi_2: reading 'Ly'=3
INFO:tenpy.tools.params:MixedHofstadterLandauGauge_Pi_2: reading 'ring_order'=None
INFO:tenpy.tools.params:MixedHofstadterLandauGauge_Pi_2: reading 'conserve_k'=True
INFO:tenpy.tools.params:MixedHofstadterLandauGauge_Pi_2: reading 'bc_MPS'='infinite'
INFO:tenpy.tools.params:MixedHofstadterLandauGauge_Pi_2: reading 't'=-1
INFO:tenpy.tools.params:MixedHofstadterLandauGauge_Pi_2: reading 't2'=-0.25
INFO:tenpy.tools.params:MixedHofstadterLandauGauge_Pi_2: reading 'V1'=0.6
INFO:tenpy.tools.params:MixedHofstadterLandauGauge_Pi_2: reading 'phi_ext'=np.float64(0.9500000000000001)
INFO:tenpy.tools.params:MixedHofstadterLandauGauge_Pi_2: reading 'sort_mpo_legs'=False
/home/t30/kna/ge54yin/Documents/MasterThesisFQHinTMDs/MPS_stuff/MPScalculations/.venv/lib/python3.12/site-packages/tenpy/tools/params.py:232: UserWarning: unused options for config MixedHofstadterLandauGauge_Pi_2:
['Delta', 'N_rings', 'Nsec', 'bc', 'chi_max', 'ktot', 'saveAll']
  warnings.warn(msg.format(keys=sorted(unused), name=self.name))
INFO:tenpy.tools.params:DMRG: reading 'active_sites'=2
INFO:tenpy.tools.params:DMRG: reading 'diag_method'='default'
INFO:tenpy.tools.params:DMRG: subconfig 'trunc_params'=Config(<5 options>, 'trunc_params')
INFO:tenpy.tools.params:DMRG: reading 'max_N_sites_per_ring'=18
INFO:tenpy.tools.params:DMRG: reading 'combine'=False
INFO:tenpy.tools.params:DMRG: subconfig 'lanczos_params'=Config(<9 options>, 'lanczos_params')
INFO:tenpy.tools.params:DMRG: reading 'chi_list'=None
INFO:tenpy.tools.params:DMRG: reading 'start_env'=1
INFO:tenpy.algorithms.mps_common:start environment_sweep
INFO:tenpy.tools.params:DMRG: reading 'N_sweeps_check'=10
INFO:tenpy.tools.params:DMRG: subconfig 'mixer_params'=Config(<3 options>, 'mixer_params')
INFO:tenpy.tools.params:DMRG: reading 'mixer'=None
INFO:tenpy.tools.params:DMRG: reading 'max_sweeps'=100
INFO:tenpy.tools.params:DMRG: reading 'max_hours'=8760
INFO:tenpy.tools.params:DMRG: reading 'P_tol_to_trunc'=0.05
INFO:tenpy.tools.params:DMRG: reading 'P_tol_min'=5.0000000000000004e-30
INFO:tenpy.tools.params:DMRG: reading 'P_tol_max'=0.0001
INFO:tenpy.tools.params:DMRG: reading 'E_tol_to_trunc'=None
INFO:tenpy.algorithms.dmrg:Running sweep with optimization
INFO:tenpy.tools.params:DMRG: reading 'max_N_for_ED'=400
INFO:tenpy.tools.params:DMRG: reading 'update_env'=5
INFO:tenpy.algorithms.mps_common:start environment_sweep
INFO:tenpy.algorithms.dmrg:checkpoint after sweep 10
energy=0.3761694385435679, max S=2.6535960917076524, age=198, norm_err=8.6e-02
Current memory usage 222.2MB, wall time: 78.9s
Delta E = nan, Delta S = 5.4397e-02 (per sweep)
max trunc_err = 4.7276e-09, max E_trunc = -1.1653e-11
chi: [256, 255, 256, 256, 256, 256]
================================================================================
INFO:tenpy.algorithms.dmrg:Running sweep with optimization
INFO:tenpy.algorithms.mps_common:start environment_sweep
INFO:tenpy.algorithms.dmrg:checkpoint after sweep 20
energy=0.4395253765355065, max S=1.8225640366208382, age=378, norm_err=2.5e-01
Current memory usage 222.2MB, wall time: 78.0s
Delta E = 6.3356e-03, Delta S = -8.8735e-02 (per sweep)
max trunc_err = 9.9815e-09, max E_trunc = -1.4586e-10
chi: [256, 256, 256, 256, 256, 256]
================================================================================
INFO:tenpy.tools.params:DMRG: reading 'max_E_err'=1e-08
INFO:tenpy.tools.params:DMRG: reading 'max_S_err'=1e-05
INFO:tenpy.algorithms.dmrg:Running sweep with optimization
INFO:tenpy.algorithms.mps_common:start environment_sweep
INFO:tenpy.algorithms.dmrg:checkpoint after sweep 30
energy=0.3842383596121692, max S=2.2961224104198528, age=558, norm_err=3.2e-03
Current memory usage 222.2MB, wall time: 71.3s
Delta E = -5.5287e-03, Delta S = 6.0170e-02 (per sweep)
max trunc_err = 8.1238e-08, max E_trunc = 1.0232e-12
chi: [256, 256, 256, 256, 256, 256]
================================================================================
INFO:tenpy.algorithms.dmrg:Running sweep with optimization
INFO:tenpy.algorithms.mps_common:start environment_sweep
INFO:tenpy.algorithms.dmrg:checkpoint after sweep 40
energy=0.4650740855858449, max S=3.1227058765745936, age=738, norm_err=5.4e-02
Current memory usage 222.2MB, wall time: 77.7s
Delta E = 8.0836e-03, Delta S = 5.3636e-02 (per sweep)
max trunc_err = 1.5277e-08, max E_trunc = -3.7858e-11
chi: [256, 256, 256, 256, 256, 256]
================================================================================
INFO:tenpy.algorithms.dmrg:Running sweep with optimization
INFO:tenpy.algorithms.mps_common:start environment_sweep
INFO:tenpy.algorithms.dmrg:checkpoint after sweep 50
energy=0.2789421201215608, max S=2.8527207957357934, age=918, norm_err=7.4e-02
Current memory usage 222.2MB, wall time: 78.0s
Delta E = -1.8613e-02, Delta S = -2.2778e-02 (per sweep)
max trunc_err = 9.9871e-09, max E_trunc = -4.1962e-10
chi: [256, 256, 256, 256, 256, 256]
================================================================================
INFO:tenpy.algorithms.dmrg:Running sweep with optimization
INFO:tenpy.algorithms.mps_common:start environment_sweep
INFO:tenpy.algorithms.dmrg:checkpoint after sweep 60
energy=0.4631219577528043, max S=1.6559159377973296, age=1098, norm_err=1.2e-01
Current memory usage 222.2MB, wall time: 82.6s
Delta E = 1.8418e-02, Delta S = -1.1542e-01 (per sweep)
max trunc_err = 1.1283e-09, max E_trunc = -4.9454e-11
chi: [256, 256, 256, 256, 256, 256]
================================================================================
INFO:tenpy.algorithms.dmrg:Running sweep with optimization
INFO:tenpy.algorithms.mps_common:start environment_sweep
INFO:tenpy.algorithms.dmrg:checkpoint after sweep 70
energy=-0.5285639749538499, max S=3.2071322123251438, age=1278, norm_err=1.1e-01
Current memory usage 222.2MB, wall time: 69.9s
Delta E = -9.9169e-02, Delta S = 1.4219e-01 (per sweep)
max trunc_err = 2.5071e-09, max E_trunc = -1.8190e-12
chi: [256, 256, 256, 256, 256, 256]
================================================================================
INFO:tenpy.algorithms.dmrg:Running sweep with optimization
INFO:tenpy.algorithms.mps_common:start environment_sweep
INFO:tenpy.algorithms.dmrg:checkpoint after sweep 80
energy=0.0640003603878749, max S=0.6109277330856629, age=1458, norm_err=5.8e-05
Current memory usage 222.2MB, wall time: 69.1s
Delta E = 5.9256e-02, Delta S = -2.4492e-01 (per sweep)
max trunc_err = 4.8209e-08, max E_trunc = 2.0464e-12
chi: [256, 256, 256, 256, 256, 256]
================================================================================
INFO:tenpy.algorithms.dmrg:Running sweep with optimization
INFO:tenpy.algorithms.mps_common:start environment_sweep
INFO:tenpy.algorithms.dmrg:checkpoint after sweep 90
energy=0.5987303074909770, max S=0.3343357711520255, age=1638, norm_err=7.6e-03
Current memory usage 222.2MB, wall time: 67.3s
Delta E = 5.3473e-02, Delta S = -9.3692e-03 (per sweep)
max trunc_err = 1.1359e-08, max E_trunc = 1.3642e-12
chi: [256, 256, 256, 256, 256, 256]
================================================================================
INFO:tenpy.algorithms.dmrg:Running sweep with optimization
INFO:tenpy.algorithms.mps_common:start environment_sweep
INFO:tenpy.algorithms.dmrg:checkpoint after sweep 100
energy=0.3374829544229669, max S=2.5750963993759202, age=1818, norm_err=6.1e-02
Current memory usage 222.2MB, wall time: 81.2s
Delta E = -2.6125e-02, Delta S = 1.9815e-01 (per sweep)
max trunc_err = 6.7652e-09, max E_trunc = -2.4571e-09
chi: [256, 256, 256, 256, 256, 256]
================================================================================
INFO:tenpy.algorithms.dmrg:Running sweep with optimization
INFO:tenpy.algorithms.mps_common:start environment_sweep
INFO:tenpy.algorithms.dmrg:checkpoint after sweep 110
energy=0.7343568772892771, max S=0.0975922017912619, age=1998, norm_err=7.8e-03
Current memory usage 222.2MB, wall time: 70.3s
Delta E = 3.9687e-02, Delta S = -2.1900e-01 (per sweep)
max trunc_err = 4.4591e-08, max E_trunc = 1.4779e-12
chi: [255, 256, 256, 256, 256, 256]
================================================================================
INFO:tenpy.algorithms.mps_common:TwoSiteDMRGEngine: Maximum number of sweeps reached
INFO:tenpy.tools.params:DMRG: reading 'norm_tol'=1e-05
INFO:tenpy.tools.params:DMRG: reading 'norm_tol_final'=1e-10
INFO:tenpy.tools.params:DMRG: reading 'norm_tol_iter'=5
WARNING:tenpy.algorithms.dmrg:final DMRG state not in canonical form up to norm_tol=1.00e-05: norm_err=7.83e-03
INFO:tenpy.algorithms.mps_common:start environment_sweep
INFO:tenpy.algorithms.mps_common:start environment_sweep
INFO:tenpy.algorithms.mps_common:start environment_sweep
WARNING:tenpy.algorithms.dmrg:final DMRG state not in canonical form up to norm_tol_final=1.00e-10: norm_err=6.18e-06, calling psi.canonical_form()
WARNING:tenpy.networks.mps:canonical_form_infinite: project to significantly smaller chi
WARNING:tenpy.networks.mps:canonical_form_infinite: project to significantly smaller chi
WARNING:tenpy.networks.mps:canonical_form_infinite: project to significantly smaller chi
WARNING:tenpy.networks.mps:canonical_form_infinite: project to significantly smaller chi
WARNING:tenpy.networks.mps:canonical_form_infinite: project to significantly smaller chi
WARNING:tenpy.networks.mps:canonical_form_infinite: project to significantly smaller chi
WARNING:tenpy.networks.mps:canonical_form_infinite: project to significantly smaller chi
WARNING:tenpy.networks.mps:canonical_form_infinite: project to significantly smaller chi
INFO:tenpy.algorithms.dmrg:TwoSiteDMRGEngine finished after 110 sweeps, max chi=52
INFO:tenpy.tools.params:DMRG: reading 'max_trunc_err'=0.0001
INFO:tenpy.tools.params:MixedHofstadterLandauGauge_Pi_2: reading 'explicit_plus_hc'=False
INFO:tenpy.tools.params:MixedHofstadterLandauGauge_Pi_2: reading 'Lx'=2
INFO:tenpy.tools.params:MixedHofstadterLandauGauge_Pi_2: setting 'N_rings'=2
INFO:tenpy.tools.params:MixedHofstadterLandauGauge_Pi_2: reading 'xy_lattice'='Square'
INFO:tenpy.tools.params:MixedHofstadterLandauGauge_Pi_2: reading 'Ly'=3
INFO:tenpy.tools.params:MixedHofstadterLandauGauge_Pi_2: reading 'ring_order'=None
INFO:tenpy.tools.params:MixedHofstadterLandauGauge_Pi_2: reading 'conserve_k'=True
INFO:tenpy.tools.params:MixedHofstadterLandauGauge_Pi_2: reading 'bc_MPS'='infinite'
INFO:tenpy.tools.params:MixedHofstadterLandauGauge_Pi_2: reading 't'=-1
INFO:tenpy.tools.params:MixedHofstadterLandauGauge_Pi_2: reading 't2'=-0.25
INFO:tenpy.tools.params:MixedHofstadterLandauGauge_Pi_2: reading 'V1'=0.6
INFO:tenpy.tools.params:MixedHofstadterLandauGauge_Pi_2: reading 'phi_ext'=np.float64(1.0)
INFO:tenpy.tools.params:MixedHofstadterLandauGauge_Pi_2: reading 'sort_mpo_legs'=False
/home/t30/kna/ge54yin/Documents/MasterThesisFQHinTMDs/MPS_stuff/MPScalculations/.venv/lib/python3.12/site-packages/tenpy/tools/params.py:232: UserWarning: unused options for config MixedHofstadterLandauGauge_Pi_2:
['Delta', 'N_rings', 'Nsec', 'bc', 'chi_max', 'ktot', 'saveAll']
  warnings.warn(msg.format(keys=sorted(unused), name=self.name))
INFO:tenpy.tools.params:DMRG: reading 'active_sites'=2
INFO:tenpy.tools.params:DMRG: reading 'diag_method'='default'
INFO:tenpy.tools.params:DMRG: subconfig 'trunc_params'=Config(<5 options>, 'trunc_params')
INFO:tenpy.tools.params:DMRG: reading 'max_N_sites_per_ring'=18
INFO:tenpy.tools.params:DMRG: reading 'combine'=False
INFO:tenpy.tools.params:DMRG: subconfig 'lanczos_params'=Config(<9 options>, 'lanczos_params')
INFO:tenpy.tools.params:DMRG: reading 'chi_list'=None
INFO:tenpy.tools.params:DMRG: reading 'start_env'=1
INFO:tenpy.algorithms.mps_common:start environment_sweep
INFO:tenpy.tools.params:DMRG: reading 'N_sweeps_check'=10
INFO:tenpy.tools.params:DMRG: subconfig 'mixer_params'=Config(<3 options>, 'mixer_params')
INFO:tenpy.tools.params:DMRG: reading 'mixer'=None
INFO:tenpy.tools.params:DMRG: reading 'max_sweeps'=100
INFO:tenpy.tools.params:DMRG: reading 'max_hours'=8760
INFO:tenpy.tools.params:DMRG: reading 'P_tol_to_trunc'=0.05
INFO:tenpy.tools.params:DMRG: reading 'P_tol_min'=5.0000000000000004e-30
INFO:tenpy.tools.params:DMRG: reading 'P_tol_max'=0.0001
INFO:tenpy.tools.params:DMRG: reading 'E_tol_to_trunc'=None
INFO:tenpy.algorithms.dmrg:Running sweep with optimization
INFO:tenpy.tools.params:DMRG: reading 'max_N_for_ED'=400
INFO:tenpy.tools.params:DMRG: reading 'update_env'=5
INFO:tenpy.algorithms.mps_common:start environment_sweep
INFO:tenpy.algorithms.dmrg:checkpoint after sweep 10
energy=0.4425653694876141, max S=0.9412688047723615, age=198, norm_err=3.3e-01
Current memory usage 222.2MB, wall time: 61.2s
Delta E = nan, Delta S = 7.2007e-02 (per sweep)
max trunc_err = 5.6432e-08, max E_trunc = 1.0942e-12
chi: [253, 252, 256, 252, 253, 253]
================================================================================
INFO:tenpy.algorithms.dmrg:Running sweep with optimization
INFO:tenpy.algorithms.mps_common:start environment_sweep
INFO:tenpy.algorithms.dmrg:checkpoint after sweep 20
energy=0.3934544378650043, max S=1.6840834979482997, age=378, norm_err=6.6e-02
Current memory usage 222.2MB, wall time: 77.0s
Delta E = -4.9111e-03, Delta S = 6.2218e-02 (per sweep)
max trunc_err = 1.2997e-09, max E_trunc = -6.6976e-10
chi: [256, 256, 256, 256, 256, 256]
================================================================================
INFO:tenpy.tools.params:DMRG: reading 'max_E_err'=1e-08
INFO:tenpy.tools.params:DMRG: reading 'max_S_err'=1e-05
INFO:tenpy.algorithms.dmrg:Running sweep with optimization
INFO:tenpy.algorithms.mps_common:start environment_sweep
INFO:tenpy.algorithms.dmrg:checkpoint after sweep 30
energy=0.9459660389554353, max S=1.9941233964234379, age=558, norm_err=1.3e-01
Current memory usage 222.2MB, wall time: 73.7s
Delta E = 5.5251e-02, Delta S = 4.4250e-02 (per sweep)
max trunc_err = 2.5214e-09, max E_trunc = 1.3358e-12
chi: [256, 256, 256, 256, 256, 256]
================================================================================
INFO:tenpy.algorithms.dmrg:Running sweep with optimization
INFO:tenpy.algorithms.mps_common:start environment_sweep
INFO:tenpy.algorithms.dmrg:checkpoint after sweep 40
energy=0.2881118850797766, max S=2.5378934584065860, age=738, norm_err=1.2e-01
Current memory usage 222.2MB, wall time: 82.5s
Delta E = -6.5785e-02, Delta S = 4.2367e-02 (per sweep)
max trunc_err = 1.0467e-08, max E_trunc = -1.3620e-10
chi: [256, 256, 256, 256, 256, 256]
================================================================================
INFO:tenpy.algorithms.dmrg:Running sweep with optimization
INFO:tenpy.algorithms.mps_common:start environment_sweep
INFO:tenpy.algorithms.dmrg:checkpoint after sweep 50
energy=0.4467331940844446, max S=1.8186375283231773, age=918, norm_err=9.2e-02
Current memory usage 222.2MB, wall time: 83.1s
Delta E = 1.5862e-02, Delta S = -7.1139e-02 (per sweep)
max trunc_err = 7.6151e-10, max E_trunc = -3.8654e-10
chi: [256, 256, 256, 255, 256, 256]
================================================================================
INFO:tenpy.algorithms.dmrg:Running sweep with optimization
INFO:tenpy.algorithms.mps_common:start environment_sweep
INFO:tenpy.algorithms.dmrg:checkpoint after sweep 60
energy=0.3013319045169283, max S=2.7529722469484534, age=1098, norm_err=2.6e-02
Current memory usage 222.2MB, wall time: 82.5s
Delta E = -1.4540e-02, Delta S = 8.4145e-02 (per sweep)
max trunc_err = 5.5219e-08, max E_trunc = -1.9902e-09
chi: [256, 256, 256, 256, 256, 256]
================================================================================
INFO:tenpy.algorithms.dmrg:Running sweep with optimization
INFO:tenpy.algorithms.mps_common:start environment_sweep
INFO:tenpy.algorithms.dmrg:checkpoint after sweep 70
energy=0.5964092508831508, max S=2.2722188265463168, age=1278, norm_err=2.0e-02
Current memory usage 222.2MB, wall time: 67.7s
Delta E = 2.9508e-02, Delta S = -3.6789e-02 (per sweep)
max trunc_err = 8.7028e-08, max E_trunc = 1.1369e-12
chi: [256, 256, 256, 256, 256, 256]
================================================================================
INFO:tenpy.algorithms.dmrg:Running sweep with optimization
INFO:tenpy.algorithms.mps_common:start environment_sweep
INFO:tenpy.algorithms.dmrg:checkpoint after sweep 80
energy=0.5538205907328404, max S=2.4732193075975037, age=1458, norm_err=3.7e-02
Current memory usage 222.2MB, wall time: 69.0s
Delta E = -4.2589e-03, Delta S = 1.9938e-02 (per sweep)
max trunc_err = 3.3301e-08, max E_trunc = 3.0695e-12
chi: [256, 256, 256, 256, 256, 256]
================================================================================
INFO:tenpy.algorithms.dmrg:Running sweep with optimization
INFO:tenpy.algorithms.mps_common:start environment_sweep
INFO:tenpy.algorithms.dmrg:checkpoint after sweep 90
energy=0.1195284270913248, max S=0.7712236821387299, age=1638, norm_err=3.0e-02
Current memory usage 222.2MB, wall time: 67.4s
Delta E = -4.3429e-02, Delta S = -1.6435e-01 (per sweep)
max trunc_err = 1.9626e-08, max E_trunc = 1.5916e-12
chi: [256, 255, 256, 256, 256, 256]
================================================================================
INFO:tenpy.algorithms.dmrg:Running sweep with optimization
INFO:tenpy.algorithms.mps_common:start environment_sweep
INFO:tenpy.algorithms.dmrg:checkpoint after sweep 100
energy=0.4602812420914499, max S=1.3590405841230204, age=1818, norm_err=4.9e-02
Current memory usage 222.2MB, wall time: 68.5s
Delta E = 3.4075e-02, Delta S = 5.8165e-02 (per sweep)
max trunc_err = 3.5789e-08, max E_trunc = 2.5011e-12
chi: [256, 256, 256, 256, 256, 255]
================================================================================
INFO:tenpy.algorithms.dmrg:Running sweep with optimization
INFO:tenpy.algorithms.mps_common:start environment_sweep
INFO:tenpy.algorithms.dmrg:checkpoint after sweep 110
energy=0.3321592908256908, max S=2.0840498590873846, age=1998, norm_err=5.7e-02
Current memory usage 222.2MB, wall time: 69.6s
Delta E = -1.2812e-02, Delta S = 7.5133e-02 (per sweep)
max trunc_err = 7.0534e-08, max E_trunc = 1.4779e-12
chi: [255, 255, 256, 256, 256, 256]
================================================================================
INFO:tenpy.algorithms.mps_common:TwoSiteDMRGEngine: Maximum number of sweeps reached
INFO:tenpy.tools.params:DMRG: reading 'norm_tol'=1e-05
INFO:tenpy.tools.params:DMRG: reading 'norm_tol_final'=1e-10
INFO:tenpy.tools.params:DMRG: reading 'norm_tol_iter'=5
WARNING:tenpy.algorithms.dmrg:final DMRG state not in canonical form up to norm_tol=1.00e-05: norm_err=5.75e-02
INFO:tenpy.algorithms.mps_common:start environment_sweep
INFO:tenpy.algorithms.mps_common:start environment_sweep
INFO:tenpy.algorithms.mps_common:start environment_sweep
WARNING:tenpy.algorithms.dmrg:final DMRG state not in canonical form up to norm_tol_final=1.00e-10: norm_err=1.33e-06, calling psi.canonical_form()
WARNING:tenpy.networks.mps:canonical_form_infinite: project to significantly smaller chi
WARNING:tenpy.networks.mps:canonical_form_infinite: project to significantly smaller chi
WARNING:tenpy.networks.mps:canonical_form_infinite: project to significantly smaller chi
WARNING:tenpy.networks.mps:canonical_form_infinite: project to significantly smaller chi
WARNING:tenpy.networks.mps:canonical_form_infinite: project to significantly smaller chi
WARNING:tenpy.networks.mps:canonical_form_infinite: project to significantly smaller chi
WARNING:tenpy.networks.mps:canonical_form_infinite: project to significantly smaller chi
INFO:tenpy.algorithms.dmrg:TwoSiteDMRGEngine finished after 110 sweeps, max chi=148
INFO:tenpy.tools.params:DMRG: reading 'max_trunc_err'=0.0001
INFO:tenpy.tools.params:MixedHofstadterLandauGauge_Pi_2: reading 'explicit_plus_hc'=False
INFO:tenpy.tools.params:MixedHofstadterLandauGauge_Pi_2: reading 'Lx'=2
INFO:tenpy.tools.params:MixedHofstadterLandauGauge_Pi_2: setting 'N_rings'=2
INFO:tenpy.tools.params:MixedHofstadterLandauGauge_Pi_2: reading 'xy_lattice'='Square'
INFO:tenpy.tools.params:MixedHofstadterLandauGauge_Pi_2: reading 'Ly'=3
INFO:tenpy.tools.params:MixedHofstadterLandauGauge_Pi_2: reading 'ring_order'=None
INFO:tenpy.tools.params:MixedHofstadterLandauGauge_Pi_2: reading 'conserve_k'=True
INFO:tenpy.tools.params:MixedHofstadterLandauGauge_Pi_2: reading 'bc_MPS'='infinite'
INFO:tenpy.tools.params:MixedHofstadterLandauGauge_Pi_2: reading 't'=-1
INFO:tenpy.tools.params:MixedHofstadterLandauGauge_Pi_2: reading 't2'=-0.25
INFO:tenpy.tools.params:MixedHofstadterLandauGauge_Pi_2: reading 'V1'=0.6
INFO:tenpy.tools.params:MixedHofstadterLandauGauge_Pi_2: reading 'phi_ext'=np.float64(1.05)
INFO:tenpy.tools.params:MixedHofstadterLandauGauge_Pi_2: reading 'sort_mpo_legs'=False
/home/t30/kna/ge54yin/Documents/MasterThesisFQHinTMDs/MPS_stuff/MPScalculations/.venv/lib/python3.12/site-packages/tenpy/tools/params.py:232: UserWarning: unused options for config MixedHofstadterLandauGauge_Pi_2:
['Delta', 'N_rings', 'Nsec', 'bc', 'chi_max', 'ktot', 'saveAll']
  warnings.warn(msg.format(keys=sorted(unused), name=self.name))
INFO:tenpy.tools.params:DMRG: reading 'active_sites'=2
INFO:tenpy.tools.params:DMRG: reading 'diag_method'='default'
INFO:tenpy.tools.params:DMRG: subconfig 'trunc_params'=Config(<5 options>, 'trunc_params')
INFO:tenpy.tools.params:DMRG: reading 'max_N_sites_per_ring'=18
INFO:tenpy.tools.params:DMRG: reading 'combine'=False
INFO:tenpy.tools.params:DMRG: subconfig 'lanczos_params'=Config(<9 options>, 'lanczos_params')
INFO:tenpy.tools.params:DMRG: reading 'chi_list'=None
INFO:tenpy.tools.params:DMRG: reading 'start_env'=1
INFO:tenpy.algorithms.mps_common:start environment_sweep
INFO:tenpy.tools.params:DMRG: reading 'N_sweeps_check'=10
INFO:tenpy.tools.params:DMRG: subconfig 'mixer_params'=Config(<3 options>, 'mixer_params')
INFO:tenpy.tools.params:DMRG: reading 'mixer'=None
INFO:tenpy.tools.params:DMRG: reading 'max_sweeps'=100
INFO:tenpy.tools.params:DMRG: reading 'max_hours'=8760
INFO:tenpy.tools.params:DMRG: reading 'P_tol_to_trunc'=0.05
INFO:tenpy.tools.params:DMRG: reading 'P_tol_min'=5.0000000000000004e-30
INFO:tenpy.tools.params:DMRG: reading 'P_tol_max'=0.0001
INFO:tenpy.tools.params:DMRG: reading 'E_tol_to_trunc'=None
INFO:tenpy.algorithms.dmrg:Running sweep with optimization
INFO:tenpy.tools.params:DMRG: reading 'max_N_for_ED'=400
INFO:tenpy.tools.params:DMRG: reading 'update_env'=5
INFO:tenpy.algorithms.mps_common:start environment_sweep
INFO:tenpy.algorithms.dmrg:checkpoint after sweep 10
energy=0.2803781851360639, max S=1.5897074756932201, age=198, norm_err=1.4e-02
Current memory usage 222.2MB, wall time: 66.4s
Delta E = nan, Delta S = -6.6396e-02 (per sweep)
max trunc_err = 4.0064e-08, max E_trunc = 1.0374e-12
chi: [256, 256, 256, 255, 256, 256]
================================================================================
INFO:tenpy.algorithms.dmrg:Running sweep with optimization
INFO:tenpy.algorithms.mps_common:start environment_sweep
INFO:tenpy.algorithms.dmrg:checkpoint after sweep 20
energy=0.4743562629727727, max S=1.8352544333168437, age=378, norm_err=4.2e-03
Current memory usage 222.2MB, wall time: 71.2s
Delta E = 1.9398e-02, Delta S = 3.8560e-02 (per sweep)
max trunc_err = 3.6505e-08, max E_trunc = 2.6432e-12
chi: [256, 256, 256, 256, 256, 256]
================================================================================
INFO:tenpy.tools.params:DMRG: reading 'max_E_err'=1e-08
INFO:tenpy.tools.params:DMRG: reading 'max_S_err'=1e-05
INFO:tenpy.algorithms.dmrg:Running sweep with optimization
INFO:tenpy.algorithms.mps_common:start environment_sweep
INFO:tenpy.algorithms.dmrg:checkpoint after sweep 30
energy=0.2685750352797409, max S=1.6466709892302878, age=558, norm_err=1.2e-01
Current memory usage 222.2MB, wall time: 81.7s
Delta E = -2.0578e-02, Delta S = -2.3258e-02 (per sweep)
max trunc_err = 1.4784e-08, max E_trunc = -1.8474e-11
chi: [256, 256, 256, 256, 256, 256]
================================================================================
INFO:tenpy.algorithms.dmrg:Running sweep with optimization
INFO:tenpy.algorithms.mps_common:start environment_sweep
INFO:tenpy.algorithms.dmrg:checkpoint after sweep 40
energy=-0.1377496281417478, max S=3.5410938041424265, age=738, norm_err=1.4e-02
Current memory usage 222.2MB, wall time: 72.8s
Delta E = -4.0632e-02, Delta S = 1.7977e-01 (per sweep)
max trunc_err = 2.9816e-08, max E_trunc = -7.3896e-12
chi: [256, 256, 256, 256, 256, 256]
================================================================================
INFO:tenpy.algorithms.dmrg:Running sweep with optimization
INFO:tenpy.algorithms.mps_common:start environment_sweep
INFO:tenpy.algorithms.dmrg:checkpoint after sweep 50
energy=0.4773644454764868, max S=2.2024389387798253, age=918, norm_err=9.3e-02
Current memory usage 222.2MB, wall time: 61.6s
Delta E = 6.1511e-02, Delta S = -1.3063e-01 (per sweep)
max trunc_err = 9.5026e-08, max E_trunc = 1.8190e-12
chi: [256, 256, 256, 256, 256, 256]
================================================================================
INFO:tenpy.algorithms.dmrg:Running sweep with optimization
INFO:tenpy.algorithms.mps_common:start environment_sweep
INFO:tenpy.algorithms.dmrg:checkpoint after sweep 60
energy=-0.1458745338441929, max S=2.6795689193965764, age=1098, norm_err=2.7e-03
Current memory usage 222.2MB, wall time: 77.0s
Delta E = -6.2324e-02, Delta S = 6.1599e-02 (per sweep)
max trunc_err = 1.9209e-08, max E_trunc = -3.6209e-11
chi: [256, 256, 256, 256, 256, 256]
================================================================================
INFO:tenpy.algorithms.dmrg:Running sweep with optimization
INFO:tenpy.algorithms.mps_common:start environment_sweep
INFO:tenpy.algorithms.dmrg:checkpoint after sweep 70
energy=0.4140513875436890, max S=1.9619209541737255, age=1278, norm_err=4.8e-02
Current memory usage 222.2MB, wall time: 65.8s
Delta E = 5.5993e-02, Delta S = -8.4228e-02 (per sweep)
max trunc_err = 1.5119e-07, max E_trunc = 1.1369e-12
chi: [256, 256, 256, 256, 256, 255]
================================================================================
INFO:tenpy.algorithms.dmrg:Running sweep with optimization
INFO:tenpy.algorithms.mps_common:start environment_sweep
INFO:tenpy.algorithms.dmrg:checkpoint after sweep 80
energy=0.3460733534205265, max S=2.0167571290373973, age=1458, norm_err=3.3e-02
Current memory usage 222.2MB, wall time: 64.5s
Delta E = -6.7978e-03, Delta S = 1.0456e-02 (per sweep)
max trunc_err = 3.5836e-08, max E_trunc = 2.0464e-12
chi: [256, 255, 256, 255, 256, 256]
================================================================================
INFO:tenpy.algorithms.dmrg:Running sweep with optimization
INFO:tenpy.algorithms.mps_common:start environment_sweep
INFO:tenpy.algorithms.dmrg:checkpoint after sweep 90
energy=-0.2996998078869429, max S=3.5104956537981264, age=1638, norm_err=5.9e-02
Current memory usage 222.2MB, wall time: 68.0s
Delta E = -6.4577e-02, Delta S = 1.3802e-01 (per sweep)
max trunc_err = 1.8233e-08, max E_trunc = -1.5916e-12
chi: [256, 256, 256, 256, 256, 256]
================================================================================
INFO:tenpy.algorithms.dmrg:Running sweep with optimization
INFO:tenpy.algorithms.mps_common:start environment_sweep
INFO:tenpy.algorithms.dmrg:checkpoint after sweep 100
energy=0.5940998694398351, max S=1.8262183625842436, age=1818, norm_err=6.5e-02
Current memory usage 222.2MB, wall time: 68.9s
Delta E = 8.9380e-02, Delta S = -1.5061e-01 (per sweep)
max trunc_err = 3.1510e-08, max E_trunc = 1.3642e-12
chi: [256, 256, 256, 256, 256, 256]
================================================================================
INFO:tenpy.algorithms.dmrg:Running sweep with optimization
INFO:tenpy.algorithms.mps_common:start environment_sweep
INFO:tenpy.algorithms.dmrg:checkpoint after sweep 110
energy=0.5427644683303091, max S=2.4956347124821603, age=1998, norm_err=1.8e-02
Current memory usage 222.2MB, wall time: 72.0s
Delta E = -5.1335e-03, Delta S = 6.5184e-02 (per sweep)
max trunc_err = 1.3435e-07, max E_trunc = 1.7053e-12
chi: [256, 256, 256, 256, 256, 256]
================================================================================
INFO:tenpy.algorithms.mps_common:TwoSiteDMRGEngine: Maximum number of sweeps reached
INFO:tenpy.tools.params:DMRG: reading 'norm_tol'=1e-05
INFO:tenpy.tools.params:DMRG: reading 'norm_tol_final'=1e-10
INFO:tenpy.tools.params:DMRG: reading 'norm_tol_iter'=5
WARNING:tenpy.algorithms.dmrg:final DMRG state not in canonical form up to norm_tol=1.00e-05: norm_err=1.84e-02
INFO:tenpy.algorithms.mps_common:start environment_sweep
INFO:tenpy.algorithms.mps_common:start environment_sweep
WARNING:tenpy.algorithms.dmrg:final DMRG state not in canonical form up to norm_tol_final=1.00e-10: norm_err=7.63e-07, calling psi.canonical_form()
INFO:tenpy.algorithms.dmrg:TwoSiteDMRGEngine finished after 110 sweeps, max chi=256
INFO:tenpy.tools.params:DMRG: reading 'max_trunc_err'=0.0001
INFO:tenpy.tools.params:MixedHofstadterLandauGauge_Pi_2: reading 'explicit_plus_hc'=False
INFO:tenpy.tools.params:MixedHofstadterLandauGauge_Pi_2: reading 'Lx'=2
INFO:tenpy.tools.params:MixedHofstadterLandauGauge_Pi_2: setting 'N_rings'=2
INFO:tenpy.tools.params:MixedHofstadterLandauGauge_Pi_2: reading 'xy_lattice'='Square'
INFO:tenpy.tools.params:MixedHofstadterLandauGauge_Pi_2: reading 'Ly'=3
INFO:tenpy.tools.params:MixedHofstadterLandauGauge_Pi_2: reading 'ring_order'=None
INFO:tenpy.tools.params:MixedHofstadterLandauGauge_Pi_2: reading 'conserve_k'=True
INFO:tenpy.tools.params:MixedHofstadterLandauGauge_Pi_2: reading 'bc_MPS'='infinite'
INFO:tenpy.tools.params:MixedHofstadterLandauGauge_Pi_2: reading 't'=-1
INFO:tenpy.tools.params:MixedHofstadterLandauGauge_Pi_2: reading 't2'=-0.25
INFO:tenpy.tools.params:MixedHofstadterLandauGauge_Pi_2: reading 'V1'=0.6
INFO:tenpy.tools.params:MixedHofstadterLandauGauge_Pi_2: reading 'phi_ext'=np.float64(1.1)
INFO:tenpy.tools.params:MixedHofstadterLandauGauge_Pi_2: reading 'sort_mpo_legs'=False
/home/t30/kna/ge54yin/Documents/MasterThesisFQHinTMDs/MPS_stuff/MPScalculations/.venv/lib/python3.12/site-packages/tenpy/tools/params.py:232: UserWarning: unused options for config MixedHofstadterLandauGauge_Pi_2:
['Delta', 'N_rings', 'Nsec', 'bc', 'chi_max', 'ktot', 'saveAll']
  warnings.warn(msg.format(keys=sorted(unused), name=self.name))
INFO:tenpy.tools.params:DMRG: reading 'active_sites'=2
INFO:tenpy.tools.params:DMRG: reading 'diag_method'='default'
INFO:tenpy.tools.params:DMRG: subconfig 'trunc_params'=Config(<5 options>, 'trunc_params')
INFO:tenpy.tools.params:DMRG: reading 'max_N_sites_per_ring'=18
INFO:tenpy.tools.params:DMRG: reading 'combine'=False
INFO:tenpy.tools.params:DMRG: subconfig 'lanczos_params'=Config(<9 options>, 'lanczos_params')
INFO:tenpy.tools.params:DMRG: reading 'chi_list'=None
INFO:tenpy.tools.params:DMRG: reading 'start_env'=1
INFO:tenpy.algorithms.mps_common:start environment_sweep
INFO:tenpy.tools.params:DMRG: reading 'N_sweeps_check'=10
INFO:tenpy.tools.params:DMRG: subconfig 'mixer_params'=Config(<3 options>, 'mixer_params')
INFO:tenpy.tools.params:DMRG: reading 'mixer'=None
INFO:tenpy.tools.params:DMRG: reading 'max_sweeps'=100
INFO:tenpy.tools.params:DMRG: reading 'max_hours'=8760
INFO:tenpy.tools.params:DMRG: reading 'P_tol_to_trunc'=0.05
INFO:tenpy.tools.params:DMRG: reading 'P_tol_min'=5.0000000000000004e-30
INFO:tenpy.tools.params:DMRG: reading 'P_tol_max'=0.0001
INFO:tenpy.tools.params:DMRG: reading 'E_tol_to_trunc'=None
INFO:tenpy.algorithms.dmrg:Running sweep with optimization
INFO:tenpy.tools.params:DMRG: reading 'max_N_for_ED'=400
INFO:tenpy.tools.params:DMRG: reading 'update_env'=5
INFO:tenpy.algorithms.mps_common:start environment_sweep
INFO:tenpy.algorithms.dmrg:checkpoint after sweep 10
energy=0.5302650872752191, max S=2.5244647430295863, age=198, norm_err=2.1e-02
Current memory usage 232.9MB, wall time: 65.5s
Delta E = nan, Delta S = 5.5952e-04 (per sweep)
max trunc_err = 4.6119e-08, max E_trunc = 2.6432e-12
chi: [256, 256, 256, 256, 256, 256]
================================================================================
INFO:tenpy.algorithms.dmrg:Running sweep with optimization
INFO:tenpy.algorithms.mps_common:start environment_sweep
INFO:tenpy.algorithms.dmrg:checkpoint after sweep 20
energy=0.3112262595220632, max S=2.1731140927183477, age=378, norm_err=2.1e-02
Current memory usage 232.9MB, wall time: 68.9s
Delta E = -2.1904e-02, Delta S = -4.0589e-02 (per sweep)
max trunc_err = 6.2443e-08, max E_trunc = 1.3927e-12
chi: [256, 256, 256, 256, 256, 256]
================================================================================
INFO:tenpy.tools.params:DMRG: reading 'max_E_err'=1e-08
INFO:tenpy.tools.params:DMRG: reading 'max_S_err'=1e-05
INFO:tenpy.algorithms.dmrg:Running sweep with optimization
INFO:tenpy.algorithms.mps_common:start environment_sweep
INFO:tenpy.algorithms.dmrg:checkpoint after sweep 30
energy=0.2914363578559313, max S=2.0699170480468929, age=558, norm_err=1.2e-01
Current memory usage 232.9MB, wall time: 82.1s
Delta E = -1.9790e-03, Delta S = 5.1152e-03 (per sweep)
max trunc_err = 5.5522e-09, max E_trunc = -6.4279e-10
chi: [256, 256, 256, 256, 256, 256]
================================================================================
INFO:tenpy.algorithms.dmrg:Running sweep with optimization
INFO:tenpy.algorithms.mps_common:start environment_sweep
INFO:tenpy.algorithms.dmrg:checkpoint after sweep 40
energy=0.3593610618325205, max S=2.3279762842719158, age=738, norm_err=3.3e-02
Current memory usage 232.9MB, wall time: 70.5s
Delta E = 6.7925e-03, Delta S = 1.5950e-02 (per sweep)
max trunc_err = 9.5059e-09, max E_trunc = -8.1911e-11
chi: [256, 256, 256, 256, 256, 256]
================================================================================
INFO:tenpy.algorithms.dmrg:Running sweep with optimization
INFO:tenpy.algorithms.mps_common:start environment_sweep
INFO:tenpy.algorithms.dmrg:checkpoint after sweep 50
energy=0.4453596457667857, max S=3.4784948410963334, age=918, norm_err=1.2e-01
Current memory usage 232.9MB, wall time: 84.4s
Delta E = 8.5999e-03, Delta S = 1.0331e-01 (per sweep)
max trunc_err = 3.0922e-08, max E_trunc = -6.3261e-10
chi: [256, 256, 256, 256, 256, 256]
================================================================================
INFO:tenpy.algorithms.dmrg:Running sweep with optimization
INFO:tenpy.algorithms.mps_common:start environment_sweep
INFO:tenpy.algorithms.dmrg:checkpoint after sweep 60
energy=0.3226965153493921, max S=1.7444483814466234, age=1098, norm_err=1.6e-01
Current memory usage 232.9MB, wall time: 84.8s
Delta E = -1.2266e-02, Delta S = -1.5934e-01 (per sweep)
max trunc_err = 9.2911e-09, max E_trunc = -5.9333e-10
chi: [256, 256, 256, 256, 256, 256]
================================================================================
INFO:tenpy.algorithms.dmrg:Running sweep with optimization
INFO:tenpy.algorithms.mps_common:start environment_sweep
INFO:tenpy.algorithms.dmrg:checkpoint after sweep 70
energy=0.4955156887084040, max S=2.1983514734216039, age=1278, norm_err=7.6e-02
Current memory usage 232.9MB, wall time: 82.6s
Delta E = 1.7282e-02, Delta S = 3.1694e-02 (per sweep)
max trunc_err = 5.2828e-09, max E_trunc = -7.6182e-10
chi: [256, 256, 256, 256, 256, 256]
================================================================================
INFO:tenpy.algorithms.dmrg:Running sweep with optimization
INFO:tenpy.algorithms.mps_common:start environment_sweep
INFO:tenpy.algorithms.dmrg:checkpoint after sweep 80
energy=0.4776369679359978, max S=2.2458215233131686, age=1458, norm_err=2.7e-01
Current memory usage 232.9MB, wall time: 81.4s
Delta E = -1.7879e-03, Delta S = 1.2992e-02 (per sweep)
max trunc_err = 6.5445e-09, max E_trunc = -1.5575e-11
chi: [256, 256, 256, 256, 256, 256]
================================================================================
INFO:tenpy.algorithms.dmrg:Running sweep with optimization
INFO:tenpy.algorithms.mps_common:start environment_sweep
INFO:tenpy.algorithms.dmrg:checkpoint after sweep 90
energy=0.4442257729945235, max S=2.1283318000830782, age=1638, norm_err=6.4e-02
Current memory usage 232.9MB, wall time: 70.5s
Delta E = -3.3411e-03, Delta S = -2.2934e-02 (per sweep)
max trunc_err = 3.4205e-08, max E_trunc = -4.3087e-11
chi: [256, 256, 256, 256, 256, 256]
================================================================================
INFO:tenpy.algorithms.dmrg:Running sweep with optimization
INFO:tenpy.algorithms.mps_common:start environment_sweep
INFO:tenpy.algorithms.dmrg:checkpoint after sweep 100
energy=0.4338860860714249, max S=1.9114965059299145, age=1818, norm_err=2.4e-01
Current memory usage 232.9MB, wall time: 75.3s
Delta E = -1.0340e-03, Delta S = -1.2901e-02 (per sweep)
max trunc_err = 3.4335e-09, max E_trunc = -5.1671e-10
chi: [256, 256, 256, 256, 256, 256]
================================================================================
INFO:tenpy.algorithms.dmrg:Running sweep with optimization
INFO:tenpy.algorithms.mps_common:start environment_sweep
INFO:tenpy.algorithms.dmrg:checkpoint after sweep 110
energy=0.4209161806641930, max S=1.4819300883431388, age=1998, norm_err=3.0e-02
Current memory usage 232.9MB, wall time: 67.9s
Delta E = -1.2970e-03, Delta S = -5.7852e-02 (per sweep)
max trunc_err = 6.1774e-08, max E_trunc = 1.9327e-12
chi: [236, 216, 231, 240, 252, 239]
================================================================================
INFO:tenpy.algorithms.mps_common:TwoSiteDMRGEngine: Maximum number of sweeps reached
INFO:tenpy.tools.params:DMRG: reading 'norm_tol'=1e-05
INFO:tenpy.tools.params:DMRG: reading 'norm_tol_final'=1e-10
INFO:tenpy.tools.params:DMRG: reading 'norm_tol_iter'=5
WARNING:tenpy.algorithms.dmrg:final DMRG state not in canonical form up to norm_tol=1.00e-05: norm_err=2.97e-02
INFO:tenpy.algorithms.mps_common:start environment_sweep
INFO:tenpy.algorithms.mps_common:start environment_sweep
WARNING:tenpy.algorithms.dmrg:final DMRG state not in canonical form up to norm_tol_final=1.00e-10: norm_err=7.63e-06, calling psi.canonical_form()
WARNING:tenpy.networks.mps:canonical_form_infinite: project to significantly smaller chi
WARNING:tenpy.networks.mps:canonical_form_infinite: project to significantly smaller chi
WARNING:tenpy.networks.mps:canonical_form_infinite: project to significantly smaller chi
WARNING:tenpy.networks.mps:canonical_form_infinite: project to significantly smaller chi
WARNING:tenpy.networks.mps:canonical_form_infinite: project to significantly smaller chi
WARNING:tenpy.networks.mps:canonical_form_infinite: project to significantly smaller chi
WARNING:tenpy.networks.mps:canonical_form_infinite: project to significantly smaller chi
WARNING:tenpy.networks.mps:canonical_form_infinite: project to significantly smaller chi
WARNING:tenpy.networks.mps:canonical_form_infinite: project to significantly smaller chi
INFO:tenpy.algorithms.dmrg:TwoSiteDMRGEngine finished after 110 sweeps, max chi=59
INFO:tenpy.tools.params:DMRG: reading 'max_trunc_err'=0.0001
INFO:tenpy.tools.params:MixedHofstadterLandauGauge_Pi_2: reading 'explicit_plus_hc'=False
INFO:tenpy.tools.params:MixedHofstadterLandauGauge_Pi_2: reading 'Lx'=2
INFO:tenpy.tools.params:MixedHofstadterLandauGauge_Pi_2: setting 'N_rings'=2
INFO:tenpy.tools.params:MixedHofstadterLandauGauge_Pi_2: reading 'xy_lattice'='Square'
INFO:tenpy.tools.params:MixedHofstadterLandauGauge_Pi_2: reading 'Ly'=3
INFO:tenpy.tools.params:MixedHofstadterLandauGauge_Pi_2: reading 'ring_order'=None
INFO:tenpy.tools.params:MixedHofstadterLandauGauge_Pi_2: reading 'conserve_k'=True
INFO:tenpy.tools.params:MixedHofstadterLandauGauge_Pi_2: reading 'bc_MPS'='infinite'
INFO:tenpy.tools.params:MixedHofstadterLandauGauge_Pi_2: reading 't'=-1
INFO:tenpy.tools.params:MixedHofstadterLandauGauge_Pi_2: reading 't2'=-0.25
INFO:tenpy.tools.params:MixedHofstadterLandauGauge_Pi_2: reading 'V1'=0.6
INFO:tenpy.tools.params:MixedHofstadterLandauGauge_Pi_2: reading 'phi_ext'=np.float64(1.1500000000000001)
INFO:tenpy.tools.params:MixedHofstadterLandauGauge_Pi_2: reading 'sort_mpo_legs'=False
/home/t30/kna/ge54yin/Documents/MasterThesisFQHinTMDs/MPS_stuff/MPScalculations/.venv/lib/python3.12/site-packages/tenpy/tools/params.py:232: UserWarning: unused options for config MixedHofstadterLandauGauge_Pi_2:
['Delta', 'N_rings', 'Nsec', 'bc', 'chi_max', 'ktot', 'saveAll']
  warnings.warn(msg.format(keys=sorted(unused), name=self.name))
INFO:tenpy.tools.params:DMRG: reading 'active_sites'=2
INFO:tenpy.tools.params:DMRG: reading 'diag_method'='default'
INFO:tenpy.tools.params:DMRG: subconfig 'trunc_params'=Config(<5 options>, 'trunc_params')
INFO:tenpy.tools.params:DMRG: reading 'max_N_sites_per_ring'=18
INFO:tenpy.tools.params:DMRG: reading 'combine'=False
INFO:tenpy.tools.params:DMRG: subconfig 'lanczos_params'=Config(<9 options>, 'lanczos_params')
INFO:tenpy.tools.params:DMRG: reading 'chi_list'=None
INFO:tenpy.tools.params:DMRG: reading 'start_env'=1
INFO:tenpy.algorithms.mps_common:start environment_sweep
INFO:tenpy.tools.params:DMRG: reading 'N_sweeps_check'=10
INFO:tenpy.tools.params:DMRG: subconfig 'mixer_params'=Config(<3 options>, 'mixer_params')
INFO:tenpy.tools.params:DMRG: reading 'mixer'=None
INFO:tenpy.tools.params:DMRG: reading 'max_sweeps'=100
INFO:tenpy.tools.params:DMRG: reading 'max_hours'=8760
INFO:tenpy.tools.params:DMRG: reading 'P_tol_to_trunc'=0.05
INFO:tenpy.tools.params:DMRG: reading 'P_tol_min'=5.0000000000000004e-30
INFO:tenpy.tools.params:DMRG: reading 'P_tol_max'=0.0001
INFO:tenpy.tools.params:DMRG: reading 'E_tol_to_trunc'=None
INFO:tenpy.algorithms.dmrg:Running sweep with optimization
INFO:tenpy.tools.params:DMRG: reading 'max_N_for_ED'=400
INFO:tenpy.tools.params:DMRG: reading 'update_env'=5
INFO:tenpy.algorithms.mps_common:start environment_sweep
INFO:tenpy.algorithms.dmrg:checkpoint after sweep 10
energy=0.4689244206243508, max S=3.0971754823093729, age=198, norm_err=1.1e-02
Current memory usage 232.9MB, wall time: 75.9s
Delta E = nan, Delta S = 1.7688e-01 (per sweep)
max trunc_err = 6.5519e-08, max E_trunc = -5.6410e-10
chi: [256, 256, 256, 256, 256, 256]
================================================================================
INFO:tenpy.algorithms.dmrg:Running sweep with optimization
INFO:tenpy.algorithms.mps_common:start environment_sweep
INFO:tenpy.algorithms.dmrg:checkpoint after sweep 20
energy=0.6347997747735808, max S=0.2023164435984248, age=378, norm_err=4.8e-02
Current memory usage 232.9MB, wall time: 67.5s
Delta E = 1.6588e-02, Delta S = -2.6889e-01 (per sweep)
max trunc_err = 1.0740e-08, max E_trunc = 8.8107e-13
chi: [253, 252, 255, 249, 255, 252]
================================================================================
INFO:tenpy.tools.params:DMRG: reading 'max_E_err'=1e-08
INFO:tenpy.tools.params:DMRG: reading 'max_S_err'=1e-05
INFO:tenpy.algorithms.dmrg:Running sweep with optimization
INFO:tenpy.algorithms.mps_common:start environment_sweep
INFO:tenpy.algorithms.dmrg:checkpoint after sweep 30
energy=0.4413175223811431, max S=2.2643106452751374, age=558, norm_err=3.0e-02
Current memory usage 232.9MB, wall time: 72.0s
Delta E = -1.9348e-02, Delta S = 1.9677e-01 (per sweep)
max trunc_err = 6.0083e-09, max E_trunc = -4.5475e-12
chi: [256, 256, 256, 256, 256, 256]
================================================================================
INFO:tenpy.algorithms.dmrg:Running sweep with optimization
INFO:tenpy.algorithms.mps_common:start environment_sweep
INFO:tenpy.algorithms.dmrg:checkpoint after sweep 40
energy=0.3977147781277590, max S=1.2542557479550100, age=738, norm_err=9.7e-02
Current memory usage 232.9MB, wall time: 67.5s
Delta E = -4.3603e-03, Delta S = -1.1417e-01 (per sweep)
max trunc_err = 8.3382e-08, max E_trunc = 1.1369e-12
chi: [256, 256, 256, 256, 256, 256]
================================================================================
INFO:tenpy.algorithms.dmrg:Running sweep with optimization
INFO:tenpy.algorithms.mps_common:start environment_sweep
INFO:tenpy.algorithms.dmrg:checkpoint after sweep 50
energy=0.2803908043312191, max S=1.0573303317117859, age=918, norm_err=8.8e-03
Current memory usage 232.9MB, wall time: 66.9s
Delta E = -1.1732e-02, Delta S = -1.5245e-02 (per sweep)
max trunc_err = 1.2335e-07, max E_trunc = -2.2272e-09
chi: [256, 256, 256, 256, 256, 256]
================================================================================
INFO:tenpy.algorithms.dmrg:Running sweep with optimization
INFO:tenpy.algorithms.mps_common:start environment_sweep
INFO:tenpy.algorithms.dmrg:checkpoint after sweep 60
energy=0.4565957317056188, max S=3.0598533928935026, age=1098, norm_err=2.9e-02
Current memory usage 232.9MB, wall time: 68.6s
Delta E = 1.7620e-02, Delta S = 1.8757e-01 (per sweep)
max trunc_err = 1.4133e-07, max E_trunc = -1.0800e-10
chi: [256, 256, 256, 256, 256, 256]
================================================================================
INFO:tenpy.algorithms.dmrg:Running sweep with optimization
INFO:tenpy.algorithms.mps_common:start environment_sweep
INFO:tenpy.algorithms.dmrg:checkpoint after sweep 70
energy=0.3591337658298433, max S=1.8548989778659115, age=1278, norm_err=1.4e-01
Current memory usage 232.9MB, wall time: 83.2s
Delta E = -9.7462e-03, Delta S = -1.0072e-01 (per sweep)
max trunc_err = 1.0822e-09, max E_trunc = -1.3608e-10
chi: [256, 256, 256, 256, 256, 256]
================================================================================
INFO:tenpy.algorithms.dmrg:Running sweep with optimization
INFO:tenpy.algorithms.mps_common:start environment_sweep
INFO:tenpy.algorithms.dmrg:checkpoint after sweep 80
energy=0.0626826518387323, max S=2.6674981772620159, age=1458, norm_err=4.7e-02
Current memory usage 232.9MB, wall time: 69.8s
Delta E = -2.9645e-02, Delta S = 7.3073e-02 (per sweep)
max trunc_err = 2.1933e-07, max E_trunc = 2.7285e-12
chi: [256, 256, 256, 256, 256, 256]
================================================================================
INFO:tenpy.algorithms.dmrg:Running sweep with optimization
INFO:tenpy.algorithms.mps_common:start environment_sweep
INFO:tenpy.algorithms.dmrg:checkpoint after sweep 90
energy=0.5294141253072079, max S=1.3968108790875930, age=1638, norm_err=9.7e-02
Current memory usage 232.9MB, wall time: 63.9s
Delta E = 4.6673e-02, Delta S = -1.1735e-01 (per sweep)
max trunc_err = 2.0480e-08, max E_trunc = -3.3538e-11
chi: [256, 256, 256, 256, 256, 256]
================================================================================
INFO:tenpy.algorithms.dmrg:Running sweep with optimization
INFO:tenpy.algorithms.mps_common:start environment_sweep
INFO:tenpy.algorithms.dmrg:checkpoint after sweep 100
energy=0.2178562199404818, max S=0.7630062939639795, age=1818, norm_err=4.7e-02
Current memory usage 232.9MB, wall time: 69.0s
Delta E = -3.1156e-02, Delta S = -6.9779e-02 (per sweep)
max trunc_err = 2.5048e-08, max E_trunc = 3.1832e-12
chi: [246, 247, 248, 244, 244, 243]
================================================================================
INFO:tenpy.algorithms.dmrg:Running sweep with optimization
INFO:tenpy.algorithms.mps_common:start environment_sweep
INFO:tenpy.algorithms.dmrg:checkpoint after sweep 110
energy=0.3684353170003949, max S=2.6365784697347632, age=1998, norm_err=3.4e-02
Current memory usage 232.9MB, wall time: 70.0s
Delta E = 1.5058e-02, Delta S = 1.9182e-01 (per sweep)
max trunc_err = 4.7208e-08, max E_trunc = -5.6161e-11
chi: [256, 256, 256, 256, 256, 256]
================================================================================
INFO:tenpy.algorithms.mps_common:TwoSiteDMRGEngine: Maximum number of sweeps reached
INFO:tenpy.tools.params:DMRG: reading 'norm_tol'=1e-05
INFO:tenpy.tools.params:DMRG: reading 'norm_tol_final'=1e-10
INFO:tenpy.tools.params:DMRG: reading 'norm_tol_iter'=5
WARNING:tenpy.algorithms.dmrg:final DMRG state not in canonical form up to norm_tol=1.00e-05: norm_err=3.44e-02
INFO:tenpy.algorithms.mps_common:start environment_sweep
INFO:tenpy.algorithms.mps_common:start environment_sweep
WARNING:tenpy.algorithms.dmrg:final DMRG state not in canonical form up to norm_tol_final=1.00e-10: norm_err=1.17e-06, calling psi.canonical_form()
INFO:tenpy.algorithms.dmrg:TwoSiteDMRGEngine finished after 110 sweeps, max chi=256
INFO:tenpy.tools.params:DMRG: reading 'max_trunc_err'=0.0001
INFO:tenpy.tools.params:MixedHofstadterLandauGauge_Pi_2: reading 'explicit_plus_hc'=False
INFO:tenpy.tools.params:MixedHofstadterLandauGauge_Pi_2: reading 'Lx'=2
INFO:tenpy.tools.params:MixedHofstadterLandauGauge_Pi_2: setting 'N_rings'=2
INFO:tenpy.tools.params:MixedHofstadterLandauGauge_Pi_2: reading 'xy_lattice'='Square'
INFO:tenpy.tools.params:MixedHofstadterLandauGauge_Pi_2: reading 'Ly'=3
INFO:tenpy.tools.params:MixedHofstadterLandauGauge_Pi_2: reading 'ring_order'=None
INFO:tenpy.tools.params:MixedHofstadterLandauGauge_Pi_2: reading 'conserve_k'=True
INFO:tenpy.tools.params:MixedHofstadterLandauGauge_Pi_2: reading 'bc_MPS'='infinite'
INFO:tenpy.tools.params:MixedHofstadterLandauGauge_Pi_2: reading 't'=-1
INFO:tenpy.tools.params:MixedHofstadterLandauGauge_Pi_2: reading 't2'=-0.25
INFO:tenpy.tools.params:MixedHofstadterLandauGauge_Pi_2: reading 'V1'=0.6
INFO:tenpy.tools.params:MixedHofstadterLandauGauge_Pi_2: reading 'phi_ext'=np.float64(1.2000000000000002)
INFO:tenpy.tools.params:MixedHofstadterLandauGauge_Pi_2: reading 'sort_mpo_legs'=False
/home/t30/kna/ge54yin/Documents/MasterThesisFQHinTMDs/MPS_stuff/MPScalculations/.venv/lib/python3.12/site-packages/tenpy/tools/params.py:232: UserWarning: unused options for config MixedHofstadterLandauGauge_Pi_2:
['Delta', 'N_rings', 'Nsec', 'bc', 'chi_max', 'ktot', 'saveAll']
  warnings.warn(msg.format(keys=sorted(unused), name=self.name))
INFO:tenpy.tools.params:DMRG: reading 'active_sites'=2
INFO:tenpy.tools.params:DMRG: reading 'diag_method'='default'
INFO:tenpy.tools.params:DMRG: subconfig 'trunc_params'=Config(<5 options>, 'trunc_params')
INFO:tenpy.tools.params:DMRG: reading 'max_N_sites_per_ring'=18
INFO:tenpy.tools.params:DMRG: reading 'combine'=False
INFO:tenpy.tools.params:DMRG: subconfig 'lanczos_params'=Config(<9 options>, 'lanczos_params')
INFO:tenpy.tools.params:DMRG: reading 'chi_list'=None
INFO:tenpy.tools.params:DMRG: reading 'start_env'=1
INFO:tenpy.algorithms.mps_common:start environment_sweep
INFO:tenpy.tools.params:DMRG: reading 'N_sweeps_check'=10
INFO:tenpy.tools.params:DMRG: subconfig 'mixer_params'=Config(<3 options>, 'mixer_params')
INFO:tenpy.tools.params:DMRG: reading 'mixer'=None
INFO:tenpy.tools.params:DMRG: reading 'max_sweeps'=100
INFO:tenpy.tools.params:DMRG: reading 'max_hours'=8760
INFO:tenpy.tools.params:DMRG: reading 'P_tol_to_trunc'=0.05
INFO:tenpy.tools.params:DMRG: reading 'P_tol_min'=5.0000000000000004e-30
INFO:tenpy.tools.params:DMRG: reading 'P_tol_max'=0.0001
INFO:tenpy.tools.params:DMRG: reading 'E_tol_to_trunc'=None
INFO:tenpy.algorithms.dmrg:Running sweep with optimization
INFO:tenpy.tools.params:DMRG: reading 'max_N_for_ED'=400
INFO:tenpy.tools.params:DMRG: reading 'update_env'=5
INFO:tenpy.algorithms.mps_common:start environment_sweep
INFO:tenpy.algorithms.dmrg:checkpoint after sweep 10
energy=0.3257845073804144, max S=2.3682558769686644, age=198, norm_err=1.2e-01
Current memory usage 232.9MB, wall time: 79.5s
Delta E = nan, Delta S = -5.4825e-03 (per sweep)
max trunc_err = 7.3140e-09, max E_trunc = -2.9223e-10
chi: [256, 256, 256, 256, 256, 256]
================================================================================
INFO:tenpy.algorithms.dmrg:Running sweep with optimization
INFO:tenpy.algorithms.mps_common:start environment_sweep
INFO:tenpy.algorithms.dmrg:checkpoint after sweep 20
energy=0.4845626798439824, max S=1.4470339894500435, age=378, norm_err=5.8e-02
Current memory usage 232.9MB, wall time: 69.6s
Delta E = 1.5878e-02, Delta S = -9.2548e-02 (per sweep)
max trunc_err = 4.7277e-08, max E_trunc = 2.1316e-12
chi: [256, 256, 256, 256, 256, 256]
================================================================================
INFO:tenpy.tools.params:DMRG: reading 'max_E_err'=1e-08
INFO:tenpy.tools.params:DMRG: reading 'max_S_err'=1e-05
INFO:tenpy.algorithms.dmrg:Running sweep with optimization
INFO:tenpy.algorithms.mps_common:start environment_sweep
INFO:tenpy.algorithms.dmrg:checkpoint after sweep 30
energy=0.4355694251226794, max S=2.9875721473004262, age=558, norm_err=1.6e-02
Current memory usage 232.9MB, wall time: 69.0s
Delta E = -4.8993e-03, Delta S = 1.5219e-01 (per sweep)
max trunc_err = 3.5889e-08, max E_trunc = -9.6964e-10
chi: [256, 256, 256, 256, 256, 256]
================================================================================
INFO:tenpy.algorithms.dmrg:Running sweep with optimization
INFO:tenpy.algorithms.mps_common:start environment_sweep
INFO:tenpy.algorithms.dmrg:checkpoint after sweep 40
energy=0.2856349005357307, max S=2.3189734552005161, age=738, norm_err=2.3e-02
Current memory usage 232.9MB, wall time: 68.4s
Delta E = -1.4993e-02, Delta S = -6.8173e-02 (per sweep)
max trunc_err = 4.2096e-08, max E_trunc = 7.9581e-13
chi: [256, 256, 256, 256, 256, 256]
================================================================================
INFO:tenpy.algorithms.dmrg:Running sweep with optimization
INFO:tenpy.algorithms.mps_common:start environment_sweep
INFO:tenpy.algorithms.dmrg:checkpoint after sweep 50
energy=0.1206951566094337, max S=3.5158711920138397, age=918, norm_err=1.8e-02
Current memory usage 232.9MB, wall time: 77.4s
Delta E = -1.6494e-02, Delta S = 1.2175e-01 (per sweep)
max trunc_err = 4.1814e-09, max E_trunc = -1.4268e-10
chi: [256, 256, 256, 256, 256, 256]
================================================================================
INFO:tenpy.algorithms.dmrg:Running sweep with optimization
INFO:tenpy.algorithms.mps_common:start environment_sweep
INFO:tenpy.algorithms.dmrg:checkpoint after sweep 60
energy=0.4432855584623212, max S=1.5260974709879331, age=1098, norm_err=4.5e-02
Current memory usage 232.9MB, wall time: 68.6s
Delta E = 3.2259e-02, Delta S = -1.9842e-01 (per sweep)
max trunc_err = 9.7797e-08, max E_trunc = 1.1369e-12
chi: [256, 256, 256, 255, 256, 256]
================================================================================
INFO:tenpy.algorithms.dmrg:Running sweep with optimization
INFO:tenpy.algorithms.mps_common:start environment_sweep
INFO:tenpy.algorithms.dmrg:checkpoint after sweep 70
energy=0.3579716905248820, max S=2.7073933313524687, age=1278, norm_err=4.5e-02
Current memory usage 232.9MB, wall time: 68.5s
Delta E = -8.5314e-03, Delta S = 1.0321e-01 (per sweep)
max trunc_err = 3.2551e-08, max E_trunc = -5.5707e-11
chi: [256, 256, 256, 256, 256, 256]
================================================================================
INFO:tenpy.algorithms.dmrg:Running sweep with optimization
INFO:tenpy.algorithms.mps_common:start environment_sweep
INFO:tenpy.algorithms.dmrg:checkpoint after sweep 80
energy=0.5901989569965357, max S=0.9428027382737524, age=1458, norm_err=3.2e-02
Current memory usage 232.9MB, wall time: 67.1s
Delta E = 2.3223e-02, Delta S = -1.6288e-01 (per sweep)
max trunc_err = 3.9603e-08, max E_trunc = 6.8212e-13
chi: [256, 256, 256, 256, 256, 256]
================================================================================
INFO:tenpy.algorithms.dmrg:Running sweep with optimization
INFO:tenpy.algorithms.mps_common:start environment_sweep
INFO:tenpy.algorithms.dmrg:checkpoint after sweep 90
energy=0.3765156362084004, max S=2.3305721677057236, age=1638, norm_err=1.9e-01
Current memory usage 232.9MB, wall time: 79.6s
Delta E = -2.1368e-02, Delta S = 1.3107e-01 (per sweep)
max trunc_err = 5.9531e-09, max E_trunc = -7.3555e-11
chi: [256, 256, 256, 256, 256, 256]
================================================================================
INFO:tenpy.algorithms.dmrg:Running sweep with optimization
INFO:tenpy.algorithms.mps_common:start environment_sweep
INFO:tenpy.algorithms.dmrg:checkpoint after sweep 100
energy=0.2957337660731222, max S=1.1080981182782952, age=1818, norm_err=5.4e-02
Current memory usage 232.9MB, wall time: 71.8s
Delta E = -8.0782e-03, Delta S = -1.1342e-01 (per sweep)
max trunc_err = 1.3385e-08, max E_trunc = 2.1600e-12
chi: [256, 256, 256, 256, 256, 256]
================================================================================
INFO:tenpy.algorithms.dmrg:Running sweep with optimization
INFO:tenpy.algorithms.mps_common:start environment_sweep
INFO:tenpy.algorithms.dmrg:checkpoint after sweep 110
energy=0.3307691703735618, max S=2.2627573110420744, age=1998, norm_err=1.7e-02
Current memory usage 232.9MB, wall time: 80.6s
Delta E = 3.5035e-03, Delta S = 1.0791e-01 (per sweep)
max trunc_err = 1.4610e-08, max E_trunc = -2.9263e-10
chi: [256, 256, 256, 256, 256, 256]
================================================================================
INFO:tenpy.algorithms.mps_common:TwoSiteDMRGEngine: Maximum number of sweeps reached
INFO:tenpy.tools.params:DMRG: reading 'norm_tol'=1e-05
INFO:tenpy.tools.params:DMRG: reading 'norm_tol_final'=1e-10
INFO:tenpy.tools.params:DMRG: reading 'norm_tol_iter'=5
WARNING:tenpy.algorithms.dmrg:final DMRG state not in canonical form up to norm_tol=1.00e-05: norm_err=1.71e-02
INFO:tenpy.algorithms.mps_common:start environment_sweep
INFO:tenpy.algorithms.mps_common:start environment_sweep
WARNING:tenpy.algorithms.dmrg:final DMRG state not in canonical form up to norm_tol_final=1.00e-10: norm_err=1.50e-06, calling psi.canonical_form()
INFO:tenpy.algorithms.dmrg:TwoSiteDMRGEngine finished after 110 sweeps, max chi=256
INFO:tenpy.tools.params:DMRG: reading 'max_trunc_err'=0.0001
INFO:tenpy.tools.params:MixedHofstadterLandauGauge_Pi_2: reading 'explicit_plus_hc'=False
INFO:tenpy.tools.params:MixedHofstadterLandauGauge_Pi_2: reading 'Lx'=2
INFO:tenpy.tools.params:MixedHofstadterLandauGauge_Pi_2: setting 'N_rings'=2
INFO:tenpy.tools.params:MixedHofstadterLandauGauge_Pi_2: reading 'xy_lattice'='Square'
INFO:tenpy.tools.params:MixedHofstadterLandauGauge_Pi_2: reading 'Ly'=3
INFO:tenpy.tools.params:MixedHofstadterLandauGauge_Pi_2: reading 'ring_order'=None
INFO:tenpy.tools.params:MixedHofstadterLandauGauge_Pi_2: reading 'conserve_k'=True
INFO:tenpy.tools.params:MixedHofstadterLandauGauge_Pi_2: reading 'bc_MPS'='infinite'
INFO:tenpy.tools.params:MixedHofstadterLandauGauge_Pi_2: reading 't'=-1
INFO:tenpy.tools.params:MixedHofstadterLandauGauge_Pi_2: reading 't2'=-0.25
INFO:tenpy.tools.params:MixedHofstadterLandauGauge_Pi_2: reading 'V1'=0.6
INFO:tenpy.tools.params:MixedHofstadterLandauGauge_Pi_2: reading 'phi_ext'=np.float64(1.25)
INFO:tenpy.tools.params:MixedHofstadterLandauGauge_Pi_2: reading 'sort_mpo_legs'=False
/home/t30/kna/ge54yin/Documents/MasterThesisFQHinTMDs/MPS_stuff/MPScalculations/.venv/lib/python3.12/site-packages/tenpy/tools/params.py:232: UserWarning: unused options for config MixedHofstadterLandauGauge_Pi_2:
['Delta', 'N_rings', 'Nsec', 'bc', 'chi_max', 'ktot', 'saveAll']
  warnings.warn(msg.format(keys=sorted(unused), name=self.name))
INFO:tenpy.tools.params:DMRG: reading 'active_sites'=2
INFO:tenpy.tools.params:DMRG: reading 'diag_method'='default'
INFO:tenpy.tools.params:DMRG: subconfig 'trunc_params'=Config(<5 options>, 'trunc_params')
INFO:tenpy.tools.params:DMRG: reading 'max_N_sites_per_ring'=18
INFO:tenpy.tools.params:DMRG: reading 'combine'=False
INFO:tenpy.tools.params:DMRG: subconfig 'lanczos_params'=Config(<9 options>, 'lanczos_params')
INFO:tenpy.tools.params:DMRG: reading 'chi_list'=None
INFO:tenpy.tools.params:DMRG: reading 'start_env'=1
INFO:tenpy.algorithms.mps_common:start environment_sweep
INFO:tenpy.tools.params:DMRG: reading 'N_sweeps_check'=10
INFO:tenpy.tools.params:DMRG: subconfig 'mixer_params'=Config(<3 options>, 'mixer_params')
INFO:tenpy.tools.params:DMRG: reading 'mixer'=None
INFO:tenpy.tools.params:DMRG: reading 'max_sweeps'=100
INFO:tenpy.tools.params:DMRG: reading 'max_hours'=8760
INFO:tenpy.tools.params:DMRG: reading 'P_tol_to_trunc'=0.05
INFO:tenpy.tools.params:DMRG: reading 'P_tol_min'=5.0000000000000004e-30
INFO:tenpy.tools.params:DMRG: reading 'P_tol_max'=0.0001
INFO:tenpy.tools.params:DMRG: reading 'E_tol_to_trunc'=None
INFO:tenpy.algorithms.dmrg:Running sweep with optimization
INFO:tenpy.tools.params:DMRG: reading 'max_N_for_ED'=400
INFO:tenpy.tools.params:DMRG: reading 'update_env'=5
INFO:tenpy.algorithms.mps_common:start environment_sweep
INFO:tenpy.algorithms.dmrg:checkpoint after sweep 10
energy=0.4040035110410448, max S=2.9504197929224873, age=198, norm_err=2.2e-02
Current memory usage 241.1MB, wall time: 77.3s
Delta E = nan, Delta S = 7.7652e-02 (per sweep)
max trunc_err = 1.1575e-08, max E_trunc = -4.0578e-09
chi: [256, 256, 256, 256, 256, 256]
================================================================================
INFO:tenpy.algorithms.dmrg:Running sweep with optimization
INFO:tenpy.algorithms.mps_common:start environment_sweep
INFO:tenpy.algorithms.dmrg:checkpoint after sweep 20
energy=0.4694976799840826, max S=2.3385697413324906, age=378, norm_err=5.3e-03
Current memory usage 241.1MB, wall time: 69.8s
Delta E = 6.5494e-03, Delta S = -5.8689e-02 (per sweep)
max trunc_err = 4.5050e-08, max E_trunc = 2.1316e-12
chi: [256, 256, 256, 255, 256, 256]
================================================================================
INFO:tenpy.tools.params:DMRG: reading 'max_E_err'=1e-08
INFO:tenpy.tools.params:DMRG: reading 'max_S_err'=1e-05
INFO:tenpy.algorithms.dmrg:Running sweep with optimization
INFO:tenpy.algorithms.mps_common:start environment_sweep
INFO:tenpy.algorithms.dmrg:checkpoint after sweep 30
energy=0.4214959667415386, max S=2.4416544132817037, age=558, norm_err=1.1e-02
Current memory usage 241.1MB, wall time: 67.7s
Delta E = -4.8002e-03, Delta S = 1.3779e-02 (per sweep)
max trunc_err = 2.3019e-08, max E_trunc = 1.7621e-12
chi: [256, 256, 256, 256, 256, 256]
================================================================================
INFO:tenpy.algorithms.dmrg:Running sweep with optimization
INFO:tenpy.algorithms.mps_common:start environment_sweep
INFO:tenpy.algorithms.dmrg:checkpoint after sweep 40
energy=0.3702584459648790, max S=3.6417395109540243, age=738, norm_err=2.0e-02
Current memory usage 241.1MB, wall time: 78.1s
Delta E = -5.1238e-03, Delta S = 1.2160e-01 (per sweep)
max trunc_err = 2.7442e-08, max E_trunc = -1.6960e-09
chi: [256, 256, 256, 256, 256, 256]
================================================================================
INFO:tenpy.algorithms.dmrg:Running sweep with optimization
INFO:tenpy.algorithms.mps_common:start environment_sweep
INFO:tenpy.algorithms.dmrg:checkpoint after sweep 50
energy=0.4925755927641404, max S=2.0111059675592449, age=918, norm_err=1.9e-02
Current memory usage 241.1MB, wall time: 67.8s
Delta E = 1.2232e-02, Delta S = -1.6590e-01 (per sweep)
max trunc_err = 1.6305e-07, max E_trunc = 1.5916e-12
chi: [256, 256, 256, 256, 256, 256]
================================================================================
INFO:tenpy.algorithms.dmrg:Running sweep with optimization
INFO:tenpy.algorithms.mps_common:start environment_sweep
INFO:tenpy.algorithms.dmrg:checkpoint after sweep 60
energy=0.4514090761542633, max S=1.8506775414035292, age=1098, norm_err=9.3e-02
Current memory usage 241.1MB, wall time: 66.0s
Delta E = -4.1167e-03, Delta S = -3.1108e-02 (per sweep)
max trunc_err = 5.1067e-08, max E_trunc = -5.6843e-12
chi: [256, 256, 256, 256, 256, 256]
================================================================================
INFO:tenpy.algorithms.dmrg:Running sweep with optimization
INFO:tenpy.algorithms.mps_common:start environment_sweep
INFO:tenpy.algorithms.dmrg:checkpoint after sweep 70
energy=0.5004739767789109, max S=2.1672187621372667, age=1278, norm_err=1.8e-02
Current memory usage 241.1MB, wall time: 63.5s
Delta E = 4.9065e-03, Delta S = 4.0788e-02 (per sweep)
max trunc_err = 5.6451e-08, max E_trunc = 0.0000e+00
chi: [256, 256, 256, 254, 256, 256]
================================================================================
INFO:tenpy.algorithms.dmrg:Running sweep with optimization
INFO:tenpy.algorithms.mps_common:start environment_sweep
INFO:tenpy.algorithms.dmrg:checkpoint after sweep 80
energy=0.6518720815635201, max S=0.4204523135381329, age=1458, norm_err=5.6e-04
Current memory usage 241.1MB, wall time: 66.4s
Delta E = 1.5140e-02, Delta S = -1.6444e-01 (per sweep)
max trunc_err = 3.8247e-08, max E_trunc = 7.9581e-13
chi: [255, 254, 256, 252, 254, 253]
================================================================================
INFO:tenpy.algorithms.dmrg:Running sweep with optimization
INFO:tenpy.algorithms.mps_common:start environment_sweep
INFO:tenpy.algorithms.dmrg:checkpoint after sweep 90
energy=0.5175090966178288, max S=2.0406752826982753, age=1638, norm_err=1.1e-02
Current memory usage 241.1MB, wall time: 67.9s
Delta E = -1.3436e-02, Delta S = 1.4325e-01 (per sweep)
max trunc_err = 1.3473e-08, max E_trunc = -1.0118e-11
chi: [256, 256, 256, 256, 256, 256]
================================================================================
INFO:tenpy.algorithms.dmrg:Running sweep with optimization
INFO:tenpy.algorithms.mps_common:start environment_sweep
INFO:tenpy.algorithms.dmrg:checkpoint after sweep 100
energy=0.4667344142494585, max S=2.7696915048784891, age=1818, norm_err=2.9e-02
Current memory usage 241.1MB, wall time: 82.0s
Delta E = -5.0775e-03, Delta S = 6.3724e-02 (per sweep)
max trunc_err = 8.8705e-09, max E_trunc = -8.0081e-10
chi: [256, 256, 256, 256, 256, 256]
================================================================================
INFO:tenpy.algorithms.dmrg:Running sweep with optimization
INFO:tenpy.algorithms.mps_common:start environment_sweep
INFO:tenpy.algorithms.dmrg:checkpoint after sweep 110
energy=0.4140621545090539, max S=2.6258525388878846, age=1998, norm_err=6.2e-02
Current memory usage 241.1MB, wall time: 81.7s
Delta E = -5.2672e-03, Delta S = -1.1180e-02 (per sweep)
max trunc_err = 5.1861e-09, max E_trunc = -5.9094e-10
chi: [256, 256, 256, 256, 256, 256]
================================================================================
INFO:tenpy.algorithms.mps_common:TwoSiteDMRGEngine: Maximum number of sweeps reached
INFO:tenpy.tools.params:DMRG: reading 'norm_tol'=1e-05
INFO:tenpy.tools.params:DMRG: reading 'norm_tol_final'=1e-10
INFO:tenpy.tools.params:DMRG: reading 'norm_tol_iter'=5
WARNING:tenpy.algorithms.dmrg:final DMRG state not in canonical form up to norm_tol=1.00e-05: norm_err=6.22e-02
INFO:tenpy.algorithms.mps_common:start environment_sweep
INFO:tenpy.algorithms.mps_common:start environment_sweep
INFO:tenpy.algorithms.mps_common:start environment_sweep
WARNING:tenpy.algorithms.dmrg:final DMRG state not in canonical form up to norm_tol_final=1.00e-10: norm_err=2.42e-06, calling psi.canonical_form()
INFO:tenpy.algorithms.dmrg:TwoSiteDMRGEngine finished after 110 sweeps, max chi=255
INFO:tenpy.tools.params:DMRG: reading 'max_trunc_err'=0.0001
INFO:tenpy.tools.params:MixedHofstadterLandauGauge_Pi_2: reading 'explicit_plus_hc'=False
INFO:tenpy.tools.params:MixedHofstadterLandauGauge_Pi_2: reading 'Lx'=2
INFO:tenpy.tools.params:MixedHofstadterLandauGauge_Pi_2: setting 'N_rings'=2
INFO:tenpy.tools.params:MixedHofstadterLandauGauge_Pi_2: reading 'xy_lattice'='Square'
INFO:tenpy.tools.params:MixedHofstadterLandauGauge_Pi_2: reading 'Ly'=3
INFO:tenpy.tools.params:MixedHofstadterLandauGauge_Pi_2: reading 'ring_order'=None
INFO:tenpy.tools.params:MixedHofstadterLandauGauge_Pi_2: reading 'conserve_k'=True
INFO:tenpy.tools.params:MixedHofstadterLandauGauge_Pi_2: reading 'bc_MPS'='infinite'
INFO:tenpy.tools.params:MixedHofstadterLandauGauge_Pi_2: reading 't'=-1
INFO:tenpy.tools.params:MixedHofstadterLandauGauge_Pi_2: reading 't2'=-0.25
INFO:tenpy.tools.params:MixedHofstadterLandauGauge_Pi_2: reading 'V1'=0.6
INFO:tenpy.tools.params:MixedHofstadterLandauGauge_Pi_2: reading 'phi_ext'=np.float64(1.3)
INFO:tenpy.tools.params:MixedHofstadterLandauGauge_Pi_2: reading 'sort_mpo_legs'=False
/home/t30/kna/ge54yin/Documents/MasterThesisFQHinTMDs/MPS_stuff/MPScalculations/.venv/lib/python3.12/site-packages/tenpy/tools/params.py:232: UserWarning: unused options for config MixedHofstadterLandauGauge_Pi_2:
['Delta', 'N_rings', 'Nsec', 'bc', 'chi_max', 'ktot', 'saveAll']
  warnings.warn(msg.format(keys=sorted(unused), name=self.name))
INFO:tenpy.tools.params:DMRG: reading 'active_sites'=2
INFO:tenpy.tools.params:DMRG: reading 'diag_method'='default'
INFO:tenpy.tools.params:DMRG: subconfig 'trunc_params'=Config(<5 options>, 'trunc_params')
INFO:tenpy.tools.params:DMRG: reading 'max_N_sites_per_ring'=18
INFO:tenpy.tools.params:DMRG: reading 'combine'=False
INFO:tenpy.tools.params:DMRG: subconfig 'lanczos_params'=Config(<9 options>, 'lanczos_params')
INFO:tenpy.tools.params:DMRG: reading 'chi_list'=None
INFO:tenpy.tools.params:DMRG: reading 'start_env'=1
INFO:tenpy.algorithms.mps_common:start environment_sweep
INFO:tenpy.tools.params:DMRG: reading 'N_sweeps_check'=10
INFO:tenpy.tools.params:DMRG: subconfig 'mixer_params'=Config(<3 options>, 'mixer_params')
INFO:tenpy.tools.params:DMRG: reading 'mixer'=None
INFO:tenpy.tools.params:DMRG: reading 'max_sweeps'=100
INFO:tenpy.tools.params:DMRG: reading 'max_hours'=8760
INFO:tenpy.tools.params:DMRG: reading 'P_tol_to_trunc'=0.05
INFO:tenpy.tools.params:DMRG: reading 'P_tol_min'=5.0000000000000004e-30
INFO:tenpy.tools.params:DMRG: reading 'P_tol_max'=0.0001
INFO:tenpy.tools.params:DMRG: reading 'E_tol_to_trunc'=None
INFO:tenpy.algorithms.dmrg:Running sweep with optimization
INFO:tenpy.tools.params:DMRG: reading 'max_N_for_ED'=400
INFO:tenpy.tools.params:DMRG: reading 'update_env'=5
INFO:tenpy.algorithms.mps_common:start environment_sweep
INFO:tenpy.algorithms.dmrg:checkpoint after sweep 10
energy=0.3061143310963684, max S=3.0074101945169218, age=198, norm_err=2.1e-02
Current memory usage 241.1MB, wall time: 76.3s
Delta E = nan, Delta S = 5.7386e-02 (per sweep)
max trunc_err = 4.1737e-08, max E_trunc = -2.8355e-09
chi: [256, 256, 256, 256, 256, 256]
================================================================================
INFO:tenpy.algorithms.dmrg:Running sweep with optimization
INFO:tenpy.algorithms.mps_common:start environment_sweep
INFO:tenpy.algorithms.dmrg:checkpoint after sweep 20
energy=0.3349025594871454, max S=3.2807944375730367, age=378, norm_err=2.3e-02
Current memory usage 241.1MB, wall time: 78.1s
Delta E = 2.8788e-03, Delta S = 2.0396e-02 (per sweep)
max trunc_err = 5.1512e-09, max E_trunc = -2.1483e-09
chi: [256, 256, 256, 256, 256, 256]
================================================================================
INFO:tenpy.tools.params:DMRG: reading 'max_E_err'=1e-08
INFO:tenpy.tools.params:DMRG: reading 'max_S_err'=1e-05
INFO:tenpy.algorithms.dmrg:Running sweep with optimization
INFO:tenpy.algorithms.mps_common:start environment_sweep
INFO:tenpy.algorithms.dmrg:checkpoint after sweep 30
energy=0.4379018348509523, max S=1.8167513904072965, age=558, norm_err=4.0e-02
Current memory usage 241.1MB, wall time: 70.4s
Delta E = 1.0300e-02, Delta S = -1.4002e-01 (per sweep)
max trunc_err = 1.0737e-07, max E_trunc = 1.4779e-12
chi: [256, 256, 256, 255, 256, 256]
================================================================================
INFO:tenpy.algorithms.dmrg:Running sweep with optimization
INFO:tenpy.algorithms.mps_common:start environment_sweep
INFO:tenpy.algorithms.dmrg:checkpoint after sweep 40
energy=0.4860361387756598, max S=2.2385847152665201, age=738, norm_err=6.8e-02
Current memory usage 241.1MB, wall time: 67.8s
Delta E = 4.8134e-03, Delta S = 4.0045e-02 (per sweep)
max trunc_err = 2.8144e-08, max E_trunc = 5.0022e-12
chi: [256, 256, 256, 256, 256, 256]
================================================================================
INFO:tenpy.algorithms.dmrg:Running sweep with optimization
INFO:tenpy.algorithms.mps_common:start environment_sweep
INFO:tenpy.algorithms.dmrg:checkpoint after sweep 50
energy=0.4758931382476324, max S=2.2950326922961164, age=918, norm_err=2.0e-02
Current memory usage 241.1MB, wall time: 72.1s
Delta E = -1.0143e-03, Delta S = -9.0823e-03 (per sweep)
max trunc_err = 1.0939e-07, max E_trunc = -4.7351e-11
chi: [256, 256, 256, 256, 256, 256]
================================================================================
INFO:tenpy.algorithms.dmrg:Running sweep with optimization
INFO:tenpy.algorithms.mps_common:start environment_sweep
INFO:tenpy.algorithms.dmrg:checkpoint after sweep 60
energy=0.4462838923230995, max S=2.6859024825483635, age=1098, norm_err=3.4e-02
Current memory usage 241.1MB, wall time: 80.4s
Delta E = -2.9609e-03, Delta S = 4.4523e-02 (per sweep)
max trunc_err = 2.9902e-08, max E_trunc = -4.4213e-10
chi: [256, 256, 256, 256, 256, 256]
================================================================================
INFO:tenpy.algorithms.dmrg:Running sweep with optimization
INFO:tenpy.algorithms.mps_common:start environment_sweep
INFO:tenpy.algorithms.dmrg:checkpoint after sweep 70
energy=0.4796599902652663, max S=2.5630859114878657, age=1278, norm_err=8.2e-02
Current memory usage 241.1MB, wall time: 79.8s
Delta E = 3.3376e-03, Delta S = -6.7568e-03 (per sweep)
max trunc_err = 9.0281e-09, max E_trunc = -6.0504e-10
chi: [256, 256, 256, 256, 256, 256]
================================================================================
INFO:tenpy.algorithms.dmrg:Running sweep with optimization
INFO:tenpy.algorithms.mps_common:start environment_sweep
INFO:tenpy.algorithms.dmrg:checkpoint after sweep 80
energy=0.4313885470739460, max S=2.7377417499892442, age=1458, norm_err=7.2e-02
Current memory usage 241.1MB, wall time: 78.3s
Delta E = -4.8271e-03, Delta S = 9.7251e-03 (per sweep)
max trunc_err = 1.8910e-08, max E_trunc = -1.4717e-09
chi: [256, 256, 256, 255, 256, 256]
================================================================================
INFO:tenpy.algorithms.dmrg:Running sweep with optimization
INFO:tenpy.algorithms.mps_common:start environment_sweep
INFO:tenpy.algorithms.dmrg:checkpoint after sweep 90
energy=0.3894683922037245, max S=1.8824676536489942, age=1638, norm_err=8.4e-02
Current memory usage 241.1MB, wall time: 83.2s
Delta E = -4.1920e-03, Delta S = -8.2216e-02 (per sweep)
max trunc_err = 1.7605e-08, max E_trunc = -4.8442e-10
chi: [256, 256, 256, 256, 256, 256]
================================================================================
INFO:tenpy.algorithms.dmrg:Running sweep with optimization
INFO:tenpy.algorithms.mps_common:start environment_sweep
INFO:tenpy.algorithms.dmrg:checkpoint after sweep 100
energy=0.3866098345874510, max S=2.3850933263119307, age=1818, norm_err=3.6e-02
Current memory usage 241.1MB, wall time: 79.9s
Delta E = -2.8586e-04, Delta S = 6.1824e-02 (per sweep)
max trunc_err = 4.2252e-08, max E_trunc = -4.3087e-10
chi: [256, 256, 256, 256, 256, 256]
================================================================================
INFO:tenpy.algorithms.dmrg:Running sweep with optimization
INFO:tenpy.algorithms.mps_common:start environment_sweep
INFO:tenpy.algorithms.dmrg:checkpoint after sweep 110
energy=0.3046236798777121, max S=2.6032823750108349, age=1998, norm_err=5.6e-02
Current memory usage 241.1MB, wall time: 79.2s
Delta E = -8.1986e-03, Delta S = 6.0931e-03 (per sweep)
max trunc_err = 1.1011e-08, max E_trunc = -8.7620e-09
chi: [256, 256, 256, 256, 256, 256]
================================================================================
INFO:tenpy.algorithms.mps_common:TwoSiteDMRGEngine: Maximum number of sweeps reached
INFO:tenpy.tools.params:DMRG: reading 'norm_tol'=1e-05
INFO:tenpy.tools.params:DMRG: reading 'norm_tol_final'=1e-10
INFO:tenpy.tools.params:DMRG: reading 'norm_tol_iter'=5
WARNING:tenpy.algorithms.dmrg:final DMRG state not in canonical form up to norm_tol=1.00e-05: norm_err=5.57e-02
INFO:tenpy.algorithms.mps_common:start environment_sweep
INFO:tenpy.algorithms.mps_common:start environment_sweep
INFO:tenpy.algorithms.mps_common:start environment_sweep
INFO:tenpy.algorithms.mps_common:start environment_sweep
WARNING:tenpy.algorithms.dmrg:final DMRG state not in canonical form up to norm_tol_final=1.00e-10: norm_err=1.01e-06, calling psi.canonical_form()
INFO:tenpy.algorithms.dmrg:TwoSiteDMRGEngine finished after 110 sweeps, max chi=256
INFO:tenpy.tools.params:DMRG: reading 'max_trunc_err'=0.0001
INFO:tenpy.tools.params:MixedHofstadterLandauGauge_Pi_2: reading 'explicit_plus_hc'=False
INFO:tenpy.tools.params:MixedHofstadterLandauGauge_Pi_2: reading 'Lx'=2
INFO:tenpy.tools.params:MixedHofstadterLandauGauge_Pi_2: setting 'N_rings'=2
INFO:tenpy.tools.params:MixedHofstadterLandauGauge_Pi_2: reading 'xy_lattice'='Square'
INFO:tenpy.tools.params:MixedHofstadterLandauGauge_Pi_2: reading 'Ly'=3
INFO:tenpy.tools.params:MixedHofstadterLandauGauge_Pi_2: reading 'ring_order'=None
INFO:tenpy.tools.params:MixedHofstadterLandauGauge_Pi_2: reading 'conserve_k'=True
INFO:tenpy.tools.params:MixedHofstadterLandauGauge_Pi_2: reading 'bc_MPS'='infinite'
INFO:tenpy.tools.params:MixedHofstadterLandauGauge_Pi_2: reading 't'=-1
INFO:tenpy.tools.params:MixedHofstadterLandauGauge_Pi_2: reading 't2'=-0.25
INFO:tenpy.tools.params:MixedHofstadterLandauGauge_Pi_2: reading 'V1'=0.6
INFO:tenpy.tools.params:MixedHofstadterLandauGauge_Pi_2: reading 'phi_ext'=np.float64(1.35)
INFO:tenpy.tools.params:MixedHofstadterLandauGauge_Pi_2: reading 'sort_mpo_legs'=False
/home/t30/kna/ge54yin/Documents/MasterThesisFQHinTMDs/MPS_stuff/MPScalculations/.venv/lib/python3.12/site-packages/tenpy/tools/params.py:232: UserWarning: unused options for config MixedHofstadterLandauGauge_Pi_2:
['Delta', 'N_rings', 'Nsec', 'bc', 'chi_max', 'ktot', 'saveAll']
  warnings.warn(msg.format(keys=sorted(unused), name=self.name))
INFO:tenpy.tools.params:DMRG: reading 'active_sites'=2
INFO:tenpy.tools.params:DMRG: reading 'diag_method'='default'
INFO:tenpy.tools.params:DMRG: subconfig 'trunc_params'=Config(<5 options>, 'trunc_params')
INFO:tenpy.tools.params:DMRG: reading 'max_N_sites_per_ring'=18
INFO:tenpy.tools.params:DMRG: reading 'combine'=False
INFO:tenpy.tools.params:DMRG: subconfig 'lanczos_params'=Config(<9 options>, 'lanczos_params')
INFO:tenpy.tools.params:DMRG: reading 'chi_list'=None
INFO:tenpy.tools.params:DMRG: reading 'start_env'=1
INFO:tenpy.algorithms.mps_common:start environment_sweep
INFO:tenpy.tools.params:DMRG: reading 'N_sweeps_check'=10
INFO:tenpy.tools.params:DMRG: subconfig 'mixer_params'=Config(<3 options>, 'mixer_params')
INFO:tenpy.tools.params:DMRG: reading 'mixer'=None
INFO:tenpy.tools.params:DMRG: reading 'max_sweeps'=100
INFO:tenpy.tools.params:DMRG: reading 'max_hours'=8760
INFO:tenpy.tools.params:DMRG: reading 'P_tol_to_trunc'=0.05
INFO:tenpy.tools.params:DMRG: reading 'P_tol_min'=5.0000000000000004e-30
INFO:tenpy.tools.params:DMRG: reading 'P_tol_max'=0.0001
INFO:tenpy.tools.params:DMRG: reading 'E_tol_to_trunc'=None
INFO:tenpy.algorithms.dmrg:Running sweep with optimization
INFO:tenpy.tools.params:DMRG: reading 'max_N_for_ED'=400
INFO:tenpy.tools.params:DMRG: reading 'update_env'=5
INFO:tenpy.algorithms.mps_common:start environment_sweep
INFO:tenpy.algorithms.dmrg:checkpoint after sweep 10
energy=0.3831979721022615, max S=1.8316722175242863, age=198, norm_err=4.6e-02
Current memory usage 241.1MB, wall time: 69.8s
Delta E = nan, Delta S = -5.7094e-02 (per sweep)
max trunc_err = 4.1430e-08, max E_trunc = 2.6006e-12
chi: [256, 255, 256, 255, 256, 256]
================================================================================
INFO:tenpy.algorithms.dmrg:Running sweep with optimization
INFO:tenpy.algorithms.mps_common:start environment_sweep
INFO:tenpy.algorithms.dmrg:checkpoint after sweep 20
energy=0.6386634646439925, max S=2.4210745563861771, age=378, norm_err=4.5e-03
Current memory usage 241.1MB, wall time: 68.0s
Delta E = 2.5547e-02, Delta S = 6.1168e-02 (per sweep)
max trunc_err = 5.6445e-08, max E_trunc = 3.4390e-12
chi: [256, 256, 256, 256, 256, 255]
================================================================================
INFO:tenpy.tools.params:DMRG: reading 'max_E_err'=1e-08
INFO:tenpy.tools.params:DMRG: reading 'max_S_err'=1e-05
INFO:tenpy.algorithms.dmrg:Running sweep with optimization
INFO:tenpy.algorithms.mps_common:start environment_sweep
INFO:tenpy.algorithms.dmrg:checkpoint after sweep 30
energy=0.5013218847847666, max S=1.7921000632542010, age=558, norm_err=1.1e-01
Current memory usage 241.1MB, wall time: 67.8s
Delta E = -1.3734e-02, Delta S = -7.6533e-02 (per sweep)
max trunc_err = 3.4801e-08, max E_trunc = 4.8033e-12
chi: [256, 256, 256, 256, 256, 256]
================================================================================
INFO:tenpy.algorithms.dmrg:Running sweep with optimization
INFO:tenpy.algorithms.mps_common:start environment_sweep
INFO:tenpy.algorithms.dmrg:checkpoint after sweep 40
energy=0.4129217153192428, max S=2.6338341917460131, age=738, norm_err=5.6e-02
Current memory usage 241.1MB, wall time: 80.6s
Delta E = -8.8400e-03, Delta S = 8.1670e-02 (per sweep)
max trunc_err = 2.7045e-09, max E_trunc = -1.1412e-09
chi: [256, 256, 256, 256, 256, 256]
================================================================================
INFO:tenpy.algorithms.dmrg:Running sweep with optimization
INFO:tenpy.algorithms.mps_common:start environment_sweep
INFO:tenpy.algorithms.dmrg:checkpoint after sweep 50
energy=0.3644347773425096, max S=2.7856056134113691, age=918, norm_err=1.8e-02
Current memory usage 241.1MB, wall time: 72.0s
Delta E = -4.8487e-03, Delta S = 2.7965e-02 (per sweep)
max trunc_err = 7.0354e-08, max E_trunc = -3.4106e-12
chi: [256, 256, 256, 256, 256, 256]
================================================================================
INFO:tenpy.algorithms.dmrg:Running sweep with optimization
INFO:tenpy.algorithms.mps_common:start environment_sweep
INFO:tenpy.algorithms.dmrg:checkpoint after sweep 60
energy=0.5327493075606876, max S=2.3933578782206988, age=1098, norm_err=3.7e-02
Current memory usage 241.1MB, wall time: 62.2s
Delta E = 1.6831e-02, Delta S = -4.6234e-02 (per sweep)
max trunc_err = 5.2741e-08, max E_trunc = 9.6634e-13
chi: [256, 256, 256, 256, 256, 256]
================================================================================
INFO:tenpy.algorithms.dmrg:Running sweep with optimization
INFO:tenpy.algorithms.mps_common:start environment_sweep
INFO:tenpy.algorithms.dmrg:checkpoint after sweep 70
energy=0.4653013607910974, max S=2.9570153799691892, age=1278, norm_err=9.5e-03
Current memory usage 241.1MB, wall time: 69.3s
Delta E = -6.7448e-03, Delta S = 6.2394e-02 (per sweep)
max trunc_err = 4.2432e-08, max E_trunc = -3.5527e-10
chi: [256, 256, 256, 256, 256, 256]
================================================================================
INFO:tenpy.algorithms.dmrg:Running sweep with optimization
INFO:tenpy.algorithms.mps_common:start environment_sweep
INFO:tenpy.algorithms.dmrg:checkpoint after sweep 80
energy=0.3918388708788901, max S=3.4188793169816636, age=1458, norm_err=5.2e-02
Current memory usage 241.1MB, wall time: 71.2s
Delta E = -7.3462e-03, Delta S = 4.0721e-02 (per sweep)
max trunc_err = 5.5589e-08, max E_trunc = -1.9099e-11
chi: [256, 256, 256, 256, 256, 256]
================================================================================
INFO:tenpy.algorithms.dmrg:Running sweep with optimization
INFO:tenpy.algorithms.mps_common:start environment_sweep
INFO:tenpy.algorithms.dmrg:checkpoint after sweep 90
energy=0.2639149463214210, max S=2.2625878498991137, age=1638, norm_err=2.4e-02
Current memory usage 241.1MB, wall time: 66.1s
Delta E = -1.2792e-02, Delta S = -1.0482e-01 (per sweep)
max trunc_err = 5.6579e-08, max E_trunc = 3.0695e-12
chi: [256, 256, 256, 256, 256, 256]
================================================================================
INFO:tenpy.algorithms.dmrg:Running sweep with optimization
INFO:tenpy.algorithms.mps_common:start environment_sweep
INFO:tenpy.algorithms.dmrg:checkpoint after sweep 100
energy=0.4820977801104789, max S=1.6422705653765379, age=1818, norm_err=4.2e-02
Current memory usage 241.1MB, wall time: 64.8s
Delta E = 2.1818e-02, Delta S = -6.1812e-02 (per sweep)
max trunc_err = 2.9234e-08, max E_trunc = 9.0949e-13
chi: [256, 256, 256, 256, 256, 256]
================================================================================
INFO:tenpy.algorithms.dmrg:Running sweep with optimization
INFO:tenpy.algorithms.mps_common:start environment_sweep
INFO:tenpy.algorithms.dmrg:checkpoint after sweep 110
energy=0.5381175505643038, max S=1.2393986491625681, age=1998, norm_err=5.8e-02
Current memory usage 241.1MB, wall time: 80.1s
Delta E = 5.6020e-03, Delta S = -4.7623e-02 (per sweep)
max trunc_err = 1.9157e-09, max E_trunc = -1.0129e-10
chi: [256, 256, 256, 256, 256, 256]
================================================================================
INFO:tenpy.algorithms.mps_common:TwoSiteDMRGEngine: Maximum number of sweeps reached
INFO:tenpy.tools.params:DMRG: reading 'norm_tol'=1e-05
INFO:tenpy.tools.params:DMRG: reading 'norm_tol_final'=1e-10
INFO:tenpy.tools.params:DMRG: reading 'norm_tol_iter'=5
WARNING:tenpy.algorithms.dmrg:final DMRG state not in canonical form up to norm_tol=1.00e-05: norm_err=5.79e-02
INFO:tenpy.algorithms.mps_common:start environment_sweep
INFO:tenpy.algorithms.mps_common:start environment_sweep
INFO:tenpy.algorithms.mps_common:start environment_sweep
INFO:tenpy.algorithms.mps_common:start environment_sweep
WARNING:tenpy.algorithms.dmrg:final DMRG state not in canonical form up to norm_tol_final=1.00e-10: norm_err=2.04e-06, calling psi.canonical_form()
INFO:tenpy.algorithms.dmrg:TwoSiteDMRGEngine finished after 110 sweeps, max chi=256
INFO:tenpy.tools.params:DMRG: reading 'max_trunc_err'=0.0001
INFO:tenpy.tools.params:MixedHofstadterLandauGauge_Pi_2: reading 'explicit_plus_hc'=False
INFO:tenpy.tools.params:MixedHofstadterLandauGauge_Pi_2: reading 'Lx'=2
INFO:tenpy.tools.params:MixedHofstadterLandauGauge_Pi_2: setting 'N_rings'=2
INFO:tenpy.tools.params:MixedHofstadterLandauGauge_Pi_2: reading 'xy_lattice'='Square'
INFO:tenpy.tools.params:MixedHofstadterLandauGauge_Pi_2: reading 'Ly'=3
INFO:tenpy.tools.params:MixedHofstadterLandauGauge_Pi_2: reading 'ring_order'=None
INFO:tenpy.tools.params:MixedHofstadterLandauGauge_Pi_2: reading 'conserve_k'=True
INFO:tenpy.tools.params:MixedHofstadterLandauGauge_Pi_2: reading 'bc_MPS'='infinite'
INFO:tenpy.tools.params:MixedHofstadterLandauGauge_Pi_2: reading 't'=-1
INFO:tenpy.tools.params:MixedHofstadterLandauGauge_Pi_2: reading 't2'=-0.25
INFO:tenpy.tools.params:MixedHofstadterLandauGauge_Pi_2: reading 'V1'=0.6
INFO:tenpy.tools.params:MixedHofstadterLandauGauge_Pi_2: reading 'phi_ext'=np.float64(1.4000000000000001)
INFO:tenpy.tools.params:MixedHofstadterLandauGauge_Pi_2: reading 'sort_mpo_legs'=False
/home/t30/kna/ge54yin/Documents/MasterThesisFQHinTMDs/MPS_stuff/MPScalculations/.venv/lib/python3.12/site-packages/tenpy/tools/params.py:232: UserWarning: unused options for config MixedHofstadterLandauGauge_Pi_2:
['Delta', 'N_rings', 'Nsec', 'bc', 'chi_max', 'ktot', 'saveAll']
  warnings.warn(msg.format(keys=sorted(unused), name=self.name))
INFO:tenpy.tools.params:DMRG: reading 'active_sites'=2
INFO:tenpy.tools.params:DMRG: reading 'diag_method'='default'
INFO:tenpy.tools.params:DMRG: subconfig 'trunc_params'=Config(<5 options>, 'trunc_params')
INFO:tenpy.tools.params:DMRG: reading 'max_N_sites_per_ring'=18
INFO:tenpy.tools.params:DMRG: reading 'combine'=False
INFO:tenpy.tools.params:DMRG: subconfig 'lanczos_params'=Config(<9 options>, 'lanczos_params')
INFO:tenpy.tools.params:DMRG: reading 'chi_list'=None
INFO:tenpy.tools.params:DMRG: reading 'start_env'=1
INFO:tenpy.algorithms.mps_common:start environment_sweep
INFO:tenpy.tools.params:DMRG: reading 'N_sweeps_check'=10
INFO:tenpy.tools.params:DMRG: subconfig 'mixer_params'=Config(<3 options>, 'mixer_params')
INFO:tenpy.tools.params:DMRG: reading 'mixer'=None
INFO:tenpy.tools.params:DMRG: reading 'max_sweeps'=100
INFO:tenpy.tools.params:DMRG: reading 'max_hours'=8760
INFO:tenpy.tools.params:DMRG: reading 'P_tol_to_trunc'=0.05
INFO:tenpy.tools.params:DMRG: reading 'P_tol_min'=5.0000000000000004e-30
INFO:tenpy.tools.params:DMRG: reading 'P_tol_max'=0.0001
INFO:tenpy.tools.params:DMRG: reading 'E_tol_to_trunc'=None
INFO:tenpy.algorithms.dmrg:Running sweep with optimization
INFO:tenpy.tools.params:DMRG: reading 'max_N_for_ED'=400
INFO:tenpy.tools.params:DMRG: reading 'update_env'=5
INFO:tenpy.algorithms.mps_common:start environment_sweep
INFO:tenpy.algorithms.dmrg:checkpoint after sweep 10
energy=0.2627818549018078, max S=1.9235556446418931, age=198, norm_err=7.7e-02
Current memory usage 241.1MB, wall time: 70.7s
Delta E = nan, Delta S = 8.1197e-02 (per sweep)
max trunc_err = 2.0255e-08, max E_trunc = -1.3799e-11
chi: [256, 255, 256, 256, 256, 256]
================================================================================
INFO:tenpy.algorithms.dmrg:Running sweep with optimization
INFO:tenpy.algorithms.mps_common:start environment_sweep
INFO:tenpy.algorithms.dmrg:checkpoint after sweep 20
energy=0.4962560936861564, max S=2.2694462104019339, age=378, norm_err=9.6e-02
Current memory usage 241.1MB, wall time: 66.7s
Delta E = 2.3347e-02, Delta S = 2.5130e-02 (per sweep)
max trunc_err = 8.2271e-08, max E_trunc = 1.8190e-12
chi: [256, 256, 256, 256, 256, 256]
================================================================================
INFO:tenpy.tools.params:DMRG: reading 'max_E_err'=1e-08
INFO:tenpy.tools.params:DMRG: reading 'max_S_err'=1e-05
INFO:tenpy.algorithms.dmrg:Running sweep with optimization
INFO:tenpy.algorithms.mps_common:start environment_sweep
INFO:tenpy.algorithms.dmrg:checkpoint after sweep 30
energy=0.5589940663487928, max S=2.7089387624235215, age=558, norm_err=4.4e-03
Current memory usage 241.1MB, wall time: 67.1s
Delta E = 6.2738e-03, Delta S = 5.4845e-02 (per sweep)
max trunc_err = 8.5656e-08, max E_trunc = -3.4106e-12
chi: [256, 256, 256, 255, 256, 255]
================================================================================
INFO:tenpy.algorithms.dmrg:Running sweep with optimization
INFO:tenpy.algorithms.mps_common:start environment_sweep
INFO:tenpy.algorithms.dmrg:checkpoint after sweep 40
energy=0.4560856140274059, max S=2.0638820750087885, age=738, norm_err=8.0e-02
Current memory usage 241.1MB, wall time: 66.5s
Delta E = -1.0291e-02, Delta S = -6.6160e-02 (per sweep)
max trunc_err = 3.8513e-08, max E_trunc = 3.6380e-12
chi: [256, 256, 256, 256, 256, 256]
================================================================================
INFO:tenpy.algorithms.dmrg:Running sweep with optimization
INFO:tenpy.algorithms.mps_common:start environment_sweep
INFO:tenpy.algorithms.dmrg:checkpoint after sweep 50
energy=0.3423805645277914, max S=1.2317650136663596, age=918, norm_err=4.0e-02
Current memory usage 241.1MB, wall time: 72.4s
Delta E = -1.1371e-02, Delta S = -9.0427e-02 (per sweep)
max trunc_err = 1.0579e-08, max E_trunc = -1.0118e-11
chi: [256, 256, 256, 256, 256, 256]
================================================================================
INFO:tenpy.algorithms.dmrg:Running sweep with optimization
INFO:tenpy.algorithms.mps_common:start environment_sweep
INFO:tenpy.algorithms.dmrg:checkpoint after sweep 60
energy=0.4340201297234027, max S=1.7051873536575544, age=1098, norm_err=9.7e-03
Current memory usage 241.1MB, wall time: 67.7s
Delta E = 9.1640e-03, Delta S = 5.3331e-02 (per sweep)
max trunc_err = 2.2972e-08, max E_trunc = 1.8190e-12
chi: [256, 256, 256, 256, 256, 256]
================================================================================
INFO:tenpy.algorithms.dmrg:Running sweep with optimization
INFO:tenpy.algorithms.mps_common:start environment_sweep
INFO:tenpy.algorithms.dmrg:checkpoint after sweep 70
energy=0.5589578028071855, max S=2.3014490638561522, age=1278, norm_err=1.1e-02
Current memory usage 241.1MB, wall time: 66.9s
Delta E = 1.2494e-02, Delta S = 5.9173e-02 (per sweep)
max trunc_err = 1.7612e-07, max E_trunc = 5.6843e-13
chi: [255, 255, 256, 255, 256, 256]
================================================================================
INFO:tenpy.algorithms.dmrg:Running sweep with optimization
INFO:tenpy.algorithms.mps_common:start environment_sweep
INFO:tenpy.algorithms.dmrg:checkpoint after sweep 80
energy=0.3536039806070998, max S=2.7056242454536998, age=1458, norm_err=1.4e-01
Current memory usage 241.1MB, wall time: 79.5s
Delta E = -2.0535e-02, Delta S = 2.9878e-02 (per sweep)
max trunc_err = 4.3435e-09, max E_trunc = -6.5086e-10
chi: [256, 256, 256, 256, 256, 256]
================================================================================
INFO:tenpy.algorithms.dmrg:Running sweep with optimization
INFO:tenpy.algorithms.mps_common:start environment_sweep
INFO:tenpy.algorithms.dmrg:checkpoint after sweep 90
energy=0.2375967914377573, max S=2.8543732508893811, age=1638, norm_err=7.0e-02
Current memory usage 241.1MB, wall time: 76.7s
Delta E = -1.1601e-02, Delta S = 1.9831e-02 (per sweep)
max trunc_err = 3.3486e-08, max E_trunc = -2.9196e-09
chi: [256, 256, 256, 256, 256, 256]
================================================================================
INFO:tenpy.algorithms.dmrg:Running sweep with optimization
INFO:tenpy.algorithms.mps_common:start environment_sweep
INFO:tenpy.algorithms.dmrg:checkpoint after sweep 100
energy=0.3415572493620782, max S=2.3651823980962865, age=1818, norm_err=2.4e-01
Current memory usage 241.1MB, wall time: 79.6s
Delta E = 1.0396e-02, Delta S = -4.2295e-02 (per sweep)
max trunc_err = 6.0597e-09, max E_trunc = -6.4688e-11
chi: [256, 256, 256, 256, 256, 256]
================================================================================
INFO:tenpy.algorithms.dmrg:Running sweep with optimization
INFO:tenpy.algorithms.mps_common:start environment_sweep
INFO:tenpy.algorithms.dmrg:checkpoint after sweep 110
energy=0.4883053760806130, max S=2.8062582713239230, age=1998, norm_err=4.0e-02
Current memory usage 241.1MB, wall time: 66.9s
Delta E = 1.4675e-02, Delta S = 4.7749e-02 (per sweep)
max trunc_err = 3.2581e-08, max E_trunc = -3.4106e-12
chi: [256, 256, 256, 256, 256, 256]
================================================================================
INFO:tenpy.algorithms.mps_common:TwoSiteDMRGEngine: Maximum number of sweeps reached
INFO:tenpy.tools.params:DMRG: reading 'norm_tol'=1e-05
INFO:tenpy.tools.params:DMRG: reading 'norm_tol_final'=1e-10
INFO:tenpy.tools.params:DMRG: reading 'norm_tol_iter'=5
WARNING:tenpy.algorithms.dmrg:final DMRG state not in canonical form up to norm_tol=1.00e-05: norm_err=4.02e-02
INFO:tenpy.algorithms.mps_common:start environment_sweep
INFO:tenpy.algorithms.mps_common:start environment_sweep
INFO:tenpy.algorithms.mps_common:start environment_sweep
WARNING:tenpy.algorithms.dmrg:final DMRG state not in canonical form up to norm_tol_final=1.00e-10: norm_err=1.12e-06, calling psi.canonical_form()
INFO:tenpy.algorithms.dmrg:TwoSiteDMRGEngine finished after 110 sweeps, max chi=256
INFO:tenpy.tools.params:DMRG: reading 'max_trunc_err'=0.0001
INFO:tenpy.tools.params:MixedHofstadterLandauGauge_Pi_2: reading 'explicit_plus_hc'=False
INFO:tenpy.tools.params:MixedHofstadterLandauGauge_Pi_2: reading 'Lx'=2
INFO:tenpy.tools.params:MixedHofstadterLandauGauge_Pi_2: setting 'N_rings'=2
INFO:tenpy.tools.params:MixedHofstadterLandauGauge_Pi_2: reading 'xy_lattice'='Square'
INFO:tenpy.tools.params:MixedHofstadterLandauGauge_Pi_2: reading 'Ly'=3
INFO:tenpy.tools.params:MixedHofstadterLandauGauge_Pi_2: reading 'ring_order'=None
INFO:tenpy.tools.params:MixedHofstadterLandauGauge_Pi_2: reading 'conserve_k'=True
INFO:tenpy.tools.params:MixedHofstadterLandauGauge_Pi_2: reading 'bc_MPS'='infinite'
INFO:tenpy.tools.params:MixedHofstadterLandauGauge_Pi_2: reading 't'=-1
INFO:tenpy.tools.params:MixedHofstadterLandauGauge_Pi_2: reading 't2'=-0.25
INFO:tenpy.tools.params:MixedHofstadterLandauGauge_Pi_2: reading 'V1'=0.6
INFO:tenpy.tools.params:MixedHofstadterLandauGauge_Pi_2: reading 'phi_ext'=np.float64(1.4500000000000002)
INFO:tenpy.tools.params:MixedHofstadterLandauGauge_Pi_2: reading 'sort_mpo_legs'=False
/home/t30/kna/ge54yin/Documents/MasterThesisFQHinTMDs/MPS_stuff/MPScalculations/.venv/lib/python3.12/site-packages/tenpy/tools/params.py:232: UserWarning: unused options for config MixedHofstadterLandauGauge_Pi_2:
['Delta', 'N_rings', 'Nsec', 'bc', 'chi_max', 'ktot', 'saveAll']
  warnings.warn(msg.format(keys=sorted(unused), name=self.name))
INFO:tenpy.tools.params:DMRG: reading 'active_sites'=2
INFO:tenpy.tools.params:DMRG: reading 'diag_method'='default'
INFO:tenpy.tools.params:DMRG: subconfig 'trunc_params'=Config(<5 options>, 'trunc_params')
INFO:tenpy.tools.params:DMRG: reading 'max_N_sites_per_ring'=18
INFO:tenpy.tools.params:DMRG: reading 'combine'=False
INFO:tenpy.tools.params:DMRG: subconfig 'lanczos_params'=Config(<9 options>, 'lanczos_params')
INFO:tenpy.tools.params:DMRG: reading 'chi_list'=None
INFO:tenpy.tools.params:DMRG: reading 'start_env'=1
INFO:tenpy.algorithms.mps_common:start environment_sweep
INFO:tenpy.tools.params:DMRG: reading 'N_sweeps_check'=10
INFO:tenpy.tools.params:DMRG: subconfig 'mixer_params'=Config(<3 options>, 'mixer_params')
INFO:tenpy.tools.params:DMRG: reading 'mixer'=None
INFO:tenpy.tools.params:DMRG: reading 'max_sweeps'=100
INFO:tenpy.tools.params:DMRG: reading 'max_hours'=8760
INFO:tenpy.tools.params:DMRG: reading 'P_tol_to_trunc'=0.05
INFO:tenpy.tools.params:DMRG: reading 'P_tol_min'=5.0000000000000004e-30
INFO:tenpy.tools.params:DMRG: reading 'P_tol_max'=0.0001
INFO:tenpy.tools.params:DMRG: reading 'E_tol_to_trunc'=None
INFO:tenpy.algorithms.dmrg:Running sweep with optimization
INFO:tenpy.tools.params:DMRG: reading 'max_N_for_ED'=400
INFO:tenpy.tools.params:DMRG: reading 'update_env'=5
INFO:tenpy.algorithms.mps_common:start environment_sweep
INFO:tenpy.algorithms.dmrg:checkpoint after sweep 10
energy=0.3855105823134058, max S=1.7827198481902378, age=198, norm_err=7.7e-02
Current memory usage 241.1MB, wall time: 77.2s
Delta E = nan, Delta S = -6.8096e-02 (per sweep)
max trunc_err = 5.1290e-09, max E_trunc = -1.5790e-10
chi: [256, 256, 256, 256, 256, 256]
================================================================================
INFO:tenpy.algorithms.dmrg:Running sweep with optimization
INFO:tenpy.algorithms.mps_common:start environment_sweep
INFO:tenpy.algorithms.dmrg:checkpoint after sweep 20
energy=0.3155292312239719, max S=2.4700825819142702, age=378, norm_err=2.6e-02
Current memory usage 241.1MB, wall time: 79.1s
Delta E = -6.9981e-03, Delta S = 7.0962e-02 (per sweep)
max trunc_err = 6.0048e-09, max E_trunc = -2.5708e-09
chi: [256, 256, 256, 256, 256, 256]
================================================================================
INFO:tenpy.tools.params:DMRG: reading 'max_E_err'=1e-08
INFO:tenpy.tools.params:DMRG: reading 'max_S_err'=1e-05
INFO:tenpy.algorithms.dmrg:Running sweep with optimization
INFO:tenpy.algorithms.mps_common:start environment_sweep
INFO:tenpy.algorithms.dmrg:checkpoint after sweep 30
energy=0.2411456837576367, max S=1.9199337700579955, age=558, norm_err=4.4e-02
Current memory usage 241.1MB, wall time: 66.7s
Delta E = -7.4384e-03, Delta S = -4.3109e-02 (per sweep)
max trunc_err = 5.4298e-08, max E_trunc = 1.8758e-12
chi: [256, 256, 256, 256, 256, 256]
================================================================================
INFO:tenpy.algorithms.dmrg:Running sweep with optimization
INFO:tenpy.algorithms.mps_common:start environment_sweep
INFO:tenpy.algorithms.dmrg:checkpoint after sweep 40
energy=0.3952551497050318, max S=2.3037563721781096, age=738, norm_err=6.7e-02
Current memory usage 241.1MB, wall time: 74.9s
Delta E = 1.5411e-02, Delta S = 3.0241e-02 (per sweep)
max trunc_err = 3.4931e-08, max E_trunc = -1.1690e-09
chi: [256, 256, 256, 256, 256, 256]
================================================================================
INFO:tenpy.algorithms.dmrg:Running sweep with optimization
INFO:tenpy.algorithms.mps_common:start environment_sweep
INFO:tenpy.algorithms.dmrg:checkpoint after sweep 50
energy=0.4506558089419457, max S=2.4614893668972377, age=918, norm_err=4.2e-02
Current memory usage 241.1MB, wall time: 75.2s
Delta E = 5.5401e-03, Delta S = 1.9710e-02 (per sweep)
max trunc_err = 6.0400e-08, max E_trunc = -2.8683e-10
chi: [256, 256, 256, 256, 256, 256]
================================================================================
INFO:tenpy.algorithms.dmrg:Running sweep with optimization
INFO:tenpy.algorithms.mps_common:start environment_sweep
INFO:tenpy.algorithms.dmrg:checkpoint after sweep 60
energy=0.3268523069754110, max S=2.8792041038428349, age=1098, norm_err=4.3e-02
Current memory usage 241.1MB, wall time: 76.9s
Delta E = -1.2380e-02, Delta S = 3.0979e-02 (per sweep)
max trunc_err = 4.7716e-08, max E_trunc = -5.0841e-10
chi: [256, 256, 256, 256, 256, 256]
================================================================================
INFO:tenpy.algorithms.dmrg:Running sweep with optimization
INFO:tenpy.algorithms.mps_common:start environment_sweep
INFO:tenpy.algorithms.dmrg:checkpoint after sweep 70
energy=0.1944019789043333, max S=1.3721311010973702, age=1278, norm_err=6.6e-02
Current memory usage 241.1MB, wall time: 75.3s
Delta E = -1.3245e-02, Delta S = -1.3426e-01 (per sweep)
max trunc_err = 6.3282e-09, max E_trunc = -4.7078e-10
chi: [256, 256, 256, 256, 256, 256]
================================================================================
INFO:tenpy.algorithms.dmrg:Running sweep with optimization
INFO:tenpy.algorithms.mps_common:start environment_sweep
INFO:tenpy.algorithms.dmrg:checkpoint after sweep 80
energy=0.4556752497813174, max S=1.5757532618091048, age=1458, norm_err=3.0e-02
Current memory usage 241.1MB, wall time: 66.0s
Delta E = 2.6127e-02, Delta S = 1.2952e-02 (per sweep)
max trunc_err = 6.9111e-08, max E_trunc = -1.1369e-12
chi: [256, 256, 256, 256, 256, 256]
================================================================================
INFO:tenpy.algorithms.dmrg:Running sweep with optimization
INFO:tenpy.algorithms.mps_common:start environment_sweep
INFO:tenpy.algorithms.dmrg:checkpoint after sweep 90
energy=0.3610983255588185, max S=1.9120730845080041, age=1638, norm_err=2.3e-02
Current memory usage 241.1MB, wall time: 62.6s
Delta E = -9.4577e-03, Delta S = 2.1390e-02 (per sweep)
max trunc_err = 4.1366e-07, max E_trunc = 2.1600e-12
chi: [256, 256, 256, 256, 256, 256]
================================================================================
INFO:tenpy.algorithms.dmrg:Running sweep with optimization
INFO:tenpy.algorithms.mps_common:start environment_sweep
INFO:tenpy.algorithms.dmrg:checkpoint after sweep 100
energy=0.3756160794375963, max S=2.6368320227995428, age=1818, norm_err=3.7e-02
Current memory usage 241.1MB, wall time: 58.5s
Delta E = 1.4518e-03, Delta S = 7.8426e-02 (per sweep)
max trunc_err = 3.2271e-07, max E_trunc = 1.0459e-11
chi: [256, 255, 256, 255, 256, 255]
================================================================================
INFO:tenpy.algorithms.dmrg:Running sweep with optimization
INFO:tenpy.algorithms.mps_common:start environment_sweep
INFO:tenpy.algorithms.dmrg:checkpoint after sweep 110
energy=0.4791128807052398, max S=2.7082578901290644, age=1998, norm_err=2.4e-02
Current memory usage 241.1MB, wall time: 61.8s
Delta E = 1.0350e-02, Delta S = 1.3991e-02 (per sweep)
max trunc_err = 1.4676e-07, max E_trunc = 6.0254e-12
chi: [256, 256, 256, 256, 256, 256]
================================================================================
INFO:tenpy.algorithms.mps_common:TwoSiteDMRGEngine: Maximum number of sweeps reached
INFO:tenpy.tools.params:DMRG: reading 'norm_tol'=1e-05
INFO:tenpy.tools.params:DMRG: reading 'norm_tol_final'=1e-10
INFO:tenpy.tools.params:DMRG: reading 'norm_tol_iter'=5
WARNING:tenpy.algorithms.dmrg:final DMRG state not in canonical form up to norm_tol=1.00e-05: norm_err=2.39e-02
INFO:tenpy.algorithms.mps_common:start environment_sweep
INFO:tenpy.algorithms.mps_common:start environment_sweep
INFO:tenpy.algorithms.mps_common:start environment_sweep
INFO:tenpy.algorithms.mps_common:start environment_sweep
WARNING:tenpy.algorithms.dmrg:final DMRG state not in canonical form up to norm_tol_final=1.00e-10: norm_err=1.16e-06, calling psi.canonical_form()
WARNING:tenpy.networks.mps:canonical_form_infinite: project to significantly smaller chi
INFO:tenpy.algorithms.dmrg:TwoSiteDMRGEngine finished after 110 sweeps, max chi=231
INFO:tenpy.tools.params:DMRG: reading 'max_trunc_err'=0.0001
INFO:tenpy.tools.params:MixedHofstadterLandauGauge_Pi_2: reading 'explicit_plus_hc'=False
INFO:tenpy.tools.params:MixedHofstadterLandauGauge_Pi_2: reading 'Lx'=2
INFO:tenpy.tools.params:MixedHofstadterLandauGauge_Pi_2: setting 'N_rings'=2
INFO:tenpy.tools.params:MixedHofstadterLandauGauge_Pi_2: reading 'xy_lattice'='Square'
INFO:tenpy.tools.params:MixedHofstadterLandauGauge_Pi_2: reading 'Ly'=3
INFO:tenpy.tools.params:MixedHofstadterLandauGauge_Pi_2: reading 'ring_order'=None
INFO:tenpy.tools.params:MixedHofstadterLandauGauge_Pi_2: reading 'conserve_k'=True
INFO:tenpy.tools.params:MixedHofstadterLandauGauge_Pi_2: reading 'bc_MPS'='infinite'
INFO:tenpy.tools.params:MixedHofstadterLandauGauge_Pi_2: reading 't'=-1
INFO:tenpy.tools.params:MixedHofstadterLandauGauge_Pi_2: reading 't2'=-0.25
INFO:tenpy.tools.params:MixedHofstadterLandauGauge_Pi_2: reading 'V1'=0.6
INFO:tenpy.tools.params:MixedHofstadterLandauGauge_Pi_2: reading 'phi_ext'=np.float64(1.5)
INFO:tenpy.tools.params:MixedHofstadterLandauGauge_Pi_2: reading 'sort_mpo_legs'=False
/home/t30/kna/ge54yin/Documents/MasterThesisFQHinTMDs/MPS_stuff/MPScalculations/.venv/lib/python3.12/site-packages/tenpy/tools/params.py:232: UserWarning: unused options for config MixedHofstadterLandauGauge_Pi_2:
['Delta', 'N_rings', 'Nsec', 'bc', 'chi_max', 'ktot', 'saveAll']
  warnings.warn(msg.format(keys=sorted(unused), name=self.name))
INFO:tenpy.tools.params:DMRG: reading 'active_sites'=2
INFO:tenpy.tools.params:DMRG: reading 'diag_method'='default'
INFO:tenpy.tools.params:DMRG: subconfig 'trunc_params'=Config(<5 options>, 'trunc_params')
INFO:tenpy.tools.params:DMRG: reading 'max_N_sites_per_ring'=18
INFO:tenpy.tools.params:DMRG: reading 'combine'=False
INFO:tenpy.tools.params:DMRG: subconfig 'lanczos_params'=Config(<9 options>, 'lanczos_params')
INFO:tenpy.tools.params:DMRG: reading 'chi_list'=None
INFO:tenpy.tools.params:DMRG: reading 'start_env'=1
INFO:tenpy.algorithms.mps_common:start environment_sweep
INFO:tenpy.tools.params:DMRG: reading 'N_sweeps_check'=10
INFO:tenpy.tools.params:DMRG: subconfig 'mixer_params'=Config(<3 options>, 'mixer_params')
INFO:tenpy.tools.params:DMRG: reading 'mixer'=None
INFO:tenpy.tools.params:DMRG: reading 'max_sweeps'=100
INFO:tenpy.tools.params:DMRG: reading 'max_hours'=8760
INFO:tenpy.tools.params:DMRG: reading 'P_tol_to_trunc'=0.05
INFO:tenpy.tools.params:DMRG: reading 'P_tol_min'=5.0000000000000004e-30
INFO:tenpy.tools.params:DMRG: reading 'P_tol_max'=0.0001
INFO:tenpy.tools.params:DMRG: reading 'E_tol_to_trunc'=None
INFO:tenpy.algorithms.dmrg:Running sweep with optimization
INFO:tenpy.tools.params:DMRG: reading 'max_N_for_ED'=400
INFO:tenpy.tools.params:DMRG: reading 'update_env'=5
INFO:tenpy.algorithms.mps_common:start environment_sweep
INFO:tenpy.algorithms.dmrg:checkpoint after sweep 10
energy=0.2277543234354612, max S=2.3048290290961244, age=198, norm_err=2.7e-02
Current memory usage 241.1MB, wall time: 63.4s
Delta E = nan, Delta S = -4.1939e-02 (per sweep)
max trunc_err = 1.1265e-08, max E_trunc = -4.4722e-11
chi: [256, 256, 256, 256, 256, 256]
================================================================================
INFO:tenpy.algorithms.dmrg:Running sweep with optimization
INFO:tenpy.algorithms.mps_common:start environment_sweep
INFO:tenpy.algorithms.dmrg:checkpoint after sweep 20
energy=0.5005018575171624, max S=2.5291319566833650, age=378, norm_err=8.0e-03
Current memory usage 241.1MB, wall time: 66.6s
Delta E = 2.7275e-02, Delta S = 1.7841e-02 (per sweep)
max trunc_err = 1.1832e-07, max E_trunc = 1.0516e-12
chi: [256, 256, 256, 256, 256, 256]
================================================================================
INFO:tenpy.tools.params:DMRG: reading 'max_E_err'=1e-08
INFO:tenpy.tools.params:DMRG: reading 'max_S_err'=1e-05
INFO:tenpy.algorithms.dmrg:Running sweep with optimization
INFO:tenpy.algorithms.mps_common:start environment_sweep
INFO:tenpy.algorithms.dmrg:checkpoint after sweep 30
energy=0.4208680318706494, max S=2.7092948069936647, age=558, norm_err=5.8e-02
Current memory usage 241.1MB, wall time: 65.5s
Delta E = -7.9634e-03, Delta S = 1.6613e-02 (per sweep)
max trunc_err = 6.9876e-08, max E_trunc = 4.4622e-12
chi: [256, 256, 256, 256, 256, 256]
================================================================================
INFO:tenpy.algorithms.dmrg:Running sweep with optimization
INFO:tenpy.algorithms.mps_common:start environment_sweep
INFO:tenpy.algorithms.dmrg:checkpoint after sweep 40
energy=0.3069879092525507, max S=1.8075067353842869, age=738, norm_err=1.4e-01
Current memory usage 241.1MB, wall time: 60.3s
Delta E = -1.1388e-02, Delta S = -7.9224e-02 (per sweep)
max trunc_err = 1.5008e-07, max E_trunc = 3.8085e-12
chi: [251, 247, 250, 243, 251, 253]
================================================================================
INFO:tenpy.algorithms.dmrg:Running sweep with optimization
INFO:tenpy.algorithms.mps_common:start environment_sweep
INFO:tenpy.algorithms.dmrg:checkpoint after sweep 50
energy=0.5824715022272974, max S=2.6710230129490862, age=918, norm_err=1.6e-02
Current memory usage 241.1MB, wall time: 62.6s
Delta E = 2.7548e-02, Delta S = 9.3264e-02 (per sweep)
max trunc_err = 1.7436e-07, max E_trunc = 8.4697e-12
chi: [256, 256, 256, 256, 256, 256]
================================================================================
INFO:tenpy.algorithms.dmrg:Running sweep with optimization
INFO:tenpy.algorithms.mps_common:start environment_sweep
INFO:tenpy.algorithms.dmrg:checkpoint after sweep 60
energy=0.5853566082086227, max S=1.1766905450509593, age=1098, norm_err=8.7e-02
Current memory usage 241.1MB, wall time: 63.9s
Delta E = 2.8851e-04, Delta S = -1.4914e-01 (per sweep)
max trunc_err = 5.8165e-08, max E_trunc = 5.9686e-12
chi: [256, 256, 256, 256, 256, 256]
================================================================================
INFO:tenpy.algorithms.dmrg:Running sweep with optimization
INFO:tenpy.algorithms.mps_common:start environment_sweep
INFO:tenpy.algorithms.dmrg:checkpoint after sweep 70
energy=0.5660504819056863, max S=1.2784141967181266, age=1278, norm_err=1.3e-01
Current memory usage 241.1MB, wall time: 66.1s
Delta E = -1.9306e-03, Delta S = -2.2150e-03 (per sweep)
max trunc_err = 8.1701e-08, max E_trunc = 5.9686e-12
chi: [256, 256, 256, 256, 256, 256]
================================================================================
INFO:tenpy.algorithms.dmrg:Running sweep with optimization
INFO:tenpy.algorithms.mps_common:start environment_sweep
INFO:tenpy.algorithms.dmrg:checkpoint after sweep 80
energy=0.3531780538072458, max S=2.1452409514710875, age=1458, norm_err=1.1e-01
Current memory usage 241.1MB, wall time: 76.6s
Delta E = -2.1287e-02, Delta S = 9.0829e-02 (per sweep)
max trunc_err = 6.4326e-08, max E_trunc = -1.2199e-10
chi: [256, 256, 256, 256, 256, 256]
================================================================================
INFO:tenpy.algorithms.dmrg:Running sweep with optimization
INFO:tenpy.algorithms.mps_common:start environment_sweep
INFO:tenpy.algorithms.dmrg:checkpoint after sweep 90
energy=0.4384307255292678, max S=1.8548010792820002, age=1638, norm_err=4.5e-02
Current memory usage 241.1MB, wall time: 66.3s
Delta E = 8.5253e-03, Delta S = -3.4456e-02 (per sweep)
max trunc_err = 3.8246e-08, max E_trunc = -3.3765e-11
chi: [256, 256, 256, 256, 256, 256]
================================================================================
INFO:tenpy.algorithms.dmrg:Running sweep with optimization
INFO:tenpy.algorithms.mps_common:start environment_sweep
INFO:tenpy.algorithms.dmrg:checkpoint after sweep 100
energy=0.3683742749825096, max S=1.8852334200142735, age=1818, norm_err=1.4e-01
Current memory usage 241.1MB, wall time: 67.5s
Delta E = -7.0056e-03, Delta S = 1.0175e-02 (per sweep)
max trunc_err = 2.0230e-08, max E_trunc = 3.6380e-12
chi: [256, 255, 256, 256, 256, 256]
================================================================================
INFO:tenpy.algorithms.dmrg:Running sweep with optimization
INFO:tenpy.algorithms.mps_common:start environment_sweep
INFO:tenpy.algorithms.dmrg:checkpoint after sweep 110
energy=0.2979650204034670, max S=2.8525052498581944, age=1998, norm_err=2.2e-02
Current memory usage 241.1MB, wall time: 77.6s
Delta E = -7.0409e-03, Delta S = 8.4376e-02 (per sweep)
max trunc_err = 1.2935e-08, max E_trunc = -6.9554e-10
chi: [256, 256, 256, 256, 256, 256]
================================================================================
INFO:tenpy.algorithms.mps_common:TwoSiteDMRGEngine: Maximum number of sweeps reached
INFO:tenpy.tools.params:DMRG: reading 'norm_tol'=1e-05
INFO:tenpy.tools.params:DMRG: reading 'norm_tol_final'=1e-10
INFO:tenpy.tools.params:DMRG: reading 'norm_tol_iter'=5
WARNING:tenpy.algorithms.dmrg:final DMRG state not in canonical form up to norm_tol=1.00e-05: norm_err=2.25e-02
INFO:tenpy.algorithms.mps_common:start environment_sweep
INFO:tenpy.algorithms.mps_common:start environment_sweep
WARNING:tenpy.algorithms.dmrg:final DMRG state not in canonical form up to norm_tol_final=1.00e-10: norm_err=9.28e-06, calling psi.canonical_form()
INFO:tenpy.algorithms.dmrg:TwoSiteDMRGEngine finished after 110 sweeps, max chi=256
INFO:tenpy.tools.params:DMRG: reading 'max_trunc_err'=0.0001
INFO:tenpy.tools.params:MixedHofstadterLandauGauge_Pi_2: reading 'explicit_plus_hc'=False
INFO:tenpy.tools.params:MixedHofstadterLandauGauge_Pi_2: reading 'Lx'=2
INFO:tenpy.tools.params:MixedHofstadterLandauGauge_Pi_2: setting 'N_rings'=2
INFO:tenpy.tools.params:MixedHofstadterLandauGauge_Pi_2: reading 'xy_lattice'='Square'
INFO:tenpy.tools.params:MixedHofstadterLandauGauge_Pi_2: reading 'Ly'=3
INFO:tenpy.tools.params:MixedHofstadterLandauGauge_Pi_2: reading 'ring_order'=None
INFO:tenpy.tools.params:MixedHofstadterLandauGauge_Pi_2: reading 'conserve_k'=True
INFO:tenpy.tools.params:MixedHofstadterLandauGauge_Pi_2: reading 'bc_MPS'='infinite'
INFO:tenpy.tools.params:MixedHofstadterLandauGauge_Pi_2: reading 't'=-1
INFO:tenpy.tools.params:MixedHofstadterLandauGauge_Pi_2: reading 't2'=-0.25
INFO:tenpy.tools.params:MixedHofstadterLandauGauge_Pi_2: reading 'V1'=0.6
INFO:tenpy.tools.params:MixedHofstadterLandauGauge_Pi_2: reading 'phi_ext'=np.float64(1.55)
INFO:tenpy.tools.params:MixedHofstadterLandauGauge_Pi_2: reading 'sort_mpo_legs'=False
/home/t30/kna/ge54yin/Documents/MasterThesisFQHinTMDs/MPS_stuff/MPScalculations/.venv/lib/python3.12/site-packages/tenpy/tools/params.py:232: UserWarning: unused options for config MixedHofstadterLandauGauge_Pi_2:
['Delta', 'N_rings', 'Nsec', 'bc', 'chi_max', 'ktot', 'saveAll']
  warnings.warn(msg.format(keys=sorted(unused), name=self.name))
INFO:tenpy.tools.params:DMRG: reading 'active_sites'=2
INFO:tenpy.tools.params:DMRG: reading 'diag_method'='default'
INFO:tenpy.tools.params:DMRG: subconfig 'trunc_params'=Config(<5 options>, 'trunc_params')
INFO:tenpy.tools.params:DMRG: reading 'max_N_sites_per_ring'=18
INFO:tenpy.tools.params:DMRG: reading 'combine'=False
INFO:tenpy.tools.params:DMRG: subconfig 'lanczos_params'=Config(<9 options>, 'lanczos_params')
INFO:tenpy.tools.params:DMRG: reading 'chi_list'=None
INFO:tenpy.tools.params:DMRG: reading 'start_env'=1
INFO:tenpy.algorithms.mps_common:start environment_sweep
INFO:tenpy.tools.params:DMRG: reading 'N_sweeps_check'=10
INFO:tenpy.tools.params:DMRG: subconfig 'mixer_params'=Config(<3 options>, 'mixer_params')
INFO:tenpy.tools.params:DMRG: reading 'mixer'=None
INFO:tenpy.tools.params:DMRG: reading 'max_sweeps'=100
INFO:tenpy.tools.params:DMRG: reading 'max_hours'=8760
INFO:tenpy.tools.params:DMRG: reading 'P_tol_to_trunc'=0.05
INFO:tenpy.tools.params:DMRG: reading 'P_tol_min'=5.0000000000000004e-30
INFO:tenpy.tools.params:DMRG: reading 'P_tol_max'=0.0001
INFO:tenpy.tools.params:DMRG: reading 'E_tol_to_trunc'=None
INFO:tenpy.algorithms.dmrg:Running sweep with optimization
INFO:tenpy.tools.params:DMRG: reading 'max_N_for_ED'=400
INFO:tenpy.tools.params:DMRG: reading 'update_env'=5
INFO:tenpy.algorithms.mps_common:start environment_sweep
INFO:tenpy.algorithms.dmrg:checkpoint after sweep 10
energy=0.3631567728866081, max S=3.8486746631059980, age=198, norm_err=3.4e-03
Current memory usage 241.1MB, wall time: 73.5s
Delta E = nan, Delta S = 1.1641e-01 (per sweep)
max trunc_err = 1.3188e-08, max E_trunc = -5.0748e-09
chi: [256, 256, 256, 256, 256, 256]
================================================================================
INFO:tenpy.algorithms.dmrg:Running sweep with optimization
INFO:tenpy.algorithms.mps_common:start environment_sweep
INFO:tenpy.algorithms.dmrg:checkpoint after sweep 20
energy=0.4078724403240652, max S=1.9040151611230884, age=378, norm_err=2.2e-01
Current memory usage 241.1MB, wall time: 72.4s
Delta E = 4.4716e-03, Delta S = -2.0055e-01 (per sweep)
max trunc_err = 5.5017e-09, max E_trunc = -1.9051e-10
chi: [256, 256, 256, 255, 256, 256]
================================================================================
INFO:tenpy.tools.params:DMRG: reading 'max_E_err'=1e-08
INFO:tenpy.tools.params:DMRG: reading 'max_S_err'=1e-05
INFO:tenpy.algorithms.dmrg:Running sweep with optimization
INFO:tenpy.algorithms.mps_common:start environment_sweep
INFO:tenpy.algorithms.dmrg:checkpoint after sweep 30
energy=0.5008032732332452, max S=1.4114635478150306, age=558, norm_err=1.2e-01
Current memory usage 241.1MB, wall time: 65.1s
Delta E = 9.2931e-03, Delta S = -4.2234e-02 (per sweep)
max trunc_err = 5.3099e-08, max E_trunc = -2.3874e-12
chi: [256, 256, 256, 256, 256, 256]
================================================================================
INFO:tenpy.algorithms.dmrg:Running sweep with optimization
INFO:tenpy.algorithms.mps_common:start environment_sweep
INFO:tenpy.algorithms.dmrg:checkpoint after sweep 40
energy=0.5721165769218951, max S=2.6258044544982537, age=738, norm_err=3.4e-02
Current memory usage 241.1MB, wall time: 69.4s
Delta E = 7.1313e-03, Delta S = 1.1122e-01 (per sweep)
max trunc_err = 7.5919e-08, max E_trunc = -1.4779e-12
chi: [256, 256, 256, 256, 256, 256]
================================================================================
INFO:tenpy.algorithms.dmrg:Running sweep with optimization
INFO:tenpy.algorithms.mps_common:start environment_sweep
INFO:tenpy.algorithms.dmrg:checkpoint after sweep 50
energy=0.4470659850632709, max S=2.4135898076974605, age=918, norm_err=4.5e-02
Current memory usage 241.1MB, wall time: 73.6s
Delta E = -1.2505e-02, Delta S = -2.0806e-02 (per sweep)
max trunc_err = 1.9365e-09, max E_trunc = 7.0486e-12
chi: [256, 256, 256, 255, 256, 256]
================================================================================
INFO:tenpy.algorithms.dmrg:Running sweep with optimization
INFO:tenpy.algorithms.mps_common:start environment_sweep
INFO:tenpy.algorithms.dmrg:checkpoint after sweep 60
energy=0.3339399217438389, max S=2.5942906952664107, age=1098, norm_err=6.4e-02
Current memory usage 241.1MB, wall time: 67.2s
Delta E = -1.1313e-02, Delta S = 3.1299e-02 (per sweep)
max trunc_err = 1.5327e-07, max E_trunc = -1.5802e-11
chi: [256, 256, 256, 256, 256, 256]
================================================================================
INFO:tenpy.algorithms.dmrg:Running sweep with optimization
INFO:tenpy.algorithms.mps_common:start environment_sweep
INFO:tenpy.algorithms.dmrg:checkpoint after sweep 70
energy=0.4811754128043428, max S=2.3510393008627890, age=1278, norm_err=4.2e-02
Current memory usage 241.1MB, wall time: 59.7s
Delta E = 1.4724e-02, Delta S = -2.2807e-02 (per sweep)
max trunc_err = 1.3695e-07, max E_trunc = 2.8422e-12
chi: [256, 256, 256, 256, 256, 256]
================================================================================
INFO:tenpy.algorithms.dmrg:Running sweep with optimization
INFO:tenpy.algorithms.mps_common:start environment_sweep
INFO:tenpy.algorithms.dmrg:checkpoint after sweep 80
energy=0.4143847128612397, max S=0.8227119022521159, age=1458, norm_err=7.1e-02
Current memory usage 241.1MB, wall time: 66.7s
Delta E = -6.6791e-03, Delta S = -1.6270e-01 (per sweep)
max trunc_err = 7.5245e-09, max E_trunc = -8.1855e-12
chi: [256, 256, 256, 256, 256, 256]
================================================================================
INFO:tenpy.algorithms.dmrg:Running sweep with optimization
INFO:tenpy.algorithms.mps_common:start environment_sweep
INFO:tenpy.algorithms.dmrg:checkpoint after sweep 90
energy=0.5423812821166791, max S=0.9583709260468243, age=1638, norm_err=2.1e-01
Current memory usage 241.1MB, wall time: 66.5s
Delta E = 1.2800e-02, Delta S = 1.3980e-02 (per sweep)
max trunc_err = 1.0184e-08, max E_trunc = -3.1946e-11
chi: [256, 256, 256, 256, 256, 256]
================================================================================
INFO:tenpy.algorithms.dmrg:Running sweep with optimization
INFO:tenpy.algorithms.mps_common:start environment_sweep
INFO:tenpy.algorithms.dmrg:checkpoint after sweep 100
energy=0.4676835899958292, max S=1.4980404476654112, age=1818, norm_err=1.8e-03
Current memory usage 241.1MB, wall time: 67.5s
Delta E = -7.4698e-03, Delta S = 5.0532e-02 (per sweep)
max trunc_err = 4.0576e-08, max E_trunc = 2.9559e-12
chi: [256, 256, 256, 256, 256, 256]
================================================================================
INFO:tenpy.algorithms.dmrg:Running sweep with optimization
INFO:tenpy.algorithms.mps_common:start environment_sweep
INFO:tenpy.algorithms.dmrg:checkpoint after sweep 110
energy=0.3100163837343359, max S=0.2894026122746167, age=1998, norm_err=7.5e-02
Current memory usage 241.1MB, wall time: 75.2s
Delta E = -1.5767e-02, Delta S = -1.0575e-01 (per sweep)
max trunc_err = 2.6197e-09, max E_trunc = -8.7198e-11
chi: [256, 256, 256, 256, 256, 256]
================================================================================
INFO:tenpy.algorithms.mps_common:TwoSiteDMRGEngine: Maximum number of sweeps reached
INFO:tenpy.tools.params:DMRG: reading 'norm_tol'=1e-05
INFO:tenpy.tools.params:DMRG: reading 'norm_tol_final'=1e-10
INFO:tenpy.tools.params:DMRG: reading 'norm_tol_iter'=5
WARNING:tenpy.algorithms.dmrg:final DMRG state not in canonical form up to norm_tol=1.00e-05: norm_err=7.53e-02
INFO:tenpy.algorithms.mps_common:start environment_sweep
INFO:tenpy.algorithms.mps_common:start environment_sweep
INFO:tenpy.algorithms.mps_common:start environment_sweep
INFO:tenpy.algorithms.mps_common:start environment_sweep
WARNING:tenpy.algorithms.dmrg:final DMRG state not in canonical form up to norm_tol_final=1.00e-10: norm_err=7.33e-06, calling psi.canonical_form()
INFO:tenpy.algorithms.dmrg:TwoSiteDMRGEngine finished after 110 sweeps, max chi=253
INFO:tenpy.tools.params:DMRG: reading 'max_trunc_err'=0.0001
INFO:tenpy.tools.params:MixedHofstadterLandauGauge_Pi_2: reading 'explicit_plus_hc'=False
INFO:tenpy.tools.params:MixedHofstadterLandauGauge_Pi_2: reading 'Lx'=2
INFO:tenpy.tools.params:MixedHofstadterLandauGauge_Pi_2: setting 'N_rings'=2
INFO:tenpy.tools.params:MixedHofstadterLandauGauge_Pi_2: reading 'xy_lattice'='Square'
INFO:tenpy.tools.params:MixedHofstadterLandauGauge_Pi_2: reading 'Ly'=3
INFO:tenpy.tools.params:MixedHofstadterLandauGauge_Pi_2: reading 'ring_order'=None
INFO:tenpy.tools.params:MixedHofstadterLandauGauge_Pi_2: reading 'conserve_k'=True
INFO:tenpy.tools.params:MixedHofstadterLandauGauge_Pi_2: reading 'bc_MPS'='infinite'
INFO:tenpy.tools.params:MixedHofstadterLandauGauge_Pi_2: reading 't'=-1
INFO:tenpy.tools.params:MixedHofstadterLandauGauge_Pi_2: reading 't2'=-0.25
INFO:tenpy.tools.params:MixedHofstadterLandauGauge_Pi_2: reading 'V1'=0.6
INFO:tenpy.tools.params:MixedHofstadterLandauGauge_Pi_2: reading 'phi_ext'=np.float64(1.6)
INFO:tenpy.tools.params:MixedHofstadterLandauGauge_Pi_2: reading 'sort_mpo_legs'=False
/home/t30/kna/ge54yin/Documents/MasterThesisFQHinTMDs/MPS_stuff/MPScalculations/.venv/lib/python3.12/site-packages/tenpy/tools/params.py:232: UserWarning: unused options for config MixedHofstadterLandauGauge_Pi_2:
['Delta', 'N_rings', 'Nsec', 'bc', 'chi_max', 'ktot', 'saveAll']
  warnings.warn(msg.format(keys=sorted(unused), name=self.name))
INFO:tenpy.tools.params:DMRG: reading 'active_sites'=2
INFO:tenpy.tools.params:DMRG: reading 'diag_method'='default'
INFO:tenpy.tools.params:DMRG: subconfig 'trunc_params'=Config(<5 options>, 'trunc_params')
INFO:tenpy.tools.params:DMRG: reading 'max_N_sites_per_ring'=18
INFO:tenpy.tools.params:DMRG: reading 'combine'=False
INFO:tenpy.tools.params:DMRG: subconfig 'lanczos_params'=Config(<9 options>, 'lanczos_params')
INFO:tenpy.tools.params:DMRG: reading 'chi_list'=None
INFO:tenpy.tools.params:DMRG: reading 'start_env'=1
INFO:tenpy.algorithms.mps_common:start environment_sweep
INFO:tenpy.tools.params:DMRG: reading 'N_sweeps_check'=10
INFO:tenpy.tools.params:DMRG: subconfig 'mixer_params'=Config(<3 options>, 'mixer_params')
INFO:tenpy.tools.params:DMRG: reading 'mixer'=None
INFO:tenpy.tools.params:DMRG: reading 'max_sweeps'=100
INFO:tenpy.tools.params:DMRG: reading 'max_hours'=8760
INFO:tenpy.tools.params:DMRG: reading 'P_tol_to_trunc'=0.05
INFO:tenpy.tools.params:DMRG: reading 'P_tol_min'=5.0000000000000004e-30
INFO:tenpy.tools.params:DMRG: reading 'P_tol_max'=0.0001
INFO:tenpy.tools.params:DMRG: reading 'E_tol_to_trunc'=None
INFO:tenpy.algorithms.dmrg:Running sweep with optimization
INFO:tenpy.tools.params:DMRG: reading 'max_N_for_ED'=400
INFO:tenpy.tools.params:DMRG: reading 'update_env'=5
INFO:tenpy.algorithms.mps_common:start environment_sweep
INFO:tenpy.algorithms.dmrg:checkpoint after sweep 10
energy=0.6044578426466382, max S=0.7384650466540095, age=198, norm_err=1.1e-03
Current memory usage 241.1MB, wall time: 57.6s
Delta E = nan, Delta S = 3.3273e-02 (per sweep)
max trunc_err = 4.5136e-07, max E_trunc = 7.5318e-13
chi: [250, 253, 254, 255, 255, 251]
================================================================================
INFO:tenpy.algorithms.dmrg:Running sweep with optimization
INFO:tenpy.algorithms.mps_common:start environment_sweep
INFO:tenpy.algorithms.dmrg:checkpoint after sweep 20
energy=0.4238867243020721, max S=3.0185846085143186, age=378, norm_err=4.0e-02
Current memory usage 241.1MB, wall time: 62.5s
Delta E = -1.8057e-02, Delta S = 2.2469e-01 (per sweep)
max trunc_err = 7.6957e-09, max E_trunc = 1.2733e-11
chi: [256, 256, 256, 256, 256, 256]
================================================================================
INFO:tenpy.tools.params:DMRG: reading 'max_E_err'=1e-08
INFO:tenpy.tools.params:DMRG: reading 'max_S_err'=1e-05
INFO:tenpy.algorithms.dmrg:Running sweep with optimization
INFO:tenpy.algorithms.mps_common:start environment_sweep
INFO:tenpy.algorithms.dmrg:checkpoint after sweep 30
energy=0.4485879477994435, max S=2.3361614440237761, age=558, norm_err=7.9e-03
Current memory usage 241.1MB, wall time: 60.0s
Delta E = 2.4701e-03, Delta S = -5.2558e-02 (per sweep)
max trunc_err = 4.9657e-09, max E_trunc = -8.1570e-12
chi: [256, 256, 256, 256, 256, 256]
================================================================================
INFO:tenpy.algorithms.dmrg:Running sweep with optimization
INFO:tenpy.algorithms.mps_common:start environment_sweep
INFO:tenpy.algorithms.dmrg:checkpoint after sweep 40
energy=0.3206322845935953, max S=1.3752336425871610, age=738, norm_err=1.3e-01
Current memory usage 241.1MB, wall time: 63.1s
Delta E = -1.2796e-02, Delta S = -1.1024e-01 (per sweep)
max trunc_err = 2.0889e-08, max E_trunc = 2.7285e-12
chi: [256, 256, 256, 256, 256, 256]
================================================================================
INFO:tenpy.algorithms.dmrg:Running sweep with optimization
INFO:tenpy.algorithms.mps_common:start environment_sweep
INFO:tenpy.algorithms.dmrg:checkpoint after sweep 50
energy=0.4156013935328152, max S=3.0909881126794971, age=918, norm_err=3.0e-02
Current memory usage 241.1MB, wall time: 77.8s
Delta E = 9.4969e-03, Delta S = 1.7552e-01 (per sweep)
max trunc_err = 1.3196e-08, max E_trunc = -3.7938e-09
chi: [256, 256, 256, 256, 256, 256]
================================================================================
INFO:tenpy.algorithms.dmrg:Running sweep with optimization
INFO:tenpy.algorithms.mps_common:start environment_sweep
INFO:tenpy.algorithms.dmrg:checkpoint after sweep 60
energy=0.1865408306813047, max S=1.2718912025624785, age=1098, norm_err=5.5e-04
Current memory usage 241.1MB, wall time: 66.2s
Delta E = -2.2906e-02, Delta S = -1.6629e-01 (per sweep)
max trunc_err = 1.3979e-07, max E_trunc = 3.1264e-12
chi: [256, 256, 256, 256, 256, 256]
================================================================================
INFO:tenpy.algorithms.dmrg:Running sweep with optimization
INFO:tenpy.algorithms.mps_common:start environment_sweep
INFO:tenpy.algorithms.dmrg:checkpoint after sweep 70
energy=0.5315109090153385, max S=0.9853107251006913, age=1278, norm_err=1.6e-01
Current memory usage 241.1MB, wall time: 72.3s
Delta E = 3.4497e-02, Delta S = -3.1583e-02 (per sweep)
max trunc_err = 2.1979e-08, max E_trunc = -8.1059e-11
chi: [256, 256, 256, 256, 256, 256]
================================================================================
INFO:tenpy.algorithms.dmrg:Running sweep with optimization
INFO:tenpy.algorithms.mps_common:start environment_sweep
INFO:tenpy.algorithms.dmrg:checkpoint after sweep 80
energy=0.2720833243588932, max S=0.5133157815612013, age=1458, norm_err=1.3e-02
Current memory usage 241.1MB, wall time: 65.2s
Delta E = -2.5943e-02, Delta S = -4.3801e-02 (per sweep)
max trunc_err = 1.6541e-08, max E_trunc = -3.0695e-11
chi: [256, 256, 256, 256, 256, 256]
================================================================================
INFO:tenpy.algorithms.dmrg:Running sweep with optimization
INFO:tenpy.algorithms.mps_common:start environment_sweep
INFO:tenpy.algorithms.dmrg:checkpoint after sweep 90
energy=0.5421457794858308, max S=1.6268563108153167, age=1638, norm_err=8.4e-03
Current memory usage 241.1MB, wall time: 70.7s
Delta E = 2.7006e-02, Delta S = 1.1199e-01 (per sweep)
max trunc_err = 2.5270e-08, max E_trunc = 1.0232e-12
chi: [256, 256, 256, 256, 256, 255]
================================================================================
INFO:tenpy.algorithms.dmrg:Running sweep with optimization
INFO:tenpy.algorithms.mps_common:start environment_sweep
INFO:tenpy.algorithms.dmrg:checkpoint after sweep 100
energy=0.2847378924726911, max S=1.3447967619249606, age=1818, norm_err=3.4e-02
Current memory usage 241.1MB, wall time: 66.3s
Delta E = -2.5741e-02, Delta S = -3.7838e-02 (per sweep)
max trunc_err = 1.1476e-07, max E_trunc = 2.2737e-12
chi: [256, 255, 256, 255, 256, 256]
================================================================================
INFO:tenpy.algorithms.dmrg:Running sweep with optimization
INFO:tenpy.algorithms.mps_common:start environment_sweep
INFO:tenpy.algorithms.dmrg:checkpoint after sweep 110
energy=0.4323810743511937, max S=2.5400293500643034, age=1998, norm_err=1.5e-02
Current memory usage 241.1MB, wall time: 65.4s
Delta E = 1.4764e-02, Delta S = 1.2349e-01 (per sweep)
max trunc_err = 2.0723e-08, max E_trunc = -5.5593e-10
chi: [256, 256, 256, 256, 256, 256]
================================================================================
INFO:tenpy.algorithms.mps_common:TwoSiteDMRGEngine: Maximum number of sweeps reached
INFO:tenpy.tools.params:DMRG: reading 'norm_tol'=1e-05
INFO:tenpy.tools.params:DMRG: reading 'norm_tol_final'=1e-10
INFO:tenpy.tools.params:DMRG: reading 'norm_tol_iter'=5
WARNING:tenpy.algorithms.dmrg:final DMRG state not in canonical form up to norm_tol=1.00e-05: norm_err=1.49e-02
INFO:tenpy.algorithms.mps_common:start environment_sweep
INFO:tenpy.algorithms.mps_common:start environment_sweep
WARNING:tenpy.algorithms.dmrg:final DMRG state not in canonical form up to norm_tol_final=1.00e-10: norm_err=8.46e-07, calling psi.canonical_form()
INFO:tenpy.algorithms.dmrg:TwoSiteDMRGEngine finished after 110 sweeps, max chi=256
INFO:tenpy.tools.params:DMRG: reading 'max_trunc_err'=0.0001
INFO:tenpy.tools.params:MixedHofstadterLandauGauge_Pi_2: reading 'explicit_plus_hc'=False
INFO:tenpy.tools.params:MixedHofstadterLandauGauge_Pi_2: reading 'Lx'=2
INFO:tenpy.tools.params:MixedHofstadterLandauGauge_Pi_2: setting 'N_rings'=2
INFO:tenpy.tools.params:MixedHofstadterLandauGauge_Pi_2: reading 'xy_lattice'='Square'
INFO:tenpy.tools.params:MixedHofstadterLandauGauge_Pi_2: reading 'Ly'=3
INFO:tenpy.tools.params:MixedHofstadterLandauGauge_Pi_2: reading 'ring_order'=None
INFO:tenpy.tools.params:MixedHofstadterLandauGauge_Pi_2: reading 'conserve_k'=True
INFO:tenpy.tools.params:MixedHofstadterLandauGauge_Pi_2: reading 'bc_MPS'='infinite'
INFO:tenpy.tools.params:MixedHofstadterLandauGauge_Pi_2: reading 't'=-1
INFO:tenpy.tools.params:MixedHofstadterLandauGauge_Pi_2: reading 't2'=-0.25
INFO:tenpy.tools.params:MixedHofstadterLandauGauge_Pi_2: reading 'V1'=0.6
INFO:tenpy.tools.params:MixedHofstadterLandauGauge_Pi_2: reading 'phi_ext'=np.float64(1.6500000000000001)
INFO:tenpy.tools.params:MixedHofstadterLandauGauge_Pi_2: reading 'sort_mpo_legs'=False
/home/t30/kna/ge54yin/Documents/MasterThesisFQHinTMDs/MPS_stuff/MPScalculations/.venv/lib/python3.12/site-packages/tenpy/tools/params.py:232: UserWarning: unused options for config MixedHofstadterLandauGauge_Pi_2:
['Delta', 'N_rings', 'Nsec', 'bc', 'chi_max', 'ktot', 'saveAll']
  warnings.warn(msg.format(keys=sorted(unused), name=self.name))
INFO:tenpy.tools.params:DMRG: reading 'active_sites'=2
INFO:tenpy.tools.params:DMRG: reading 'diag_method'='default'
INFO:tenpy.tools.params:DMRG: subconfig 'trunc_params'=Config(<5 options>, 'trunc_params')
INFO:tenpy.tools.params:DMRG: reading 'max_N_sites_per_ring'=18
INFO:tenpy.tools.params:DMRG: reading 'combine'=False
INFO:tenpy.tools.params:DMRG: subconfig 'lanczos_params'=Config(<9 options>, 'lanczos_params')
INFO:tenpy.tools.params:DMRG: reading 'chi_list'=None
INFO:tenpy.tools.params:DMRG: reading 'start_env'=1
INFO:tenpy.algorithms.mps_common:start environment_sweep
INFO:tenpy.tools.params:DMRG: reading 'N_sweeps_check'=10
INFO:tenpy.tools.params:DMRG: subconfig 'mixer_params'=Config(<3 options>, 'mixer_params')
INFO:tenpy.tools.params:DMRG: reading 'mixer'=None
INFO:tenpy.tools.params:DMRG: reading 'max_sweeps'=100
INFO:tenpy.tools.params:DMRG: reading 'max_hours'=8760
INFO:tenpy.tools.params:DMRG: reading 'P_tol_to_trunc'=0.05
INFO:tenpy.tools.params:DMRG: reading 'P_tol_min'=5.0000000000000004e-30
INFO:tenpy.tools.params:DMRG: reading 'P_tol_max'=0.0001
INFO:tenpy.tools.params:DMRG: reading 'E_tol_to_trunc'=None
INFO:tenpy.algorithms.dmrg:Running sweep with optimization
INFO:tenpy.tools.params:DMRG: reading 'max_N_for_ED'=400
INFO:tenpy.tools.params:DMRG: reading 'update_env'=5
INFO:tenpy.algorithms.mps_common:start environment_sweep
INFO:tenpy.algorithms.dmrg:checkpoint after sweep 10
energy=0.3654017668795634, max S=2.0655357322440366, age=198, norm_err=6.6e-02
Current memory usage 241.1MB, wall time: 58.9s
Delta E = nan, Delta S = -5.1393e-02 (per sweep)
max trunc_err = 4.2828e-08, max E_trunc = 1.5774e-12
chi: [256, 256, 256, 256, 256, 256]
================================================================================
INFO:tenpy.algorithms.dmrg:Running sweep with optimization
INFO:tenpy.algorithms.mps_common:start environment_sweep
INFO:tenpy.algorithms.dmrg:checkpoint after sweep 20
energy=0.3810837128957374, max S=1.6834646913326787, age=378, norm_err=1.6e-01
Current memory usage 241.1MB, wall time: 76.8s
Delta E = 1.5682e-03, Delta S = -3.5422e-02 (per sweep)
max trunc_err = 1.8992e-08, max E_trunc = -9.8311e-11
chi: [256, 256, 256, 256, 256, 256]
================================================================================
INFO:tenpy.tools.params:DMRG: reading 'max_E_err'=1e-08
INFO:tenpy.tools.params:DMRG: reading 'max_S_err'=1e-05
INFO:tenpy.algorithms.dmrg:Running sweep with optimization
INFO:tenpy.algorithms.mps_common:start environment_sweep
INFO:tenpy.algorithms.dmrg:checkpoint after sweep 30
energy=0.7416985442767251, max S=1.0361801441418947, age=558, norm_err=5.7e-02
Current memory usage 241.1MB, wall time: 67.0s
Delta E = 3.6061e-02, Delta S = -6.4867e-02 (per sweep)
max trunc_err = 2.3663e-08, max E_trunc = -8.3503e-11
chi: [256, 256, 256, 256, 256, 256]
================================================================================
INFO:tenpy.algorithms.dmrg:Running sweep with optimization
INFO:tenpy.algorithms.mps_common:start environment_sweep
INFO:tenpy.algorithms.dmrg:checkpoint after sweep 40
energy=0.4590922238034902, max S=2.4542878151917384, age=738, norm_err=7.2e-02
Current memory usage 241.1MB, wall time: 77.5s
Delta E = -2.8261e-02, Delta S = 1.4101e-01 (per sweep)
max trunc_err = 1.0128e-08, max E_trunc = -1.2905e-09
chi: [256, 256, 256, 256, 256, 256]
================================================================================
INFO:tenpy.algorithms.dmrg:Running sweep with optimization
INFO:tenpy.algorithms.mps_common:start environment_sweep
INFO:tenpy.algorithms.dmrg:checkpoint after sweep 50
energy=0.1653527772232858, max S=1.2191629014175072, age=918, norm_err=2.0e-02
Current memory usage 241.1MB, wall time: 65.6s
Delta E = -2.9374e-02, Delta S = -1.2468e-01 (per sweep)
max trunc_err = 9.8733e-09, max E_trunc = 2.3874e-12
chi: [256, 256, 256, 256, 256, 256]
================================================================================
INFO:tenpy.algorithms.dmrg:Running sweep with optimization
INFO:tenpy.algorithms.mps_common:start environment_sweep
INFO:tenpy.algorithms.dmrg:checkpoint after sweep 60
energy=0.7075120028060837, max S=1.3777330914907679, age=1098, norm_err=9.1e-02
Current memory usage 241.1MB, wall time: 63.4s
Delta E = 5.4216e-02, Delta S = 2.2307e-02 (per sweep)
max trunc_err = 2.4230e-08, max E_trunc = 3.4106e-13
chi: [255, 256, 255, 256, 256, 254]
================================================================================
INFO:tenpy.algorithms.dmrg:Running sweep with optimization
INFO:tenpy.algorithms.mps_common:start environment_sweep
INFO:tenpy.algorithms.dmrg:checkpoint after sweep 70
energy=0.3952379888408662, max S=2.0543323766466095, age=1278, norm_err=3.5e-02
Current memory usage 241.1MB, wall time: 68.1s
Delta E = -3.1227e-02, Delta S = 5.9054e-02 (per sweep)
max trunc_err = 4.9666e-08, max E_trunc = 3.4106e-13
chi: [256, 256, 256, 256, 256, 256]
================================================================================
INFO:tenpy.algorithms.dmrg:Running sweep with optimization
INFO:tenpy.algorithms.mps_common:start environment_sweep
INFO:tenpy.algorithms.dmrg:checkpoint after sweep 80
energy=0.3426879355640817, max S=2.0321604890208995, age=1458, norm_err=1.9e-01
Current memory usage 241.1MB, wall time: 76.5s
Delta E = -5.2550e-03, Delta S = 1.2456e-03 (per sweep)
max trunc_err = 3.3906e-09, max E_trunc = -6.7416e-11
chi: [256, 256, 256, 256, 256, 256]
================================================================================
INFO:tenpy.algorithms.dmrg:Running sweep with optimization
INFO:tenpy.algorithms.mps_common:start environment_sweep
INFO:tenpy.algorithms.dmrg:checkpoint after sweep 90
energy=0.3224441023634768, max S=2.6577565666612344, age=1638, norm_err=6.9e-02
Current memory usage 241.1MB, wall time: 67.7s
Delta E = -2.0244e-03, Delta S = 6.1588e-02 (per sweep)
max trunc_err = 4.5952e-08, max E_trunc = -4.8885e-12
chi: [256, 256, 256, 256, 256, 256]
================================================================================
INFO:tenpy.algorithms.dmrg:Running sweep with optimization
INFO:tenpy.algorithms.mps_common:start environment_sweep
INFO:tenpy.algorithms.dmrg:checkpoint after sweep 100
energy=0.3607441468012098, max S=2.8293041490004334, age=1818, norm_err=1.1e-02
Current memory usage 241.1MB, wall time: 65.4s
Delta E = 3.8300e-03, Delta S = 2.0784e-02 (per sweep)
max trunc_err = 1.0863e-07, max E_trunc = 7.7307e-12
chi: [256, 256, 256, 256, 256, 256]
================================================================================
INFO:tenpy.algorithms.dmrg:Running sweep with optimization
INFO:tenpy.algorithms.mps_common:start environment_sweep
INFO:tenpy.algorithms.dmrg:checkpoint after sweep 110
energy=0.6164149361061106, max S=2.6683947871645417, age=1998, norm_err=1.0e-02
Current memory usage 241.1MB, wall time: 64.6s
Delta E = 2.5567e-02, Delta S = -3.2222e-02 (per sweep)
max trunc_err = 1.1382e-07, max E_trunc = 7.7307e-12
chi: [256, 256, 256, 256, 256, 256]
================================================================================
INFO:tenpy.algorithms.mps_common:TwoSiteDMRGEngine: Maximum number of sweeps reached
INFO:tenpy.tools.params:DMRG: reading 'norm_tol'=1e-05
INFO:tenpy.tools.params:DMRG: reading 'norm_tol_final'=1e-10
INFO:tenpy.tools.params:DMRG: reading 'norm_tol_iter'=5
WARNING:tenpy.algorithms.dmrg:final DMRG state not in canonical form up to norm_tol=1.00e-05: norm_err=1.05e-02
INFO:tenpy.algorithms.mps_common:start environment_sweep
INFO:tenpy.algorithms.mps_common:start environment_sweep
WARNING:tenpy.algorithms.dmrg:final DMRG state not in canonical form up to norm_tol_final=1.00e-10: norm_err=3.24e-06, calling psi.canonical_form()
WARNING:tenpy.networks.mps:canonical_form_infinite: project to significantly smaller chi
WARNING:tenpy.networks.mps:canonical_form_infinite: project to significantly smaller chi
WARNING:tenpy.networks.mps:canonical_form_infinite: project to significantly smaller chi
WARNING:tenpy.networks.mps:canonical_form_infinite: project to significantly smaller chi
INFO:tenpy.algorithms.dmrg:TwoSiteDMRGEngine finished after 110 sweeps, max chi=243
INFO:tenpy.tools.params:DMRG: reading 'max_trunc_err'=0.0001
INFO:tenpy.tools.params:MixedHofstadterLandauGauge_Pi_2: reading 'explicit_plus_hc'=False
INFO:tenpy.tools.params:MixedHofstadterLandauGauge_Pi_2: reading 'Lx'=2
INFO:tenpy.tools.params:MixedHofstadterLandauGauge_Pi_2: setting 'N_rings'=2
INFO:tenpy.tools.params:MixedHofstadterLandauGauge_Pi_2: reading 'xy_lattice'='Square'
INFO:tenpy.tools.params:MixedHofstadterLandauGauge_Pi_2: reading 'Ly'=3
INFO:tenpy.tools.params:MixedHofstadterLandauGauge_Pi_2: reading 'ring_order'=None
INFO:tenpy.tools.params:MixedHofstadterLandauGauge_Pi_2: reading 'conserve_k'=True
INFO:tenpy.tools.params:MixedHofstadterLandauGauge_Pi_2: reading 'bc_MPS'='infinite'
INFO:tenpy.tools.params:MixedHofstadterLandauGauge_Pi_2: reading 't'=-1
INFO:tenpy.tools.params:MixedHofstadterLandauGauge_Pi_2: reading 't2'=-0.25
INFO:tenpy.tools.params:MixedHofstadterLandauGauge_Pi_2: reading 'V1'=0.6
INFO:tenpy.tools.params:MixedHofstadterLandauGauge_Pi_2: reading 'phi_ext'=np.float64(1.7000000000000002)
INFO:tenpy.tools.params:MixedHofstadterLandauGauge_Pi_2: reading 'sort_mpo_legs'=False
/home/t30/kna/ge54yin/Documents/MasterThesisFQHinTMDs/MPS_stuff/MPScalculations/.venv/lib/python3.12/site-packages/tenpy/tools/params.py:232: UserWarning: unused options for config MixedHofstadterLandauGauge_Pi_2:
['Delta', 'N_rings', 'Nsec', 'bc', 'chi_max', 'ktot', 'saveAll']
  warnings.warn(msg.format(keys=sorted(unused), name=self.name))
INFO:tenpy.tools.params:DMRG: reading 'active_sites'=2
INFO:tenpy.tools.params:DMRG: reading 'diag_method'='default'
INFO:tenpy.tools.params:DMRG: subconfig 'trunc_params'=Config(<5 options>, 'trunc_params')
INFO:tenpy.tools.params:DMRG: reading 'max_N_sites_per_ring'=18
INFO:tenpy.tools.params:DMRG: reading 'combine'=False
INFO:tenpy.tools.params:DMRG: subconfig 'lanczos_params'=Config(<9 options>, 'lanczos_params')
INFO:tenpy.tools.params:DMRG: reading 'chi_list'=None
INFO:tenpy.tools.params:DMRG: reading 'start_env'=1
INFO:tenpy.algorithms.mps_common:start environment_sweep
INFO:tenpy.tools.params:DMRG: reading 'N_sweeps_check'=10
INFO:tenpy.tools.params:DMRG: subconfig 'mixer_params'=Config(<3 options>, 'mixer_params')
INFO:tenpy.tools.params:DMRG: reading 'mixer'=None
INFO:tenpy.tools.params:DMRG: reading 'max_sweeps'=100
INFO:tenpy.tools.params:DMRG: reading 'max_hours'=8760
INFO:tenpy.tools.params:DMRG: reading 'P_tol_to_trunc'=0.05
INFO:tenpy.tools.params:DMRG: reading 'P_tol_min'=5.0000000000000004e-30
INFO:tenpy.tools.params:DMRG: reading 'P_tol_max'=0.0001
INFO:tenpy.tools.params:DMRG: reading 'E_tol_to_trunc'=None
INFO:tenpy.algorithms.dmrg:Running sweep with optimization
INFO:tenpy.tools.params:DMRG: reading 'max_N_for_ED'=400
INFO:tenpy.tools.params:DMRG: reading 'update_env'=5
INFO:tenpy.algorithms.mps_common:start environment_sweep
INFO:tenpy.algorithms.dmrg:checkpoint after sweep 10
energy=0.3276335132114596, max S=2.6785545365249099, age=198, norm_err=7.6e-02
Current memory usage 241.1MB, wall time: 68.6s
Delta E = nan, Delta S = 1.9400e-02 (per sweep)
max trunc_err = 2.1451e-08, max E_trunc = -4.3369e-10
chi: [256, 256, 256, 256, 256, 256]
================================================================================
INFO:tenpy.algorithms.dmrg:Running sweep with optimization
INFO:tenpy.algorithms.mps_common:start environment_sweep
INFO:tenpy.algorithms.dmrg:checkpoint after sweep 20
energy=0.4299438139680802, max S=2.5085128899362554, age=378, norm_err=3.2e-02
Current memory usage 241.1MB, wall time: 57.7s
Delta E = 1.0231e-02, Delta S = -2.8454e-02 (per sweep)
max trunc_err = 5.0471e-08, max E_trunc = 6.5938e-12
chi: [256, 256, 256, 256, 256, 256]
================================================================================
INFO:tenpy.tools.params:DMRG: reading 'max_E_err'=1e-08
INFO:tenpy.tools.params:DMRG: reading 'max_S_err'=1e-05
INFO:tenpy.algorithms.dmrg:Running sweep with optimization
INFO:tenpy.algorithms.mps_common:start environment_sweep
INFO:tenpy.algorithms.dmrg:checkpoint after sweep 30
energy=0.4894418011662698, max S=1.3148979758425188, age=558, norm_err=3.9e-02
Current memory usage 241.1MB, wall time: 56.7s
Delta E = 5.9498e-03, Delta S = -1.0694e-01 (per sweep)
max trunc_err = 4.8376e-08, max E_trunc = 1.7621e-12
chi: [256, 256, 256, 256, 256, 256]
================================================================================
INFO:tenpy.algorithms.dmrg:Running sweep with optimization
INFO:tenpy.algorithms.mps_common:start environment_sweep
INFO:tenpy.algorithms.dmrg:checkpoint after sweep 40
energy=0.3881800637025161, max S=2.3574923975569817, age=738, norm_err=5.1e-02
Current memory usage 241.1MB, wall time: 66.8s
Delta E = -1.0126e-02, Delta S = 9.0211e-02 (per sweep)
max trunc_err = 1.6696e-08, max E_trunc = -4.9909e-11
chi: [256, 256, 256, 256, 256, 256]
================================================================================
INFO:tenpy.algorithms.dmrg:Running sweep with optimization
INFO:tenpy.algorithms.mps_common:start environment_sweep
INFO:tenpy.algorithms.dmrg:checkpoint after sweep 50
energy=0.4235695071226549, max S=2.4695167243255565, age=918, norm_err=6.3e-02
Current memory usage 241.1MB, wall time: 73.7s
Delta E = 3.5389e-03, Delta S = 2.8106e-02 (per sweep)
max trunc_err = 2.3161e-09, max E_trunc = -1.6502e-10
chi: [256, 256, 256, 256, 256, 256]
================================================================================
INFO:tenpy.algorithms.dmrg:Running sweep with optimization
INFO:tenpy.algorithms.mps_common:start environment_sweep
INFO:tenpy.algorithms.dmrg:checkpoint after sweep 60
energy=0.7276988357511508, max S=1.9147468774491450, age=1098, norm_err=1.8e-03
Current memory usage 241.1MB, wall time: 64.1s
Delta E = 3.0413e-02, Delta S = -7.2479e-02 (per sweep)
max trunc_err = 1.1838e-06, max E_trunc = -1.1369e-13
chi: [256, 255, 256, 255, 256, 256]
================================================================================
INFO:tenpy.algorithms.dmrg:Running sweep with optimization
INFO:tenpy.algorithms.mps_common:start environment_sweep
INFO:tenpy.algorithms.dmrg:checkpoint after sweep 70
energy=0.5300380097542359, max S=1.9878533563217240, age=1278, norm_err=1.4e-01
Current memory usage 241.1MB, wall time: 68.8s
Delta E = -1.9766e-02, Delta S = 6.0523e-03 (per sweep)
max trunc_err = 1.7641e-08, max E_trunc = -9.6861e-11
chi: [256, 256, 256, 256, 256, 256]
================================================================================
INFO:tenpy.algorithms.dmrg:Running sweep with optimization
INFO:tenpy.algorithms.mps_common:start environment_sweep
INFO:tenpy.algorithms.dmrg:checkpoint after sweep 80
energy=0.4526817275085951, max S=0.8731355970827772, age=1458, norm_err=5.5e-02
Current memory usage 241.1MB, wall time: 75.9s
Delta E = -7.7356e-03, Delta S = -9.0819e-02 (per sweep)
max trunc_err = 1.6071e-09, max E_trunc = -6.2528e-12
chi: [256, 256, 256, 256, 256, 256]
================================================================================
INFO:tenpy.algorithms.dmrg:Running sweep with optimization
INFO:tenpy.algorithms.mps_common:start environment_sweep
INFO:tenpy.algorithms.dmrg:checkpoint after sweep 90
energy=0.6159388055777129, max S=2.1938474941428616, age=1638, norm_err=8.8e-03
Current memory usage 241.1MB, wall time: 68.1s
Delta E = 1.6326e-02, Delta S = 1.2334e-01 (per sweep)
max trunc_err = 3.8574e-08, max E_trunc = -1.3983e-11
chi: [256, 256, 256, 256, 256, 256]
================================================================================
INFO:tenpy.algorithms.dmrg:Running sweep with optimization
INFO:tenpy.algorithms.mps_common:start environment_sweep
INFO:tenpy.algorithms.dmrg:checkpoint after sweep 100
energy=0.1114235218913772, max S=1.7401832891596838, age=1818, norm_err=6.0e-04
Current memory usage 241.1MB, wall time: 75.9s
Delta E = -5.0452e-02, Delta S = -6.0157e-02 (per sweep)
max trunc_err = 2.5741e-08, max E_trunc = -2.4988e-09
chi: [256, 256, 256, 256, 256, 256]
================================================================================
INFO:tenpy.algorithms.dmrg:Running sweep with optimization
INFO:tenpy.algorithms.mps_common:start environment_sweep
INFO:tenpy.algorithms.dmrg:checkpoint after sweep 110
energy=0.3579215966145455, max S=2.0290576689583926, age=1998, norm_err=2.2e-01
Current memory usage 241.1MB, wall time: 76.6s
Delta E = 2.4650e-02, Delta S = 3.4031e-02 (per sweep)
max trunc_err = 7.8060e-09, max E_trunc = -1.6371e-11
chi: [256, 256, 256, 256, 256, 256]
================================================================================
INFO:tenpy.algorithms.mps_common:TwoSiteDMRGEngine: Maximum number of sweeps reached
INFO:tenpy.tools.params:DMRG: reading 'norm_tol'=1e-05
INFO:tenpy.tools.params:DMRG: reading 'norm_tol_final'=1e-10
INFO:tenpy.tools.params:DMRG: reading 'norm_tol_iter'=5
WARNING:tenpy.algorithms.dmrg:final DMRG state not in canonical form up to norm_tol=1.00e-05: norm_err=2.23e-01
INFO:tenpy.algorithms.mps_common:start environment_sweep
INFO:tenpy.algorithms.mps_common:start environment_sweep
INFO:tenpy.algorithms.mps_common:start environment_sweep
INFO:tenpy.algorithms.mps_common:start environment_sweep
WARNING:tenpy.algorithms.dmrg:final DMRG state not in canonical form up to norm_tol_final=1.00e-10: norm_err=7.19e-06, calling psi.canonical_form()
INFO:tenpy.algorithms.dmrg:TwoSiteDMRGEngine finished after 110 sweeps, max chi=248
INFO:tenpy.tools.params:DMRG: reading 'max_trunc_err'=0.0001
INFO:tenpy.tools.params:MixedHofstadterLandauGauge_Pi_2: reading 'explicit_plus_hc'=False
INFO:tenpy.tools.params:MixedHofstadterLandauGauge_Pi_2: reading 'Lx'=2
INFO:tenpy.tools.params:MixedHofstadterLandauGauge_Pi_2: setting 'N_rings'=2
INFO:tenpy.tools.params:MixedHofstadterLandauGauge_Pi_2: reading 'xy_lattice'='Square'
INFO:tenpy.tools.params:MixedHofstadterLandauGauge_Pi_2: reading 'Ly'=3
INFO:tenpy.tools.params:MixedHofstadterLandauGauge_Pi_2: reading 'ring_order'=None
INFO:tenpy.tools.params:MixedHofstadterLandauGauge_Pi_2: reading 'conserve_k'=True
INFO:tenpy.tools.params:MixedHofstadterLandauGauge_Pi_2: reading 'bc_MPS'='infinite'
INFO:tenpy.tools.params:MixedHofstadterLandauGauge_Pi_2: reading 't'=-1
INFO:tenpy.tools.params:MixedHofstadterLandauGauge_Pi_2: reading 't2'=-0.25
INFO:tenpy.tools.params:MixedHofstadterLandauGauge_Pi_2: reading 'V1'=0.6
INFO:tenpy.tools.params:MixedHofstadterLandauGauge_Pi_2: reading 'phi_ext'=np.float64(1.75)
INFO:tenpy.tools.params:MixedHofstadterLandauGauge_Pi_2: reading 'sort_mpo_legs'=False
/home/t30/kna/ge54yin/Documents/MasterThesisFQHinTMDs/MPS_stuff/MPScalculations/.venv/lib/python3.12/site-packages/tenpy/tools/params.py:232: UserWarning: unused options for config MixedHofstadterLandauGauge_Pi_2:
['Delta', 'N_rings', 'Nsec', 'bc', 'chi_max', 'ktot', 'saveAll']
  warnings.warn(msg.format(keys=sorted(unused), name=self.name))
INFO:tenpy.tools.params:DMRG: reading 'active_sites'=2
INFO:tenpy.tools.params:DMRG: reading 'diag_method'='default'
INFO:tenpy.tools.params:DMRG: subconfig 'trunc_params'=Config(<5 options>, 'trunc_params')
INFO:tenpy.tools.params:DMRG: reading 'max_N_sites_per_ring'=18
INFO:tenpy.tools.params:DMRG: reading 'combine'=False
INFO:tenpy.tools.params:DMRG: subconfig 'lanczos_params'=Config(<9 options>, 'lanczos_params')
INFO:tenpy.tools.params:DMRG: reading 'chi_list'=None
INFO:tenpy.tools.params:DMRG: reading 'start_env'=1
INFO:tenpy.algorithms.mps_common:start environment_sweep
INFO:tenpy.tools.params:DMRG: reading 'N_sweeps_check'=10
INFO:tenpy.tools.params:DMRG: subconfig 'mixer_params'=Config(<3 options>, 'mixer_params')
INFO:tenpy.tools.params:DMRG: reading 'mixer'=None
INFO:tenpy.tools.params:DMRG: reading 'max_sweeps'=100
INFO:tenpy.tools.params:DMRG: reading 'max_hours'=8760
INFO:tenpy.tools.params:DMRG: reading 'P_tol_to_trunc'=0.05
INFO:tenpy.tools.params:DMRG: reading 'P_tol_min'=5.0000000000000004e-30
INFO:tenpy.tools.params:DMRG: reading 'P_tol_max'=0.0001
INFO:tenpy.tools.params:DMRG: reading 'E_tol_to_trunc'=None
INFO:tenpy.algorithms.dmrg:Running sweep with optimization
INFO:tenpy.tools.params:DMRG: reading 'max_N_for_ED'=400
INFO:tenpy.tools.params:DMRG: reading 'update_env'=5
INFO:tenpy.algorithms.mps_common:start environment_sweep
INFO:tenpy.algorithms.dmrg:checkpoint after sweep 10
energy=0.2050812258735621, max S=1.2205672771287530, age=198, norm_err=3.5e-02
Current memory usage 241.1MB, wall time: 65.6s
Delta E = nan, Delta S = -8.0445e-02 (per sweep)
max trunc_err = 2.6839e-08, max E_trunc = -4.5176e-11
chi: [256, 256, 256, 256, 256, 256]
================================================================================
INFO:tenpy.algorithms.dmrg:Running sweep with optimization
INFO:tenpy.algorithms.mps_common:start environment_sweep
INFO:tenpy.algorithms.dmrg:checkpoint after sweep 20
energy=0.1882031281665301, max S=2.1654812021947398, age=378, norm_err=4.4e-02
Current memory usage 241.1MB, wall time: 76.9s
Delta E = -1.6878e-03, Delta S = 8.2620e-02 (per sweep)
max trunc_err = 4.2966e-08, max E_trunc = -5.9430e-11
chi: [256, 256, 256, 256, 256, 256]
================================================================================
INFO:tenpy.tools.params:DMRG: reading 'max_E_err'=1e-08
INFO:tenpy.tools.params:DMRG: reading 'max_S_err'=1e-05
INFO:tenpy.algorithms.dmrg:Running sweep with optimization
INFO:tenpy.algorithms.mps_common:start environment_sweep
INFO:tenpy.algorithms.dmrg:checkpoint after sweep 30
energy=0.4305316435199960, max S=2.3755046630547434, age=558, norm_err=2.0e-01
Current memory usage 241.1MB, wall time: 76.9s
Delta E = 2.4233e-02, Delta S = 2.1668e-02 (per sweep)
max trunc_err = 3.7930e-09, max E_trunc = -2.5295e-12
chi: [256, 256, 256, 256, 256, 256]
================================================================================
INFO:tenpy.algorithms.dmrg:Running sweep with optimization
INFO:tenpy.algorithms.mps_common:start environment_sweep
INFO:tenpy.algorithms.dmrg:checkpoint after sweep 40
energy=0.0793683450753377, max S=3.2045405432364160, age=738, norm_err=5.4e-03
Current memory usage 241.1MB, wall time: 66.7s
Delta E = -3.5116e-02, Delta S = 8.5875e-02 (per sweep)
max trunc_err = 1.1974e-07, max E_trunc = -7.2760e-12
chi: [256, 256, 256, 256, 256, 256]
================================================================================
INFO:tenpy.algorithms.dmrg:Running sweep with optimization
INFO:tenpy.algorithms.mps_common:start environment_sweep
INFO:tenpy.algorithms.dmrg:checkpoint after sweep 50
energy=0.2960938915075057, max S=2.4009132329982132, age=918, norm_err=4.5e-02
Current memory usage 241.1MB, wall time: 62.5s
Delta E = 2.1673e-02, Delta S = -8.2151e-02 (per sweep)
max trunc_err = 7.2512e-08, max E_trunc = 5.7412e-12
chi: [256, 256, 256, 256, 256, 256]
================================================================================
INFO:tenpy.algorithms.dmrg:Running sweep with optimization
INFO:tenpy.algorithms.mps_common:start environment_sweep
INFO:tenpy.algorithms.dmrg:checkpoint after sweep 60
energy=0.2978276696114079, max S=2.3588266084460074, age=1098, norm_err=1.1e-02
Current memory usage 241.1MB, wall time: 63.1s
Delta E = 1.7338e-04, Delta S = 1.2167e-02 (per sweep)
max trunc_err = 7.3610e-08, max E_trunc = 5.2296e-12
chi: [256, 256, 256, 256, 256, 256]
================================================================================
INFO:tenpy.algorithms.dmrg:Running sweep with optimization
INFO:tenpy.algorithms.mps_common:start environment_sweep
INFO:tenpy.algorithms.dmrg:checkpoint after sweep 70
energy=0.4860622171780544, max S=2.3064730514193004, age=1278, norm_err=9.9e-02
Current memory usage 241.1MB, wall time: 71.5s
Delta E = 1.8823e-02, Delta S = -1.6121e-02 (per sweep)
max trunc_err = 7.3282e-09, max E_trunc = -2.4784e-11
chi: [256, 256, 256, 256, 256, 256]
================================================================================
INFO:tenpy.algorithms.dmrg:Running sweep with optimization
INFO:tenpy.algorithms.mps_common:start environment_sweep
INFO:tenpy.algorithms.dmrg:checkpoint after sweep 80
energy=0.6577604394755762, max S=0.2184017950979538, age=1458, norm_err=9.4e-04
Current memory usage 241.1MB, wall time: 64.7s
Delta E = 1.7170e-02, Delta S = -1.9727e-01 (per sweep)
max trunc_err = 2.4412e-08, max E_trunc = -3.6380e-12
chi: [256, 256, 256, 256, 256, 256]
================================================================================
INFO:tenpy.algorithms.dmrg:Running sweep with optimization
INFO:tenpy.algorithms.mps_common:start environment_sweep
INFO:tenpy.algorithms.dmrg:checkpoint after sweep 90
energy=0.4320427097355075, max S=2.4392884472347851, age=1638, norm_err=3.1e-02
Current memory usage 241.1MB, wall time: 64.2s
Delta E = -2.2572e-02, Delta S = 2.2050e-01 (per sweep)
max trunc_err = 1.2998e-07, max E_trunc = 5.0022e-12
chi: [256, 256, 256, 256, 256, 256]
================================================================================
INFO:tenpy.algorithms.dmrg:Running sweep with optimization
INFO:tenpy.algorithms.mps_common:start environment_sweep
INFO:tenpy.algorithms.dmrg:checkpoint after sweep 100
energy=0.3522270790253401, max S=2.4320517240001833, age=1818, norm_err=2.9e-02
Current memory usage 241.1MB, wall time: 64.6s
Delta E = -7.9816e-03, Delta S = -1.0250e-02 (per sweep)
max trunc_err = 8.5836e-08, max E_trunc = -6.6166e-11
chi: [256, 256, 256, 256, 256, 256]
================================================================================
INFO:tenpy.algorithms.dmrg:Running sweep with optimization
INFO:tenpy.algorithms.mps_common:start environment_sweep
INFO:tenpy.algorithms.dmrg:checkpoint after sweep 110
energy=0.2116419246994496, max S=2.6347362554787299, age=1998, norm_err=1.1e-01
Current memory usage 241.1MB, wall time: 68.9s
Delta E = -1.4059e-02, Delta S = 1.2791e-02 (per sweep)
max trunc_err = 2.9456e-08, max E_trunc = -1.7394e-11
chi: [256, 256, 256, 256, 256, 256]
================================================================================
INFO:tenpy.algorithms.mps_common:TwoSiteDMRGEngine: Maximum number of sweeps reached
INFO:tenpy.tools.params:DMRG: reading 'norm_tol'=1e-05
INFO:tenpy.tools.params:DMRG: reading 'norm_tol_final'=1e-10
INFO:tenpy.tools.params:DMRG: reading 'norm_tol_iter'=5
WARNING:tenpy.algorithms.dmrg:final DMRG state not in canonical form up to norm_tol=1.00e-05: norm_err=1.08e-01
INFO:tenpy.algorithms.mps_common:start environment_sweep
INFO:tenpy.algorithms.mps_common:start environment_sweep
INFO:tenpy.algorithms.mps_common:start environment_sweep
INFO:tenpy.algorithms.mps_common:start environment_sweep
WARNING:tenpy.algorithms.dmrg:final DMRG state not in canonical form up to norm_tol_final=1.00e-10: norm_err=1.91e-06, calling psi.canonical_form()
WARNING:tenpy.networks.mps:canonical_form_infinite: project to significantly smaller chi
WARNING:tenpy.networks.mps:canonical_form_infinite: project to significantly smaller chi
WARNING:tenpy.networks.mps:canonical_form_infinite: project to significantly smaller chi
WARNING:tenpy.networks.mps:canonical_form_infinite: project to significantly smaller chi
WARNING:tenpy.networks.mps:canonical_form_infinite: project to significantly smaller chi
WARNING:tenpy.networks.mps:canonical_form_infinite: project to significantly smaller chi
WARNING:tenpy.networks.mps:canonical_form_infinite: project to significantly smaller chi
INFO:tenpy.algorithms.dmrg:TwoSiteDMRGEngine finished after 110 sweeps, max chi=195
INFO:tenpy.tools.params:DMRG: reading 'max_trunc_err'=0.0001
INFO:tenpy.tools.params:MixedHofstadterLandauGauge_Pi_2: reading 'explicit_plus_hc'=False
INFO:tenpy.tools.params:MixedHofstadterLandauGauge_Pi_2: reading 'Lx'=2
INFO:tenpy.tools.params:MixedHofstadterLandauGauge_Pi_2: setting 'N_rings'=2
INFO:tenpy.tools.params:MixedHofstadterLandauGauge_Pi_2: reading 'xy_lattice'='Square'
INFO:tenpy.tools.params:MixedHofstadterLandauGauge_Pi_2: reading 'Ly'=3
INFO:tenpy.tools.params:MixedHofstadterLandauGauge_Pi_2: reading 'ring_order'=None
INFO:tenpy.tools.params:MixedHofstadterLandauGauge_Pi_2: reading 'conserve_k'=True
INFO:tenpy.tools.params:MixedHofstadterLandauGauge_Pi_2: reading 'bc_MPS'='infinite'
INFO:tenpy.tools.params:MixedHofstadterLandauGauge_Pi_2: reading 't'=-1
INFO:tenpy.tools.params:MixedHofstadterLandauGauge_Pi_2: reading 't2'=-0.25
INFO:tenpy.tools.params:MixedHofstadterLandauGauge_Pi_2: reading 'V1'=0.6
INFO:tenpy.tools.params:MixedHofstadterLandauGauge_Pi_2: reading 'phi_ext'=np.float64(1.8)
INFO:tenpy.tools.params:MixedHofstadterLandauGauge_Pi_2: reading 'sort_mpo_legs'=False
/home/t30/kna/ge54yin/Documents/MasterThesisFQHinTMDs/MPS_stuff/MPScalculations/.venv/lib/python3.12/site-packages/tenpy/tools/params.py:232: UserWarning: unused options for config MixedHofstadterLandauGauge_Pi_2:
['Delta', 'N_rings', 'Nsec', 'bc', 'chi_max', 'ktot', 'saveAll']
  warnings.warn(msg.format(keys=sorted(unused), name=self.name))
INFO:tenpy.tools.params:DMRG: reading 'active_sites'=2
INFO:tenpy.tools.params:DMRG: reading 'diag_method'='default'
INFO:tenpy.tools.params:DMRG: subconfig 'trunc_params'=Config(<5 options>, 'trunc_params')
INFO:tenpy.tools.params:DMRG: reading 'max_N_sites_per_ring'=18
INFO:tenpy.tools.params:DMRG: reading 'combine'=False
INFO:tenpy.tools.params:DMRG: subconfig 'lanczos_params'=Config(<9 options>, 'lanczos_params')
INFO:tenpy.tools.params:DMRG: reading 'chi_list'=None
INFO:tenpy.tools.params:DMRG: reading 'start_env'=1
INFO:tenpy.algorithms.mps_common:start environment_sweep
INFO:tenpy.tools.params:DMRG: reading 'N_sweeps_check'=10
INFO:tenpy.tools.params:DMRG: subconfig 'mixer_params'=Config(<3 options>, 'mixer_params')
INFO:tenpy.tools.params:DMRG: reading 'mixer'=None
INFO:tenpy.tools.params:DMRG: reading 'max_sweeps'=100
INFO:tenpy.tools.params:DMRG: reading 'max_hours'=8760
INFO:tenpy.tools.params:DMRG: reading 'P_tol_to_trunc'=0.05
INFO:tenpy.tools.params:DMRG: reading 'P_tol_min'=5.0000000000000004e-30
INFO:tenpy.tools.params:DMRG: reading 'P_tol_max'=0.0001
INFO:tenpy.tools.params:DMRG: reading 'E_tol_to_trunc'=None
INFO:tenpy.algorithms.dmrg:Running sweep with optimization
INFO:tenpy.tools.params:DMRG: reading 'max_N_for_ED'=400
INFO:tenpy.tools.params:DMRG: reading 'update_env'=5
INFO:tenpy.algorithms.mps_common:start environment_sweep
INFO:tenpy.algorithms.dmrg:checkpoint after sweep 10
energy=0.3354385777692800, max S=1.2199847675025404, age=198, norm_err=7.8e-03
Current memory usage 241.1MB, wall time: 64.7s
Delta E = nan, Delta S = -1.3168e-01 (per sweep)
max trunc_err = 2.4831e-08, max E_trunc = -3.6157e-10
chi: [256, 256, 256, 256, 256, 256]
================================================================================
INFO:tenpy.algorithms.dmrg:Running sweep with optimization
INFO:tenpy.algorithms.mps_common:start environment_sweep
INFO:tenpy.algorithms.dmrg:checkpoint after sweep 20
energy=0.3530896270952771, max S=1.9214801836585829, age=378, norm_err=1.4e-01
Current memory usage 241.1MB, wall time: 76.7s
Delta E = 1.7651e-03, Delta S = 7.4192e-02 (per sweep)
max trunc_err = 2.4748e-08, max E_trunc = -1.8645e-10
chi: [256, 256, 256, 255, 256, 256]
================================================================================
INFO:tenpy.tools.params:DMRG: reading 'max_E_err'=1e-08
INFO:tenpy.tools.params:DMRG: reading 'max_S_err'=1e-05
INFO:tenpy.algorithms.dmrg:Running sweep with optimization
INFO:tenpy.algorithms.mps_common:start environment_sweep
INFO:tenpy.algorithms.dmrg:checkpoint after sweep 30
energy=0.3575135603322697, max S=0.9295095323960531, age=558, norm_err=3.3e-02
Current memory usage 241.1MB, wall time: 68.1s
Delta E = 4.4239e-04, Delta S = -9.4385e-02 (per sweep)
max trunc_err = 5.8871e-08, max E_trunc = 3.5243e-12
chi: [256, 256, 256, 256, 256, 256]
================================================================================
INFO:tenpy.algorithms.dmrg:Running sweep with optimization
INFO:tenpy.algorithms.mps_common:start environment_sweep
INFO:tenpy.algorithms.dmrg:checkpoint after sweep 40
energy=0.2975880001975213, max S=2.8016074544621032, age=738, norm_err=2.8e-02
Current memory usage 241.1MB, wall time: 65.5s
Delta E = -5.9926e-03, Delta S = 1.8461e-01 (per sweep)
max trunc_err = 4.4517e-08, max E_trunc = 2.5011e-12
chi: [256, 256, 256, 256, 256, 256]
================================================================================
INFO:tenpy.algorithms.dmrg:Running sweep with optimization
INFO:tenpy.algorithms.mps_common:start environment_sweep
INFO:tenpy.algorithms.dmrg:checkpoint after sweep 50
energy=0.6390982521937000, max S=1.7885848730987717, age=918, norm_err=7.6e-02
Current memory usage 241.1MB, wall time: 64.1s
Delta E = 3.4151e-02, Delta S = -1.0558e-01 (per sweep)
max trunc_err = 6.5016e-08, max E_trunc = 4.1496e-12
chi: [256, 256, 256, 256, 256, 256]
================================================================================
INFO:tenpy.algorithms.dmrg:Running sweep with optimization
INFO:tenpy.algorithms.mps_common:start environment_sweep
INFO:tenpy.algorithms.dmrg:checkpoint after sweep 60
energy=0.3794177455817902, max S=1.7826514993198850, age=1098, norm_err=1.7e-01
Current memory usage 241.1MB, wall time: 61.5s
Delta E = -2.5968e-02, Delta S = 1.6566e-03 (per sweep)
max trunc_err = 2.4665e-08, max E_trunc = 1.5916e-12
chi: [255, 256, 256, 255, 255, 256]
================================================================================
INFO:tenpy.algorithms.dmrg:Running sweep with optimization
INFO:tenpy.algorithms.mps_common:start environment_sweep
INFO:tenpy.algorithms.dmrg:checkpoint after sweep 70
energy=0.4610150452707937, max S=3.1766526627411009, age=1278, norm_err=7.1e-03
Current memory usage 241.1MB, wall time: 65.2s
Delta E = 8.1597e-03, Delta S = 1.4902e-01 (per sweep)
max trunc_err = 8.3836e-08, max E_trunc = -9.8692e-10
chi: [256, 256, 256, 256, 256, 256]
================================================================================
INFO:tenpy.algorithms.dmrg:Running sweep with optimization
INFO:tenpy.algorithms.mps_common:start environment_sweep
INFO:tenpy.algorithms.dmrg:checkpoint after sweep 80
energy=0.6169240983324377, max S=0.7843683822643912, age=1458, norm_err=7.1e-02
Current memory usage 241.1MB, wall time: 62.5s
Delta E = 1.5591e-02, Delta S = -2.4736e-01 (per sweep)
max trunc_err = 1.1679e-07, max E_trunc = 5.3433e-12
chi: [256, 256, 256, 256, 256, 256]
================================================================================
INFO:tenpy.algorithms.dmrg:Running sweep with optimization
INFO:tenpy.algorithms.mps_common:start environment_sweep
INFO:tenpy.algorithms.dmrg:checkpoint after sweep 90
energy=0.3715144852762364, max S=1.2915492068419760, age=1638, norm_err=1.3e-01
Current memory usage 241.1MB, wall time: 76.7s
Delta E = -2.4541e-02, Delta S = 4.2518e-02 (per sweep)
max trunc_err = 6.5244e-09, max E_trunc = -1.7531e-09
chi: [256, 256, 256, 256, 256, 256]
================================================================================
INFO:tenpy.algorithms.dmrg:Running sweep with optimization
INFO:tenpy.algorithms.mps_common:start environment_sweep
INFO:tenpy.algorithms.dmrg:checkpoint after sweep 100
energy=0.5042929321925271, max S=3.1434108722253122, age=1818, norm_err=1.5e-02
Current memory usage 241.1MB, wall time: 76.4s
Delta E = 1.3278e-02, Delta S = 1.8995e-01 (per sweep)
max trunc_err = 3.1118e-08, max E_trunc = -1.1835e-10
chi: [256, 256, 256, 256, 256, 256]
================================================================================
INFO:tenpy.algorithms.dmrg:Running sweep with optimization
INFO:tenpy.algorithms.mps_common:start environment_sweep
INFO:tenpy.algorithms.dmrg:checkpoint after sweep 110
energy=0.4717206946882015, max S=2.1839753914888442, age=1998, norm_err=1.3e-01
Current memory usage 241.1MB, wall time: 65.9s
Delta E = -3.2572e-03, Delta S = -1.0130e-01 (per sweep)
max trunc_err = 2.8548e-08, max E_trunc = 3.8654e-12
chi: [256, 256, 256, 256, 256, 256]
================================================================================
INFO:tenpy.algorithms.mps_common:TwoSiteDMRGEngine: Maximum number of sweeps reached
INFO:tenpy.tools.params:DMRG: reading 'norm_tol'=1e-05
INFO:tenpy.tools.params:DMRG: reading 'norm_tol_final'=1e-10
INFO:tenpy.tools.params:DMRG: reading 'norm_tol_iter'=5
WARNING:tenpy.algorithms.dmrg:final DMRG state not in canonical form up to norm_tol=1.00e-05: norm_err=1.30e-01
INFO:tenpy.algorithms.mps_common:start environment_sweep
INFO:tenpy.algorithms.mps_common:start environment_sweep
INFO:tenpy.algorithms.mps_common:start environment_sweep
INFO:tenpy.algorithms.mps_common:start environment_sweep
INFO:tenpy.algorithms.mps_common:start environment_sweep
WARNING:tenpy.algorithms.dmrg:final DMRG state not in canonical form up to norm_tol_final=1.00e-10: norm_err=2.08e-06, calling psi.canonical_form()
INFO:tenpy.algorithms.dmrg:TwoSiteDMRGEngine finished after 110 sweeps, max chi=256
INFO:tenpy.tools.params:DMRG: reading 'max_trunc_err'=0.0001
INFO:tenpy.tools.params:MixedHofstadterLandauGauge_Pi_2: reading 'explicit_plus_hc'=False
INFO:tenpy.tools.params:MixedHofstadterLandauGauge_Pi_2: reading 'Lx'=2
INFO:tenpy.tools.params:MixedHofstadterLandauGauge_Pi_2: setting 'N_rings'=2
INFO:tenpy.tools.params:MixedHofstadterLandauGauge_Pi_2: reading 'xy_lattice'='Square'
INFO:tenpy.tools.params:MixedHofstadterLandauGauge_Pi_2: reading 'Ly'=3
INFO:tenpy.tools.params:MixedHofstadterLandauGauge_Pi_2: reading 'ring_order'=None
INFO:tenpy.tools.params:MixedHofstadterLandauGauge_Pi_2: reading 'conserve_k'=True
INFO:tenpy.tools.params:MixedHofstadterLandauGauge_Pi_2: reading 'bc_MPS'='infinite'
INFO:tenpy.tools.params:MixedHofstadterLandauGauge_Pi_2: reading 't'=-1
INFO:tenpy.tools.params:MixedHofstadterLandauGauge_Pi_2: reading 't2'=-0.25
INFO:tenpy.tools.params:MixedHofstadterLandauGauge_Pi_2: reading 'V1'=0.6
INFO:tenpy.tools.params:MixedHofstadterLandauGauge_Pi_2: reading 'phi_ext'=np.float64(1.85)
INFO:tenpy.tools.params:MixedHofstadterLandauGauge_Pi_2: reading 'sort_mpo_legs'=False
/home/t30/kna/ge54yin/Documents/MasterThesisFQHinTMDs/MPS_stuff/MPScalculations/.venv/lib/python3.12/site-packages/tenpy/tools/params.py:232: UserWarning: unused options for config MixedHofstadterLandauGauge_Pi_2:
['Delta', 'N_rings', 'Nsec', 'bc', 'chi_max', 'ktot', 'saveAll']
  warnings.warn(msg.format(keys=sorted(unused), name=self.name))
INFO:tenpy.tools.params:DMRG: reading 'active_sites'=2
INFO:tenpy.tools.params:DMRG: reading 'diag_method'='default'
INFO:tenpy.tools.params:DMRG: subconfig 'trunc_params'=Config(<5 options>, 'trunc_params')
INFO:tenpy.tools.params:DMRG: reading 'max_N_sites_per_ring'=18
INFO:tenpy.tools.params:DMRG: reading 'combine'=False
INFO:tenpy.tools.params:DMRG: subconfig 'lanczos_params'=Config(<9 options>, 'lanczos_params')
INFO:tenpy.tools.params:DMRG: reading 'chi_list'=None
INFO:tenpy.tools.params:DMRG: reading 'start_env'=1
INFO:tenpy.algorithms.mps_common:start environment_sweep
INFO:tenpy.tools.params:DMRG: reading 'N_sweeps_check'=10
INFO:tenpy.tools.params:DMRG: subconfig 'mixer_params'=Config(<3 options>, 'mixer_params')
INFO:tenpy.tools.params:DMRG: reading 'mixer'=None
INFO:tenpy.tools.params:DMRG: reading 'max_sweeps'=100
INFO:tenpy.tools.params:DMRG: reading 'max_hours'=8760
INFO:tenpy.tools.params:DMRG: reading 'P_tol_to_trunc'=0.05
INFO:tenpy.tools.params:DMRG: reading 'P_tol_min'=5.0000000000000004e-30
INFO:tenpy.tools.params:DMRG: reading 'P_tol_max'=0.0001
INFO:tenpy.tools.params:DMRG: reading 'E_tol_to_trunc'=None
INFO:tenpy.algorithms.dmrg:Running sweep with optimization
INFO:tenpy.tools.params:DMRG: reading 'max_N_for_ED'=400
INFO:tenpy.tools.params:DMRG: reading 'update_env'=5
INFO:tenpy.algorithms.mps_common:start environment_sweep
INFO:tenpy.algorithms.dmrg:checkpoint after sweep 10
energy=0.5370805256307539, max S=2.3922249580597739, age=198, norm_err=1.2e-02
Current memory usage 259.1MB, wall time: 61.4s
Delta E = nan, Delta S = 3.0107e-02 (per sweep)
max trunc_err = 1.5941e-07, max E_trunc = 1.2790e-12
chi: [256, 256, 256, 256, 256, 256]
================================================================================
INFO:tenpy.algorithms.dmrg:Running sweep with optimization
INFO:tenpy.algorithms.mps_common:start environment_sweep
INFO:tenpy.algorithms.dmrg:checkpoint after sweep 20
energy=0.6023822160473150, max S=2.5634729842621464, age=378, norm_err=1.3e-02
Current memory usage 259.1MB, wall time: 64.3s
Delta E = 6.5302e-03, Delta S = 1.0023e-02 (per sweep)
max trunc_err = 3.1441e-07, max E_trunc = 1.7337e-12
chi: [256, 256, 256, 256, 256, 256]
================================================================================
INFO:tenpy.tools.params:DMRG: reading 'max_E_err'=1e-08
INFO:tenpy.tools.params:DMRG: reading 'max_S_err'=1e-05
INFO:tenpy.algorithms.dmrg:Running sweep with optimization
INFO:tenpy.algorithms.mps_common:start environment_sweep
INFO:tenpy.algorithms.dmrg:checkpoint after sweep 30
energy=0.5275443312554605, max S=2.2957830118768605, age=558, norm_err=1.3e-01
Current memory usage 259.1MB, wall time: 60.4s
Delta E = -7.4838e-03, Delta S = -3.4915e-02 (per sweep)
max trunc_err = 4.9739e-08, max E_trunc = 2.8990e-12
chi: [256, 256, 256, 256, 256, 256]
================================================================================
INFO:tenpy.algorithms.dmrg:Running sweep with optimization
INFO:tenpy.algorithms.mps_common:start environment_sweep
INFO:tenpy.algorithms.dmrg:checkpoint after sweep 40
energy=0.4565312843559373, max S=3.1501124448624327, age=738, norm_err=8.9e-03
Current memory usage 259.1MB, wall time: 72.8s
Delta E = -7.1013e-03, Delta S = 9.2019e-02 (per sweep)
max trunc_err = 8.6359e-08, max E_trunc = -1.5547e-10
chi: [256, 256, 256, 256, 256, 256]
================================================================================
INFO:tenpy.algorithms.dmrg:Running sweep with optimization
INFO:tenpy.algorithms.mps_common:start environment_sweep
INFO:tenpy.algorithms.dmrg:checkpoint after sweep 50
energy=0.3991082375756510, max S=1.9758586918321983, age=918, norm_err=8.2e-02
Current memory usage 259.1MB, wall time: 65.7s
Delta E = -5.7423e-03, Delta S = -1.2403e-01 (per sweep)
max trunc_err = 9.3325e-09, max E_trunc = -5.5650e-11
chi: [256, 256, 256, 256, 256, 256]
================================================================================
INFO:tenpy.algorithms.dmrg:Running sweep with optimization
INFO:tenpy.algorithms.mps_common:start environment_sweep
INFO:tenpy.algorithms.dmrg:checkpoint after sweep 60
energy=0.4545776388938852, max S=1.8668204602534848, age=1098, norm_err=5.2e-02
Current memory usage 259.1MB, wall time: 75.4s
Delta E = 5.5469e-03, Delta S = -1.6279e-03 (per sweep)
max trunc_err = 7.0595e-09, max E_trunc = -1.9952e-10
chi: [256, 256, 256, 256, 256, 256]
================================================================================
INFO:tenpy.algorithms.dmrg:Running sweep with optimization
INFO:tenpy.algorithms.mps_common:start environment_sweep
INFO:tenpy.algorithms.dmrg:checkpoint after sweep 70
energy=0.6217948431381094, max S=1.0393583940197642, age=1278, norm_err=7.1e-02
Current memory usage 259.1MB, wall time: 67.8s
Delta E = 1.6722e-02, Delta S = -8.0961e-02 (per sweep)
max trunc_err = 5.8653e-08, max E_trunc = -7.8444e-12
chi: [256, 256, 256, 256, 256, 256]
================================================================================
INFO:tenpy.algorithms.dmrg:Running sweep with optimization
INFO:tenpy.algorithms.mps_common:start environment_sweep
INFO:tenpy.algorithms.dmrg:checkpoint after sweep 80
energy=0.4153937954561210, max S=1.2649437056517885, age=1458, norm_err=8.5e-02
Current memory usage 259.1MB, wall time: 63.6s
Delta E = -2.0640e-02, Delta S = 2.4170e-02 (per sweep)
max trunc_err = 8.5654e-09, max E_trunc = -8.9790e-10
chi: [256, 256, 256, 255, 256, 256]
================================================================================
INFO:tenpy.algorithms.dmrg:Running sweep with optimization
INFO:tenpy.algorithms.mps_common:start environment_sweep
INFO:tenpy.algorithms.dmrg:checkpoint after sweep 90
energy=0.6244475494251370, max S=1.8309993153035551, age=1638, norm_err=2.8e-02
Current memory usage 259.1MB, wall time: 52.3s
Delta E = 2.0905e-02, Delta S = 4.9402e-02 (per sweep)
max trunc_err = 8.9217e-08, max E_trunc = 2.9559e-12
chi: [256, 256, 256, 256, 256, 256]
================================================================================
INFO:tenpy.algorithms.dmrg:Running sweep with optimization
INFO:tenpy.algorithms.mps_common:start environment_sweep
INFO:tenpy.algorithms.dmrg:checkpoint after sweep 100
energy=0.4260034640883721, max S=2.9648643788991866, age=1818, norm_err=2.2e-02
Current memory usage 259.1MB, wall time: 53.9s
Delta E = -1.9844e-02, Delta S = 1.1855e-01 (per sweep)
max trunc_err = 3.1619e-08, max E_trunc = 8.5265e-12
chi: [256, 256, 256, 256, 256, 256]
================================================================================
INFO:tenpy.algorithms.dmrg:Running sweep with optimization
INFO:tenpy.algorithms.mps_common:start environment_sweep
INFO:tenpy.algorithms.dmrg:checkpoint after sweep 110
energy=0.6359468788721566, max S=1.9590653548268864, age=1998, norm_err=1.7e-01
Current memory usage 259.1MB, wall time: 59.4s
Delta E = 2.0994e-02, Delta S = -9.3092e-02 (per sweep)
max trunc_err = 5.3091e-09, max E_trunc = -3.2730e-10
chi: [256, 256, 256, 256, 256, 256]
================================================================================
INFO:tenpy.algorithms.mps_common:TwoSiteDMRGEngine: Maximum number of sweeps reached
INFO:tenpy.tools.params:DMRG: reading 'norm_tol'=1e-05
INFO:tenpy.tools.params:DMRG: reading 'norm_tol_final'=1e-10
INFO:tenpy.tools.params:DMRG: reading 'norm_tol_iter'=5
WARNING:tenpy.algorithms.dmrg:final DMRG state not in canonical form up to norm_tol=1.00e-05: norm_err=1.70e-01
INFO:tenpy.algorithms.mps_common:start environment_sweep
INFO:tenpy.algorithms.mps_common:start environment_sweep
INFO:tenpy.algorithms.mps_common:start environment_sweep
INFO:tenpy.algorithms.mps_common:start environment_sweep
WARNING:tenpy.algorithms.dmrg:final DMRG state not in canonical form up to norm_tol_final=1.00e-10: norm_err=5.57e-07, calling psi.canonical_form()
INFO:tenpy.algorithms.dmrg:TwoSiteDMRGEngine finished after 110 sweeps, max chi=256
INFO:tenpy.tools.params:DMRG: reading 'max_trunc_err'=0.0001
INFO:tenpy.tools.params:MixedHofstadterLandauGauge_Pi_2: reading 'explicit_plus_hc'=False
INFO:tenpy.tools.params:MixedHofstadterLandauGauge_Pi_2: reading 'Lx'=2
INFO:tenpy.tools.params:MixedHofstadterLandauGauge_Pi_2: setting 'N_rings'=2
INFO:tenpy.tools.params:MixedHofstadterLandauGauge_Pi_2: reading 'xy_lattice'='Square'
INFO:tenpy.tools.params:MixedHofstadterLandauGauge_Pi_2: reading 'Ly'=3
INFO:tenpy.tools.params:MixedHofstadterLandauGauge_Pi_2: reading 'ring_order'=None
INFO:tenpy.tools.params:MixedHofstadterLandauGauge_Pi_2: reading 'conserve_k'=True
INFO:tenpy.tools.params:MixedHofstadterLandauGauge_Pi_2: reading 'bc_MPS'='infinite'
INFO:tenpy.tools.params:MixedHofstadterLandauGauge_Pi_2: reading 't'=-1
INFO:tenpy.tools.params:MixedHofstadterLandauGauge_Pi_2: reading 't2'=-0.25
INFO:tenpy.tools.params:MixedHofstadterLandauGauge_Pi_2: reading 'V1'=0.6
INFO:tenpy.tools.params:MixedHofstadterLandauGauge_Pi_2: reading 'phi_ext'=np.float64(1.9000000000000001)
INFO:tenpy.tools.params:MixedHofstadterLandauGauge_Pi_2: reading 'sort_mpo_legs'=False
/home/t30/kna/ge54yin/Documents/MasterThesisFQHinTMDs/MPS_stuff/MPScalculations/.venv/lib/python3.12/site-packages/tenpy/tools/params.py:232: UserWarning: unused options for config MixedHofstadterLandauGauge_Pi_2:
['Delta', 'N_rings', 'Nsec', 'bc', 'chi_max', 'ktot', 'saveAll']
  warnings.warn(msg.format(keys=sorted(unused), name=self.name))
INFO:tenpy.tools.params:DMRG: reading 'active_sites'=2
INFO:tenpy.tools.params:DMRG: reading 'diag_method'='default'
INFO:tenpy.tools.params:DMRG: subconfig 'trunc_params'=Config(<5 options>, 'trunc_params')
INFO:tenpy.tools.params:DMRG: reading 'max_N_sites_per_ring'=18
INFO:tenpy.tools.params:DMRG: reading 'combine'=False
INFO:tenpy.tools.params:DMRG: subconfig 'lanczos_params'=Config(<9 options>, 'lanczos_params')
INFO:tenpy.tools.params:DMRG: reading 'chi_list'=None
INFO:tenpy.tools.params:DMRG: reading 'start_env'=1
INFO:tenpy.algorithms.mps_common:start environment_sweep
INFO:tenpy.tools.params:DMRG: reading 'N_sweeps_check'=10
INFO:tenpy.tools.params:DMRG: subconfig 'mixer_params'=Config(<3 options>, 'mixer_params')
INFO:tenpy.tools.params:DMRG: reading 'mixer'=None
INFO:tenpy.tools.params:DMRG: reading 'max_sweeps'=100
INFO:tenpy.tools.params:DMRG: reading 'max_hours'=8760
INFO:tenpy.tools.params:DMRG: reading 'P_tol_to_trunc'=0.05
INFO:tenpy.tools.params:DMRG: reading 'P_tol_min'=5.0000000000000004e-30
INFO:tenpy.tools.params:DMRG: reading 'P_tol_max'=0.0001
INFO:tenpy.tools.params:DMRG: reading 'E_tol_to_trunc'=None
INFO:tenpy.algorithms.dmrg:Running sweep with optimization
INFO:tenpy.tools.params:DMRG: reading 'max_N_for_ED'=400
INFO:tenpy.tools.params:DMRG: reading 'update_env'=5
INFO:tenpy.algorithms.mps_common:start environment_sweep
INFO:tenpy.algorithms.dmrg:checkpoint after sweep 10
energy=0.5085981544228027, max S=1.5162902088038401, age=198, norm_err=1.3e-02
Current memory usage 262.2MB, wall time: 48.4s
Delta E = nan, Delta S = 8.0839e-02 (per sweep)
max trunc_err = 1.5298e-07, max E_trunc = 2.0890e-12
chi: [256, 256, 256, 256, 256, 256]
================================================================================
INFO:tenpy.algorithms.dmrg:Running sweep with optimization
INFO:tenpy.algorithms.mps_common:start environment_sweep
INFO:tenpy.algorithms.dmrg:checkpoint after sweep 20
energy=0.4410431424657801, max S=2.6613376162418860, age=378, norm_err=1.1e-02
Current memory usage 262.2MB, wall time: 44.0s
Delta E = -6.7555e-03, Delta S = 1.0765e-01 (per sweep)
max trunc_err = 1.5712e-07, max E_trunc = 1.5831e-11
chi: [256, 256, 256, 256, 256, 256]
================================================================================
INFO:tenpy.tools.params:DMRG: reading 'max_E_err'=1e-08
INFO:tenpy.tools.params:DMRG: reading 'max_S_err'=1e-05
INFO:tenpy.algorithms.dmrg:Running sweep with optimization
INFO:tenpy.algorithms.mps_common:start environment_sweep
INFO:tenpy.algorithms.dmrg:checkpoint after sweep 30
energy=0.4148566091784052, max S=2.8950669869652899, age=558, norm_err=8.4e-03
Current memory usage 262.2MB, wall time: 45.0s
Delta E = -2.6187e-03, Delta S = 3.2617e-02 (per sweep)
max trunc_err = 6.4852e-08, max E_trunc = 8.1286e-12
chi: [256, 256, 256, 256, 256, 256]
================================================================================
INFO:tenpy.algorithms.dmrg:Running sweep with optimization
INFO:tenpy.algorithms.mps_common:start environment_sweep
INFO:tenpy.algorithms.dmrg:checkpoint after sweep 40
energy=0.3252639652986768, max S=3.2637436681772050, age=738, norm_err=1.1e-02
Current memory usage 262.2MB, wall time: 54.8s
Delta E = -8.9593e-03, Delta S = 2.8224e-02 (per sweep)
max trunc_err = 7.2691e-08, max E_trunc = -1.9770e-10
chi: [256, 256, 256, 256, 256, 256]
================================================================================
INFO:tenpy.algorithms.dmrg:Running sweep with optimization
INFO:tenpy.algorithms.mps_common:start environment_sweep
INFO:tenpy.algorithms.dmrg:checkpoint after sweep 50
energy=0.2924034388889207, max S=2.5747448175421841, age=918, norm_err=1.4e-02
Current memory usage 262.2MB, wall time: 45.4s
Delta E = -3.2861e-03, Delta S = -6.5398e-02 (per sweep)
max trunc_err = 5.0860e-08, max E_trunc = -1.5439e-10
chi: [256, 256, 256, 256, 256, 256]
================================================================================
INFO:tenpy.algorithms.dmrg:Running sweep with optimization
INFO:tenpy.algorithms.mps_common:start environment_sweep
INFO:tenpy.algorithms.dmrg:checkpoint after sweep 60
energy=0.4102416046700294, max S=2.1187555325431533, age=1098, norm_err=6.0e-02
Current memory usage 262.2MB, wall time: 53.4s
Delta E = 1.1784e-02, Delta S = -5.1317e-02 (per sweep)
max trunc_err = 1.2839e-08, max E_trunc = 3.5243e-12
chi: [256, 256, 256, 256, 256, 256]
================================================================================
INFO:tenpy.algorithms.dmrg:Running sweep with optimization
INFO:tenpy.algorithms.mps_common:start environment_sweep
INFO:tenpy.algorithms.dmrg:checkpoint after sweep 70
energy=0.2437216383493706, max S=1.9332364119408212, age=1278, norm_err=1.4e-01
Current memory usage 262.2MB, wall time: 47.2s
Delta E = -1.6652e-02, Delta S = -2.4829e-02 (per sweep)
max trunc_err = 9.9717e-08, max E_trunc = -1.8531e-10
chi: [256, 256, 256, 256, 256, 256]
================================================================================
INFO:tenpy.algorithms.dmrg:Running sweep with optimization
INFO:tenpy.algorithms.mps_common:start environment_sweep
INFO:tenpy.algorithms.dmrg:checkpoint after sweep 80
energy=0.4130745120738387, max S=1.4666438340470958, age=1458, norm_err=1.9e-01
Current memory usage 262.2MB, wall time: 55.4s
Delta E = 1.6935e-02, Delta S = -3.9061e-02 (per sweep)
max trunc_err = 3.1977e-09, max E_trunc = -1.1028e-11
chi: [256, 256, 256, 256, 256, 256]
================================================================================
INFO:tenpy.algorithms.dmrg:Running sweep with optimization
INFO:tenpy.algorithms.mps_common:start environment_sweep
INFO:tenpy.algorithms.dmrg:checkpoint after sweep 90
energy=0.0520957494576919, max S=3.6283979244551978, age=1638, norm_err=1.3e-02
Current memory usage 262.2MB, wall time: 47.6s
Delta E = -3.6098e-02, Delta S = 2.1816e-01 (per sweep)
max trunc_err = 6.5282e-08, max E_trunc = -5.5707e-12
chi: [256, 256, 256, 256, 256, 256]
================================================================================
INFO:tenpy.algorithms.dmrg:Running sweep with optimization
INFO:tenpy.algorithms.mps_common:start environment_sweep
INFO:tenpy.algorithms.dmrg:checkpoint after sweep 100
energy=0.3807153839647507, max S=2.3516305077917425, age=1818, norm_err=1.1e-01
Current memory usage 262.2MB, wall time: 53.6s
Delta E = 3.2862e-02, Delta S = -1.2580e-01 (per sweep)
max trunc_err = 5.9856e-09, max E_trunc = -1.0906e-09
chi: [256, 255, 256, 255, 256, 256]
================================================================================
INFO:tenpy.algorithms.dmrg:Running sweep with optimization
INFO:tenpy.algorithms.mps_common:start environment_sweep
INFO:tenpy.algorithms.dmrg:checkpoint after sweep 110
energy=0.3584760460947696, max S=2.5763737752603126, age=1998, norm_err=2.5e-02
Current memory usage 262.2MB, wall time: 46.6s
Delta E = -2.2239e-03, Delta S = 2.6252e-02 (per sweep)
max trunc_err = 3.6927e-08, max E_trunc = -6.9804e-11
chi: [256, 256, 256, 256, 256, 256]
================================================================================
INFO:tenpy.algorithms.mps_common:TwoSiteDMRGEngine: Maximum number of sweeps reached
INFO:tenpy.tools.params:DMRG: reading 'norm_tol'=1e-05
INFO:tenpy.tools.params:DMRG: reading 'norm_tol_final'=1e-10
INFO:tenpy.tools.params:DMRG: reading 'norm_tol_iter'=5
WARNING:tenpy.algorithms.dmrg:final DMRG state not in canonical form up to norm_tol=1.00e-05: norm_err=2.49e-02
INFO:tenpy.algorithms.mps_common:start environment_sweep
INFO:tenpy.algorithms.mps_common:start environment_sweep
WARNING:tenpy.algorithms.dmrg:final DMRG state not in canonical form up to norm_tol_final=1.00e-10: norm_err=4.70e-06, calling psi.canonical_form()
INFO:tenpy.algorithms.dmrg:TwoSiteDMRGEngine finished after 110 sweeps, max chi=256
INFO:tenpy.tools.params:DMRG: reading 'max_trunc_err'=0.0001
INFO:tenpy.tools.params:MixedHofstadterLandauGauge_Pi_2: reading 'explicit_plus_hc'=False
INFO:tenpy.tools.params:MixedHofstadterLandauGauge_Pi_2: reading 'Lx'=2
INFO:tenpy.tools.params:MixedHofstadterLandauGauge_Pi_2: setting 'N_rings'=2
INFO:tenpy.tools.params:MixedHofstadterLandauGauge_Pi_2: reading 'xy_lattice'='Square'
INFO:tenpy.tools.params:MixedHofstadterLandauGauge_Pi_2: reading 'Ly'=3
INFO:tenpy.tools.params:MixedHofstadterLandauGauge_Pi_2: reading 'ring_order'=None
INFO:tenpy.tools.params:MixedHofstadterLandauGauge_Pi_2: reading 'conserve_k'=True
INFO:tenpy.tools.params:MixedHofstadterLandauGauge_Pi_2: reading 'bc_MPS'='infinite'
INFO:tenpy.tools.params:MixedHofstadterLandauGauge_Pi_2: reading 't'=-1
INFO:tenpy.tools.params:MixedHofstadterLandauGauge_Pi_2: reading 't2'=-0.25
INFO:tenpy.tools.params:MixedHofstadterLandauGauge_Pi_2: reading 'V1'=0.6
INFO:tenpy.tools.params:MixedHofstadterLandauGauge_Pi_2: reading 'phi_ext'=np.float64(1.9500000000000002)
INFO:tenpy.tools.params:MixedHofstadterLandauGauge_Pi_2: reading 'sort_mpo_legs'=False
/home/t30/kna/ge54yin/Documents/MasterThesisFQHinTMDs/MPS_stuff/MPScalculations/.venv/lib/python3.12/site-packages/tenpy/tools/params.py:232: UserWarning: unused options for config MixedHofstadterLandauGauge_Pi_2:
['Delta', 'N_rings', 'Nsec', 'bc', 'chi_max', 'ktot', 'saveAll']
  warnings.warn(msg.format(keys=sorted(unused), name=self.name))
INFO:tenpy.tools.params:DMRG: reading 'active_sites'=2
INFO:tenpy.tools.params:DMRG: reading 'diag_method'='default'
INFO:tenpy.tools.params:DMRG: subconfig 'trunc_params'=Config(<5 options>, 'trunc_params')
INFO:tenpy.tools.params:DMRG: reading 'max_N_sites_per_ring'=18
INFO:tenpy.tools.params:DMRG: reading 'combine'=False
INFO:tenpy.tools.params:DMRG: subconfig 'lanczos_params'=Config(<9 options>, 'lanczos_params')
INFO:tenpy.tools.params:DMRG: reading 'chi_list'=None
INFO:tenpy.tools.params:DMRG: reading 'start_env'=1
INFO:tenpy.algorithms.mps_common:start environment_sweep
INFO:tenpy.tools.params:DMRG: reading 'N_sweeps_check'=10
INFO:tenpy.tools.params:DMRG: subconfig 'mixer_params'=Config(<3 options>, 'mixer_params')
INFO:tenpy.tools.params:DMRG: reading 'mixer'=None
INFO:tenpy.tools.params:DMRG: reading 'max_sweeps'=100
INFO:tenpy.tools.params:DMRG: reading 'max_hours'=8760
INFO:tenpy.tools.params:DMRG: reading 'P_tol_to_trunc'=0.05
INFO:tenpy.tools.params:DMRG: reading 'P_tol_min'=5.0000000000000004e-30
INFO:tenpy.tools.params:DMRG: reading 'P_tol_max'=0.0001
INFO:tenpy.tools.params:DMRG: reading 'E_tol_to_trunc'=None
INFO:tenpy.algorithms.dmrg:Running sweep with optimization
INFO:tenpy.tools.params:DMRG: reading 'max_N_for_ED'=400
INFO:tenpy.tools.params:DMRG: reading 'update_env'=5
INFO:tenpy.algorithms.mps_common:start environment_sweep
INFO:tenpy.algorithms.dmrg:checkpoint after sweep 10
energy=0.5588895878823285, max S=1.5781560163047499, age=198, norm_err=3.1e-02
Current memory usage 262.6MB, wall time: 43.9s
Delta E = nan, Delta S = -9.7155e-02 (per sweep)
max trunc_err = 4.5229e-08, max E_trunc = 1.8474e-12
chi: [256, 256, 256, 255, 256, 256]
================================================================================
INFO:tenpy.algorithms.dmrg:Running sweep with optimization
INFO:tenpy.algorithms.mps_common:start environment_sweep
INFO:tenpy.algorithms.dmrg:checkpoint after sweep 20
energy=0.5055283411564808, max S=2.7927958295335484, age=378, norm_err=6.6e-02
Current memory usage 262.6MB, wall time: 53.9s
Delta E = -5.3361e-03, Delta S = 1.1005e-01 (per sweep)
max trunc_err = 9.7697e-09, max E_trunc = -3.6944e-10
chi: [256, 256, 256, 256, 256, 256]
================================================================================
INFO:tenpy.tools.params:DMRG: reading 'max_E_err'=1e-08
INFO:tenpy.tools.params:DMRG: reading 'max_S_err'=1e-05
INFO:tenpy.algorithms.dmrg:Running sweep with optimization
INFO:tenpy.algorithms.mps_common:start environment_sweep
INFO:tenpy.algorithms.dmrg:checkpoint after sweep 30
energy=0.2082984727517522, max S=1.3247181323424049, age=558, norm_err=1.2e-02
Current memory usage 262.6MB, wall time: 46.9s
Delta E = -2.9723e-02, Delta S = -1.4713e-01 (per sweep)
max trunc_err = 1.0312e-07, max E_trunc = -1.4495e-11
chi: [256, 256, 256, 256, 256, 256]
================================================================================
INFO:tenpy.algorithms.dmrg:Running sweep with optimization
INFO:tenpy.algorithms.mps_common:start environment_sweep
INFO:tenpy.algorithms.dmrg:checkpoint after sweep 40
energy=0.5629438988726511, max S=2.6629869511115851, age=738, norm_err=1.4e-02
Current memory usage 262.6MB, wall time: 46.0s
Delta E = 3.5465e-02, Delta S = 1.3049e-01 (per sweep)
max trunc_err = 1.1246e-07, max E_trunc = 2.6148e-12
chi: [256, 256, 256, 256, 256, 256]
================================================================================
INFO:tenpy.algorithms.dmrg:Running sweep with optimization
INFO:tenpy.algorithms.mps_common:start environment_sweep
INFO:tenpy.algorithms.dmrg:checkpoint after sweep 50
energy=0.4533037893800156, max S=2.3223897983962036, age=918, norm_err=4.0e-02
Current memory usage 262.6MB, wall time: 46.4s
Delta E = -1.0964e-02, Delta S = -2.1030e-02 (per sweep)
max trunc_err = 3.0041e-07, max E_trunc = 2.1600e-12
chi: [256, 256, 256, 256, 256, 256]
================================================================================
INFO:tenpy.algorithms.dmrg:Running sweep with optimization
INFO:tenpy.algorithms.mps_common:start environment_sweep
INFO:tenpy.algorithms.dmrg:checkpoint after sweep 60
energy=0.5167706127785104, max S=3.0716733792336486, age=1098, norm_err=1.1e-02
Current memory usage 262.6MB, wall time: 43.6s
Delta E = 6.3467e-03, Delta S = 6.1782e-02 (per sweep)
max trunc_err = 2.1776e-07, max E_trunc = 5.9117e-12
chi: [256, 256, 256, 256, 256, 256]
================================================================================
INFO:tenpy.algorithms.dmrg:Running sweep with optimization
INFO:tenpy.algorithms.mps_common:start environment_sweep
INFO:tenpy.algorithms.dmrg:checkpoint after sweep 70
energy=0.4400905464255563, max S=3.4224541040829459, age=1278, norm_err=1.9e-02
Current memory usage 262.6MB, wall time: 52.2s
Delta E = -7.6680e-03, Delta S = 4.6572e-02 (per sweep)
max trunc_err = 3.5409e-08, max E_trunc = 1.3529e-11
chi: [256, 256, 256, 256, 256, 256]
================================================================================
INFO:tenpy.algorithms.dmrg:Running sweep with optimization
INFO:tenpy.algorithms.mps_common:start environment_sweep
INFO:tenpy.algorithms.dmrg:checkpoint after sweep 80
energy=0.3799201313022091, max S=2.0338659496848037, age=1458, norm_err=2.3e-02
Current memory usage 262.6MB, wall time: 42.8s
Delta E = -6.0170e-03, Delta S = -1.4582e-01 (per sweep)
max trunc_err = 7.4791e-08, max E_trunc = 2.1600e-12
chi: [255, 256, 256, 255, 256, 256]
================================================================================
INFO:tenpy.algorithms.dmrg:Running sweep with optimization
INFO:tenpy.algorithms.mps_common:start environment_sweep
INFO:tenpy.algorithms.dmrg:checkpoint after sweep 90
energy=0.4374666160750091, max S=1.7265100469211250, age=1638, norm_err=1.8e-01
Current memory usage 262.6MB, wall time: 51.6s
Delta E = 5.7546e-03, Delta S = -2.8161e-02 (per sweep)
max trunc_err = 1.8538e-08, max E_trunc = -5.9003e-11
chi: [256, 256, 256, 256, 256, 256]
================================================================================
INFO:tenpy.algorithms.dmrg:Running sweep with optimization
INFO:tenpy.algorithms.mps_common:start environment_sweep
INFO:tenpy.algorithms.dmrg:checkpoint after sweep 100
energy=0.2917167928543923, max S=1.8148926578296969, age=1818, norm_err=9.9e-02
Current memory usage 262.6MB, wall time: 43.8s
Delta E = -1.4575e-02, Delta S = 3.1620e-03 (per sweep)
max trunc_err = 1.6630e-08, max E_trunc = -1.0232e-12
chi: [256, 256, 256, 256, 256, 256]
================================================================================
INFO:tenpy.algorithms.dmrg:Running sweep with optimization
INFO:tenpy.algorithms.mps_common:start environment_sweep
INFO:tenpy.algorithms.dmrg:checkpoint after sweep 110
energy=0.5676735216889975, max S=0.9711346679145514, age=1998, norm_err=1.4e-02
Current memory usage 262.6MB, wall time: 42.5s
Delta E = 2.7596e-02, Delta S = -8.6341e-02 (per sweep)
max trunc_err = 5.6333e-08, max E_trunc = 3.2969e-12
chi: [256, 256, 256, 256, 256, 256]
================================================================================
INFO:tenpy.algorithms.mps_common:TwoSiteDMRGEngine: Maximum number of sweeps reached
INFO:tenpy.tools.params:DMRG: reading 'norm_tol'=1e-05
INFO:tenpy.tools.params:DMRG: reading 'norm_tol_final'=1e-10
INFO:tenpy.tools.params:DMRG: reading 'norm_tol_iter'=5
WARNING:tenpy.algorithms.dmrg:final DMRG state not in canonical form up to norm_tol=1.00e-05: norm_err=1.37e-02
INFO:tenpy.algorithms.mps_common:start environment_sweep
INFO:tenpy.algorithms.mps_common:start environment_sweep
WARNING:tenpy.algorithms.dmrg:final DMRG state not in canonical form up to norm_tol_final=1.00e-10: norm_err=3.71e-06, calling psi.canonical_form()
WARNING:tenpy.networks.mps:canonical_form_infinite: project to significantly smaller chi
WARNING:tenpy.networks.mps:canonical_form_infinite: project to significantly smaller chi
WARNING:tenpy.networks.mps:canonical_form_infinite: project to significantly smaller chi
WARNING:tenpy.networks.mps:canonical_form_infinite: project to significantly smaller chi
WARNING:tenpy.networks.mps:canonical_form_infinite: project to significantly smaller chi
WARNING:tenpy.networks.mps:canonical_form_infinite: project to significantly smaller chi
INFO:tenpy.algorithms.dmrg:TwoSiteDMRGEngine finished after 110 sweeps, max chi=191
INFO:tenpy.tools.params:DMRG: reading 'max_trunc_err'=0.0001
INFO:tenpy.tools.params:MixedHofstadterLandauGauge_Pi_2: reading 'explicit_plus_hc'=False
INFO:tenpy.tools.params:MixedHofstadterLandauGauge_Pi_2: reading 'Lx'=2
INFO:tenpy.tools.params:MixedHofstadterLandauGauge_Pi_2: setting 'N_rings'=2
INFO:tenpy.tools.params:MixedHofstadterLandauGauge_Pi_2: reading 'xy_lattice'='Square'
INFO:tenpy.tools.params:MixedHofstadterLandauGauge_Pi_2: reading 'Ly'=3
INFO:tenpy.tools.params:MixedHofstadterLandauGauge_Pi_2: reading 'ring_order'=None
INFO:tenpy.tools.params:MixedHofstadterLandauGauge_Pi_2: reading 'conserve_k'=True
INFO:tenpy.tools.params:MixedHofstadterLandauGauge_Pi_2: reading 'bc_MPS'='infinite'
INFO:tenpy.tools.params:MixedHofstadterLandauGauge_Pi_2: reading 't'=-1
INFO:tenpy.tools.params:MixedHofstadterLandauGauge_Pi_2: reading 't2'=-0.25
INFO:tenpy.tools.params:MixedHofstadterLandauGauge_Pi_2: reading 'V1'=0.6
INFO:tenpy.tools.params:MixedHofstadterLandauGauge_Pi_2: reading 'phi_ext'=np.float64(2.0)
INFO:tenpy.tools.params:MixedHofstadterLandauGauge_Pi_2: reading 'sort_mpo_legs'=False
/home/t30/kna/ge54yin/Documents/MasterThesisFQHinTMDs/MPS_stuff/MPScalculations/.venv/lib/python3.12/site-packages/tenpy/tools/params.py:232: UserWarning: unused options for config MixedHofstadterLandauGauge_Pi_2:
['Delta', 'N_rings', 'Nsec', 'bc', 'chi_max', 'ktot', 'saveAll']
  warnings.warn(msg.format(keys=sorted(unused), name=self.name))
INFO:tenpy.tools.params:DMRG: reading 'active_sites'=2
INFO:tenpy.tools.params:DMRG: reading 'diag_method'='default'
INFO:tenpy.tools.params:DMRG: subconfig 'trunc_params'=Config(<5 options>, 'trunc_params')
INFO:tenpy.tools.params:DMRG: reading 'max_N_sites_per_ring'=18
INFO:tenpy.tools.params:DMRG: reading 'combine'=False
INFO:tenpy.tools.params:DMRG: subconfig 'lanczos_params'=Config(<9 options>, 'lanczos_params')
INFO:tenpy.tools.params:DMRG: reading 'chi_list'=None
INFO:tenpy.tools.params:DMRG: reading 'start_env'=1
INFO:tenpy.algorithms.mps_common:start environment_sweep
INFO:tenpy.tools.params:DMRG: reading 'N_sweeps_check'=10
INFO:tenpy.tools.params:DMRG: subconfig 'mixer_params'=Config(<3 options>, 'mixer_params')
INFO:tenpy.tools.params:DMRG: reading 'mixer'=None
INFO:tenpy.tools.params:DMRG: reading 'max_sweeps'=100
INFO:tenpy.tools.params:DMRG: reading 'max_hours'=8760
INFO:tenpy.tools.params:DMRG: reading 'P_tol_to_trunc'=0.05
INFO:tenpy.tools.params:DMRG: reading 'P_tol_min'=5.0000000000000004e-30
INFO:tenpy.tools.params:DMRG: reading 'P_tol_max'=0.0001
INFO:tenpy.tools.params:DMRG: reading 'E_tol_to_trunc'=None
INFO:tenpy.algorithms.dmrg:Running sweep with optimization
INFO:tenpy.tools.params:DMRG: reading 'max_N_for_ED'=400
INFO:tenpy.tools.params:DMRG: reading 'update_env'=5
INFO:tenpy.algorithms.mps_common:start environment_sweep
INFO:tenpy.algorithms.dmrg:checkpoint after sweep 10
energy=0.3985859447173053, max S=2.6884124329891526, age=198, norm_err=1.1e-01
Current memory usage 262.6MB, wall time: 48.1s
Delta E = nan, Delta S = 1.8675e-01 (per sweep)
max trunc_err = 5.2527e-09, max E_trunc = -1.1654e-09
chi: [256, 256, 256, 256, 256, 256]
================================================================================
INFO:tenpy.algorithms.dmrg:Running sweep with optimization
INFO:tenpy.algorithms.mps_common:start environment_sweep
INFO:tenpy.algorithms.dmrg:checkpoint after sweep 20
energy=-0.0174936514355082, max S=3.5640153877085337, age=378, norm_err=2.2e-02
Current memory usage 262.6MB, wall time: 42.1s
Delta E = -4.1608e-02, Delta S = 8.3635e-02 (per sweep)
max trunc_err = 2.2501e-08, max E_trunc = -1.1454e-11
chi: [256, 256, 256, 256, 256, 256]
================================================================================
INFO:tenpy.tools.params:DMRG: reading 'max_E_err'=1e-08
INFO:tenpy.tools.params:DMRG: reading 'max_S_err'=1e-05
INFO:tenpy.algorithms.dmrg:Running sweep with optimization
INFO:tenpy.algorithms.mps_common:start environment_sweep
INFO:tenpy.algorithms.dmrg:checkpoint after sweep 30
energy=0.5469323353802338, max S=2.1581617685896832, age=558, norm_err=3.2e-02
Current memory usage 262.6MB, wall time: 39.2s
Delta E = 5.6443e-02, Delta S = -1.4463e-01 (per sweep)
max trunc_err = 1.4868e-08, max E_trunc = 1.7053e-12
chi: [256, 256, 256, 256, 256, 256]
================================================================================
INFO:tenpy.algorithms.dmrg:Running sweep with optimization
INFO:tenpy.algorithms.mps_common:start environment_sweep
INFO:tenpy.algorithms.dmrg:checkpoint after sweep 40
energy=0.6435997685909314, max S=0.6684604760062526, age=738, norm_err=1.2e-02
Current memory usage 262.6MB, wall time: 43.2s
Delta E = 9.6667e-03, Delta S = -1.4021e-01 (per sweep)
max trunc_err = 5.0834e-08, max E_trunc = 2.3874e-12
chi: [256, 256, 256, 256, 256, 256]
================================================================================
INFO:tenpy.algorithms.dmrg:Running sweep with optimization
INFO:tenpy.algorithms.mps_common:start environment_sweep
INFO:tenpy.algorithms.dmrg:checkpoint after sweep 50
energy=0.7318267026939415, max S=0.5426257342300577, age=918, norm_err=1.7e-02
Current memory usage 262.6MB, wall time: 41.4s
Delta E = 8.8227e-03, Delta S = -1.8040e-02 (per sweep)
max trunc_err = 6.2141e-08, max E_trunc = 1.3642e-12
chi: [256, 256, 256, 255, 256, 256]
================================================================================
INFO:tenpy.algorithms.dmrg:Running sweep with optimization
INFO:tenpy.algorithms.mps_common:start environment_sweep
INFO:tenpy.algorithms.dmrg:checkpoint after sweep 60
energy=0.2008770425766878, max S=1.9142762208355359, age=1098, norm_err=1.1e-01
Current memory usage 262.6MB, wall time: 43.8s
Delta E = -5.3095e-02, Delta S = 1.4376e-01 (per sweep)
max trunc_err = 2.1868e-08, max E_trunc = -3.2742e-11
chi: [256, 256, 256, 256, 256, 256]
================================================================================
INFO:tenpy.algorithms.dmrg:Running sweep with optimization
INFO:tenpy.algorithms.mps_common:start environment_sweep
INFO:tenpy.algorithms.dmrg:checkpoint after sweep 70
energy=0.4145851311316069, max S=1.8505186961352376, age=1278, norm_err=2.0e-01
Current memory usage 262.6MB, wall time: 50.7s
Delta E = 2.1371e-02, Delta S = -1.5136e-02 (per sweep)
max trunc_err = 5.9236e-09, max E_trunc = -4.3849e-10
chi: [256, 256, 256, 256, 256, 256]
================================================================================
INFO:tenpy.algorithms.dmrg:Running sweep with optimization
INFO:tenpy.algorithms.mps_common:start environment_sweep
INFO:tenpy.algorithms.dmrg:checkpoint after sweep 80
energy=0.4397682384815198, max S=2.8555332328764691, age=1458, norm_err=2.4e-02
Current memory usage 262.6MB, wall time: 45.0s
Delta E = 2.5183e-03, Delta S = 1.0106e-01 (per sweep)
max trunc_err = 2.9470e-08, max E_trunc = -6.2073e-11
chi: [256, 256, 256, 256, 256, 256]
================================================================================
INFO:tenpy.algorithms.dmrg:Running sweep with optimization
INFO:tenpy.algorithms.mps_common:start environment_sweep
INFO:tenpy.algorithms.dmrg:checkpoint after sweep 90
energy=0.4932719000375982, max S=2.3464305728935373, age=1638, norm_err=2.4e-02
Current memory usage 262.6MB, wall time: 42.3s
Delta E = 5.3504e-03, Delta S = -4.5862e-02 (per sweep)
max trunc_err = 5.3666e-08, max E_trunc = 4.0927e-12
chi: [256, 255, 256, 256, 256, 256]
================================================================================
INFO:tenpy.algorithms.dmrg:Running sweep with optimization
INFO:tenpy.algorithms.mps_common:start environment_sweep
INFO:tenpy.algorithms.dmrg:checkpoint after sweep 100
energy=0.1140116808579990, max S=1.0541363350316997, age=1818, norm_err=1.1e-02
Current memory usage 262.6MB, wall time: 42.7s
Delta E = -3.7926e-02, Delta S = -1.4164e-01 (per sweep)
max trunc_err = 3.2805e-08, max E_trunc = 5.2296e-12
chi: [256, 256, 256, 256, 256, 256]
================================================================================
INFO:tenpy.algorithms.dmrg:Running sweep with optimization
INFO:tenpy.algorithms.mps_common:start environment_sweep
INFO:tenpy.algorithms.dmrg:checkpoint after sweep 110
energy=0.2884875791358941, max S=1.2827493234076197, age=1998, norm_err=8.2e-02
Current memory usage 262.6MB, wall time: 42.4s
Delta E = 1.7448e-02, Delta S = 4.0937e-02 (per sweep)
max trunc_err = 1.6132e-07, max E_trunc = 1.8190e-12
chi: [256, 256, 256, 256, 256, 255]
================================================================================
INFO:tenpy.algorithms.mps_common:TwoSiteDMRGEngine: Maximum number of sweeps reached
INFO:tenpy.tools.params:DMRG: reading 'norm_tol'=1e-05
INFO:tenpy.tools.params:DMRG: reading 'norm_tol_final'=1e-10
INFO:tenpy.tools.params:DMRG: reading 'norm_tol_iter'=5
WARNING:tenpy.algorithms.dmrg:final DMRG state not in canonical form up to norm_tol=1.00e-05: norm_err=8.18e-02
INFO:tenpy.algorithms.mps_common:start environment_sweep
INFO:tenpy.algorithms.mps_common:start environment_sweep
INFO:tenpy.algorithms.mps_common:start environment_sweep
INFO:tenpy.algorithms.mps_common:start environment_sweep
INFO:tenpy.algorithms.mps_common:start environment_sweep
WARNING:tenpy.algorithms.dmrg:final DMRG state not in canonical form up to norm_tol_final=1.00e-10: norm_err=1.73e-06, calling psi.canonical_form()
WARNING:tenpy.networks.mps:canonical_form_infinite: project to significantly smaller chi
WARNING:tenpy.networks.mps:canonical_form_infinite: project to significantly smaller chi
WARNING:tenpy.networks.mps:canonical_form_infinite: project to significantly smaller chi
WARNING:tenpy.networks.mps:canonical_form_infinite: project to significantly smaller chi
WARNING:tenpy.networks.mps:canonical_form_infinite: project to significantly smaller chi
WARNING:tenpy.networks.mps:canonical_form_infinite: project to significantly smaller chi
WARNING:tenpy.networks.mps:canonical_form_infinite: project to significantly smaller chi
INFO:tenpy.algorithms.dmrg:TwoSiteDMRGEngine finished after 110 sweeps, max chi=117
INFO:tenpy.tools.params:DMRG: reading 'max_trunc_err'=0.0001
INFO:tenpy.tools.params:MixedHofstadterLandauGauge_Pi_2: reading 'explicit_plus_hc'=False
INFO:tenpy.tools.params:MixedHofstadterLandauGauge_Pi_2: reading 'Lx'=2
INFO:tenpy.tools.params:MixedHofstadterLandauGauge_Pi_2: setting 'N_rings'=2
INFO:tenpy.tools.params:MixedHofstadterLandauGauge_Pi_2: reading 'xy_lattice'='Square'
INFO:tenpy.tools.params:MixedHofstadterLandauGauge_Pi_2: reading 'Ly'=3
INFO:tenpy.tools.params:MixedHofstadterLandauGauge_Pi_2: reading 'ring_order'=None
INFO:tenpy.tools.params:MixedHofstadterLandauGauge_Pi_2: reading 'conserve_k'=True
INFO:tenpy.tools.params:MixedHofstadterLandauGauge_Pi_2: reading 'bc_MPS'='infinite'
INFO:tenpy.tools.params:MixedHofstadterLandauGauge_Pi_2: reading 't'=-1
INFO:tenpy.tools.params:MixedHofstadterLandauGauge_Pi_2: reading 't2'=-0.25
INFO:tenpy.tools.params:MixedHofstadterLandauGauge_Pi_2: reading 'V1'=0.6
INFO:tenpy.tools.params:MixedHofstadterLandauGauge_Pi_2: reading 'phi_ext'=np.float64(2.0500000000000003)
INFO:tenpy.tools.params:MixedHofstadterLandauGauge_Pi_2: reading 'sort_mpo_legs'=False
/home/t30/kna/ge54yin/Documents/MasterThesisFQHinTMDs/MPS_stuff/MPScalculations/.venv/lib/python3.12/site-packages/tenpy/tools/params.py:232: UserWarning: unused options for config MixedHofstadterLandauGauge_Pi_2:
['Delta', 'N_rings', 'Nsec', 'bc', 'chi_max', 'ktot', 'saveAll']
  warnings.warn(msg.format(keys=sorted(unused), name=self.name))
INFO:tenpy.tools.params:DMRG: reading 'active_sites'=2
INFO:tenpy.tools.params:DMRG: reading 'diag_method'='default'
INFO:tenpy.tools.params:DMRG: subconfig 'trunc_params'=Config(<5 options>, 'trunc_params')
INFO:tenpy.tools.params:DMRG: reading 'max_N_sites_per_ring'=18
INFO:tenpy.tools.params:DMRG: reading 'combine'=False
INFO:tenpy.tools.params:DMRG: subconfig 'lanczos_params'=Config(<9 options>, 'lanczos_params')
INFO:tenpy.tools.params:DMRG: reading 'chi_list'=None
INFO:tenpy.tools.params:DMRG: reading 'start_env'=1
INFO:tenpy.algorithms.mps_common:start environment_sweep
INFO:tenpy.tools.params:DMRG: reading 'N_sweeps_check'=10
INFO:tenpy.tools.params:DMRG: subconfig 'mixer_params'=Config(<3 options>, 'mixer_params')
INFO:tenpy.tools.params:DMRG: reading 'mixer'=None
INFO:tenpy.tools.params:DMRG: reading 'max_sweeps'=100
INFO:tenpy.tools.params:DMRG: reading 'max_hours'=8760
INFO:tenpy.tools.params:DMRG: reading 'P_tol_to_trunc'=0.05
INFO:tenpy.tools.params:DMRG: reading 'P_tol_min'=5.0000000000000004e-30
INFO:tenpy.tools.params:DMRG: reading 'P_tol_max'=0.0001
INFO:tenpy.tools.params:DMRG: reading 'E_tol_to_trunc'=None
INFO:tenpy.algorithms.dmrg:Running sweep with optimization
INFO:tenpy.tools.params:DMRG: reading 'max_N_for_ED'=400
INFO:tenpy.tools.params:DMRG: reading 'update_env'=5
INFO:tenpy.algorithms.mps_common:start environment_sweep
INFO:tenpy.algorithms.dmrg:checkpoint after sweep 10
energy=0.4926501454121777, max S=3.1818893499071561, age=198, norm_err=1.6e-02
Current memory usage 262.6MB, wall time: 35.6s
Delta E = nan, Delta S = 2.0990e-01 (per sweep)
max trunc_err = 4.8070e-08, max E_trunc = -6.1748e-10
chi: [256, 256, 256, 256, 256, 256]
================================================================================
INFO:tenpy.algorithms.dmrg:Running sweep with optimization
INFO:tenpy.algorithms.mps_common:start environment_sweep
INFO:tenpy.algorithms.dmrg:checkpoint after sweep 20
energy=0.4700830556266619, max S=2.1175404318873285, age=378, norm_err=2.7e-01
Current memory usage 262.6MB, wall time: 46.7s
Delta E = -2.2567e-03, Delta S = -9.6220e-02 (per sweep)
max trunc_err = 1.2874e-08, max E_trunc = -4.6015e-11
chi: [256, 256, 256, 256, 256, 256]
================================================================================
INFO:tenpy.tools.params:DMRG: reading 'max_E_err'=1e-08
INFO:tenpy.tools.params:DMRG: reading 'max_S_err'=1e-05
INFO:tenpy.algorithms.dmrg:Running sweep with optimization
INFO:tenpy.algorithms.mps_common:start environment_sweep
INFO:tenpy.algorithms.dmrg:checkpoint after sweep 30
energy=0.4745896192377141, max S=3.4648253930104009, age=558, norm_err=5.7e-02
Current memory usage 262.6MB, wall time: 40.4s
Delta E = 4.5066e-04, Delta S = 1.4320e-01 (per sweep)
max trunc_err = 6.5147e-08, max E_trunc = -2.0748e-11
chi: [256, 256, 256, 256, 256, 256]
================================================================================
INFO:tenpy.algorithms.dmrg:Running sweep with optimization
INFO:tenpy.algorithms.mps_common:start environment_sweep
INFO:tenpy.algorithms.dmrg:checkpoint after sweep 40
energy=0.4352459457286670, max S=2.3405831733391276, age=738, norm_err=1.8e-02
Current memory usage 262.6MB, wall time: 38.0s
Delta E = -3.9344e-03, Delta S = -1.3057e-01 (per sweep)
max trunc_err = 8.2465e-08, max E_trunc = 2.3306e-12
chi: [256, 256, 256, 256, 256, 256]
================================================================================
INFO:tenpy.algorithms.dmrg:Running sweep with optimization
INFO:tenpy.algorithms.mps_common:start environment_sweep
INFO:tenpy.algorithms.dmrg:checkpoint after sweep 50
energy=0.6357189743050498, max S=2.6059837971522510, age=918, norm_err=8.7e-03
Current memory usage 262.6MB, wall time: 40.4s
Delta E = 2.0047e-02, Delta S = 3.5727e-02 (per sweep)
max trunc_err = 4.7872e-08, max E_trunc = 3.0695e-12
chi: [256, 256, 256, 255, 256, 256]
================================================================================
INFO:tenpy.algorithms.dmrg:Running sweep with optimization
INFO:tenpy.algorithms.mps_common:start environment_sweep
INFO:tenpy.algorithms.dmrg:checkpoint after sweep 60
energy=0.4812175424059101, max S=2.8683421057321126, age=1098, norm_err=1.3e-02
Current memory usage 262.6MB, wall time: 40.6s
Delta E = -1.5450e-02, Delta S = 1.6825e-02 (per sweep)
max trunc_err = 2.1397e-08, max E_trunc = -1.5018e-10
chi: [256, 256, 256, 256, 256, 256]
================================================================================
INFO:tenpy.algorithms.dmrg:Running sweep with optimization
INFO:tenpy.algorithms.mps_common:start environment_sweep
INFO:tenpy.algorithms.dmrg:checkpoint after sweep 70
energy=0.3075433254089053, max S=2.1253995653749369, age=1278, norm_err=2.5e-02
Current memory usage 262.6MB, wall time: 41.7s
Delta E = -1.7367e-02, Delta S = -7.7787e-02 (per sweep)
max trunc_err = 1.2734e-08, max E_trunc = 3.2969e-12
chi: [256, 255, 256, 256, 256, 256]
================================================================================
INFO:tenpy.algorithms.dmrg:Running sweep with optimization
INFO:tenpy.algorithms.mps_common:start environment_sweep
INFO:tenpy.algorithms.dmrg:checkpoint after sweep 80
energy=0.3060335078885430, max S=1.8406939327591105, age=1458, norm_err=2.3e-02
Current memory usage 262.6MB, wall time: 39.4s
Delta E = -1.5098e-04, Delta S = -2.3170e-02 (per sweep)
max trunc_err = 2.5819e-08, max E_trunc = 9.0949e-13
chi: [256, 256, 256, 256, 256, 256]
================================================================================
INFO:tenpy.algorithms.dmrg:Running sweep with optimization
INFO:tenpy.algorithms.mps_common:start environment_sweep
INFO:tenpy.algorithms.dmrg:checkpoint after sweep 90
energy=0.4712349205266359, max S=2.4174829963044657, age=1638, norm_err=6.2e-03
Current memory usage 262.6MB, wall time: 39.4s
Delta E = 1.6520e-02, Delta S = 6.7532e-02 (per sweep)
max trunc_err = 1.3066e-07, max E_trunc = 1.7053e-12
chi: [256, 256, 256, 256, 256, 256]
================================================================================
INFO:tenpy.algorithms.dmrg:Running sweep with optimization
INFO:tenpy.algorithms.mps_common:start environment_sweep
INFO:tenpy.algorithms.dmrg:checkpoint after sweep 100
energy=0.5114960126985295, max S=3.5639539932354602, age=1818, norm_err=3.2e-02
Current memory usage 262.6MB, wall time: 39.5s
Delta E = 4.0261e-03, Delta S = 1.1397e-01 (per sweep)
max trunc_err = 7.5154e-08, max E_trunc = -2.9468e-10
chi: [256, 256, 256, 256, 256, 256]
================================================================================
INFO:tenpy.algorithms.dmrg:Running sweep with optimization
INFO:tenpy.algorithms.mps_common:start environment_sweep
INFO:tenpy.algorithms.dmrg:checkpoint after sweep 110
energy=0.3811515206486244, max S=3.5643329677458713, age=1998, norm_err=1.5e-02
Current memory usage 262.6MB, wall time: 47.4s
Delta E = -1.3034e-02, Delta S = 5.9015e-03 (per sweep)
max trunc_err = 3.4168e-08, max E_trunc = -2.1663e-09
chi: [256, 256, 256, 256, 256, 256]
================================================================================
INFO:tenpy.algorithms.mps_common:TwoSiteDMRGEngine: Maximum number of sweeps reached
INFO:tenpy.tools.params:DMRG: reading 'norm_tol'=1e-05
INFO:tenpy.tools.params:DMRG: reading 'norm_tol_final'=1e-10
INFO:tenpy.tools.params:DMRG: reading 'norm_tol_iter'=5
WARNING:tenpy.algorithms.dmrg:final DMRG state not in canonical form up to norm_tol=1.00e-05: norm_err=1.54e-02
INFO:tenpy.algorithms.mps_common:start environment_sweep
INFO:tenpy.algorithms.mps_common:start environment_sweep
WARNING:tenpy.algorithms.dmrg:final DMRG state not in canonical form up to norm_tol_final=1.00e-10: norm_err=4.02e-07, calling psi.canonical_form()
INFO:tenpy.algorithms.dmrg:TwoSiteDMRGEngine finished after 110 sweeps, max chi=254
INFO:tenpy.tools.params:DMRG: reading 'max_trunc_err'=0.0001
INFO:tenpy.tools.params:MixedHofstadterLandauGauge_Pi_2: reading 'explicit_plus_hc'=False
INFO:tenpy.tools.params:MixedHofstadterLandauGauge_Pi_2: reading 'Lx'=2
INFO:tenpy.tools.params:MixedHofstadterLandauGauge_Pi_2: setting 'N_rings'=2
INFO:tenpy.tools.params:MixedHofstadterLandauGauge_Pi_2: reading 'xy_lattice'='Square'
INFO:tenpy.tools.params:MixedHofstadterLandauGauge_Pi_2: reading 'Ly'=3
INFO:tenpy.tools.params:MixedHofstadterLandauGauge_Pi_2: reading 'ring_order'=None
INFO:tenpy.tools.params:MixedHofstadterLandauGauge_Pi_2: reading 'conserve_k'=True
INFO:tenpy.tools.params:MixedHofstadterLandauGauge_Pi_2: reading 'bc_MPS'='infinite'
INFO:tenpy.tools.params:MixedHofstadterLandauGauge_Pi_2: reading 't'=-1
INFO:tenpy.tools.params:MixedHofstadterLandauGauge_Pi_2: reading 't2'=-0.25
INFO:tenpy.tools.params:MixedHofstadterLandauGauge_Pi_2: reading 'V1'=0.6
INFO:tenpy.tools.params:MixedHofstadterLandauGauge_Pi_2: reading 'phi_ext'=np.float64(2.1)
INFO:tenpy.tools.params:MixedHofstadterLandauGauge_Pi_2: reading 'sort_mpo_legs'=False
/home/t30/kna/ge54yin/Documents/MasterThesisFQHinTMDs/MPS_stuff/MPScalculations/.venv/lib/python3.12/site-packages/tenpy/tools/params.py:232: UserWarning: unused options for config MixedHofstadterLandauGauge_Pi_2:
['Delta', 'N_rings', 'Nsec', 'bc', 'chi_max', 'ktot', 'saveAll']
  warnings.warn(msg.format(keys=sorted(unused), name=self.name))
INFO:tenpy.tools.params:DMRG: reading 'active_sites'=2
INFO:tenpy.tools.params:DMRG: reading 'diag_method'='default'
INFO:tenpy.tools.params:DMRG: subconfig 'trunc_params'=Config(<5 options>, 'trunc_params')
INFO:tenpy.tools.params:DMRG: reading 'max_N_sites_per_ring'=18
INFO:tenpy.tools.params:DMRG: reading 'combine'=False
INFO:tenpy.tools.params:DMRG: subconfig 'lanczos_params'=Config(<9 options>, 'lanczos_params')
INFO:tenpy.tools.params:DMRG: reading 'chi_list'=None
INFO:tenpy.tools.params:DMRG: reading 'start_env'=1
INFO:tenpy.algorithms.mps_common:start environment_sweep
INFO:tenpy.tools.params:DMRG: reading 'N_sweeps_check'=10
INFO:tenpy.tools.params:DMRG: subconfig 'mixer_params'=Config(<3 options>, 'mixer_params')
INFO:tenpy.tools.params:DMRG: reading 'mixer'=None
INFO:tenpy.tools.params:DMRG: reading 'max_sweeps'=100
INFO:tenpy.tools.params:DMRG: reading 'max_hours'=8760
INFO:tenpy.tools.params:DMRG: reading 'P_tol_to_trunc'=0.05
INFO:tenpy.tools.params:DMRG: reading 'P_tol_min'=5.0000000000000004e-30
INFO:tenpy.tools.params:DMRG: reading 'P_tol_max'=0.0001
INFO:tenpy.tools.params:DMRG: reading 'E_tol_to_trunc'=None
INFO:tenpy.algorithms.dmrg:Running sweep with optimization
INFO:tenpy.tools.params:DMRG: reading 'max_N_for_ED'=400
INFO:tenpy.tools.params:DMRG: reading 'update_env'=5
INFO:tenpy.algorithms.mps_common:start environment_sweep
INFO:tenpy.algorithms.dmrg:checkpoint after sweep 10
energy=0.2656825398887263, max S=2.2045986921677079, age=198, norm_err=1.7e-01
Current memory usage 265.1MB, wall time: 37.0s
Delta E = nan, Delta S = -1.5908e-01 (per sweep)
max trunc_err = 1.1538e-08, max E_trunc = 8.2423e-13
chi: [256, 256, 256, 256, 256, 256]
================================================================================
INFO:tenpy.algorithms.dmrg:Running sweep with optimization
INFO:tenpy.algorithms.mps_common:start environment_sweep
INFO:tenpy.algorithms.dmrg:checkpoint after sweep 20
energy=0.4478042415296931, max S=2.2225476629957046, age=378, norm_err=1.3e-02
Current memory usage 265.1MB, wall time: 40.3s
Delta E = 1.8212e-02, Delta S = 6.1377e-03 (per sweep)
max trunc_err = 6.5265e-08, max E_trunc = 8.5265e-13
chi: [256, 256, 256, 255, 256, 255]
================================================================================
INFO:tenpy.tools.params:DMRG: reading 'max_E_err'=1e-08
INFO:tenpy.tools.params:DMRG: reading 'max_S_err'=1e-05
INFO:tenpy.algorithms.dmrg:Running sweep with optimization
INFO:tenpy.algorithms.mps_common:start environment_sweep
INFO:tenpy.algorithms.dmrg:checkpoint after sweep 30
energy=0.3669706551414673, max S=0.9828143760501009, age=558, norm_err=4.0e-02
Current memory usage 265.1MB, wall time: 38.1s
Delta E = -8.0834e-03, Delta S = -1.1802e-01 (per sweep)
max trunc_err = 4.5244e-08, max E_trunc = 2.2169e-12
chi: [256, 256, 256, 256, 256, 256]
================================================================================
INFO:tenpy.algorithms.dmrg:Running sweep with optimization
INFO:tenpy.algorithms.mps_common:start environment_sweep
INFO:tenpy.algorithms.dmrg:checkpoint after sweep 40
energy=0.2627213387386338, max S=1.7713196999512291, age=738, norm_err=9.3e-02
Current memory usage 265.1MB, wall time: 43.8s
Delta E = -1.0425e-02, Delta S = 8.4367e-02 (per sweep)
max trunc_err = 4.0194e-08, max E_trunc = -2.4872e-09
chi: [256, 256, 256, 256, 256, 256]
================================================================================
INFO:tenpy.algorithms.dmrg:Running sweep with optimization
INFO:tenpy.algorithms.mps_common:start environment_sweep
INFO:tenpy.algorithms.dmrg:checkpoint after sweep 50
energy=0.3359283784064360, max S=2.4616980424815695, age=918, norm_err=4.8e-02
Current memory usage 265.1MB, wall time: 42.2s
Delta E = 7.3207e-03, Delta S = 6.5317e-02 (per sweep)
max trunc_err = 1.0950e-08, max E_trunc = -1.4239e-10
chi: [256, 256, 256, 256, 256, 256]
================================================================================
INFO:tenpy.algorithms.dmrg:Running sweep with optimization
INFO:tenpy.algorithms.mps_common:start environment_sweep
INFO:tenpy.algorithms.dmrg:checkpoint after sweep 60
energy=0.4701088755837996, max S=1.8220594197022026, age=1098, norm_err=1.9e-01
Current memory usage 265.1MB, wall time: 48.2s
Delta E = 1.3418e-02, Delta S = -6.2374e-02 (per sweep)
max trunc_err = 9.3856e-09, max E_trunc = -2.5011e-11
chi: [256, 256, 256, 256, 256, 256]
================================================================================
INFO:tenpy.algorithms.dmrg:Running sweep with optimization
INFO:tenpy.algorithms.mps_common:start environment_sweep
INFO:tenpy.algorithms.dmrg:checkpoint after sweep 70
energy=0.3904015970386467, max S=1.6296979652753734, age=1278, norm_err=7.6e-02
Current memory usage 265.1MB, wall time: 40.1s
Delta E = -7.9707e-03, Delta S = -2.6646e-02 (per sweep)
max trunc_err = 1.7245e-08, max E_trunc = 1.2506e-12
chi: [256, 256, 256, 256, 256, 256]
================================================================================
INFO:tenpy.algorithms.dmrg:Running sweep with optimization
INFO:tenpy.algorithms.mps_common:start environment_sweep
INFO:tenpy.algorithms.dmrg:checkpoint after sweep 80
energy=0.6575407255223809, max S=1.2069621519226090, age=1458, norm_err=6.7e-02
Current memory usage 265.1MB, wall time: 40.1s
Delta E = 2.6714e-02, Delta S = -3.0643e-02 (per sweep)
max trunc_err = 7.8706e-08, max E_trunc = 2.0464e-12
chi: [256, 256, 256, 256, 256, 256]
================================================================================
INFO:tenpy.algorithms.dmrg:Running sweep with optimization
INFO:tenpy.algorithms.mps_common:start environment_sweep
INFO:tenpy.algorithms.dmrg:checkpoint after sweep 90
energy=0.3934585208075798, max S=1.4527020210198573, age=1638, norm_err=6.2e-02
Current memory usage 265.1MB, wall time: 47.2s
Delta E = -2.6408e-02, Delta S = 2.1399e-02 (per sweep)
max trunc_err = 5.1739e-09, max E_trunc = -5.3240e-10
chi: [256, 256, 256, 256, 256, 256]
================================================================================
INFO:tenpy.algorithms.dmrg:Running sweep with optimization
INFO:tenpy.algorithms.mps_common:start environment_sweep
INFO:tenpy.algorithms.dmrg:checkpoint after sweep 100
energy=-0.1540348904689684, max S=3.6679709132715370, age=1818, norm_err=8.6e-03
Current memory usage 265.1MB, wall time: 39.7s
Delta E = -5.4749e-02, Delta S = 2.1026e-01 (per sweep)
max trunc_err = 3.2222e-07, max E_trunc = -2.0805e-11
chi: [256, 256, 256, 256, 256, 256]
================================================================================
INFO:tenpy.algorithms.dmrg:Running sweep with optimization
INFO:tenpy.algorithms.mps_common:start environment_sweep
INFO:tenpy.algorithms.dmrg:checkpoint after sweep 110
energy=0.4035171808919245, max S=2.5523433591501128, age=1998, norm_err=2.7e-02
Current memory usage 265.1MB, wall time: 37.0s
Delta E = 5.5755e-02, Delta S = -9.1168e-02 (per sweep)
max trunc_err = 1.3153e-07, max E_trunc = 1.5348e-11
chi: [256, 255, 256, 256, 256, 256]
================================================================================
INFO:tenpy.algorithms.mps_common:TwoSiteDMRGEngine: Maximum number of sweeps reached
INFO:tenpy.tools.params:DMRG: reading 'norm_tol'=1e-05
INFO:tenpy.tools.params:DMRG: reading 'norm_tol_final'=1e-10
INFO:tenpy.tools.params:DMRG: reading 'norm_tol_iter'=5
WARNING:tenpy.algorithms.dmrg:final DMRG state not in canonical form up to norm_tol=1.00e-05: norm_err=2.75e-02
INFO:tenpy.algorithms.mps_common:start environment_sweep
INFO:tenpy.algorithms.mps_common:start environment_sweep
WARNING:tenpy.algorithms.dmrg:final DMRG state not in canonical form up to norm_tol_final=1.00e-10: norm_err=4.12e-06, calling psi.canonical_form()
INFO:tenpy.algorithms.dmrg:TwoSiteDMRGEngine finished after 110 sweeps, max chi=256
INFO:tenpy.tools.params:DMRG: reading 'max_trunc_err'=0.0001
INFO:tenpy.tools.params:MixedHofstadterLandauGauge_Pi_2: reading 'explicit_plus_hc'=False
INFO:tenpy.tools.params:MixedHofstadterLandauGauge_Pi_2: reading 'Lx'=2
INFO:tenpy.tools.params:MixedHofstadterLandauGauge_Pi_2: setting 'N_rings'=2
INFO:tenpy.tools.params:MixedHofstadterLandauGauge_Pi_2: reading 'xy_lattice'='Square'
INFO:tenpy.tools.params:MixedHofstadterLandauGauge_Pi_2: reading 'Ly'=3
INFO:tenpy.tools.params:MixedHofstadterLandauGauge_Pi_2: reading 'ring_order'=None
INFO:tenpy.tools.params:MixedHofstadterLandauGauge_Pi_2: reading 'conserve_k'=True
INFO:tenpy.tools.params:MixedHofstadterLandauGauge_Pi_2: reading 'bc_MPS'='infinite'
INFO:tenpy.tools.params:MixedHofstadterLandauGauge_Pi_2: reading 't'=-1
INFO:tenpy.tools.params:MixedHofstadterLandauGauge_Pi_2: reading 't2'=-0.25
INFO:tenpy.tools.params:MixedHofstadterLandauGauge_Pi_2: reading 'V1'=0.6
INFO:tenpy.tools.params:MixedHofstadterLandauGauge_Pi_2: reading 'phi_ext'=np.float64(2.15)
INFO:tenpy.tools.params:MixedHofstadterLandauGauge_Pi_2: reading 'sort_mpo_legs'=False
/home/t30/kna/ge54yin/Documents/MasterThesisFQHinTMDs/MPS_stuff/MPScalculations/.venv/lib/python3.12/site-packages/tenpy/tools/params.py:232: UserWarning: unused options for config MixedHofstadterLandauGauge_Pi_2:
['Delta', 'N_rings', 'Nsec', 'bc', 'chi_max', 'ktot', 'saveAll']
  warnings.warn(msg.format(keys=sorted(unused), name=self.name))
INFO:tenpy.tools.params:DMRG: reading 'active_sites'=2
INFO:tenpy.tools.params:DMRG: reading 'diag_method'='default'
INFO:tenpy.tools.params:DMRG: subconfig 'trunc_params'=Config(<5 options>, 'trunc_params')
INFO:tenpy.tools.params:DMRG: reading 'max_N_sites_per_ring'=18
INFO:tenpy.tools.params:DMRG: reading 'combine'=False
INFO:tenpy.tools.params:DMRG: subconfig 'lanczos_params'=Config(<9 options>, 'lanczos_params')
INFO:tenpy.tools.params:DMRG: reading 'chi_list'=None
INFO:tenpy.tools.params:DMRG: reading 'start_env'=1
INFO:tenpy.algorithms.mps_common:start environment_sweep
INFO:tenpy.tools.params:DMRG: reading 'N_sweeps_check'=10
INFO:tenpy.tools.params:DMRG: subconfig 'mixer_params'=Config(<3 options>, 'mixer_params')
INFO:tenpy.tools.params:DMRG: reading 'mixer'=None
INFO:tenpy.tools.params:DMRG: reading 'max_sweeps'=100
INFO:tenpy.tools.params:DMRG: reading 'max_hours'=8760
INFO:tenpy.tools.params:DMRG: reading 'P_tol_to_trunc'=0.05
INFO:tenpy.tools.params:DMRG: reading 'P_tol_min'=5.0000000000000004e-30
INFO:tenpy.tools.params:DMRG: reading 'P_tol_max'=0.0001
INFO:tenpy.tools.params:DMRG: reading 'E_tol_to_trunc'=None
INFO:tenpy.algorithms.dmrg:Running sweep with optimization
INFO:tenpy.tools.params:DMRG: reading 'max_N_for_ED'=400
INFO:tenpy.tools.params:DMRG: reading 'update_env'=5
INFO:tenpy.algorithms.mps_common:start environment_sweep
INFO:tenpy.algorithms.dmrg:checkpoint after sweep 10
energy=0.4920341581444430, max S=3.5741118194378299, age=198, norm_err=6.9e-02
Current memory usage 265.1MB, wall time: 40.3s
Delta E = nan, Delta S = 9.4613e-02 (per sweep)
max trunc_err = 8.4504e-08, max E_trunc = -1.6294e-10
chi: [256, 256, 256, 256, 256, 256]
================================================================================
INFO:tenpy.algorithms.dmrg:Running sweep with optimization
INFO:tenpy.algorithms.mps_common:start environment_sweep
INFO:tenpy.algorithms.dmrg:checkpoint after sweep 20
energy=0.3656058358874740, max S=2.5777364959402980, age=378, norm_err=1.5e-01
Current memory usage 265.1MB, wall time: 48.5s
Delta E = -1.2643e-02, Delta S = -1.1013e-01 (per sweep)
max trunc_err = 3.8821e-09, max E_trunc = -7.6193e-10
chi: [256, 256, 256, 256, 256, 256]
================================================================================
INFO:tenpy.tools.params:DMRG: reading 'max_E_err'=1e-08
INFO:tenpy.tools.params:DMRG: reading 'max_S_err'=1e-05
INFO:tenpy.algorithms.dmrg:Running sweep with optimization
INFO:tenpy.algorithms.mps_common:start environment_sweep
INFO:tenpy.algorithms.dmrg:checkpoint after sweep 30
energy=-0.1813486723312584, max S=3.6428249097518477, age=558, norm_err=6.8e-03
Current memory usage 265.1MB, wall time: 40.6s
Delta E = -5.4695e-02, Delta S = 1.0651e-01 (per sweep)
max trunc_err = 3.4644e-08, max E_trunc = 1.4211e-12
chi: [256, 256, 256, 256, 256, 256]
================================================================================
INFO:tenpy.algorithms.dmrg:Running sweep with optimization
INFO:tenpy.algorithms.mps_common:start environment_sweep
INFO:tenpy.algorithms.dmrg:checkpoint after sweep 40
energy=0.3969227531261244, max S=2.1341433403110677, age=738, norm_err=2.1e-02
Current memory usage 265.1MB, wall time: 38.3s
Delta E = 5.7827e-02, Delta S = -1.5815e-01 (per sweep)
max trunc_err = 8.5663e-08, max E_trunc = 2.2169e-12
chi: [256, 255, 256, 256, 256, 256]
================================================================================
INFO:tenpy.algorithms.dmrg:Running sweep with optimization
INFO:tenpy.algorithms.mps_common:start environment_sweep
INFO:tenpy.algorithms.dmrg:checkpoint after sweep 50
energy=0.5157514654380009, max S=2.2596974324332750, age=918, norm_err=8.5e-02
Current memory usage 265.1MB, wall time: 38.9s
Delta E = 1.1883e-02, Delta S = 2.5239e-02 (per sweep)
max trunc_err = 9.6126e-08, max E_trunc = 4.2064e-12
chi: [256, 256, 256, 256, 256, 256]
================================================================================
INFO:tenpy.algorithms.dmrg:Running sweep with optimization
INFO:tenpy.algorithms.mps_common:start environment_sweep
INFO:tenpy.algorithms.dmrg:checkpoint after sweep 60
energy=0.7981637654473607, max S=2.0698757707399427, age=1098, norm_err=7.8e-04
Current memory usage 265.1MB, wall time: 38.1s
Delta E = 2.8241e-02, Delta S = -2.9803e-02 (per sweep)
max trunc_err = 5.0185e-08, max E_trunc = 1.7053e-12
chi: [256, 256, 256, 256, 256, 256]
================================================================================
INFO:tenpy.algorithms.dmrg:Running sweep with optimization
INFO:tenpy.algorithms.mps_common:start environment_sweep
INFO:tenpy.algorithms.dmrg:checkpoint after sweep 70
energy=0.4818902342956524, max S=2.1237916757665194, age=1278, norm_err=8.7e-02
Current memory usage 265.1MB, wall time: 38.2s
Delta E = -3.1627e-02, Delta S = 2.1643e-02 (per sweep)
max trunc_err = 4.6603e-08, max E_trunc = 1.7053e-12
chi: [256, 255, 256, 256, 256, 256]
================================================================================
INFO:tenpy.algorithms.dmrg:Running sweep with optimization
INFO:tenpy.algorithms.mps_common:start environment_sweep
INFO:tenpy.algorithms.dmrg:checkpoint after sweep 80
energy=0.2582291649416391, max S=1.5648468883319788, age=1458, norm_err=3.6e-02
Current memory usage 265.1MB, wall time: 37.8s
Delta E = -2.2366e-02, Delta S = -6.1203e-02 (per sweep)
max trunc_err = 9.3345e-08, max E_trunc = 2.7285e-12
chi: [256, 255, 256, 256, 256, 256]
================================================================================
INFO:tenpy.algorithms.dmrg:Running sweep with optimization
INFO:tenpy.algorithms.mps_common:start environment_sweep
INFO:tenpy.algorithms.dmrg:checkpoint after sweep 90
energy=0.3350704196781464, max S=2.7239256668911027, age=1638, norm_err=1.0e-02
Current memory usage 265.1MB, wall time: 38.3s
Delta E = 7.6841e-03, Delta S = 1.2586e-01 (per sweep)
max trunc_err = 1.4807e-07, max E_trunc = 1.1369e-12
chi: [256, 256, 256, 256, 256, 256]
================================================================================
INFO:tenpy.algorithms.dmrg:Running sweep with optimization
INFO:tenpy.algorithms.mps_common:start environment_sweep
INFO:tenpy.algorithms.dmrg:checkpoint after sweep 100
energy=0.5512636803930491, max S=2.5353376053555863, age=1818, norm_err=1.9e-02
Current memory usage 265.1MB, wall time: 38.6s
Delta E = 2.1619e-02, Delta S = -3.1135e-02 (per sweep)
max trunc_err = 7.9062e-08, max E_trunc = 3.0695e-12
chi: [256, 256, 256, 256, 256, 256]
================================================================================
INFO:tenpy.algorithms.dmrg:Running sweep with optimization
INFO:tenpy.algorithms.mps_common:start environment_sweep
INFO:tenpy.algorithms.dmrg:checkpoint after sweep 110
energy=0.1800261906104671, max S=1.3907008722403420, age=1998, norm_err=3.0e-02
Current memory usage 265.1MB, wall time: 39.3s
Delta E = -3.7124e-02, Delta S = -1.0309e-01 (per sweep)
max trunc_err = 3.5911e-08, max E_trunc = 2.8422e-12
chi: [256, 256, 256, 256, 256, 256]
================================================================================
INFO:tenpy.algorithms.mps_common:TwoSiteDMRGEngine: Maximum number of sweeps reached
INFO:tenpy.tools.params:DMRG: reading 'norm_tol'=1e-05
INFO:tenpy.tools.params:DMRG: reading 'norm_tol_final'=1e-10
INFO:tenpy.tools.params:DMRG: reading 'norm_tol_iter'=5
WARNING:tenpy.algorithms.dmrg:final DMRG state not in canonical form up to norm_tol=1.00e-05: norm_err=3.04e-02
INFO:tenpy.algorithms.mps_common:start environment_sweep
INFO:tenpy.algorithms.mps_common:start environment_sweep
INFO:tenpy.algorithms.mps_common:start environment_sweep
WARNING:tenpy.algorithms.dmrg:final DMRG state not in canonical form up to norm_tol_final=1.00e-10: norm_err=2.03e-06, calling psi.canonical_form()
WARNING:tenpy.networks.mps:canonical_form_infinite: project to significantly smaller chi
WARNING:tenpy.networks.mps:canonical_form_infinite: project to significantly smaller chi
WARNING:tenpy.networks.mps:canonical_form_infinite: project to significantly smaller chi
WARNING:tenpy.networks.mps:canonical_form_infinite: project to significantly smaller chi
WARNING:tenpy.networks.mps:canonical_form_infinite: project to significantly smaller chi
WARNING:tenpy.networks.mps:canonical_form_infinite: project to significantly smaller chi
INFO:tenpy.algorithms.dmrg:TwoSiteDMRGEngine finished after 110 sweeps, max chi=223
INFO:tenpy.tools.params:DMRG: reading 'max_trunc_err'=0.0001
INFO:tenpy.tools.params:MixedHofstadterLandauGauge_Pi_2: reading 'explicit_plus_hc'=False
INFO:tenpy.tools.params:MixedHofstadterLandauGauge_Pi_2: reading 'Lx'=2
INFO:tenpy.tools.params:MixedHofstadterLandauGauge_Pi_2: setting 'N_rings'=2
INFO:tenpy.tools.params:MixedHofstadterLandauGauge_Pi_2: reading 'xy_lattice'='Square'
INFO:tenpy.tools.params:MixedHofstadterLandauGauge_Pi_2: reading 'Ly'=3
INFO:tenpy.tools.params:MixedHofstadterLandauGauge_Pi_2: reading 'ring_order'=None
INFO:tenpy.tools.params:MixedHofstadterLandauGauge_Pi_2: reading 'conserve_k'=True
INFO:tenpy.tools.params:MixedHofstadterLandauGauge_Pi_2: reading 'bc_MPS'='infinite'
INFO:tenpy.tools.params:MixedHofstadterLandauGauge_Pi_2: reading 't'=-1
INFO:tenpy.tools.params:MixedHofstadterLandauGauge_Pi_2: reading 't2'=-0.25
INFO:tenpy.tools.params:MixedHofstadterLandauGauge_Pi_2: reading 'V1'=0.6
INFO:tenpy.tools.params:MixedHofstadterLandauGauge_Pi_2: reading 'phi_ext'=np.float64(2.2)
INFO:tenpy.tools.params:MixedHofstadterLandauGauge_Pi_2: reading 'sort_mpo_legs'=False
/home/t30/kna/ge54yin/Documents/MasterThesisFQHinTMDs/MPS_stuff/MPScalculations/.venv/lib/python3.12/site-packages/tenpy/tools/params.py:232: UserWarning: unused options for config MixedHofstadterLandauGauge_Pi_2:
['Delta', 'N_rings', 'Nsec', 'bc', 'chi_max', 'ktot', 'saveAll']
  warnings.warn(msg.format(keys=sorted(unused), name=self.name))
INFO:tenpy.tools.params:DMRG: reading 'active_sites'=2
INFO:tenpy.tools.params:DMRG: reading 'diag_method'='default'
INFO:tenpy.tools.params:DMRG: subconfig 'trunc_params'=Config(<5 options>, 'trunc_params')
INFO:tenpy.tools.params:DMRG: reading 'max_N_sites_per_ring'=18
INFO:tenpy.tools.params:DMRG: reading 'combine'=False
INFO:tenpy.tools.params:DMRG: subconfig 'lanczos_params'=Config(<9 options>, 'lanczos_params')
INFO:tenpy.tools.params:DMRG: reading 'chi_list'=None
INFO:tenpy.tools.params:DMRG: reading 'start_env'=1
INFO:tenpy.algorithms.mps_common:start environment_sweep
INFO:tenpy.tools.params:DMRG: reading 'N_sweeps_check'=10
INFO:tenpy.tools.params:DMRG: subconfig 'mixer_params'=Config(<3 options>, 'mixer_params')
INFO:tenpy.tools.params:DMRG: reading 'mixer'=None
INFO:tenpy.tools.params:DMRG: reading 'max_sweeps'=100
INFO:tenpy.tools.params:DMRG: reading 'max_hours'=8760
INFO:tenpy.tools.params:DMRG: reading 'P_tol_to_trunc'=0.05
INFO:tenpy.tools.params:DMRG: reading 'P_tol_min'=5.0000000000000004e-30
INFO:tenpy.tools.params:DMRG: reading 'P_tol_max'=0.0001
INFO:tenpy.tools.params:DMRG: reading 'E_tol_to_trunc'=None
INFO:tenpy.algorithms.dmrg:Running sweep with optimization
INFO:tenpy.tools.params:DMRG: reading 'max_N_for_ED'=400
INFO:tenpy.tools.params:DMRG: reading 'update_env'=5
INFO:tenpy.algorithms.mps_common:start environment_sweep
INFO:tenpy.algorithms.dmrg:checkpoint after sweep 10
energy=0.6869769486447281, max S=0.9375997219361084, age=198, norm_err=9.5e-03
Current memory usage 265.1MB, wall time: 38.6s
Delta E = nan, Delta S = -6.4881e-02 (per sweep)
max trunc_err = 7.5988e-08, max E_trunc = 1.6342e-12
chi: [256, 256, 256, 256, 256, 256]
================================================================================
INFO:tenpy.algorithms.dmrg:Running sweep with optimization
INFO:tenpy.algorithms.mps_common:start environment_sweep
INFO:tenpy.algorithms.dmrg:checkpoint after sweep 20
energy=0.4936422160660617, max S=3.0441987169227787, age=378, norm_err=1.6e-02
Current memory usage 265.1MB, wall time: 46.6s
Delta E = -1.9333e-02, Delta S = 2.2127e-01 (per sweep)
max trunc_err = 1.2781e-08, max E_trunc = -1.6834e-10
chi: [256, 256, 256, 256, 256, 256]
================================================================================
INFO:tenpy.tools.params:DMRG: reading 'max_E_err'=1e-08
INFO:tenpy.tools.params:DMRG: reading 'max_S_err'=1e-05
INFO:tenpy.algorithms.dmrg:Running sweep with optimization
INFO:tenpy.algorithms.mps_common:start environment_sweep
INFO:tenpy.algorithms.dmrg:checkpoint after sweep 30
energy=-0.1576991623997467, max S=3.3244690971782513, age=558, norm_err=9.3e-03
Current memory usage 265.1MB, wall time: 41.1s
Delta E = -6.5134e-02, Delta S = 2.0673e-02 (per sweep)
max trunc_err = 3.5868e-08, max E_trunc = -1.6911e-11
chi: [256, 256, 256, 256, 256, 256]
================================================================================
INFO:tenpy.algorithms.dmrg:Running sweep with optimization
INFO:tenpy.algorithms.mps_common:start environment_sweep
INFO:tenpy.algorithms.dmrg:checkpoint after sweep 40
energy=-0.1534362722661247, max S=2.0446737887384545, age=738, norm_err=1.3e-04
Current memory usage 265.1MB, wall time: 43.4s
Delta E = 4.2629e-04, Delta S = -1.2861e-01 (per sweep)
max trunc_err = 3.5240e-08, max E_trunc = 2.2737e-13
chi: [256, 256, 256, 256, 256, 256]
================================================================================
INFO:tenpy.algorithms.dmrg:Running sweep with optimization
INFO:tenpy.algorithms.mps_common:start environment_sweep
INFO:tenpy.algorithms.dmrg:checkpoint after sweep 50
energy=0.5580073141350445, max S=1.9434366569600361, age=918, norm_err=2.0e-01
Current memory usage 265.1MB, wall time: 39.8s
Delta E = 7.1144e-02, Delta S = -2.2194e-03 (per sweep)
max trunc_err = 4.1203e-08, max E_trunc = 2.3306e-12
chi: [256, 256, 256, 256, 256, 256]
================================================================================
INFO:tenpy.algorithms.dmrg:Running sweep with optimization
INFO:tenpy.algorithms.mps_common:start environment_sweep
INFO:tenpy.algorithms.dmrg:checkpoint after sweep 60
energy=0.2923278848251509, max S=2.1106917600667012, age=1098, norm_err=5.4e-02
Current memory usage 265.1MB, wall time: 39.0s
Delta E = -2.6568e-02, Delta S = 2.4553e-02 (per sweep)
max trunc_err = 1.6880e-07, max E_trunc = 3.1832e-12
chi: [256, 256, 256, 256, 256, 256]
================================================================================
INFO:tenpy.algorithms.dmrg:Running sweep with optimization
INFO:tenpy.algorithms.mps_common:start environment_sweep
INFO:tenpy.algorithms.dmrg:checkpoint after sweep 70
energy=0.3050514791143162, max S=2.4663125616616712, age=1278, norm_err=1.2e-01
Current memory usage 265.1MB, wall time: 40.4s
Delta E = 1.2724e-03, Delta S = 1.9126e-02 (per sweep)
max trunc_err = 2.9542e-08, max E_trunc = -4.1950e-11
chi: [256, 256, 256, 256, 256, 256]
================================================================================
INFO:tenpy.algorithms.dmrg:Running sweep with optimization
INFO:tenpy.algorithms.mps_common:start environment_sweep
INFO:tenpy.algorithms.dmrg:checkpoint after sweep 80
energy=0.2954298701113582, max S=1.2139236247996181, age=1458, norm_err=1.7e-01
Current memory usage 265.1MB, wall time: 49.1s
Delta E = -9.6216e-04, Delta S = -1.2178e-01 (per sweep)
max trunc_err = 4.2594e-09, max E_trunc = -3.6141e-10
chi: [256, 256, 256, 256, 256, 256]
================================================================================
INFO:tenpy.algorithms.dmrg:Running sweep with optimization
INFO:tenpy.algorithms.mps_common:start environment_sweep
INFO:tenpy.algorithms.dmrg:checkpoint after sweep 90
energy=0.4886504818818859, max S=1.6540964268832747, age=1638, norm_err=7.0e-02
Current memory usage 265.1MB, wall time: 41.3s
Delta E = 1.9322e-02, Delta S = 4.6669e-02 (per sweep)
max trunc_err = 1.3303e-08, max E_trunc = -8.6402e-12
chi: [256, 256, 256, 256, 256, 256]
================================================================================
INFO:tenpy.algorithms.dmrg:Running sweep with optimization
INFO:tenpy.algorithms.mps_common:start environment_sweep
INFO:tenpy.algorithms.dmrg:checkpoint after sweep 100
energy=0.7929746337392203, max S=0.2105224046886318, age=1818, norm_err=5.2e-02
Current memory usage 265.1MB, wall time: 38.5s
Delta E = 3.0432e-02, Delta S = -1.3103e-01 (per sweep)
max trunc_err = 3.4731e-08, max E_trunc = 2.7285e-12
chi: [253, 250, 250, 247, 252, 254]
================================================================================
INFO:tenpy.algorithms.dmrg:Running sweep with optimization
INFO:tenpy.algorithms.mps_common:start environment_sweep
INFO:tenpy.algorithms.dmrg:checkpoint after sweep 110
energy=0.1916203118594334, max S=2.2255495707578605, age=1998, norm_err=9.6e-02
Current memory usage 265.1MB, wall time: 47.5s
Delta E = -6.0135e-02, Delta S = 1.9353e-01 (per sweep)
max trunc_err = 2.0945e-08, max E_trunc = -8.2912e-10
chi: [256, 256, 256, 256, 256, 256]
================================================================================
INFO:tenpy.algorithms.mps_common:TwoSiteDMRGEngine: Maximum number of sweeps reached
INFO:tenpy.tools.params:DMRG: reading 'norm_tol'=1e-05
INFO:tenpy.tools.params:DMRG: reading 'norm_tol_final'=1e-10
INFO:tenpy.tools.params:DMRG: reading 'norm_tol_iter'=5
WARNING:tenpy.algorithms.dmrg:final DMRG state not in canonical form up to norm_tol=1.00e-05: norm_err=9.58e-02
INFO:tenpy.algorithms.mps_common:start environment_sweep
INFO:tenpy.algorithms.mps_common:start environment_sweep
INFO:tenpy.algorithms.mps_common:start environment_sweep
INFO:tenpy.algorithms.mps_common:start environment_sweep
WARNING:tenpy.algorithms.dmrg:final DMRG state not in canonical form up to norm_tol_final=1.00e-10: norm_err=7.40e-06, calling psi.canonical_form()
INFO:tenpy.algorithms.dmrg:TwoSiteDMRGEngine finished after 110 sweeps, max chi=248
INFO:tenpy.tools.params:DMRG: reading 'max_trunc_err'=0.0001
INFO:tenpy.tools.params:MixedHofstadterLandauGauge_Pi_2: reading 'explicit_plus_hc'=False
INFO:tenpy.tools.params:MixedHofstadterLandauGauge_Pi_2: reading 'Lx'=2
INFO:tenpy.tools.params:MixedHofstadterLandauGauge_Pi_2: setting 'N_rings'=2
INFO:tenpy.tools.params:MixedHofstadterLandauGauge_Pi_2: reading 'xy_lattice'='Square'
INFO:tenpy.tools.params:MixedHofstadterLandauGauge_Pi_2: reading 'Ly'=3
INFO:tenpy.tools.params:MixedHofstadterLandauGauge_Pi_2: reading 'ring_order'=None
INFO:tenpy.tools.params:MixedHofstadterLandauGauge_Pi_2: reading 'conserve_k'=True
INFO:tenpy.tools.params:MixedHofstadterLandauGauge_Pi_2: reading 'bc_MPS'='infinite'
INFO:tenpy.tools.params:MixedHofstadterLandauGauge_Pi_2: reading 't'=-1
INFO:tenpy.tools.params:MixedHofstadterLandauGauge_Pi_2: reading 't2'=-0.25
INFO:tenpy.tools.params:MixedHofstadterLandauGauge_Pi_2: reading 'V1'=0.6
INFO:tenpy.tools.params:MixedHofstadterLandauGauge_Pi_2: reading 'phi_ext'=np.float64(2.25)
INFO:tenpy.tools.params:MixedHofstadterLandauGauge_Pi_2: reading 'sort_mpo_legs'=False
/home/t30/kna/ge54yin/Documents/MasterThesisFQHinTMDs/MPS_stuff/MPScalculations/.venv/lib/python3.12/site-packages/tenpy/tools/params.py:232: UserWarning: unused options for config MixedHofstadterLandauGauge_Pi_2:
['Delta', 'N_rings', 'Nsec', 'bc', 'chi_max', 'ktot', 'saveAll']
  warnings.warn(msg.format(keys=sorted(unused), name=self.name))
INFO:tenpy.tools.params:DMRG: reading 'active_sites'=2
INFO:tenpy.tools.params:DMRG: reading 'diag_method'='default'
INFO:tenpy.tools.params:DMRG: subconfig 'trunc_params'=Config(<5 options>, 'trunc_params')
INFO:tenpy.tools.params:DMRG: reading 'max_N_sites_per_ring'=18
INFO:tenpy.tools.params:DMRG: reading 'combine'=False
INFO:tenpy.tools.params:DMRG: subconfig 'lanczos_params'=Config(<9 options>, 'lanczos_params')
INFO:tenpy.tools.params:DMRG: reading 'chi_list'=None
INFO:tenpy.tools.params:DMRG: reading 'start_env'=1
INFO:tenpy.algorithms.mps_common:start environment_sweep
INFO:tenpy.tools.params:DMRG: reading 'N_sweeps_check'=10
INFO:tenpy.tools.params:DMRG: subconfig 'mixer_params'=Config(<3 options>, 'mixer_params')
INFO:tenpy.tools.params:DMRG: reading 'mixer'=None
INFO:tenpy.tools.params:DMRG: reading 'max_sweeps'=100
INFO:tenpy.tools.params:DMRG: reading 'max_hours'=8760
INFO:tenpy.tools.params:DMRG: reading 'P_tol_to_trunc'=0.05
INFO:tenpy.tools.params:DMRG: reading 'P_tol_min'=5.0000000000000004e-30
INFO:tenpy.tools.params:DMRG: reading 'P_tol_max'=0.0001
INFO:tenpy.tools.params:DMRG: reading 'E_tol_to_trunc'=None
INFO:tenpy.algorithms.dmrg:Running sweep with optimization
INFO:tenpy.tools.params:DMRG: reading 'max_N_for_ED'=400
INFO:tenpy.tools.params:DMRG: reading 'update_env'=5
INFO:tenpy.algorithms.mps_common:start environment_sweep
INFO:tenpy.algorithms.dmrg:checkpoint after sweep 10
energy=0.4567482693705003, max S=2.9350548670821350, age=198, norm_err=6.5e-02
Current memory usage 265.1MB, wall time: 46.6s
Delta E = nan, Delta S = 9.1058e-02 (per sweep)
max trunc_err = 1.1428e-08, max E_trunc = -1.0192e-08
chi: [256, 256, 256, 256, 256, 256]
================================================================================
INFO:tenpy.algorithms.dmrg:Running sweep with optimization
INFO:tenpy.algorithms.mps_common:start environment_sweep
INFO:tenpy.algorithms.dmrg:checkpoint after sweep 20
energy=0.3207240891175118, max S=2.2653615411479295, age=378, norm_err=3.1e-02
Current memory usage 265.1MB, wall time: 40.9s
Delta E = -1.3602e-02, Delta S = -6.4633e-02 (per sweep)
max trunc_err = 1.3108e-07, max E_trunc = -1.3586e-11
chi: [256, 256, 256, 256, 256, 256]
================================================================================
INFO:tenpy.tools.params:DMRG: reading 'max_E_err'=1e-08
INFO:tenpy.tools.params:DMRG: reading 'max_S_err'=1e-05
INFO:tenpy.algorithms.dmrg:Running sweep with optimization
INFO:tenpy.algorithms.mps_common:start environment_sweep
INFO:tenpy.algorithms.dmrg:checkpoint after sweep 30
energy=0.2048874015176191, max S=1.5774334681821960, age=558, norm_err=5.6e-02
Current memory usage 265.1MB, wall time: 48.0s
Delta E = -1.1584e-02, Delta S = -6.8662e-02 (per sweep)
max trunc_err = 1.4214e-08, max E_trunc = -1.6993e-09
chi: [256, 256, 256, 256, 256, 256]
================================================================================
INFO:tenpy.algorithms.dmrg:Running sweep with optimization
INFO:tenpy.algorithms.mps_common:start environment_sweep
INFO:tenpy.algorithms.dmrg:checkpoint after sweep 40
energy=0.0665091029744265, max S=2.7962814427089522, age=738, norm_err=2.0e-03
Current memory usage 265.1MB, wall time: 47.9s
Delta E = -1.3838e-02, Delta S = 1.2547e-01 (per sweep)
max trunc_err = 4.5498e-08, max E_trunc = -3.2588e-10
chi: [256, 256, 256, 256, 256, 256]
================================================================================
INFO:tenpy.algorithms.dmrg:Running sweep with optimization
INFO:tenpy.algorithms.mps_common:start environment_sweep
INFO:tenpy.algorithms.dmrg:checkpoint after sweep 50
energy=0.4309239389152377, max S=2.7723548442873120, age=918, norm_err=2.5e-02
Current memory usage 265.1MB, wall time: 46.5s
Delta E = 3.6441e-02, Delta S = -3.4288e-03 (per sweep)
max trunc_err = 2.7028e-08, max E_trunc = -1.6871e-09
chi: [256, 256, 256, 256, 256, 256]
================================================================================
INFO:tenpy.algorithms.dmrg:Running sweep with optimization
INFO:tenpy.algorithms.mps_common:start environment_sweep
INFO:tenpy.algorithms.dmrg:checkpoint after sweep 60
energy=0.4632660874362955, max S=1.9628588533175964, age=1098, norm_err=2.4e-01
Current memory usage 265.1MB, wall time: 45.9s
Delta E = 3.2342e-03, Delta S = -8.4051e-02 (per sweep)
max trunc_err = 6.3292e-09, max E_trunc = -7.2760e-12
chi: [256, 256, 256, 256, 256, 256]
================================================================================
INFO:tenpy.algorithms.dmrg:Running sweep with optimization
INFO:tenpy.algorithms.mps_common:start environment_sweep
INFO:tenpy.algorithms.dmrg:checkpoint after sweep 70
energy=0.4395563800064887, max S=3.3612699243342554, age=1278, norm_err=1.5e-02
Current memory usage 265.1MB, wall time: 44.2s
Delta E = -2.3710e-03, Delta S = 1.4198e-01 (per sweep)
max trunc_err = 2.5784e-08, max E_trunc = -6.5415e-10
chi: [256, 256, 256, 256, 256, 256]
================================================================================
INFO:tenpy.algorithms.dmrg:Running sweep with optimization
INFO:tenpy.algorithms.mps_common:start environment_sweep
INFO:tenpy.algorithms.dmrg:checkpoint after sweep 80
energy=0.7526246437271880, max S=3.7832582585357506, age=1458, norm_err=5.0e-02
Current memory usage 265.1MB, wall time: 38.9s
Delta E = 3.1307e-02, Delta S = 4.5460e-02 (per sweep)
max trunc_err = 2.1317e-08, max E_trunc = -4.1837e-11
chi: [256, 256, 256, 256, 256, 256]
================================================================================
INFO:tenpy.algorithms.dmrg:Running sweep with optimization
INFO:tenpy.algorithms.mps_common:start environment_sweep
INFO:tenpy.algorithms.dmrg:checkpoint after sweep 90
energy=0.5028093036559653, max S=2.2645311807793860, age=1638, norm_err=1.3e-02
Current memory usage 265.1MB, wall time: 38.1s
Delta E = -2.4982e-02, Delta S = -1.5069e-01 (per sweep)
max trunc_err = 3.0149e-08, max E_trunc = 1.7053e-12
chi: [256, 256, 256, 256, 256, 256]
================================================================================
INFO:tenpy.algorithms.dmrg:Running sweep with optimization
INFO:tenpy.algorithms.mps_common:start environment_sweep
INFO:tenpy.algorithms.dmrg:checkpoint after sweep 100
energy=0.3924606863917670, max S=1.6809012690595568, age=1818, norm_err=1.0e-01
Current memory usage 265.1MB, wall time: 38.6s
Delta E = -1.1035e-02, Delta S = -6.2715e-02 (per sweep)
max trunc_err = 9.2406e-08, max E_trunc = -1.9782e-11
chi: [256, 256, 256, 256, 256, 256]
================================================================================
INFO:tenpy.algorithms.dmrg:Running sweep with optimization
INFO:tenpy.algorithms.mps_common:start environment_sweep
INFO:tenpy.algorithms.dmrg:checkpoint after sweep 110
energy=0.4089557776044804, max S=2.7850279569534613, age=1998, norm_err=4.1e-02
Current memory usage 265.1MB, wall time: 47.5s
Delta E = 1.6495e-03, Delta S = 1.0632e-01 (per sweep)
max trunc_err = 4.5933e-09, max E_trunc = -9.8680e-11
chi: [256, 256, 256, 256, 256, 256]
================================================================================
INFO:tenpy.algorithms.mps_common:TwoSiteDMRGEngine: Maximum number of sweeps reached
INFO:tenpy.tools.params:DMRG: reading 'norm_tol'=1e-05
INFO:tenpy.tools.params:DMRG: reading 'norm_tol_final'=1e-10
INFO:tenpy.tools.params:DMRG: reading 'norm_tol_iter'=5
WARNING:tenpy.algorithms.dmrg:final DMRG state not in canonical form up to norm_tol=1.00e-05: norm_err=4.07e-02
INFO:tenpy.algorithms.mps_common:start environment_sweep
INFO:tenpy.algorithms.mps_common:start environment_sweep
INFO:tenpy.algorithms.mps_common:start environment_sweep
WARNING:tenpy.algorithms.dmrg:final DMRG state not in canonical form up to norm_tol_final=1.00e-10: norm_err=6.79e-07, calling psi.canonical_form()
INFO:tenpy.algorithms.dmrg:TwoSiteDMRGEngine finished after 110 sweeps, max chi=256
INFO:tenpy.tools.params:DMRG: reading 'max_trunc_err'=0.0001
INFO:tenpy.tools.params:MixedHofstadterLandauGauge_Pi_2: reading 'explicit_plus_hc'=False
INFO:tenpy.tools.params:MixedHofstadterLandauGauge_Pi_2: reading 'Lx'=2
INFO:tenpy.tools.params:MixedHofstadterLandauGauge_Pi_2: setting 'N_rings'=2
INFO:tenpy.tools.params:MixedHofstadterLandauGauge_Pi_2: reading 'xy_lattice'='Square'
INFO:tenpy.tools.params:MixedHofstadterLandauGauge_Pi_2: reading 'Ly'=3
INFO:tenpy.tools.params:MixedHofstadterLandauGauge_Pi_2: reading 'ring_order'=None
INFO:tenpy.tools.params:MixedHofstadterLandauGauge_Pi_2: reading 'conserve_k'=True
INFO:tenpy.tools.params:MixedHofstadterLandauGauge_Pi_2: reading 'bc_MPS'='infinite'
INFO:tenpy.tools.params:MixedHofstadterLandauGauge_Pi_2: reading 't'=-1
INFO:tenpy.tools.params:MixedHofstadterLandauGauge_Pi_2: reading 't2'=-0.25
INFO:tenpy.tools.params:MixedHofstadterLandauGauge_Pi_2: reading 'V1'=0.6
INFO:tenpy.tools.params:MixedHofstadterLandauGauge_Pi_2: reading 'phi_ext'=np.float64(2.3000000000000003)
INFO:tenpy.tools.params:MixedHofstadterLandauGauge_Pi_2: reading 'sort_mpo_legs'=False
/home/t30/kna/ge54yin/Documents/MasterThesisFQHinTMDs/MPS_stuff/MPScalculations/.venv/lib/python3.12/site-packages/tenpy/tools/params.py:232: UserWarning: unused options for config MixedHofstadterLandauGauge_Pi_2:
['Delta', 'N_rings', 'Nsec', 'bc', 'chi_max', 'ktot', 'saveAll']
  warnings.warn(msg.format(keys=sorted(unused), name=self.name))
INFO:tenpy.tools.params:DMRG: reading 'active_sites'=2
INFO:tenpy.tools.params:DMRG: reading 'diag_method'='default'
INFO:tenpy.tools.params:DMRG: subconfig 'trunc_params'=Config(<5 options>, 'trunc_params')
INFO:tenpy.tools.params:DMRG: reading 'max_N_sites_per_ring'=18
INFO:tenpy.tools.params:DMRG: reading 'combine'=False
INFO:tenpy.tools.params:DMRG: subconfig 'lanczos_params'=Config(<9 options>, 'lanczos_params')
INFO:tenpy.tools.params:DMRG: reading 'chi_list'=None
INFO:tenpy.tools.params:DMRG: reading 'start_env'=1
INFO:tenpy.algorithms.mps_common:start environment_sweep
INFO:tenpy.tools.params:DMRG: reading 'N_sweeps_check'=10
INFO:tenpy.tools.params:DMRG: subconfig 'mixer_params'=Config(<3 options>, 'mixer_params')
INFO:tenpy.tools.params:DMRG: reading 'mixer'=None
INFO:tenpy.tools.params:DMRG: reading 'max_sweeps'=100
INFO:tenpy.tools.params:DMRG: reading 'max_hours'=8760
INFO:tenpy.tools.params:DMRG: reading 'P_tol_to_trunc'=0.05
INFO:tenpy.tools.params:DMRG: reading 'P_tol_min'=5.0000000000000004e-30
INFO:tenpy.tools.params:DMRG: reading 'P_tol_max'=0.0001
INFO:tenpy.tools.params:DMRG: reading 'E_tol_to_trunc'=None
INFO:tenpy.algorithms.dmrg:Running sweep with optimization
INFO:tenpy.tools.params:DMRG: reading 'max_N_for_ED'=400
INFO:tenpy.tools.params:DMRG: reading 'update_env'=5
INFO:tenpy.algorithms.mps_common:start environment_sweep
INFO:tenpy.algorithms.dmrg:checkpoint after sweep 10
energy=0.5224409265484956, max S=1.7717279471788339, age=198, norm_err=1.6e-02
Current memory usage 265.6MB, wall time: 41.3s
Delta E = nan, Delta S = -1.0471e-01 (per sweep)
max trunc_err = 6.6767e-08, max E_trunc = 8.8107e-13
chi: [256, 256, 256, 256, 256, 256]
================================================================================
INFO:tenpy.algorithms.dmrg:Running sweep with optimization
INFO:tenpy.algorithms.mps_common:start environment_sweep
INFO:tenpy.algorithms.dmrg:checkpoint after sweep 20
energy=0.4965593831895999, max S=2.6822351856827931, age=378, norm_err=1.4e-02
Current memory usage 265.6MB, wall time: 39.0s
Delta E = -2.5882e-03, Delta S = 1.0932e-01 (per sweep)
max trunc_err = 9.8231e-08, max E_trunc = 1.8758e-12
chi: [256, 256, 256, 256, 256, 256]
================================================================================
INFO:tenpy.tools.params:DMRG: reading 'max_E_err'=1e-08
INFO:tenpy.tools.params:DMRG: reading 'max_S_err'=1e-05
INFO:tenpy.algorithms.dmrg:Running sweep with optimization
INFO:tenpy.algorithms.mps_common:start environment_sweep
INFO:tenpy.algorithms.dmrg:checkpoint after sweep 30
energy=0.2729081132221580, max S=2.5050595608058592, age=558, norm_err=3.7e-02
Current memory usage 265.6MB, wall time: 46.0s
Delta E = -2.2365e-02, Delta S = -3.9813e-02 (per sweep)
max trunc_err = 1.1357e-08, max E_trunc = -1.4502e-09
chi: [256, 256, 256, 256, 256, 256]
================================================================================
INFO:tenpy.algorithms.dmrg:Running sweep with optimization
INFO:tenpy.algorithms.mps_common:start environment_sweep
INFO:tenpy.algorithms.dmrg:checkpoint after sweep 40
energy=0.5757315501513034, max S=3.2150715720029535, age=738, norm_err=5.0e-02
Current memory usage 265.6MB, wall time: 47.5s
Delta E = 3.0282e-02, Delta S = 7.9061e-02 (per sweep)
max trunc_err = 1.6806e-08, max E_trunc = -1.9634e-10
chi: [256, 256, 256, 256, 256, 256]
================================================================================
INFO:tenpy.algorithms.dmrg:Running sweep with optimization
INFO:tenpy.algorithms.mps_common:start environment_sweep
INFO:tenpy.algorithms.dmrg:checkpoint after sweep 50
energy=0.3288651335294948, max S=1.9721327516450655, age=918, norm_err=3.6e-02
Current memory usage 265.6MB, wall time: 39.5s
Delta E = -2.4687e-02, Delta S = -1.0993e-01 (per sweep)
max trunc_err = 2.4477e-07, max E_trunc = 1.3074e-12
chi: [256, 256, 256, 256, 256, 256]
================================================================================
INFO:tenpy.algorithms.dmrg:Running sweep with optimization
INFO:tenpy.algorithms.mps_common:start environment_sweep
INFO:tenpy.algorithms.dmrg:checkpoint after sweep 60
energy=0.7807982033727162, max S=0.9269195757472815, age=1098, norm_err=6.1e-02
Current memory usage 265.6MB, wall time: 38.0s
Delta E = 4.5193e-02, Delta S = -1.2640e-01 (per sweep)
max trunc_err = 2.4594e-07, max E_trunc = 1.1141e-11
chi: [256, 256, 256, 256, 256, 256]
================================================================================
INFO:tenpy.algorithms.dmrg:Running sweep with optimization
INFO:tenpy.algorithms.mps_common:start environment_sweep
INFO:tenpy.algorithms.dmrg:checkpoint after sweep 70
energy=0.5264334353354533, max S=1.4633137629394697, age=1278, norm_err=6.1e-02
Current memory usage 265.6MB, wall time: 40.7s
Delta E = -2.5436e-02, Delta S = 5.4549e-02 (per sweep)
max trunc_err = 1.4246e-08, max E_trunc = -1.6939e-11
chi: [256, 256, 256, 256, 256, 256]
================================================================================
INFO:tenpy.algorithms.dmrg:Running sweep with optimization
INFO:tenpy.algorithms.mps_common:start environment_sweep
INFO:tenpy.algorithms.dmrg:checkpoint after sweep 80
energy=0.5324304683301383, max S=1.9410290196708342, age=1458, norm_err=1.6e-02
Current memory usage 265.6MB, wall time: 40.1s
Delta E = 5.9970e-04, Delta S = 5.8933e-02 (per sweep)
max trunc_err = 3.2081e-08, max E_trunc = 1.8190e-12
chi: [256, 256, 256, 256, 256, 256]
================================================================================
INFO:tenpy.algorithms.dmrg:Running sweep with optimization
INFO:tenpy.algorithms.mps_common:start environment_sweep
INFO:tenpy.algorithms.dmrg:checkpoint after sweep 90
energy=0.6565176135981687, max S=1.7885896437159916, age=1638, norm_err=4.1e-02
Current memory usage 265.6MB, wall time: 41.3s
Delta E = 1.2409e-02, Delta S = -1.5234e-02 (per sweep)
max trunc_err = 1.3866e-07, max E_trunc = 5.5707e-12
chi: [256, 256, 256, 256, 256, 256]
================================================================================
INFO:tenpy.algorithms.dmrg:Running sweep with optimization
INFO:tenpy.algorithms.mps_common:start environment_sweep
INFO:tenpy.algorithms.dmrg:checkpoint after sweep 100
energy=0.2305787269220900, max S=1.2690454114251359, age=1818, norm_err=5.6e-02
Current memory usage 265.6MB, wall time: 46.6s
Delta E = -4.2594e-02, Delta S = -5.3350e-02 (per sweep)
max trunc_err = 1.3218e-08, max E_trunc = -2.9530e-09
chi: [256, 256, 256, 256, 256, 256]
================================================================================
INFO:tenpy.algorithms.dmrg:Running sweep with optimization
INFO:tenpy.algorithms.mps_common:start environment_sweep
INFO:tenpy.algorithms.dmrg:checkpoint after sweep 110
energy=0.4326394432472303, max S=1.7409868504682693, age=1998, norm_err=7.8e-02
Current memory usage 265.6MB, wall time: 40.0s
Delta E = 2.0206e-02, Delta S = 5.1132e-02 (per sweep)
max trunc_err = 8.6923e-08, max E_trunc = -5.5820e-11
chi: [256, 256, 256, 256, 256, 256]
================================================================================
INFO:tenpy.algorithms.mps_common:TwoSiteDMRGEngine: Maximum number of sweeps reached
INFO:tenpy.tools.params:DMRG: reading 'norm_tol'=1e-05
INFO:tenpy.tools.params:DMRG: reading 'norm_tol_final'=1e-10
INFO:tenpy.tools.params:DMRG: reading 'norm_tol_iter'=5
WARNING:tenpy.algorithms.dmrg:final DMRG state not in canonical form up to norm_tol=1.00e-05: norm_err=7.82e-02
INFO:tenpy.algorithms.mps_common:start environment_sweep
INFO:tenpy.algorithms.mps_common:start environment_sweep
INFO:tenpy.algorithms.mps_common:start environment_sweep
INFO:tenpy.algorithms.mps_common:start environment_sweep
INFO:tenpy.algorithms.mps_common:start environment_sweep
WARNING:tenpy.algorithms.dmrg:norm_err=4.85e-05 still too high after environment_sweeps
WARNING:tenpy.algorithms.dmrg:final DMRG state not in canonical form up to norm_tol_final=1.00e-10: norm_err=4.85e-05, calling psi.canonical_form()
INFO:tenpy.algorithms.dmrg:TwoSiteDMRGEngine finished after 110 sweeps, max chi=256
INFO:tenpy.tools.params:DMRG: reading 'max_trunc_err'=0.0001
INFO:tenpy.tools.params:MixedHofstadterLandauGauge_Pi_2: reading 'explicit_plus_hc'=False
INFO:tenpy.tools.params:MixedHofstadterLandauGauge_Pi_2: reading 'Lx'=2
INFO:tenpy.tools.params:MixedHofstadterLandauGauge_Pi_2: setting 'N_rings'=2
INFO:tenpy.tools.params:MixedHofstadterLandauGauge_Pi_2: reading 'xy_lattice'='Square'
INFO:tenpy.tools.params:MixedHofstadterLandauGauge_Pi_2: reading 'Ly'=3
INFO:tenpy.tools.params:MixedHofstadterLandauGauge_Pi_2: reading 'ring_order'=None
INFO:tenpy.tools.params:MixedHofstadterLandauGauge_Pi_2: reading 'conserve_k'=True
INFO:tenpy.tools.params:MixedHofstadterLandauGauge_Pi_2: reading 'bc_MPS'='infinite'
INFO:tenpy.tools.params:MixedHofstadterLandauGauge_Pi_2: reading 't'=-1
INFO:tenpy.tools.params:MixedHofstadterLandauGauge_Pi_2: reading 't2'=-0.25
INFO:tenpy.tools.params:MixedHofstadterLandauGauge_Pi_2: reading 'V1'=0.6
INFO:tenpy.tools.params:MixedHofstadterLandauGauge_Pi_2: reading 'phi_ext'=np.float64(2.35)
INFO:tenpy.tools.params:MixedHofstadterLandauGauge_Pi_2: reading 'sort_mpo_legs'=False
/home/t30/kna/ge54yin/Documents/MasterThesisFQHinTMDs/MPS_stuff/MPScalculations/.venv/lib/python3.12/site-packages/tenpy/tools/params.py:232: UserWarning: unused options for config MixedHofstadterLandauGauge_Pi_2:
['Delta', 'N_rings', 'Nsec', 'bc', 'chi_max', 'ktot', 'saveAll']
  warnings.warn(msg.format(keys=sorted(unused), name=self.name))
INFO:tenpy.tools.params:DMRG: reading 'active_sites'=2
INFO:tenpy.tools.params:DMRG: reading 'diag_method'='default'
INFO:tenpy.tools.params:DMRG: subconfig 'trunc_params'=Config(<5 options>, 'trunc_params')
INFO:tenpy.tools.params:DMRG: reading 'max_N_sites_per_ring'=18
INFO:tenpy.tools.params:DMRG: reading 'combine'=False
INFO:tenpy.tools.params:DMRG: subconfig 'lanczos_params'=Config(<9 options>, 'lanczos_params')
INFO:tenpy.tools.params:DMRG: reading 'chi_list'=None
INFO:tenpy.tools.params:DMRG: reading 'start_env'=1
INFO:tenpy.algorithms.mps_common:start environment_sweep
INFO:tenpy.tools.params:DMRG: reading 'N_sweeps_check'=10
INFO:tenpy.tools.params:DMRG: subconfig 'mixer_params'=Config(<3 options>, 'mixer_params')
INFO:tenpy.tools.params:DMRG: reading 'mixer'=None
INFO:tenpy.tools.params:DMRG: reading 'max_sweeps'=100
INFO:tenpy.tools.params:DMRG: reading 'max_hours'=8760
INFO:tenpy.tools.params:DMRG: reading 'P_tol_to_trunc'=0.05
INFO:tenpy.tools.params:DMRG: reading 'P_tol_min'=5.0000000000000004e-30
INFO:tenpy.tools.params:DMRG: reading 'P_tol_max'=0.0001
INFO:tenpy.tools.params:DMRG: reading 'E_tol_to_trunc'=None
INFO:tenpy.algorithms.dmrg:Running sweep with optimization
INFO:tenpy.tools.params:DMRG: reading 'max_N_for_ED'=400
INFO:tenpy.tools.params:DMRG: reading 'update_env'=5
INFO:tenpy.algorithms.mps_common:start environment_sweep
INFO:tenpy.algorithms.dmrg:checkpoint after sweep 10
energy=0.3713389840279067, max S=2.4008113738074019, age=198, norm_err=6.2e-03
Current memory usage 265.6MB, wall time: 38.0s
Delta E = nan, Delta S = 6.7628e-02 (per sweep)
max trunc_err = 1.6450e-07, max E_trunc = 1.8190e-12
chi: [256, 256, 256, 256, 256, 256]
================================================================================
INFO:tenpy.algorithms.dmrg:Running sweep with optimization
INFO:tenpy.algorithms.mps_common:start environment_sweep
INFO:tenpy.algorithms.dmrg:checkpoint after sweep 20
energy=0.4871616966049667, max S=2.6289225520732122, age=378, norm_err=5.8e-02
Current memory usage 265.6MB, wall time: 39.2s
Delta E = 1.1582e-02, Delta S = 2.6859e-02 (per sweep)
max trunc_err = 7.9171e-08, max E_trunc = -1.2326e-10
chi: [256, 256, 256, 256, 256, 256]
================================================================================
INFO:tenpy.tools.params:DMRG: reading 'max_E_err'=1e-08
INFO:tenpy.tools.params:DMRG: reading 'max_S_err'=1e-05
INFO:tenpy.algorithms.dmrg:Running sweep with optimization
INFO:tenpy.algorithms.mps_common:start environment_sweep
INFO:tenpy.algorithms.dmrg:checkpoint after sweep 30
energy=0.3985886958395331, max S=0.9237483312863279, age=558, norm_err=8.1e-02
Current memory usage 265.6MB, wall time: 45.1s
Delta E = -8.8573e-03, Delta S = -1.7699e-01 (per sweep)
max trunc_err = 1.6365e-08, max E_trunc = -1.2865e-09
chi: [256, 256, 256, 256, 256, 256]
================================================================================
INFO:tenpy.algorithms.dmrg:Running sweep with optimization
INFO:tenpy.algorithms.mps_common:start environment_sweep
INFO:tenpy.algorithms.dmrg:checkpoint after sweep 40
energy=0.2666100190853816, max S=1.4896548312801399, age=738, norm_err=1.8e-02
Current memory usage 265.6MB, wall time: 40.3s
Delta E = -1.3198e-02, Delta S = 5.7146e-02 (per sweep)
max trunc_err = 2.6825e-08, max E_trunc = -3.8654e-12
chi: [256, 256, 256, 256, 256, 256]
================================================================================
INFO:tenpy.algorithms.dmrg:Running sweep with optimization
INFO:tenpy.algorithms.mps_common:start environment_sweep
INFO:tenpy.algorithms.dmrg:checkpoint after sweep 50
energy=0.5825476911159578, max S=2.5481124422543120, age=918, norm_err=1.5e-02
Current memory usage 265.6MB, wall time: 39.1s
Delta E = 3.1594e-02, Delta S = 1.0908e-01 (per sweep)
max trunc_err = 7.0382e-08, max E_trunc = 1.4779e-12
chi: [256, 256, 256, 256, 256, 256]
================================================================================
INFO:tenpy.algorithms.dmrg:Running sweep with optimization
INFO:tenpy.algorithms.mps_common:start environment_sweep
INFO:tenpy.algorithms.dmrg:checkpoint after sweep 60
energy=0.4616082743461287, max S=2.0386864140437009, age=1098, norm_err=7.0e-02
Current memory usage 265.6MB, wall time: 38.3s
Delta E = -1.2094e-02, Delta S = -4.8846e-02 (per sweep)
max trunc_err = 8.6932e-08, max E_trunc = 1.8758e-12
chi: [256, 256, 256, 256, 256, 256]
================================================================================
INFO:tenpy.algorithms.dmrg:Running sweep with optimization
INFO:tenpy.algorithms.mps_common:start environment_sweep
INFO:tenpy.algorithms.dmrg:checkpoint after sweep 70
energy=0.3443718541529677, max S=2.3679898298841171, age=1278, norm_err=4.2e-02
Current memory usage 265.6MB, wall time: 38.7s
Delta E = -1.1724e-02, Delta S = 3.7262e-02 (per sweep)
max trunc_err = 6.2129e-08, max E_trunc = 3.1832e-12
chi: [256, 256, 256, 256, 256, 256]
================================================================================
INFO:tenpy.algorithms.dmrg:Running sweep with optimization
INFO:tenpy.algorithms.mps_common:start environment_sweep
INFO:tenpy.algorithms.dmrg:checkpoint after sweep 80
energy=0.6231256196238869, max S=1.3645816886550830, age=1458, norm_err=8.1e-03
Current memory usage 265.6MB, wall time: 38.7s
Delta E = 2.7875e-02, Delta S = -9.1748e-02 (per sweep)
max trunc_err = 1.4948e-07, max E_trunc = 1.3642e-12
chi: [256, 256, 256, 256, 256, 256]
================================================================================
INFO:tenpy.algorithms.dmrg:Running sweep with optimization
INFO:tenpy.algorithms.mps_common:start environment_sweep
INFO:tenpy.algorithms.dmrg:checkpoint after sweep 90
energy=0.4526900256972605, max S=3.2712050422454171, age=1638, norm_err=5.2e-03
Current memory usage 265.6MB, wall time: 40.5s
Delta E = -1.7044e-02, Delta S = 1.7682e-01 (per sweep)
max trunc_err = 9.0517e-08, max E_trunc = 2.1600e-12
chi: [256, 256, 256, 256, 256, 256]
================================================================================
INFO:tenpy.algorithms.dmrg:Running sweep with optimization
INFO:tenpy.algorithms.mps_common:start environment_sweep
INFO:tenpy.algorithms.dmrg:checkpoint after sweep 100
energy=0.4443946910282269, max S=2.1207583924743090, age=1818, norm_err=8.5e-02
Current memory usage 265.6MB, wall time: 46.5s
Delta E = -8.2953e-04, Delta S = -1.0959e-01 (per sweep)
max trunc_err = 8.9175e-09, max E_trunc = -1.4552e-10
chi: [256, 256, 256, 256, 256, 256]
================================================================================
INFO:tenpy.algorithms.dmrg:Running sweep with optimization
INFO:tenpy.algorithms.mps_common:start environment_sweep
INFO:tenpy.algorithms.dmrg:checkpoint after sweep 110
energy=0.3755301546184929, max S=1.9744595655871751, age=1998, norm_err=1.6e-02
Current memory usage 265.6MB, wall time: 40.6s
Delta E = -6.8865e-03, Delta S = -2.3136e-02 (per sweep)
max trunc_err = 7.2848e-08, max E_trunc = 1.3642e-12
chi: [256, 256, 256, 256, 256, 256]
================================================================================
INFO:tenpy.algorithms.mps_common:TwoSiteDMRGEngine: Maximum number of sweeps reached
INFO:tenpy.tools.params:DMRG: reading 'norm_tol'=1e-05
INFO:tenpy.tools.params:DMRG: reading 'norm_tol_final'=1e-10
INFO:tenpy.tools.params:DMRG: reading 'norm_tol_iter'=5
WARNING:tenpy.algorithms.dmrg:final DMRG state not in canonical form up to norm_tol=1.00e-05: norm_err=1.63e-02
INFO:tenpy.algorithms.mps_common:start environment_sweep
INFO:tenpy.algorithms.mps_common:start environment_sweep
WARNING:tenpy.algorithms.dmrg:final DMRG state not in canonical form up to norm_tol_final=1.00e-10: norm_err=3.55e-07, calling psi.canonical_form()
INFO:tenpy.algorithms.dmrg:TwoSiteDMRGEngine finished after 110 sweeps, max chi=256
INFO:tenpy.tools.params:DMRG: reading 'max_trunc_err'=0.0001
INFO:tenpy.tools.params:MixedHofstadterLandauGauge_Pi_2: reading 'explicit_plus_hc'=False
INFO:tenpy.tools.params:MixedHofstadterLandauGauge_Pi_2: reading 'Lx'=2
INFO:tenpy.tools.params:MixedHofstadterLandauGauge_Pi_2: setting 'N_rings'=2
INFO:tenpy.tools.params:MixedHofstadterLandauGauge_Pi_2: reading 'xy_lattice'='Square'
INFO:tenpy.tools.params:MixedHofstadterLandauGauge_Pi_2: reading 'Ly'=3
INFO:tenpy.tools.params:MixedHofstadterLandauGauge_Pi_2: reading 'ring_order'=None
INFO:tenpy.tools.params:MixedHofstadterLandauGauge_Pi_2: reading 'conserve_k'=True
INFO:tenpy.tools.params:MixedHofstadterLandauGauge_Pi_2: reading 'bc_MPS'='infinite'
INFO:tenpy.tools.params:MixedHofstadterLandauGauge_Pi_2: reading 't'=-1
INFO:tenpy.tools.params:MixedHofstadterLandauGauge_Pi_2: reading 't2'=-0.25
INFO:tenpy.tools.params:MixedHofstadterLandauGauge_Pi_2: reading 'V1'=0.6
INFO:tenpy.tools.params:MixedHofstadterLandauGauge_Pi_2: reading 'phi_ext'=np.float64(2.4000000000000004)
INFO:tenpy.tools.params:MixedHofstadterLandauGauge_Pi_2: reading 'sort_mpo_legs'=False
/home/t30/kna/ge54yin/Documents/MasterThesisFQHinTMDs/MPS_stuff/MPScalculations/.venv/lib/python3.12/site-packages/tenpy/tools/params.py:232: UserWarning: unused options for config MixedHofstadterLandauGauge_Pi_2:
['Delta', 'N_rings', 'Nsec', 'bc', 'chi_max', 'ktot', 'saveAll']
  warnings.warn(msg.format(keys=sorted(unused), name=self.name))
INFO:tenpy.tools.params:DMRG: reading 'active_sites'=2
INFO:tenpy.tools.params:DMRG: reading 'diag_method'='default'
INFO:tenpy.tools.params:DMRG: subconfig 'trunc_params'=Config(<5 options>, 'trunc_params')
INFO:tenpy.tools.params:DMRG: reading 'max_N_sites_per_ring'=18
INFO:tenpy.tools.params:DMRG: reading 'combine'=False
INFO:tenpy.tools.params:DMRG: subconfig 'lanczos_params'=Config(<9 options>, 'lanczos_params')
INFO:tenpy.tools.params:DMRG: reading 'chi_list'=None
INFO:tenpy.tools.params:DMRG: reading 'start_env'=1
INFO:tenpy.algorithms.mps_common:start environment_sweep
INFO:tenpy.tools.params:DMRG: reading 'N_sweeps_check'=10
INFO:tenpy.tools.params:DMRG: subconfig 'mixer_params'=Config(<3 options>, 'mixer_params')
INFO:tenpy.tools.params:DMRG: reading 'mixer'=None
INFO:tenpy.tools.params:DMRG: reading 'max_sweeps'=100
INFO:tenpy.tools.params:DMRG: reading 'max_hours'=8760
INFO:tenpy.tools.params:DMRG: reading 'P_tol_to_trunc'=0.05
INFO:tenpy.tools.params:DMRG: reading 'P_tol_min'=5.0000000000000004e-30
INFO:tenpy.tools.params:DMRG: reading 'P_tol_max'=0.0001
INFO:tenpy.tools.params:DMRG: reading 'E_tol_to_trunc'=None
INFO:tenpy.algorithms.dmrg:Running sweep with optimization
INFO:tenpy.tools.params:DMRG: reading 'max_N_for_ED'=400
INFO:tenpy.tools.params:DMRG: reading 'update_env'=5
INFO:tenpy.algorithms.mps_common:start environment_sweep
INFO:tenpy.algorithms.dmrg:checkpoint after sweep 10
energy=0.3095916162718891, max S=2.7286755855237708, age=198, norm_err=4.7e-03
Current memory usage 265.6MB, wall time: 41.3s
Delta E = nan, Delta S = 8.8013e-02 (per sweep)
max trunc_err = 7.2005e-08, max E_trunc = 2.3874e-12
chi: [256, 256, 256, 256, 256, 256]
================================================================================
INFO:tenpy.algorithms.dmrg:Running sweep with optimization
INFO:tenpy.algorithms.mps_common:start environment_sweep
INFO:tenpy.algorithms.dmrg:checkpoint after sweep 20
energy=0.3542992095736561, max S=2.2627368675864377, age=378, norm_err=5.5e-02
Current memory usage 265.6MB, wall time: 40.5s
Delta E = 4.4708e-03, Delta S = -5.4014e-02 (per sweep)
max trunc_err = 6.7624e-08, max E_trunc = 1.4495e-12
chi: [256, 256, 256, 256, 256, 256]
================================================================================
INFO:tenpy.tools.params:DMRG: reading 'max_E_err'=1e-08
INFO:tenpy.tools.params:DMRG: reading 'max_S_err'=1e-05
INFO:tenpy.algorithms.dmrg:Running sweep with optimization
INFO:tenpy.algorithms.mps_common:start environment_sweep
INFO:tenpy.algorithms.dmrg:checkpoint after sweep 30
energy=0.3659321395760292, max S=2.2938068339657431, age=558, norm_err=2.2e-02
Current memory usage 265.6MB, wall time: 39.9s
Delta E = 1.1633e-03, Delta S = -4.9905e-03 (per sweep)
max trunc_err = 4.3517e-08, max E_trunc = 1.3642e-12
chi: [256, 256, 256, 255, 256, 256]
================================================================================
INFO:tenpy.algorithms.dmrg:Running sweep with optimization
INFO:tenpy.algorithms.mps_common:start environment_sweep
INFO:tenpy.algorithms.dmrg:checkpoint after sweep 40
energy=0.3688049573271807, max S=2.3269169748694161, age=738, norm_err=7.4e-03
Current memory usage 265.6MB, wall time: 40.5s
Delta E = 2.8728e-04, Delta S = 1.4826e-02 (per sweep)
max trunc_err = 3.3011e-08, max E_trunc = 2.0464e-12
chi: [256, 256, 256, 256, 256, 256]
================================================================================
INFO:tenpy.algorithms.dmrg:Running sweep with optimization
INFO:tenpy.algorithms.mps_common:start environment_sweep
INFO:tenpy.algorithms.dmrg:checkpoint after sweep 50
energy=0.3584333594397198, max S=1.3686604969323923, age=918, norm_err=3.3e-02
Current memory usage 265.6MB, wall time: 46.7s
Delta E = -1.0372e-03, Delta S = -1.1228e-01 (per sweep)
max trunc_err = 6.4166e-09, max E_trunc = -1.7189e-10
chi: [256, 256, 256, 256, 256, 256]
================================================================================
INFO:tenpy.algorithms.dmrg:Running sweep with optimization
INFO:tenpy.algorithms.mps_common:start environment_sweep
INFO:tenpy.algorithms.dmrg:checkpoint after sweep 60
energy=0.5369623333137478, max S=2.1375274677900338, age=1098, norm_err=2.0e-02
Current memory usage 265.6MB, wall time: 39.6s
Delta E = 1.7853e-02, Delta S = 8.2370e-02 (per sweep)
max trunc_err = 2.5446e-07, max E_trunc = 1.3642e-12
chi: [256, 256, 256, 256, 256, 256]
================================================================================
INFO:tenpy.algorithms.dmrg:Running sweep with optimization
INFO:tenpy.algorithms.mps_common:start environment_sweep
INFO:tenpy.algorithms.dmrg:checkpoint after sweep 70
energy=0.3416667854196286, max S=0.9011503380848311, age=1278, norm_err=1.2e-01
Current memory usage 265.6MB, wall time: 47.2s
Delta E = -1.9530e-02, Delta S = -1.1447e-01 (per sweep)
max trunc_err = 9.8409e-10, max E_trunc = -1.7155e-10
chi: [256, 256, 256, 256, 256, 256]
================================================================================
INFO:tenpy.algorithms.dmrg:Running sweep with optimization
INFO:tenpy.algorithms.mps_common:start environment_sweep
INFO:tenpy.algorithms.dmrg:checkpoint after sweep 80
energy=-0.0458270446014903, max S=3.0693581103627272, age=1458, norm_err=1.1e-01
Current memory usage 265.6MB, wall time: 43.1s
Delta E = -3.8749e-02, Delta S = 2.1085e-01 (per sweep)
max trunc_err = 1.2319e-07, max E_trunc = -1.7849e-11
chi: [256, 256, 256, 256, 256, 256]
================================================================================
INFO:tenpy.algorithms.dmrg:Running sweep with optimization
INFO:tenpy.algorithms.mps_common:start environment_sweep
INFO:tenpy.algorithms.dmrg:checkpoint after sweep 90
energy=0.3564275898256615, max S=2.9873436560650259, age=1638, norm_err=2.6e-02
Current memory usage 265.6MB, wall time: 47.3s
Delta E = 4.0225e-02, Delta S = -3.9731e-03 (per sweep)
max trunc_err = 2.4332e-08, max E_trunc = -3.1423e-10
chi: [256, 256, 256, 256, 256, 256]
================================================================================
INFO:tenpy.algorithms.dmrg:Running sweep with optimization
INFO:tenpy.algorithms.mps_common:start environment_sweep
INFO:tenpy.algorithms.dmrg:checkpoint after sweep 100
energy=0.4449558149830466, max S=2.1061529751821730, age=1818, norm_err=3.7e-02
Current memory usage 265.6MB, wall time: 39.7s
Delta E = 8.8528e-03, Delta S = -9.8495e-02 (per sweep)
max trunc_err = 3.3808e-08, max E_trunc = 1.3642e-12
chi: [256, 256, 256, 256, 256, 256]
================================================================================
INFO:tenpy.algorithms.dmrg:Running sweep with optimization
INFO:tenpy.algorithms.mps_common:start environment_sweep
INFO:tenpy.algorithms.dmrg:checkpoint after sweep 110
energy=0.5327766406384171, max S=3.3062448709276686, age=1998, norm_err=3.4e-02
Current memory usage 265.6MB, wall time: 46.3s
Delta E = 8.7821e-03, Delta S = 1.2534e-01 (per sweep)
max trunc_err = 3.0467e-08, max E_trunc = -1.5757e-10
chi: [256, 256, 256, 256, 256, 256]
================================================================================
INFO:tenpy.algorithms.mps_common:TwoSiteDMRGEngine: Maximum number of sweeps reached
INFO:tenpy.tools.params:DMRG: reading 'norm_tol'=1e-05
INFO:tenpy.tools.params:DMRG: reading 'norm_tol_final'=1e-10
INFO:tenpy.tools.params:DMRG: reading 'norm_tol_iter'=5
WARNING:tenpy.algorithms.dmrg:final DMRG state not in canonical form up to norm_tol=1.00e-05: norm_err=3.43e-02
INFO:tenpy.algorithms.mps_common:start environment_sweep
INFO:tenpy.algorithms.mps_common:start environment_sweep
INFO:tenpy.algorithms.mps_common:start environment_sweep
WARNING:tenpy.algorithms.dmrg:final DMRG state not in canonical form up to norm_tol_final=1.00e-10: norm_err=2.41e-07, calling psi.canonical_form()
INFO:tenpy.algorithms.dmrg:TwoSiteDMRGEngine finished after 110 sweeps, max chi=256
INFO:tenpy.tools.params:DMRG: reading 'max_trunc_err'=0.0001
INFO:tenpy.tools.params:MixedHofstadterLandauGauge_Pi_2: reading 'explicit_plus_hc'=False
INFO:tenpy.tools.params:MixedHofstadterLandauGauge_Pi_2: reading 'Lx'=2
INFO:tenpy.tools.params:MixedHofstadterLandauGauge_Pi_2: setting 'N_rings'=2
INFO:tenpy.tools.params:MixedHofstadterLandauGauge_Pi_2: reading 'xy_lattice'='Square'
INFO:tenpy.tools.params:MixedHofstadterLandauGauge_Pi_2: reading 'Ly'=3
INFO:tenpy.tools.params:MixedHofstadterLandauGauge_Pi_2: reading 'ring_order'=None
INFO:tenpy.tools.params:MixedHofstadterLandauGauge_Pi_2: reading 'conserve_k'=True
INFO:tenpy.tools.params:MixedHofstadterLandauGauge_Pi_2: reading 'bc_MPS'='infinite'
INFO:tenpy.tools.params:MixedHofstadterLandauGauge_Pi_2: reading 't'=-1
INFO:tenpy.tools.params:MixedHofstadterLandauGauge_Pi_2: reading 't2'=-0.25
INFO:tenpy.tools.params:MixedHofstadterLandauGauge_Pi_2: reading 'V1'=0.6
INFO:tenpy.tools.params:MixedHofstadterLandauGauge_Pi_2: reading 'phi_ext'=np.float64(2.45)
INFO:tenpy.tools.params:MixedHofstadterLandauGauge_Pi_2: reading 'sort_mpo_legs'=False
/home/t30/kna/ge54yin/Documents/MasterThesisFQHinTMDs/MPS_stuff/MPScalculations/.venv/lib/python3.12/site-packages/tenpy/tools/params.py:232: UserWarning: unused options for config MixedHofstadterLandauGauge_Pi_2:
['Delta', 'N_rings', 'Nsec', 'bc', 'chi_max', 'ktot', 'saveAll']
  warnings.warn(msg.format(keys=sorted(unused), name=self.name))
INFO:tenpy.tools.params:DMRG: reading 'active_sites'=2
INFO:tenpy.tools.params:DMRG: reading 'diag_method'='default'
INFO:tenpy.tools.params:DMRG: subconfig 'trunc_params'=Config(<5 options>, 'trunc_params')
INFO:tenpy.tools.params:DMRG: reading 'max_N_sites_per_ring'=18
INFO:tenpy.tools.params:DMRG: reading 'combine'=False
INFO:tenpy.tools.params:DMRG: subconfig 'lanczos_params'=Config(<9 options>, 'lanczos_params')
INFO:tenpy.tools.params:DMRG: reading 'chi_list'=None
INFO:tenpy.tools.params:DMRG: reading 'start_env'=1
INFO:tenpy.algorithms.mps_common:start environment_sweep
INFO:tenpy.tools.params:DMRG: reading 'N_sweeps_check'=10
INFO:tenpy.tools.params:DMRG: subconfig 'mixer_params'=Config(<3 options>, 'mixer_params')
INFO:tenpy.tools.params:DMRG: reading 'mixer'=None
INFO:tenpy.tools.params:DMRG: reading 'max_sweeps'=100
INFO:tenpy.tools.params:DMRG: reading 'max_hours'=8760
INFO:tenpy.tools.params:DMRG: reading 'P_tol_to_trunc'=0.05
INFO:tenpy.tools.params:DMRG: reading 'P_tol_min'=5.0000000000000004e-30
INFO:tenpy.tools.params:DMRG: reading 'P_tol_max'=0.0001
INFO:tenpy.tools.params:DMRG: reading 'E_tol_to_trunc'=None
INFO:tenpy.algorithms.dmrg:Running sweep with optimization
INFO:tenpy.tools.params:DMRG: reading 'max_N_for_ED'=400
INFO:tenpy.tools.params:DMRG: reading 'update_env'=5
INFO:tenpy.algorithms.mps_common:start environment_sweep
INFO:tenpy.algorithms.dmrg:checkpoint after sweep 10
energy=0.0374865521960016, max S=2.3368998500067812, age=198, norm_err=1.3e-04
Current memory usage 265.6MB, wall time: 46.4s
Delta E = nan, Delta S = -9.7708e-02 (per sweep)
max trunc_err = 8.2216e-09, max E_trunc = -1.1646e-10
chi: [256, 256, 256, 256, 256, 256]
================================================================================
INFO:tenpy.algorithms.dmrg:Running sweep with optimization
INFO:tenpy.algorithms.mps_common:start environment_sweep
INFO:tenpy.algorithms.dmrg:checkpoint after sweep 20
energy=0.4517124415488165, max S=2.9353976346863271, age=378, norm_err=3.7e-02
Current memory usage 265.6MB, wall time: 47.6s
Delta E = 4.1423e-02, Delta S = 6.3391e-02 (per sweep)
max trunc_err = 5.7350e-08, max E_trunc = -1.0302e-09
chi: [256, 256, 256, 256, 256, 256]
================================================================================
INFO:tenpy.tools.params:DMRG: reading 'max_E_err'=1e-08
INFO:tenpy.tools.params:DMRG: reading 'max_S_err'=1e-05
INFO:tenpy.algorithms.dmrg:Running sweep with optimization
INFO:tenpy.algorithms.mps_common:start environment_sweep
INFO:tenpy.algorithms.dmrg:checkpoint after sweep 30
energy=0.4098337418621298, max S=3.1697775395498082, age=558, norm_err=1.0e-02
Current memory usage 265.6MB, wall time: 40.1s
Delta E = -4.1879e-03, Delta S = 3.3091e-02 (per sweep)
max trunc_err = 1.0630e-07, max E_trunc = -4.2957e-10
chi: [256, 256, 256, 256, 256, 256]
================================================================================
INFO:tenpy.algorithms.dmrg:Running sweep with optimization
INFO:tenpy.algorithms.mps_common:start environment_sweep
INFO:tenpy.algorithms.dmrg:checkpoint after sweep 40
energy=0.3287819248121006, max S=2.2714391080921557, age=738, norm_err=1.7e-02
Current memory usage 265.6MB, wall time: 39.0s
Delta E = -8.1052e-03, Delta S = -1.0785e-01 (per sweep)
max trunc_err = 1.3580e-07, max E_trunc = 2.8422e-12
chi: [256, 256, 256, 256, 256, 256]
================================================================================
INFO:tenpy.algorithms.dmrg:Running sweep with optimization
INFO:tenpy.algorithms.mps_common:start environment_sweep
INFO:tenpy.algorithms.dmrg:checkpoint after sweep 50
energy=0.0780616942589631, max S=0.8712740903085304, age=918, norm_err=1.7e-01
Current memory usage 265.6MB, wall time: 38.2s
Delta E = -2.5072e-02, Delta S = -1.2464e-01 (per sweep)
max trunc_err = 3.9664e-08, max E_trunc = 8.7539e-12
chi: [256, 256, 256, 256, 256, 256]
================================================================================
INFO:tenpy.algorithms.dmrg:Running sweep with optimization
INFO:tenpy.algorithms.mps_common:start environment_sweep
INFO:tenpy.algorithms.dmrg:checkpoint after sweep 60
energy=0.2308765989414023, max S=3.2491942830343010, age=1098, norm_err=3.3e-02
Current memory usage 265.6MB, wall time: 47.9s
Delta E = 1.5281e-02, Delta S = 2.3259e-01 (per sweep)
max trunc_err = 8.4091e-09, max E_trunc = -7.5374e-11
chi: [256, 256, 256, 256, 256, 256]
================================================================================
INFO:tenpy.algorithms.dmrg:Running sweep with optimization
INFO:tenpy.algorithms.mps_common:start environment_sweep
INFO:tenpy.algorithms.dmrg:checkpoint after sweep 70
energy=0.3985071961882530, max S=1.1371224409497112, age=1278, norm_err=1.6e-02
Current memory usage 265.6MB, wall time: 40.7s
Delta E = 1.6763e-02, Delta S = -2.1278e-01 (per sweep)
max trunc_err = 4.7916e-07, max E_trunc = 1.4779e-12
chi: [256, 256, 256, 256, 256, 256]
================================================================================
INFO:tenpy.algorithms.dmrg:Running sweep with optimization
INFO:tenpy.algorithms.mps_common:start environment_sweep
INFO:tenpy.algorithms.dmrg:checkpoint after sweep 80
energy=0.6721481889093089, max S=2.4164440119979664, age=1458, norm_err=4.0e-03
Current memory usage 265.6MB, wall time: 38.8s
Delta E = 2.7364e-02, Delta S = 1.3803e-01 (per sweep)
max trunc_err = 1.9783e-07, max E_trunc = 5.9117e-12
chi: [256, 256, 256, 256, 256, 256]
================================================================================
INFO:tenpy.algorithms.dmrg:Running sweep with optimization
INFO:tenpy.algorithms.mps_common:start environment_sweep
INFO:tenpy.algorithms.dmrg:checkpoint after sweep 90
energy=0.4176175610999735, max S=3.4133825951877519, age=1638, norm_err=1.7e-02
Current memory usage 265.6MB, wall time: 47.9s
Delta E = -2.5453e-02, Delta S = 9.3417e-02 (per sweep)
max trunc_err = 3.5282e-09, max E_trunc = -3.0491e-10
chi: [256, 256, 256, 256, 256, 256]
================================================================================
INFO:tenpy.algorithms.dmrg:Running sweep with optimization
INFO:tenpy.algorithms.mps_common:start environment_sweep
INFO:tenpy.algorithms.dmrg:checkpoint after sweep 100
energy=0.0456728897366266, max S=2.3156777697754967, age=1818, norm_err=4.6e-04
Current memory usage 265.6MB, wall time: 45.9s
Delta E = -3.7194e-02, Delta S = -1.1727e-01 (per sweep)
max trunc_err = 3.3261e-08, max E_trunc = -4.7271e-10
chi: [256, 256, 256, 256, 256, 256]
================================================================================
INFO:tenpy.algorithms.dmrg:Running sweep with optimization
INFO:tenpy.algorithms.mps_common:start environment_sweep
INFO:tenpy.algorithms.dmrg:checkpoint after sweep 110
energy=0.5212682199727302, max S=1.9452237150945415, age=1998, norm_err=3.6e-02
Current memory usage 265.6MB, wall time: 38.9s
Delta E = 4.7560e-02, Delta S = -3.1244e-02 (per sweep)
max trunc_err = 8.9949e-08, max E_trunc = 2.7285e-12
chi: [256, 256, 256, 256, 256, 256]
================================================================================
INFO:tenpy.algorithms.mps_common:TwoSiteDMRGEngine: Maximum number of sweeps reached
INFO:tenpy.tools.params:DMRG: reading 'norm_tol'=1e-05
INFO:tenpy.tools.params:DMRG: reading 'norm_tol_final'=1e-10
INFO:tenpy.tools.params:DMRG: reading 'norm_tol_iter'=5
WARNING:tenpy.algorithms.dmrg:final DMRG state not in canonical form up to norm_tol=1.00e-05: norm_err=3.56e-02
INFO:tenpy.algorithms.mps_common:start environment_sweep
INFO:tenpy.algorithms.mps_common:start environment_sweep
WARNING:tenpy.algorithms.dmrg:final DMRG state not in canonical form up to norm_tol_final=1.00e-10: norm_err=1.14e-06, calling psi.canonical_form()
INFO:tenpy.algorithms.dmrg:TwoSiteDMRGEngine finished after 110 sweeps, max chi=256
INFO:tenpy.tools.params:DMRG: reading 'max_trunc_err'=0.0001
INFO:tenpy.tools.params:MixedHofstadterLandauGauge_Pi_2: reading 'explicit_plus_hc'=False
INFO:tenpy.tools.params:MixedHofstadterLandauGauge_Pi_2: reading 'Lx'=2
INFO:tenpy.tools.params:MixedHofstadterLandauGauge_Pi_2: setting 'N_rings'=2
INFO:tenpy.tools.params:MixedHofstadterLandauGauge_Pi_2: reading 'xy_lattice'='Square'
INFO:tenpy.tools.params:MixedHofstadterLandauGauge_Pi_2: reading 'Ly'=3
INFO:tenpy.tools.params:MixedHofstadterLandauGauge_Pi_2: reading 'ring_order'=None
INFO:tenpy.tools.params:MixedHofstadterLandauGauge_Pi_2: reading 'conserve_k'=True
INFO:tenpy.tools.params:MixedHofstadterLandauGauge_Pi_2: reading 'bc_MPS'='infinite'
INFO:tenpy.tools.params:MixedHofstadterLandauGauge_Pi_2: reading 't'=-1
INFO:tenpy.tools.params:MixedHofstadterLandauGauge_Pi_2: reading 't2'=-0.25
INFO:tenpy.tools.params:MixedHofstadterLandauGauge_Pi_2: reading 'V1'=0.6
INFO:tenpy.tools.params:MixedHofstadterLandauGauge_Pi_2: reading 'phi_ext'=np.float64(2.5)
INFO:tenpy.tools.params:MixedHofstadterLandauGauge_Pi_2: reading 'sort_mpo_legs'=False
/home/t30/kna/ge54yin/Documents/MasterThesisFQHinTMDs/MPS_stuff/MPScalculations/.venv/lib/python3.12/site-packages/tenpy/tools/params.py:232: UserWarning: unused options for config MixedHofstadterLandauGauge_Pi_2:
['Delta', 'N_rings', 'Nsec', 'bc', 'chi_max', 'ktot', 'saveAll']
  warnings.warn(msg.format(keys=sorted(unused), name=self.name))
INFO:tenpy.tools.params:DMRG: reading 'active_sites'=2
INFO:tenpy.tools.params:DMRG: reading 'diag_method'='default'
INFO:tenpy.tools.params:DMRG: subconfig 'trunc_params'=Config(<5 options>, 'trunc_params')
INFO:tenpy.tools.params:DMRG: reading 'max_N_sites_per_ring'=18
INFO:tenpy.tools.params:DMRG: reading 'combine'=False
INFO:tenpy.tools.params:DMRG: subconfig 'lanczos_params'=Config(<9 options>, 'lanczos_params')
INFO:tenpy.tools.params:DMRG: reading 'chi_list'=None
INFO:tenpy.tools.params:DMRG: reading 'start_env'=1
INFO:tenpy.algorithms.mps_common:start environment_sweep
INFO:tenpy.tools.params:DMRG: reading 'N_sweeps_check'=10
INFO:tenpy.tools.params:DMRG: subconfig 'mixer_params'=Config(<3 options>, 'mixer_params')
INFO:tenpy.tools.params:DMRG: reading 'mixer'=None
INFO:tenpy.tools.params:DMRG: reading 'max_sweeps'=100
INFO:tenpy.tools.params:DMRG: reading 'max_hours'=8760
INFO:tenpy.tools.params:DMRG: reading 'P_tol_to_trunc'=0.05
INFO:tenpy.tools.params:DMRG: reading 'P_tol_min'=5.0000000000000004e-30
INFO:tenpy.tools.params:DMRG: reading 'P_tol_max'=0.0001
INFO:tenpy.tools.params:DMRG: reading 'E_tol_to_trunc'=None
INFO:tenpy.algorithms.dmrg:Running sweep with optimization
INFO:tenpy.tools.params:DMRG: reading 'max_N_for_ED'=400
INFO:tenpy.tools.params:DMRG: reading 'update_env'=5
INFO:tenpy.algorithms.mps_common:start environment_sweep
INFO:tenpy.algorithms.dmrg:checkpoint after sweep 10
energy=0.3061417529503257, max S=2.9691658237238765, age=198, norm_err=4.9e-02
Current memory usage 265.6MB, wall time: 48.2s
Delta E = nan, Delta S = 1.0394e-01 (per sweep)
max trunc_err = 1.4598e-08, max E_trunc = -3.9325e-09
chi: [256, 256, 256, 256, 256, 256]
================================================================================
INFO:tenpy.algorithms.dmrg:Running sweep with optimization
INFO:tenpy.algorithms.mps_common:start environment_sweep
INFO:tenpy.algorithms.dmrg:checkpoint after sweep 20
energy=0.5115086203050249, max S=0.8569081443518340, age=378, norm_err=1.3e-01
Current memory usage 265.6MB, wall time: 47.8s
Delta E = 2.0537e-02, Delta S = -2.1728e-01 (per sweep)
max trunc_err = 5.2358e-09, max E_trunc = -1.2307e-09
chi: [256, 256, 256, 256, 256, 256]
================================================================================
INFO:tenpy.tools.params:DMRG: reading 'max_E_err'=1e-08
INFO:tenpy.tools.params:DMRG: reading 'max_S_err'=1e-05
INFO:tenpy.algorithms.dmrg:Running sweep with optimization
INFO:tenpy.algorithms.mps_common:start environment_sweep
INFO:tenpy.algorithms.dmrg:checkpoint after sweep 30
energy=0.4125019386159323, max S=2.0297526203207674, age=558, norm_err=2.1e-02
Current memory usage 265.6MB, wall time: 41.9s
Delta E = -9.9007e-03, Delta S = 1.1824e-01 (per sweep)
max trunc_err = 6.0125e-08, max E_trunc = -8.2707e-11
chi: [256, 256, 256, 256, 256, 256]
================================================================================
INFO:tenpy.algorithms.dmrg:Running sweep with optimization
INFO:tenpy.algorithms.mps_common:start environment_sweep
INFO:tenpy.algorithms.dmrg:checkpoint after sweep 40
energy=0.3232521314217489, max S=3.1978574565755729, age=738, norm_err=3.0e-02
Current memory usage 265.6MB, wall time: 47.8s
Delta E = -8.9250e-03, Delta S = 1.2415e-01 (per sweep)
max trunc_err = 6.0351e-09, max E_trunc = -1.2458e-09
chi: [256, 256, 256, 256, 256, 256]
================================================================================
INFO:tenpy.algorithms.dmrg:Running sweep with optimization
INFO:tenpy.algorithms.mps_common:start environment_sweep
INFO:tenpy.algorithms.dmrg:checkpoint after sweep 50
energy=0.5935395611706392, max S=1.4861082354333912, age=918, norm_err=4.0e-02
Current memory usage 265.6MB, wall time: 40.1s
Delta E = 2.7029e-02, Delta S = -1.7215e-01 (per sweep)
max trunc_err = 3.8477e-08, max E_trunc = 1.4211e-12
chi: [256, 256, 256, 254, 256, 256]
================================================================================
INFO:tenpy.algorithms.dmrg:Running sweep with optimization
INFO:tenpy.algorithms.mps_common:start environment_sweep
INFO:tenpy.algorithms.dmrg:checkpoint after sweep 60
energy=0.4939124306011185, max S=3.0306097943893118, age=1098, norm_err=3.3e-02
Current memory usage 265.6MB, wall time: 47.0s
Delta E = -9.9627e-03, Delta S = 1.3813e-01 (per sweep)
max trunc_err = 7.1858e-08, max E_trunc = -1.6203e-09
chi: [256, 256, 256, 256, 256, 256]
================================================================================
INFO:tenpy.algorithms.dmrg:Running sweep with optimization
INFO:tenpy.algorithms.mps_common:start environment_sweep
INFO:tenpy.algorithms.dmrg:checkpoint after sweep 70
energy=0.4754997809352801, max S=2.3407440273600377, age=1278, norm_err=3.7e-02
Current memory usage 265.6MB, wall time: 40.2s
Delta E = -1.8413e-03, Delta S = -4.9954e-02 (per sweep)
max trunc_err = 8.6778e-08, max E_trunc = 1.1369e-12
chi: [256, 256, 256, 256, 256, 256]
================================================================================
INFO:tenpy.algorithms.dmrg:Running sweep with optimization
INFO:tenpy.algorithms.mps_common:start environment_sweep
INFO:tenpy.algorithms.dmrg:checkpoint after sweep 80
energy=0.3389026627819192, max S=0.9768820868687181, age=1458, norm_err=6.7e-03
Current memory usage 265.6MB, wall time: 39.4s
Delta E = -1.3660e-02, Delta S = -1.5065e-01 (per sweep)
max trunc_err = 6.5281e-08, max E_trunc = 3.8654e-12
chi: [256, 256, 256, 255, 256, 255]
================================================================================
INFO:tenpy.algorithms.dmrg:Running sweep with optimization
INFO:tenpy.algorithms.mps_common:start environment_sweep
INFO:tenpy.algorithms.dmrg:checkpoint after sweep 90
energy=0.4807475804283191, max S=2.8092750314495740, age=1638, norm_err=5.0e-03
Current memory usage 265.6MB, wall time: 39.0s
Delta E = 1.4184e-02, Delta S = 1.9871e-01 (per sweep)
max trunc_err = 7.2684e-08, max E_trunc = 3.7517e-12
chi: [256, 256, 256, 256, 256, 256]
================================================================================
INFO:tenpy.algorithms.dmrg:Running sweep with optimization
INFO:tenpy.algorithms.mps_common:start environment_sweep
INFO:tenpy.algorithms.dmrg:checkpoint after sweep 100
energy=0.4159746925110331, max S=2.6003003777731144, age=1818, norm_err=8.2e-02
Current memory usage 265.6MB, wall time: 45.9s
Delta E = -6.4773e-03, Delta S = -3.0665e-02 (per sweep)
max trunc_err = 8.7748e-09, max E_trunc = -6.1777e-10
chi: [256, 256, 256, 256, 256, 256]
================================================================================
INFO:tenpy.algorithms.dmrg:Running sweep with optimization
INFO:tenpy.algorithms.mps_common:start environment_sweep
INFO:tenpy.algorithms.dmrg:checkpoint after sweep 110
energy=0.0626437794415722, max S=1.7125425516035522, age=1998, norm_err=5.6e-04
Current memory usage 265.6MB, wall time: 45.3s
Delta E = -3.5333e-02, Delta S = -9.1422e-02 (per sweep)
max trunc_err = 3.2759e-08, max E_trunc = -7.3373e-10
chi: [256, 256, 256, 256, 256, 256]
================================================================================
INFO:tenpy.algorithms.mps_common:TwoSiteDMRGEngine: Maximum number of sweeps reached
INFO:tenpy.tools.params:DMRG: reading 'norm_tol'=1e-05
INFO:tenpy.tools.params:DMRG: reading 'norm_tol_final'=1e-10
INFO:tenpy.tools.params:DMRG: reading 'norm_tol_iter'=5
WARNING:tenpy.algorithms.dmrg:final DMRG state not in canonical form up to norm_tol=1.00e-05: norm_err=5.56e-04
INFO:tenpy.algorithms.mps_common:start environment_sweep
INFO:tenpy.algorithms.mps_common:start environment_sweep
INFO:tenpy.algorithms.mps_common:start environment_sweep
INFO:tenpy.algorithms.mps_common:start environment_sweep
INFO:tenpy.algorithms.mps_common:start environment_sweep
WARNING:tenpy.algorithms.dmrg:norm_err=2.33e-05 still too high after environment_sweeps
WARNING:tenpy.algorithms.dmrg:final DMRG state not in canonical form up to norm_tol_final=1.00e-10: norm_err=2.33e-05, calling psi.canonical_form()
INFO:tenpy.algorithms.dmrg:TwoSiteDMRGEngine finished after 110 sweeps, max chi=256
INFO:tenpy.tools.params:DMRG: reading 'max_trunc_err'=0.0001
INFO:tenpy.tools.params:MixedHofstadterLandauGauge_Pi_2: reading 'explicit_plus_hc'=False
INFO:tenpy.tools.params:MixedHofstadterLandauGauge_Pi_2: reading 'Lx'=2
INFO:tenpy.tools.params:MixedHofstadterLandauGauge_Pi_2: setting 'N_rings'=2
INFO:tenpy.tools.params:MixedHofstadterLandauGauge_Pi_2: reading 'xy_lattice'='Square'
INFO:tenpy.tools.params:MixedHofstadterLandauGauge_Pi_2: reading 'Ly'=3
INFO:tenpy.tools.params:MixedHofstadterLandauGauge_Pi_2: reading 'ring_order'=None
INFO:tenpy.tools.params:MixedHofstadterLandauGauge_Pi_2: reading 'conserve_k'=True
INFO:tenpy.tools.params:MixedHofstadterLandauGauge_Pi_2: reading 'bc_MPS'='infinite'
INFO:tenpy.tools.params:MixedHofstadterLandauGauge_Pi_2: reading 't'=-1
INFO:tenpy.tools.params:MixedHofstadterLandauGauge_Pi_2: reading 't2'=-0.25
INFO:tenpy.tools.params:MixedHofstadterLandauGauge_Pi_2: reading 'V1'=0.6
INFO:tenpy.tools.params:MixedHofstadterLandauGauge_Pi_2: reading 'phi_ext'=np.float64(2.5500000000000003)
INFO:tenpy.tools.params:MixedHofstadterLandauGauge_Pi_2: reading 'sort_mpo_legs'=False
/home/t30/kna/ge54yin/Documents/MasterThesisFQHinTMDs/MPS_stuff/MPScalculations/.venv/lib/python3.12/site-packages/tenpy/tools/params.py:232: UserWarning: unused options for config MixedHofstadterLandauGauge_Pi_2:
['Delta', 'N_rings', 'Nsec', 'bc', 'chi_max', 'ktot', 'saveAll']
  warnings.warn(msg.format(keys=sorted(unused), name=self.name))
INFO:tenpy.tools.params:DMRG: reading 'active_sites'=2
INFO:tenpy.tools.params:DMRG: reading 'diag_method'='default'
INFO:tenpy.tools.params:DMRG: subconfig 'trunc_params'=Config(<5 options>, 'trunc_params')
INFO:tenpy.tools.params:DMRG: reading 'max_N_sites_per_ring'=18
INFO:tenpy.tools.params:DMRG: reading 'combine'=False
INFO:tenpy.tools.params:DMRG: subconfig 'lanczos_params'=Config(<9 options>, 'lanczos_params')
INFO:tenpy.tools.params:DMRG: reading 'chi_list'=None
INFO:tenpy.tools.params:DMRG: reading 'start_env'=1
INFO:tenpy.algorithms.mps_common:start environment_sweep
INFO:tenpy.tools.params:DMRG: reading 'N_sweeps_check'=10
INFO:tenpy.tools.params:DMRG: subconfig 'mixer_params'=Config(<3 options>, 'mixer_params')
INFO:tenpy.tools.params:DMRG: reading 'mixer'=None
INFO:tenpy.tools.params:DMRG: reading 'max_sweeps'=100
INFO:tenpy.tools.params:DMRG: reading 'max_hours'=8760
INFO:tenpy.tools.params:DMRG: reading 'P_tol_to_trunc'=0.05
INFO:tenpy.tools.params:DMRG: reading 'P_tol_min'=5.0000000000000004e-30
INFO:tenpy.tools.params:DMRG: reading 'P_tol_max'=0.0001
INFO:tenpy.tools.params:DMRG: reading 'E_tol_to_trunc'=None
INFO:tenpy.algorithms.dmrg:Running sweep with optimization
INFO:tenpy.tools.params:DMRG: reading 'max_N_for_ED'=400
INFO:tenpy.tools.params:DMRG: reading 'update_env'=5
INFO:tenpy.algorithms.mps_common:start environment_sweep
INFO:tenpy.algorithms.dmrg:checkpoint after sweep 10
energy=0.4091287708592155, max S=2.3397211973401553, age=198, norm_err=8.8e-02
Current memory usage 266.0MB, wall time: 48.2s
Delta E = nan, Delta S = 5.9307e-02 (per sweep)
max trunc_err = 8.6597e-09, max E_trunc = -9.6698e-10
chi: [256, 256, 256, 256, 256, 256]
================================================================================
INFO:tenpy.algorithms.dmrg:Running sweep with optimization
INFO:tenpy.algorithms.mps_common:start environment_sweep
INFO:tenpy.algorithms.dmrg:checkpoint after sweep 20
energy=0.4678595204770796, max S=0.0451532776298667, age=378, norm_err=3.7e-03
Current memory usage 266.0MB, wall time: 40.0s
Delta E = 5.8731e-03, Delta S = -2.0947e-01 (per sweep)
max trunc_err = 5.0335e-08, max E_trunc = 8.8107e-13
chi: [256, 255, 256, 256, 256, 256]
================================================================================
INFO:tenpy.tools.params:DMRG: reading 'max_E_err'=1e-08
INFO:tenpy.tools.params:DMRG: reading 'max_S_err'=1e-05
INFO:tenpy.algorithms.dmrg:Running sweep with optimization
INFO:tenpy.algorithms.mps_common:start environment_sweep
INFO:tenpy.algorithms.dmrg:checkpoint after sweep 30
energy=0.3603751102812751, max S=1.7768155404192305, age=558, norm_err=2.1e-01
Current memory usage 266.0MB, wall time: 48.2s
Delta E = -1.0748e-02, Delta S = 1.5268e-01 (per sweep)
max trunc_err = 2.7353e-08, max E_trunc = -6.1834e-10
chi: [256, 256, 256, 256, 256, 256]
================================================================================
INFO:tenpy.algorithms.dmrg:Running sweep with optimization
INFO:tenpy.algorithms.mps_common:start environment_sweep
INFO:tenpy.algorithms.dmrg:checkpoint after sweep 40
energy=0.0947388836857310, max S=3.0832426664235295, age=738, norm_err=1.3e-02
Current memory usage 266.0MB, wall time: 42.2s
Delta E = -2.6564e-02, Delta S = 1.3845e-01 (per sweep)
max trunc_err = 1.6533e-08, max E_trunc = -8.9244e-12
chi: [256, 256, 256, 256, 256, 256]
================================================================================
INFO:tenpy.algorithms.dmrg:Running sweep with optimization
INFO:tenpy.algorithms.mps_common:start environment_sweep
INFO:tenpy.algorithms.dmrg:checkpoint after sweep 50
energy=0.4842823569820069, max S=1.6269593024871765, age=918, norm_err=2.4e-01
Current memory usage 266.0MB, wall time: 47.7s
Delta E = 3.8954e-02, Delta S = -1.5020e-01 (per sweep)
max trunc_err = 2.9352e-09, max E_trunc = -1.7269e-10
chi: [256, 256, 256, 256, 256, 256]
================================================================================
INFO:tenpy.algorithms.dmrg:Running sweep with optimization
INFO:tenpy.algorithms.mps_common:start environment_sweep
INFO:tenpy.algorithms.dmrg:checkpoint after sweep 60
energy=0.5610246393278923, max S=2.1535454200867337, age=1098, norm_err=3.8e-02
Current memory usage 266.0MB, wall time: 41.6s
Delta E = 7.6742e-03, Delta S = 5.4452e-02 (per sweep)
max trunc_err = 1.6681e-07, max E_trunc = -8.7539e-12
chi: [256, 256, 256, 256, 256, 256]
================================================================================
INFO:tenpy.algorithms.dmrg:Running sweep with optimization
INFO:tenpy.algorithms.mps_common:start environment_sweep
INFO:tenpy.algorithms.dmrg:checkpoint after sweep 70
energy=0.4273869673854070, max S=1.3920578557655521, age=1278, norm_err=9.3e-02
Current memory usage 266.0MB, wall time: 36.6s
Delta E = -1.3364e-02, Delta S = -8.1119e-02 (per sweep)
max trunc_err = 3.2136e-07, max E_trunc = 7.7307e-12
chi: [256, 256, 256, 256, 256, 256]
================================================================================
INFO:tenpy.algorithms.dmrg:Running sweep with optimization
INFO:tenpy.algorithms.mps_common:start environment_sweep
INFO:tenpy.algorithms.dmrg:checkpoint after sweep 80
energy=0.3526724722480594, max S=2.3833724909041396, age=1458, norm_err=8.7e-02
Current memory usage 266.0MB, wall time: 44.1s
Delta E = -7.4714e-03, Delta S = 1.0333e-01 (per sweep)
max trunc_err = 9.2274e-09, max E_trunc = -3.7619e-10
chi: [256, 256, 256, 256, 256, 256]
================================================================================
INFO:tenpy.algorithms.dmrg:Running sweep with optimization
INFO:tenpy.algorithms.mps_common:start environment_sweep
INFO:tenpy.algorithms.dmrg:checkpoint after sweep 90
energy=0.3776850830773905, max S=1.9670769993891986, age=1638, norm_err=5.0e-02
Current memory usage 266.0MB, wall time: 40.6s
Delta E = 2.5013e-03, Delta S = -4.5785e-02 (per sweep)
max trunc_err = 5.5227e-08, max E_trunc = 1.0232e-12
chi: [255, 256, 256, 256, 256, 256]
================================================================================
INFO:tenpy.algorithms.dmrg:Running sweep with optimization
INFO:tenpy.algorithms.mps_common:start environment_sweep
INFO:tenpy.algorithms.dmrg:checkpoint after sweep 100
energy=0.4590476356021327, max S=2.5466645904526706, age=1818, norm_err=4.9e-02
Current memory usage 266.0MB, wall time: 47.7s
Delta E = 8.1363e-03, Delta S = 6.2008e-02 (per sweep)
max trunc_err = 2.3180e-09, max E_trunc = -3.4288e-10
chi: [256, 256, 256, 256, 256, 256]
================================================================================
INFO:tenpy.algorithms.dmrg:Running sweep with optimization
INFO:tenpy.algorithms.mps_common:start environment_sweep
INFO:tenpy.algorithms.dmrg:checkpoint after sweep 110
energy=0.4388329533886974, max S=3.3013612764619258, age=1998, norm_err=2.4e-03
Current memory usage 266.0MB, wall time: 47.1s
Delta E = -2.0215e-03, Delta S = 8.3972e-02 (per sweep)
max trunc_err = 2.8144e-08, max E_trunc = -6.5370e-11
chi: [256, 256, 256, 256, 256, 256]
================================================================================
INFO:tenpy.algorithms.mps_common:TwoSiteDMRGEngine: Maximum number of sweeps reached
INFO:tenpy.tools.params:DMRG: reading 'norm_tol'=1e-05
INFO:tenpy.tools.params:DMRG: reading 'norm_tol_final'=1e-10
INFO:tenpy.tools.params:DMRG: reading 'norm_tol_iter'=5
WARNING:tenpy.algorithms.dmrg:final DMRG state not in canonical form up to norm_tol=1.00e-05: norm_err=2.43e-03
INFO:tenpy.algorithms.mps_common:start environment_sweep
WARNING:tenpy.algorithms.dmrg:final DMRG state not in canonical form up to norm_tol_final=1.00e-10: norm_err=3.51e-06, calling psi.canonical_form()
INFO:tenpy.algorithms.dmrg:TwoSiteDMRGEngine finished after 110 sweeps, max chi=255
INFO:tenpy.tools.params:DMRG: reading 'max_trunc_err'=0.0001
INFO:tenpy.tools.params:MixedHofstadterLandauGauge_Pi_2: reading 'explicit_plus_hc'=False
INFO:tenpy.tools.params:MixedHofstadterLandauGauge_Pi_2: reading 'Lx'=2
INFO:tenpy.tools.params:MixedHofstadterLandauGauge_Pi_2: setting 'N_rings'=2
INFO:tenpy.tools.params:MixedHofstadterLandauGauge_Pi_2: reading 'xy_lattice'='Square'
INFO:tenpy.tools.params:MixedHofstadterLandauGauge_Pi_2: reading 'Ly'=3
INFO:tenpy.tools.params:MixedHofstadterLandauGauge_Pi_2: reading 'ring_order'=None
INFO:tenpy.tools.params:MixedHofstadterLandauGauge_Pi_2: reading 'conserve_k'=True
INFO:tenpy.tools.params:MixedHofstadterLandauGauge_Pi_2: reading 'bc_MPS'='infinite'
INFO:tenpy.tools.params:MixedHofstadterLandauGauge_Pi_2: reading 't'=-1
INFO:tenpy.tools.params:MixedHofstadterLandauGauge_Pi_2: reading 't2'=-0.25
INFO:tenpy.tools.params:MixedHofstadterLandauGauge_Pi_2: reading 'V1'=0.6
INFO:tenpy.tools.params:MixedHofstadterLandauGauge_Pi_2: reading 'phi_ext'=np.float64(2.6)
INFO:tenpy.tools.params:MixedHofstadterLandauGauge_Pi_2: reading 'sort_mpo_legs'=False
/home/t30/kna/ge54yin/Documents/MasterThesisFQHinTMDs/MPS_stuff/MPScalculations/.venv/lib/python3.12/site-packages/tenpy/tools/params.py:232: UserWarning: unused options for config MixedHofstadterLandauGauge_Pi_2:
['Delta', 'N_rings', 'Nsec', 'bc', 'chi_max', 'ktot', 'saveAll']
  warnings.warn(msg.format(keys=sorted(unused), name=self.name))
INFO:tenpy.tools.params:DMRG: reading 'active_sites'=2
INFO:tenpy.tools.params:DMRG: reading 'diag_method'='default'
INFO:tenpy.tools.params:DMRG: subconfig 'trunc_params'=Config(<5 options>, 'trunc_params')
INFO:tenpy.tools.params:DMRG: reading 'max_N_sites_per_ring'=18
INFO:tenpy.tools.params:DMRG: reading 'combine'=False
INFO:tenpy.tools.params:DMRG: subconfig 'lanczos_params'=Config(<9 options>, 'lanczos_params')
INFO:tenpy.tools.params:DMRG: reading 'chi_list'=None
INFO:tenpy.tools.params:DMRG: reading 'start_env'=1
INFO:tenpy.algorithms.mps_common:start environment_sweep
INFO:tenpy.tools.params:DMRG: reading 'N_sweeps_check'=10
INFO:tenpy.tools.params:DMRG: subconfig 'mixer_params'=Config(<3 options>, 'mixer_params')
INFO:tenpy.tools.params:DMRG: reading 'mixer'=None
INFO:tenpy.tools.params:DMRG: reading 'max_sweeps'=100
INFO:tenpy.tools.params:DMRG: reading 'max_hours'=8760
INFO:tenpy.tools.params:DMRG: reading 'P_tol_to_trunc'=0.05
INFO:tenpy.tools.params:DMRG: reading 'P_tol_min'=5.0000000000000004e-30
INFO:tenpy.tools.params:DMRG: reading 'P_tol_max'=0.0001
INFO:tenpy.tools.params:DMRG: reading 'E_tol_to_trunc'=None
INFO:tenpy.algorithms.dmrg:Running sweep with optimization
INFO:tenpy.tools.params:DMRG: reading 'max_N_for_ED'=400
INFO:tenpy.tools.params:DMRG: reading 'update_env'=5
INFO:tenpy.algorithms.mps_common:start environment_sweep
INFO:tenpy.algorithms.dmrg:checkpoint after sweep 10
energy=0.5610456697728013, max S=2.3598563568930118, age=198, norm_err=8.5e-02
Current memory usage 266.0MB, wall time: 47.2s
Delta E = nan, Delta S = -1.1196e-01 (per sweep)
max trunc_err = 2.7489e-09, max E_trunc = -1.0501e-09
chi: [256, 256, 256, 256, 256, 256]
================================================================================
INFO:tenpy.algorithms.dmrg:Running sweep with optimization
INFO:tenpy.algorithms.mps_common:start environment_sweep
INFO:tenpy.algorithms.dmrg:checkpoint after sweep 20
energy=0.3749725542272178, max S=1.2419725041361513, age=378, norm_err=1.1e-01
Current memory usage 266.0MB, wall time: 47.5s
Delta E = -1.8607e-02, Delta S = -1.0232e-01 (per sweep)
max trunc_err = 5.1715e-09, max E_trunc = -8.8161e-10
chi: [256, 255, 256, 256, 256, 256]
================================================================================
INFO:tenpy.tools.params:DMRG: reading 'max_E_err'=1e-08
INFO:tenpy.tools.params:DMRG: reading 'max_S_err'=1e-05
INFO:tenpy.algorithms.dmrg:Running sweep with optimization
INFO:tenpy.algorithms.mps_common:start environment_sweep
INFO:tenpy.algorithms.dmrg:checkpoint after sweep 30
energy=0.0052490137583258, max S=3.0439066510246278, age=558, norm_err=2.1e-03
Current memory usage 266.0MB, wall time: 40.3s
Delta E = -3.6972e-02, Delta S = 1.8289e-01 (per sweep)
max trunc_err = 1.0922e-06, max E_trunc = -1.5916e-12
chi: [256, 256, 256, 256, 256, 256]
================================================================================
INFO:tenpy.algorithms.dmrg:Running sweep with optimization
INFO:tenpy.algorithms.mps_common:start environment_sweep
INFO:tenpy.algorithms.dmrg:checkpoint after sweep 40
energy=0.5624761580667391, max S=1.6627165330689520, age=738, norm_err=1.4e-01
Current memory usage 266.0MB, wall time: 36.8s
Delta E = 5.5723e-02, Delta S = -1.3974e-01 (per sweep)
max trunc_err = 1.1951e-07, max E_trunc = 9.4929e-12
chi: [255, 256, 256, 256, 256, 256]
================================================================================
INFO:tenpy.algorithms.dmrg:Running sweep with optimization
INFO:tenpy.algorithms.mps_common:start environment_sweep
INFO:tenpy.algorithms.dmrg:checkpoint after sweep 50
energy=0.3484487357670598, max S=1.7865402480277452, age=918, norm_err=1.4e-01
Current memory usage 266.0MB, wall time: 45.9s
Delta E = -2.1403e-02, Delta S = 8.4441e-03 (per sweep)
max trunc_err = 3.4011e-09, max E_trunc = -3.2220e-09
chi: [256, 256, 256, 256, 256, 256]
================================================================================
INFO:tenpy.algorithms.dmrg:Running sweep with optimization
INFO:tenpy.algorithms.mps_common:start environment_sweep
INFO:tenpy.algorithms.dmrg:checkpoint after sweep 60
energy=0.5539869340167153, max S=0.6616191953938164, age=1098, norm_err=1.1e-01
Current memory usage 266.0MB, wall time: 40.8s
Delta E = 2.0554e-02, Delta S = -9.6506e-02 (per sweep)
max trunc_err = 4.1552e-08, max E_trunc = 1.0232e-12
chi: [256, 256, 256, 255, 256, 255]
================================================================================
INFO:tenpy.algorithms.dmrg:Running sweep with optimization
INFO:tenpy.algorithms.mps_common:start environment_sweep
INFO:tenpy.algorithms.dmrg:checkpoint after sweep 70
energy=0.0190484981106446, max S=3.3727512615518780, age=1278, norm_err=1.4e-02
Current memory usage 266.0MB, wall time: 42.0s
Delta E = -5.3494e-02, Delta S = 2.5947e-01 (per sweep)
max trunc_err = 1.7224e-07, max E_trunc = -4.3201e-12
chi: [256, 256, 256, 256, 256, 256]
================================================================================
INFO:tenpy.algorithms.dmrg:Running sweep with optimization
INFO:tenpy.algorithms.mps_common:start environment_sweep
INFO:tenpy.algorithms.dmrg:checkpoint after sweep 80
energy=0.4472851164962037, max S=2.0364770923693474, age=1458, norm_err=1.5e-01
Current memory usage 266.0MB, wall time: 45.1s
Delta E = 4.2824e-02, Delta S = -1.3849e-01 (per sweep)
max trunc_err = 5.5763e-09, max E_trunc = -4.6953e-10
chi: [256, 256, 256, 256, 256, 256]
================================================================================
INFO:tenpy.algorithms.dmrg:Running sweep with optimization
INFO:tenpy.algorithms.mps_common:start environment_sweep
INFO:tenpy.algorithms.dmrg:checkpoint after sweep 90
energy=0.3823005298170585, max S=0.5243732428198422, age=1638, norm_err=4.5e-02
Current memory usage 266.0MB, wall time: 46.4s
Delta E = -6.4985e-03, Delta S = -1.4211e-01 (per sweep)
max trunc_err = 1.1256e-08, max E_trunc = -5.7958e-10
chi: [256, 256, 256, 256, 256, 256]
================================================================================
INFO:tenpy.algorithms.dmrg:Running sweep with optimization
INFO:tenpy.algorithms.mps_common:start environment_sweep
INFO:tenpy.algorithms.dmrg:checkpoint after sweep 100
energy=0.4738486938576424, max S=1.7421683502167711, age=1818, norm_err=1.7e-02
Current memory usage 266.0MB, wall time: 39.0s
Delta E = 9.1548e-03, Delta S = 1.2069e-01 (per sweep)
max trunc_err = 5.0291e-08, max E_trunc = -9.4360e-12
chi: [256, 256, 256, 256, 256, 256]
================================================================================
INFO:tenpy.algorithms.dmrg:Running sweep with optimization
INFO:tenpy.algorithms.mps_common:start environment_sweep
INFO:tenpy.algorithms.dmrg:checkpoint after sweep 110
energy=0.4330180953619447, max S=2.3844982212368970, age=1998, norm_err=1.0e-01
Current memory usage 266.0MB, wall time: 36.7s
Delta E = -4.0831e-03, Delta S = 5.4668e-02 (per sweep)
max trunc_err = 3.1618e-08, max E_trunc = 5.4570e-12
chi: [255, 255, 256, 256, 256, 256]
================================================================================
INFO:tenpy.algorithms.mps_common:TwoSiteDMRGEngine: Maximum number of sweeps reached
INFO:tenpy.tools.params:DMRG: reading 'norm_tol'=1e-05
INFO:tenpy.tools.params:DMRG: reading 'norm_tol_final'=1e-10
INFO:tenpy.tools.params:DMRG: reading 'norm_tol_iter'=5
WARNING:tenpy.algorithms.dmrg:final DMRG state not in canonical form up to norm_tol=1.00e-05: norm_err=1.03e-01
INFO:tenpy.algorithms.mps_common:start environment_sweep
INFO:tenpy.algorithms.mps_common:start environment_sweep
INFO:tenpy.algorithms.mps_common:start environment_sweep
INFO:tenpy.algorithms.mps_common:start environment_sweep
WARNING:tenpy.algorithms.dmrg:final DMRG state not in canonical form up to norm_tol_final=1.00e-10: norm_err=5.62e-07, calling psi.canonical_form()
WARNING:tenpy.networks.mps:canonical_form_infinite: project to significantly smaller chi
WARNING:tenpy.networks.mps:canonical_form_infinite: project to significantly smaller chi
WARNING:tenpy.networks.mps:canonical_form_infinite: project to significantly smaller chi
WARNING:tenpy.networks.mps:canonical_form_infinite: project to significantly smaller chi
WARNING:tenpy.networks.mps:canonical_form_infinite: project to significantly smaller chi
WARNING:tenpy.networks.mps:canonical_form_infinite: project to significantly smaller chi
WARNING:tenpy.networks.mps:canonical_form_infinite: project to significantly smaller chi
WARNING:tenpy.networks.mps:canonical_form_infinite: project to significantly smaller chi
INFO:tenpy.algorithms.dmrg:TwoSiteDMRGEngine finished after 110 sweeps, max chi=147
INFO:tenpy.tools.params:DMRG: reading 'max_trunc_err'=0.0001
INFO:tenpy.tools.params:MixedHofstadterLandauGauge_Pi_2: reading 'explicit_plus_hc'=False
INFO:tenpy.tools.params:MixedHofstadterLandauGauge_Pi_2: reading 'Lx'=2
INFO:tenpy.tools.params:MixedHofstadterLandauGauge_Pi_2: setting 'N_rings'=2
INFO:tenpy.tools.params:MixedHofstadterLandauGauge_Pi_2: reading 'xy_lattice'='Square'
INFO:tenpy.tools.params:MixedHofstadterLandauGauge_Pi_2: reading 'Ly'=3
INFO:tenpy.tools.params:MixedHofstadterLandauGauge_Pi_2: reading 'ring_order'=None
INFO:tenpy.tools.params:MixedHofstadterLandauGauge_Pi_2: reading 'conserve_k'=True
INFO:tenpy.tools.params:MixedHofstadterLandauGauge_Pi_2: reading 'bc_MPS'='infinite'
INFO:tenpy.tools.params:MixedHofstadterLandauGauge_Pi_2: reading 't'=-1
INFO:tenpy.tools.params:MixedHofstadterLandauGauge_Pi_2: reading 't2'=-0.25
INFO:tenpy.tools.params:MixedHofstadterLandauGauge_Pi_2: reading 'V1'=0.6
INFO:tenpy.tools.params:MixedHofstadterLandauGauge_Pi_2: reading 'phi_ext'=np.float64(2.6500000000000004)
INFO:tenpy.tools.params:MixedHofstadterLandauGauge_Pi_2: reading 'sort_mpo_legs'=False
/home/t30/kna/ge54yin/Documents/MasterThesisFQHinTMDs/MPS_stuff/MPScalculations/.venv/lib/python3.12/site-packages/tenpy/tools/params.py:232: UserWarning: unused options for config MixedHofstadterLandauGauge_Pi_2:
['Delta', 'N_rings', 'Nsec', 'bc', 'chi_max', 'ktot', 'saveAll']
  warnings.warn(msg.format(keys=sorted(unused), name=self.name))
INFO:tenpy.tools.params:DMRG: reading 'active_sites'=2
INFO:tenpy.tools.params:DMRG: reading 'diag_method'='default'
INFO:tenpy.tools.params:DMRG: subconfig 'trunc_params'=Config(<5 options>, 'trunc_params')
INFO:tenpy.tools.params:DMRG: reading 'max_N_sites_per_ring'=18
INFO:tenpy.tools.params:DMRG: reading 'combine'=False
INFO:tenpy.tools.params:DMRG: subconfig 'lanczos_params'=Config(<9 options>, 'lanczos_params')
INFO:tenpy.tools.params:DMRG: reading 'chi_list'=None
INFO:tenpy.tools.params:DMRG: reading 'start_env'=1
INFO:tenpy.algorithms.mps_common:start environment_sweep
INFO:tenpy.tools.params:DMRG: reading 'N_sweeps_check'=10
INFO:tenpy.tools.params:DMRG: subconfig 'mixer_params'=Config(<3 options>, 'mixer_params')
INFO:tenpy.tools.params:DMRG: reading 'mixer'=None
INFO:tenpy.tools.params:DMRG: reading 'max_sweeps'=100
INFO:tenpy.tools.params:DMRG: reading 'max_hours'=8760
INFO:tenpy.tools.params:DMRG: reading 'P_tol_to_trunc'=0.05
INFO:tenpy.tools.params:DMRG: reading 'P_tol_min'=5.0000000000000004e-30
INFO:tenpy.tools.params:DMRG: reading 'P_tol_max'=0.0001
INFO:tenpy.tools.params:DMRG: reading 'E_tol_to_trunc'=None
INFO:tenpy.algorithms.dmrg:Running sweep with optimization
INFO:tenpy.tools.params:DMRG: reading 'max_N_for_ED'=400
INFO:tenpy.tools.params:DMRG: reading 'update_env'=5
INFO:tenpy.algorithms.mps_common:start environment_sweep
INFO:tenpy.algorithms.dmrg:checkpoint after sweep 10
energy=0.4715843517045203, max S=2.2981231428280173, age=198, norm_err=4.3e-02
Current memory usage 266.0MB, wall time: 42.1s
Delta E = nan, Delta S = -7.6593e-03 (per sweep)
max trunc_err = 1.5507e-07, max E_trunc = -9.2655e-12
chi: [256, 256, 256, 256, 256, 256]
================================================================================
INFO:tenpy.algorithms.dmrg:Running sweep with optimization
INFO:tenpy.algorithms.mps_common:start environment_sweep
INFO:tenpy.algorithms.dmrg:checkpoint after sweep 20
energy=0.1873970768481949, max S=1.4325691632656361, age=378, norm_err=2.4e-01
Current memory usage 266.0MB, wall time: 47.8s
Delta E = -2.8419e-02, Delta S = -7.7342e-02 (per sweep)
max trunc_err = 5.6228e-09, max E_trunc = -2.0469e-09
chi: [256, 256, 256, 256, 256, 256]
================================================================================
INFO:tenpy.tools.params:DMRG: reading 'max_E_err'=1e-08
INFO:tenpy.tools.params:DMRG: reading 'max_S_err'=1e-05
INFO:tenpy.algorithms.dmrg:Running sweep with optimization
INFO:tenpy.algorithms.mps_common:start environment_sweep
INFO:tenpy.algorithms.dmrg:checkpoint after sweep 30
energy=0.4976782594687990, max S=1.6371565857072121, age=558, norm_err=5.0e-02
Current memory usage 266.0MB, wall time: 39.5s
Delta E = 3.1028e-02, Delta S = 1.2642e-02 (per sweep)
max trunc_err = 3.1122e-08, max E_trunc = 8.5265e-13
chi: [255, 256, 256, 256, 255, 256]
================================================================================
INFO:tenpy.algorithms.dmrg:Running sweep with optimization
INFO:tenpy.algorithms.mps_common:start environment_sweep
INFO:tenpy.algorithms.dmrg:checkpoint after sweep 40
energy=0.3603641187057036, max S=1.4978603511703794, age=738, norm_err=1.3e-01
Current memory usage 266.0MB, wall time: 46.0s
Delta E = -1.3731e-02, Delta S = 3.6616e-03 (per sweep)
max trunc_err = 1.1036e-08, max E_trunc = -5.6156e-10
chi: [256, 256, 256, 256, 256, 256]
================================================================================
INFO:tenpy.algorithms.dmrg:Running sweep with optimization
INFO:tenpy.algorithms.mps_common:start environment_sweep
INFO:tenpy.algorithms.dmrg:checkpoint after sweep 50
energy=0.4572246613496229, max S=1.3034570937987535, age=918, norm_err=3.2e-02
Current memory usage 266.0MB, wall time: 40.2s
Delta E = 9.6861e-03, Delta S = -3.5617e-02 (per sweep)
max trunc_err = 4.0057e-08, max E_trunc = -1.3586e-11
chi: [256, 256, 256, 256, 256, 256]
================================================================================
INFO:tenpy.algorithms.dmrg:Running sweep with optimization
INFO:tenpy.algorithms.mps_common:start environment_sweep
INFO:tenpy.algorithms.dmrg:checkpoint after sweep 60
energy=0.5980645798523673, max S=0.7044290456388873, age=1098, norm_err=3.5e-02
Current memory usage 266.0MB, wall time: 39.9s
Delta E = 1.4084e-02, Delta S = -5.5076e-02 (per sweep)
max trunc_err = 1.0806e-07, max E_trunc = 2.2737e-13
chi: [256, 256, 256, 255, 256, 256]
================================================================================
INFO:tenpy.algorithms.dmrg:Running sweep with optimization
INFO:tenpy.algorithms.mps_common:start environment_sweep
INFO:tenpy.algorithms.dmrg:checkpoint after sweep 70
energy=0.4030427419120978, max S=2.4449124156700064, age=1278, norm_err=1.3e-01
Current memory usage 266.0MB, wall time: 46.2s
Delta E = -1.9502e-02, Delta S = 1.6285e-01 (per sweep)
max trunc_err = 1.0878e-08, max E_trunc = -7.7910e-10
chi: [256, 256, 256, 256, 256, 256]
================================================================================
INFO:tenpy.algorithms.dmrg:Running sweep with optimization
INFO:tenpy.algorithms.mps_common:start environment_sweep
INFO:tenpy.algorithms.dmrg:checkpoint after sweep 80
energy=-0.0201662694760216, max S=3.7683174436699498, age=1458, norm_err=2.7e-02
Current memory usage 266.0MB, wall time: 39.9s
Delta E = -4.2321e-02, Delta S = 1.4150e-01 (per sweep)
max trunc_err = 5.1893e-08, max E_trunc = -5.4570e-12
chi: [256, 256, 256, 256, 256, 256]
================================================================================
INFO:tenpy.algorithms.dmrg:Running sweep with optimization
INFO:tenpy.algorithms.mps_common:start environment_sweep
INFO:tenpy.algorithms.dmrg:checkpoint after sweep 90
energy=0.3961749793460854, max S=1.8851235706528957, age=1638, norm_err=1.2e-01
Current memory usage 266.0MB, wall time: 43.5s
Delta E = 4.1634e-02, Delta S = -1.9046e-01 (per sweep)
max trunc_err = 1.2504e-08, max E_trunc = -1.1255e-11
chi: [256, 256, 256, 256, 256, 256]
================================================================================
INFO:tenpy.algorithms.dmrg:Running sweep with optimization
INFO:tenpy.algorithms.mps_common:start environment_sweep
INFO:tenpy.algorithms.dmrg:checkpoint after sweep 100
energy=-0.0536159428668270, max S=3.4115058424178835, age=1818, norm_err=6.6e-03
Current memory usage 266.0MB, wall time: 40.4s
Delta E = -4.4979e-02, Delta S = 1.5394e-01 (per sweep)
max trunc_err = 6.4171e-08, max E_trunc = -6.2528e-12
chi: [256, 256, 256, 256, 256, 256]
================================================================================
INFO:tenpy.algorithms.dmrg:Running sweep with optimization
INFO:tenpy.algorithms.mps_common:start environment_sweep
INFO:tenpy.algorithms.dmrg:checkpoint after sweep 110
energy=0.3523460053618142, max S=2.7907330043524095, age=1998, norm_err=4.9e-02
Current memory usage 266.0MB, wall time: 47.6s
Delta E = 4.0596e-02, Delta S = -5.6252e-02 (per sweep)
max trunc_err = 1.2326e-08, max E_trunc = -1.7942e-09
chi: [256, 256, 256, 255, 256, 256]
================================================================================
INFO:tenpy.algorithms.mps_common:TwoSiteDMRGEngine: Maximum number of sweeps reached
INFO:tenpy.tools.params:DMRG: reading 'norm_tol'=1e-05
INFO:tenpy.tools.params:DMRG: reading 'norm_tol_final'=1e-10
INFO:tenpy.tools.params:DMRG: reading 'norm_tol_iter'=5
WARNING:tenpy.algorithms.dmrg:final DMRG state not in canonical form up to norm_tol=1.00e-05: norm_err=4.90e-02
INFO:tenpy.algorithms.mps_common:start environment_sweep
INFO:tenpy.algorithms.mps_common:start environment_sweep
INFO:tenpy.algorithms.mps_common:start environment_sweep
INFO:tenpy.algorithms.mps_common:start environment_sweep
WARNING:tenpy.algorithms.dmrg:final DMRG state not in canonical form up to norm_tol_final=1.00e-10: norm_err=3.98e-06, calling psi.canonical_form()
INFO:tenpy.algorithms.dmrg:TwoSiteDMRGEngine finished after 110 sweeps, max chi=256
INFO:tenpy.tools.params:DMRG: reading 'max_trunc_err'=0.0001
INFO:tenpy.tools.params:MixedHofstadterLandauGauge_Pi_2: reading 'explicit_plus_hc'=False
INFO:tenpy.tools.params:MixedHofstadterLandauGauge_Pi_2: reading 'Lx'=2
INFO:tenpy.tools.params:MixedHofstadterLandauGauge_Pi_2: setting 'N_rings'=2
INFO:tenpy.tools.params:MixedHofstadterLandauGauge_Pi_2: reading 'xy_lattice'='Square'
INFO:tenpy.tools.params:MixedHofstadterLandauGauge_Pi_2: reading 'Ly'=3
INFO:tenpy.tools.params:MixedHofstadterLandauGauge_Pi_2: reading 'ring_order'=None
INFO:tenpy.tools.params:MixedHofstadterLandauGauge_Pi_2: reading 'conserve_k'=True
INFO:tenpy.tools.params:MixedHofstadterLandauGauge_Pi_2: reading 'bc_MPS'='infinite'
INFO:tenpy.tools.params:MixedHofstadterLandauGauge_Pi_2: reading 't'=-1
INFO:tenpy.tools.params:MixedHofstadterLandauGauge_Pi_2: reading 't2'=-0.25
INFO:tenpy.tools.params:MixedHofstadterLandauGauge_Pi_2: reading 'V1'=0.6
INFO:tenpy.tools.params:MixedHofstadterLandauGauge_Pi_2: reading 'phi_ext'=np.float64(2.7)
INFO:tenpy.tools.params:MixedHofstadterLandauGauge_Pi_2: reading 'sort_mpo_legs'=False
/home/t30/kna/ge54yin/Documents/MasterThesisFQHinTMDs/MPS_stuff/MPScalculations/.venv/lib/python3.12/site-packages/tenpy/tools/params.py:232: UserWarning: unused options for config MixedHofstadterLandauGauge_Pi_2:
['Delta', 'N_rings', 'Nsec', 'bc', 'chi_max', 'ktot', 'saveAll']
  warnings.warn(msg.format(keys=sorted(unused), name=self.name))
INFO:tenpy.tools.params:DMRG: reading 'active_sites'=2
INFO:tenpy.tools.params:DMRG: reading 'diag_method'='default'
INFO:tenpy.tools.params:DMRG: subconfig 'trunc_params'=Config(<5 options>, 'trunc_params')
INFO:tenpy.tools.params:DMRG: reading 'max_N_sites_per_ring'=18
INFO:tenpy.tools.params:DMRG: reading 'combine'=False
INFO:tenpy.tools.params:DMRG: subconfig 'lanczos_params'=Config(<9 options>, 'lanczos_params')
INFO:tenpy.tools.params:DMRG: reading 'chi_list'=None
INFO:tenpy.tools.params:DMRG: reading 'start_env'=1
INFO:tenpy.algorithms.mps_common:start environment_sweep
INFO:tenpy.tools.params:DMRG: reading 'N_sweeps_check'=10
INFO:tenpy.tools.params:DMRG: subconfig 'mixer_params'=Config(<3 options>, 'mixer_params')
INFO:tenpy.tools.params:DMRG: reading 'mixer'=None
INFO:tenpy.tools.params:DMRG: reading 'max_sweeps'=100
INFO:tenpy.tools.params:DMRG: reading 'max_hours'=8760
INFO:tenpy.tools.params:DMRG: reading 'P_tol_to_trunc'=0.05
INFO:tenpy.tools.params:DMRG: reading 'P_tol_min'=5.0000000000000004e-30
INFO:tenpy.tools.params:DMRG: reading 'P_tol_max'=0.0001
INFO:tenpy.tools.params:DMRG: reading 'E_tol_to_trunc'=None
INFO:tenpy.algorithms.dmrg:Running sweep with optimization
INFO:tenpy.tools.params:DMRG: reading 'max_N_for_ED'=400
INFO:tenpy.tools.params:DMRG: reading 'update_env'=5
INFO:tenpy.algorithms.mps_common:start environment_sweep
INFO:tenpy.algorithms.dmrg:checkpoint after sweep 10
energy=0.3686578753141395, max S=2.5383459957023113, age=198, norm_err=5.0e-02
Current memory usage 270.6MB, wall time: 47.3s
Delta E = nan, Delta S = -2.4593e-02 (per sweep)
max trunc_err = 2.2470e-08, max E_trunc = -1.0144e-10
chi: [256, 255, 256, 256, 256, 256]
================================================================================
INFO:tenpy.algorithms.dmrg:Running sweep with optimization
INFO:tenpy.algorithms.mps_common:start environment_sweep
INFO:tenpy.algorithms.dmrg:checkpoint after sweep 20
energy=0.3845268247472831, max S=2.5454324576292855, age=378, norm_err=2.4e-02
Current memory usage 270.6MB, wall time: 39.8s
Delta E = 1.5869e-03, Delta S = 1.0757e-02 (per sweep)
max trunc_err = 1.3184e-07, max E_trunc = -1.1198e-11
chi: [256, 256, 256, 256, 256, 256]
================================================================================
INFO:tenpy.tools.params:DMRG: reading 'max_E_err'=1e-08
INFO:tenpy.tools.params:DMRG: reading 'max_S_err'=1e-05
INFO:tenpy.algorithms.dmrg:Running sweep with optimization
INFO:tenpy.algorithms.mps_common:start environment_sweep
INFO:tenpy.algorithms.dmrg:checkpoint after sweep 30
energy=0.5980091307640762, max S=1.9676906563895853, age=558, norm_err=3.4e-02
Current memory usage 270.6MB, wall time: 37.5s
Delta E = 2.1348e-02, Delta S = -6.2994e-02 (per sweep)
max trunc_err = 6.5337e-07, max E_trunc = 3.1264e-12
chi: [256, 256, 256, 255, 256, 256]
================================================================================
INFO:tenpy.algorithms.dmrg:Running sweep with optimization
INFO:tenpy.algorithms.mps_common:start environment_sweep
INFO:tenpy.algorithms.dmrg:checkpoint after sweep 40
energy=0.3840028398147173, max S=3.1967444111153580, age=738, norm_err=2.8e-02
Current memory usage 270.6MB, wall time: 43.5s
Delta E = -2.1401e-02, Delta S = 1.2762e-01 (per sweep)
max trunc_err = 5.8447e-09, max E_trunc = -6.8212e-13
chi: [256, 255, 256, 256, 256, 256]
================================================================================
INFO:tenpy.algorithms.dmrg:Running sweep with optimization
INFO:tenpy.algorithms.mps_common:start environment_sweep
INFO:tenpy.algorithms.dmrg:checkpoint after sweep 50
energy=0.6675616110247328, max S=0.2999430785271964, age=918, norm_err=1.5e-02
Current memory usage 270.6MB, wall time: 47.9s
Delta E = 2.8356e-02, Delta S = -2.8038e-01 (per sweep)
max trunc_err = 1.2759e-09, max E_trunc = -8.1684e-10
chi: [256, 256, 256, 256, 256, 256]
================================================================================
INFO:tenpy.algorithms.dmrg:Running sweep with optimization
INFO:tenpy.algorithms.mps_common:start environment_sweep
INFO:tenpy.algorithms.dmrg:checkpoint after sweep 60
energy=-0.0276667006479130, max S=3.7622357161022943, age=1098, norm_err=1.1e-02
Current memory usage 270.6MB, wall time: 42.7s
Delta E = -6.9523e-02, Delta S = 3.2805e-01 (per sweep)
max trunc_err = 2.6126e-08, max E_trunc = -2.5580e-12
chi: [256, 256, 256, 256, 256, 256]
================================================================================
INFO:tenpy.algorithms.dmrg:Running sweep with optimization
INFO:tenpy.algorithms.mps_common:start environment_sweep
INFO:tenpy.algorithms.dmrg:checkpoint after sweep 70
energy=0.2518338335724290, max S=0.7972459954529550, age=1278, norm_err=1.8e-01
Current memory usage 270.6MB, wall time: 39.1s
Delta E = 2.7950e-02, Delta S = -2.8505e-01 (per sweep)
max trunc_err = 3.1275e-08, max E_trunc = 1.2506e-12
chi: [253, 256, 256, 256, 255, 256]
================================================================================
INFO:tenpy.algorithms.dmrg:Running sweep with optimization
INFO:tenpy.algorithms.mps_common:start environment_sweep
INFO:tenpy.algorithms.dmrg:checkpoint after sweep 80
energy=0.5098661184465811, max S=2.9632577394997597, age=1458, norm_err=7.7e-02
Current memory usage 270.6MB, wall time: 40.0s
Delta E = 2.5803e-02, Delta S = 2.0974e-01 (per sweep)
max trunc_err = 8.6285e-08, max E_trunc = -2.1600e-12
chi: [256, 256, 256, 256, 256, 256]
================================================================================
INFO:tenpy.algorithms.dmrg:Running sweep with optimization
INFO:tenpy.algorithms.mps_common:start environment_sweep
INFO:tenpy.algorithms.dmrg:checkpoint after sweep 90
energy=0.5208591642579469, max S=2.0390388423422756, age=1638, norm_err=6.9e-02
Current memory usage 270.6MB, wall time: 36.9s
Delta E = 1.0993e-03, Delta S = -9.1766e-02 (per sweep)
max trunc_err = 4.2532e-08, max E_trunc = 2.3874e-12
chi: [256, 256, 256, 256, 256, 256]
================================================================================
INFO:tenpy.algorithms.dmrg:Running sweep with optimization
INFO:tenpy.algorithms.mps_common:start environment_sweep
INFO:tenpy.algorithms.dmrg:checkpoint after sweep 100
energy=0.8348014950075822, max S=3.2942223347741781, age=1818, norm_err=1.3e-01
Current memory usage 270.6MB, wall time: 46.4s
Delta E = 3.1394e-02, Delta S = 1.3088e-01 (per sweep)
max trunc_err = 2.9740e-08, max E_trunc = -2.1921e-09
chi: [256, 256, 256, 256, 256, 256]
================================================================================
INFO:tenpy.algorithms.dmrg:Running sweep with optimization
INFO:tenpy.algorithms.mps_common:start environment_sweep
INFO:tenpy.algorithms.dmrg:checkpoint after sweep 110
energy=0.4736799350471396, max S=2.5240868172379893, age=1998, norm_err=1.7e-02
Current memory usage 270.6MB, wall time: 41.1s
Delta E = -3.6112e-02, Delta S = -8.4254e-02 (per sweep)
max trunc_err = 2.7385e-08, max E_trunc = 2.0464e-12
chi: [256, 256, 256, 256, 256, 256]
================================================================================
INFO:tenpy.algorithms.mps_common:TwoSiteDMRGEngine: Maximum number of sweeps reached
INFO:tenpy.tools.params:DMRG: reading 'norm_tol'=1e-05
INFO:tenpy.tools.params:DMRG: reading 'norm_tol_final'=1e-10
INFO:tenpy.tools.params:DMRG: reading 'norm_tol_iter'=5
WARNING:tenpy.algorithms.dmrg:final DMRG state not in canonical form up to norm_tol=1.00e-05: norm_err=1.69e-02
INFO:tenpy.algorithms.mps_common:start environment_sweep
INFO:tenpy.algorithms.mps_common:start environment_sweep
INFO:tenpy.algorithms.mps_common:start environment_sweep
WARNING:tenpy.algorithms.dmrg:final DMRG state not in canonical form up to norm_tol_final=1.00e-10: norm_err=2.90e-07, calling psi.canonical_form()
INFO:tenpy.algorithms.dmrg:TwoSiteDMRGEngine finished after 110 sweeps, max chi=256
INFO:tenpy.tools.params:DMRG: reading 'max_trunc_err'=0.0001
INFO:tenpy.tools.params:MixedHofstadterLandauGauge_Pi_2: reading 'explicit_plus_hc'=False
INFO:tenpy.tools.params:MixedHofstadterLandauGauge_Pi_2: reading 'Lx'=2
INFO:tenpy.tools.params:MixedHofstadterLandauGauge_Pi_2: setting 'N_rings'=2
INFO:tenpy.tools.params:MixedHofstadterLandauGauge_Pi_2: reading 'xy_lattice'='Square'
INFO:tenpy.tools.params:MixedHofstadterLandauGauge_Pi_2: reading 'Ly'=3
INFO:tenpy.tools.params:MixedHofstadterLandauGauge_Pi_2: reading 'ring_order'=None
INFO:tenpy.tools.params:MixedHofstadterLandauGauge_Pi_2: reading 'conserve_k'=True
INFO:tenpy.tools.params:MixedHofstadterLandauGauge_Pi_2: reading 'bc_MPS'='infinite'
INFO:tenpy.tools.params:MixedHofstadterLandauGauge_Pi_2: reading 't'=-1
INFO:tenpy.tools.params:MixedHofstadterLandauGauge_Pi_2: reading 't2'=-0.25
INFO:tenpy.tools.params:MixedHofstadterLandauGauge_Pi_2: reading 'V1'=0.6
INFO:tenpy.tools.params:MixedHofstadterLandauGauge_Pi_2: reading 'phi_ext'=np.float64(2.75)
INFO:tenpy.tools.params:MixedHofstadterLandauGauge_Pi_2: reading 'sort_mpo_legs'=False
/home/t30/kna/ge54yin/Documents/MasterThesisFQHinTMDs/MPS_stuff/MPScalculations/.venv/lib/python3.12/site-packages/tenpy/tools/params.py:232: UserWarning: unused options for config MixedHofstadterLandauGauge_Pi_2:
['Delta', 'N_rings', 'Nsec', 'bc', 'chi_max', 'ktot', 'saveAll']
  warnings.warn(msg.format(keys=sorted(unused), name=self.name))
INFO:tenpy.tools.params:DMRG: reading 'active_sites'=2
INFO:tenpy.tools.params:DMRG: reading 'diag_method'='default'
INFO:tenpy.tools.params:DMRG: subconfig 'trunc_params'=Config(<5 options>, 'trunc_params')
INFO:tenpy.tools.params:DMRG: reading 'max_N_sites_per_ring'=18
INFO:tenpy.tools.params:DMRG: reading 'combine'=False
INFO:tenpy.tools.params:DMRG: subconfig 'lanczos_params'=Config(<9 options>, 'lanczos_params')
INFO:tenpy.tools.params:DMRG: reading 'chi_list'=None
INFO:tenpy.tools.params:DMRG: reading 'start_env'=1
INFO:tenpy.algorithms.mps_common:start environment_sweep
INFO:tenpy.tools.params:DMRG: reading 'N_sweeps_check'=10
INFO:tenpy.tools.params:DMRG: subconfig 'mixer_params'=Config(<3 options>, 'mixer_params')
INFO:tenpy.tools.params:DMRG: reading 'mixer'=None
INFO:tenpy.tools.params:DMRG: reading 'max_sweeps'=100
INFO:tenpy.tools.params:DMRG: reading 'max_hours'=8760
INFO:tenpy.tools.params:DMRG: reading 'P_tol_to_trunc'=0.05
INFO:tenpy.tools.params:DMRG: reading 'P_tol_min'=5.0000000000000004e-30
INFO:tenpy.tools.params:DMRG: reading 'P_tol_max'=0.0001
INFO:tenpy.tools.params:DMRG: reading 'E_tol_to_trunc'=None
INFO:tenpy.algorithms.dmrg:Running sweep with optimization
INFO:tenpy.tools.params:DMRG: reading 'max_N_for_ED'=400
INFO:tenpy.tools.params:DMRG: reading 'update_env'=5
INFO:tenpy.algorithms.mps_common:start environment_sweep
INFO:tenpy.algorithms.dmrg:checkpoint after sweep 10
energy=0.2594553073790126, max S=0.6637331611593548, age=198, norm_err=7.5e-02
Current memory usage 270.6MB, wall time: 41.0s
Delta E = nan, Delta S = -1.7504e-01 (per sweep)
max trunc_err = 2.2499e-08, max E_trunc = 1.3216e-12
chi: [256, 256, 256, 256, 256, 256]
================================================================================
INFO:tenpy.algorithms.dmrg:Running sweep with optimization
INFO:tenpy.algorithms.mps_common:start environment_sweep
INFO:tenpy.algorithms.dmrg:checkpoint after sweep 20
energy=0.4829929101834196, max S=2.1367222764360170, age=378, norm_err=1.4e-01
Current memory usage 270.6MB, wall time: 46.2s
Delta E = 2.2354e-02, Delta S = 1.3544e-01 (per sweep)
max trunc_err = 1.2109e-08, max E_trunc = -2.4292e-10
chi: [256, 256, 256, 256, 256, 256]
================================================================================
INFO:tenpy.tools.params:DMRG: reading 'max_E_err'=1e-08
INFO:tenpy.tools.params:DMRG: reading 'max_S_err'=1e-05
INFO:tenpy.algorithms.dmrg:Running sweep with optimization
INFO:tenpy.algorithms.mps_common:start environment_sweep
INFO:tenpy.algorithms.dmrg:checkpoint after sweep 30
energy=-0.0683252952812363, max S=3.7686668230785054, age=558, norm_err=1.2e-02
Current memory usage 270.6MB, wall time: 40.0s
Delta E = -5.5132e-02, Delta S = 1.6464e-01 (per sweep)
max trunc_err = 9.3172e-08, max E_trunc = -8.5265e-12
chi: [256, 256, 256, 256, 256, 256]
================================================================================
INFO:tenpy.algorithms.dmrg:Running sweep with optimization
INFO:tenpy.algorithms.mps_common:start environment_sweep
INFO:tenpy.algorithms.dmrg:checkpoint after sweep 40
energy=0.4094086936060866, max S=1.8183160259290028, age=738, norm_err=4.6e-02
Current memory usage 270.6MB, wall time: 36.3s
Delta E = 4.7773e-02, Delta S = -1.9883e-01 (per sweep)
max trunc_err = 2.1953e-08, max E_trunc = 1.9327e-12
chi: [256, 256, 256, 256, 256, 256]
================================================================================
INFO:tenpy.algorithms.dmrg:Running sweep with optimization
INFO:tenpy.algorithms.mps_common:start environment_sweep
INFO:tenpy.algorithms.dmrg:checkpoint after sweep 50
energy=0.6856984504620698, max S=3.1657495321628470, age=918, norm_err=9.2e-02
Current memory usage 270.6MB, wall time: 47.1s
Delta E = 2.7629e-02, Delta S = 1.2761e-01 (per sweep)
max trunc_err = 3.6872e-09, max E_trunc = -2.2300e-10
chi: [256, 256, 256, 256, 256, 256]
================================================================================
INFO:tenpy.algorithms.dmrg:Running sweep with optimization
INFO:tenpy.algorithms.mps_common:start environment_sweep
INFO:tenpy.algorithms.dmrg:checkpoint after sweep 60
energy=0.4569828535008658, max S=2.2138290053915703, age=1098, norm_err=1.5e-01
Current memory usage 270.6MB, wall time: 46.3s
Delta E = -2.2872e-02, Delta S = -7.1166e-02 (per sweep)
max trunc_err = 6.2702e-09, max E_trunc = -2.9081e-10
chi: [256, 256, 256, 256, 256, 256]
================================================================================
INFO:tenpy.algorithms.dmrg:Running sweep with optimization
INFO:tenpy.algorithms.mps_common:start environment_sweep
INFO:tenpy.algorithms.dmrg:checkpoint after sweep 70
energy=0.2194447962255405, max S=0.7649838807653041, age=1278, norm_err=3.3e-03
Current memory usage 270.6MB, wall time: 40.4s
Delta E = -2.3754e-02, Delta S = -1.6595e-01 (per sweep)
max trunc_err = 6.2054e-08, max E_trunc = 1.8190e-12
chi: [253, 255, 255, 256, 254, 256]
================================================================================
INFO:tenpy.algorithms.dmrg:Running sweep with optimization
INFO:tenpy.algorithms.mps_common:start environment_sweep
INFO:tenpy.algorithms.dmrg:checkpoint after sweep 80
energy=0.4730476590637238, max S=3.1978588300123563, age=1458, norm_err=2.6e-02
Current memory usage 270.6MB, wall time: 44.7s
Delta E = 2.5360e-02, Delta S = 2.4840e-01 (per sweep)
max trunc_err = 1.7703e-08, max E_trunc = 1.7053e-12
chi: [256, 255, 256, 255, 256, 256]
================================================================================
INFO:tenpy.algorithms.dmrg:Running sweep with optimization
INFO:tenpy.algorithms.mps_common:start environment_sweep
INFO:tenpy.algorithms.dmrg:checkpoint after sweep 90
energy=0.5762993131404244, max S=1.0126965411398017, age=1638, norm_err=9.9e-03
Current memory usage 270.6MB, wall time: 40.8s
Delta E = 1.0325e-02, Delta S = -2.1544e-01 (per sweep)
max trunc_err = 5.0601e-08, max E_trunc = 5.6843e-13
chi: [256, 256, 256, 256, 256, 256]
================================================================================
INFO:tenpy.algorithms.dmrg:Running sweep with optimization
INFO:tenpy.algorithms.mps_common:start environment_sweep
INFO:tenpy.algorithms.dmrg:checkpoint after sweep 100
energy=0.4335914354710060, max S=1.3394412394718600, age=1818, norm_err=1.2e-01
Current memory usage 270.6MB, wall time: 44.8s
Delta E = -1.4271e-02, Delta S = 2.8269e-02 (per sweep)
max trunc_err = 7.0358e-09, max E_trunc = -1.4002e-09
chi: [256, 256, 256, 256, 256, 256]
================================================================================
INFO:tenpy.algorithms.dmrg:Running sweep with optimization
INFO:tenpy.algorithms.mps_common:start environment_sweep
INFO:tenpy.algorithms.dmrg:checkpoint after sweep 110
energy=0.1744259082638185, max S=3.7659242826808335, age=1998, norm_err=4.4e-02
Current memory usage 270.6MB, wall time: 40.8s
Delta E = -2.5917e-02, Delta S = 2.4276e-01 (per sweep)
max trunc_err = 1.0718e-07, max E_trunc = -2.0464e-12
chi: [256, 256, 256, 256, 256, 256]
================================================================================
INFO:tenpy.algorithms.mps_common:TwoSiteDMRGEngine: Maximum number of sweeps reached
INFO:tenpy.tools.params:DMRG: reading 'norm_tol'=1e-05
INFO:tenpy.tools.params:DMRG: reading 'norm_tol_final'=1e-10
INFO:tenpy.tools.params:DMRG: reading 'norm_tol_iter'=5
WARNING:tenpy.algorithms.dmrg:final DMRG state not in canonical form up to norm_tol=1.00e-05: norm_err=4.38e-02
INFO:tenpy.algorithms.mps_common:start environment_sweep
INFO:tenpy.algorithms.mps_common:start environment_sweep
INFO:tenpy.algorithms.mps_common:start environment_sweep
INFO:tenpy.algorithms.mps_common:start environment_sweep
INFO:tenpy.algorithms.mps_common:start environment_sweep
WARNING:tenpy.algorithms.dmrg:norm_err=5.68e-04 still too high after environment_sweeps
WARNING:tenpy.algorithms.dmrg:final DMRG state not in canonical form up to norm_tol_final=1.00e-10: norm_err=5.68e-04, calling psi.canonical_form()
INFO:tenpy.algorithms.dmrg:TwoSiteDMRGEngine finished after 110 sweeps, max chi=256
INFO:tenpy.tools.params:DMRG: reading 'max_trunc_err'=0.0001
INFO:tenpy.tools.params:MixedHofstadterLandauGauge_Pi_2: reading 'explicit_plus_hc'=False
INFO:tenpy.tools.params:MixedHofstadterLandauGauge_Pi_2: reading 'Lx'=2
INFO:tenpy.tools.params:MixedHofstadterLandauGauge_Pi_2: setting 'N_rings'=2
INFO:tenpy.tools.params:MixedHofstadterLandauGauge_Pi_2: reading 'xy_lattice'='Square'
INFO:tenpy.tools.params:MixedHofstadterLandauGauge_Pi_2: reading 'Ly'=3
INFO:tenpy.tools.params:MixedHofstadterLandauGauge_Pi_2: reading 'ring_order'=None
INFO:tenpy.tools.params:MixedHofstadterLandauGauge_Pi_2: reading 'conserve_k'=True
INFO:tenpy.tools.params:MixedHofstadterLandauGauge_Pi_2: reading 'bc_MPS'='infinite'
INFO:tenpy.tools.params:MixedHofstadterLandauGauge_Pi_2: reading 't'=-1
INFO:tenpy.tools.params:MixedHofstadterLandauGauge_Pi_2: reading 't2'=-0.25
INFO:tenpy.tools.params:MixedHofstadterLandauGauge_Pi_2: reading 'V1'=0.6
INFO:tenpy.tools.params:MixedHofstadterLandauGauge_Pi_2: reading 'phi_ext'=np.float64(2.8000000000000003)
INFO:tenpy.tools.params:MixedHofstadterLandauGauge_Pi_2: reading 'sort_mpo_legs'=False
/home/t30/kna/ge54yin/Documents/MasterThesisFQHinTMDs/MPS_stuff/MPScalculations/.venv/lib/python3.12/site-packages/tenpy/tools/params.py:232: UserWarning: unused options for config MixedHofstadterLandauGauge_Pi_2:
['Delta', 'N_rings', 'Nsec', 'bc', 'chi_max', 'ktot', 'saveAll']
  warnings.warn(msg.format(keys=sorted(unused), name=self.name))
INFO:tenpy.tools.params:DMRG: reading 'active_sites'=2
INFO:tenpy.tools.params:DMRG: reading 'diag_method'='default'
INFO:tenpy.tools.params:DMRG: subconfig 'trunc_params'=Config(<5 options>, 'trunc_params')
INFO:tenpy.tools.params:DMRG: reading 'max_N_sites_per_ring'=18
INFO:tenpy.tools.params:DMRG: reading 'combine'=False
INFO:tenpy.tools.params:DMRG: subconfig 'lanczos_params'=Config(<9 options>, 'lanczos_params')
INFO:tenpy.tools.params:DMRG: reading 'chi_list'=None
INFO:tenpy.tools.params:DMRG: reading 'start_env'=1
INFO:tenpy.algorithms.mps_common:start environment_sweep
INFO:tenpy.tools.params:DMRG: reading 'N_sweeps_check'=10
INFO:tenpy.tools.params:DMRG: subconfig 'mixer_params'=Config(<3 options>, 'mixer_params')
INFO:tenpy.tools.params:DMRG: reading 'mixer'=None
INFO:tenpy.tools.params:DMRG: reading 'max_sweeps'=100
INFO:tenpy.tools.params:DMRG: reading 'max_hours'=8760
INFO:tenpy.tools.params:DMRG: reading 'P_tol_to_trunc'=0.05
INFO:tenpy.tools.params:DMRG: reading 'P_tol_min'=5.0000000000000004e-30
INFO:tenpy.tools.params:DMRG: reading 'P_tol_max'=0.0001
INFO:tenpy.tools.params:DMRG: reading 'E_tol_to_trunc'=None
INFO:tenpy.algorithms.dmrg:Running sweep with optimization
INFO:tenpy.tools.params:DMRG: reading 'max_N_for_ED'=400
INFO:tenpy.tools.params:DMRG: reading 'update_env'=5
INFO:tenpy.algorithms.mps_common:start environment_sweep
INFO:tenpy.algorithms.dmrg:checkpoint after sweep 10
energy=0.5213236162291371, max S=0.7091389423564322, age=198, norm_err=1.0e-01
Current memory usage 270.6MB, wall time: 47.5s
Delta E = nan, Delta S = -1.0935e-01 (per sweep)
max trunc_err = 1.6348e-08, max E_trunc = 7.4749e-12
chi: [256, 256, 256, 256, 256, 256]
================================================================================
INFO:tenpy.algorithms.dmrg:Running sweep with optimization
INFO:tenpy.algorithms.mps_common:start environment_sweep
INFO:tenpy.algorithms.dmrg:checkpoint after sweep 20
energy=0.4187234786187990, max S=2.5441940353239110, age=378, norm_err=1.1e-01
Current memory usage 270.6MB, wall time: 47.4s
Delta E = -1.0260e-02, Delta S = 1.6666e-01 (per sweep)
max trunc_err = 8.3765e-09, max E_trunc = -1.4738e-09
chi: [256, 256, 256, 256, 256, 256]
================================================================================
INFO:tenpy.tools.params:DMRG: reading 'max_E_err'=1e-08
INFO:tenpy.tools.params:DMRG: reading 'max_S_err'=1e-05
INFO:tenpy.algorithms.dmrg:Running sweep with optimization
INFO:tenpy.algorithms.mps_common:start environment_sweep
INFO:tenpy.algorithms.dmrg:checkpoint after sweep 30
energy=-0.1073606654713378, max S=3.7831302299842946, age=558, norm_err=6.8e-03
Current memory usage 270.6MB, wall time: 39.7s
Delta E = -5.2608e-02, Delta S = 1.2670e-01 (per sweep)
max trunc_err = 4.9891e-08, max E_trunc = -6.0822e-12
chi: [256, 256, 256, 256, 256, 256]
================================================================================
INFO:tenpy.algorithms.dmrg:Running sweep with optimization
INFO:tenpy.algorithms.mps_common:start environment_sweep
INFO:tenpy.algorithms.dmrg:checkpoint after sweep 40
energy=0.1393613657886069, max S=3.5046786973002533, age=738, norm_err=3.7e-02
Current memory usage 270.6MB, wall time: 37.0s
Delta E = 2.4672e-02, Delta S = -2.3458e-02 (per sweep)
max trunc_err = 4.2143e-08, max E_trunc = -2.2567e-11
chi: [256, 256, 256, 256, 256, 256]
================================================================================
INFO:tenpy.algorithms.dmrg:Running sweep with optimization
INFO:tenpy.algorithms.mps_common:start environment_sweep
INFO:tenpy.algorithms.dmrg:checkpoint after sweep 50
energy=0.3831245475452600, max S=1.0882124354741722, age=918, norm_err=2.4e-01
Current memory usage 270.6MB, wall time: 43.4s
Delta E = 2.4376e-02, Delta S = -2.3683e-01 (per sweep)
max trunc_err = 5.3313e-09, max E_trunc = -5.3205e-11
chi: [256, 254, 256, 256, 256, 256]
================================================================================
INFO:tenpy.algorithms.dmrg:Running sweep with optimization
INFO:tenpy.algorithms.mps_common:start environment_sweep
INFO:tenpy.algorithms.dmrg:checkpoint after sweep 60
energy=0.5309206756769337, max S=1.2485049813566549, age=1098, norm_err=1.5e-01
Current memory usage 270.6MB, wall time: 39.8s
Delta E = 1.4780e-02, Delta S = 2.3532e-02 (per sweep)
max trunc_err = 4.7669e-08, max E_trunc = -4.5475e-12
chi: [256, 256, 256, 256, 256, 256]
================================================================================
INFO:tenpy.algorithms.dmrg:Running sweep with optimization
INFO:tenpy.algorithms.mps_common:start environment_sweep
INFO:tenpy.algorithms.dmrg:checkpoint after sweep 70
energy=0.4973393866728581, max S=2.4641181784635098, age=1278, norm_err=1.3e-01
Current memory usage 270.6MB, wall time: 44.6s
Delta E = -3.3581e-03, Delta S = 1.1362e-01 (per sweep)
max trunc_err = 1.7274e-08, max E_trunc = -1.0778e-10
chi: [256, 256, 256, 255, 256, 256]
================================================================================
INFO:tenpy.algorithms.dmrg:Running sweep with optimization
INFO:tenpy.algorithms.mps_common:start environment_sweep
INFO:tenpy.algorithms.dmrg:checkpoint after sweep 80
energy=0.5494044328939841, max S=1.8143201863798364, age=1458, norm_err=4.4e-02
Current memory usage 270.6MB, wall time: 41.0s
Delta E = 5.2065e-03, Delta S = -6.4998e-02 (per sweep)
max trunc_err = 2.5023e-08, max E_trunc = 1.8190e-12
chi: [256, 256, 256, 256, 256, 256]
================================================================================
INFO:tenpy.algorithms.dmrg:Running sweep with optimization
INFO:tenpy.algorithms.mps_common:start environment_sweep
INFO:tenpy.algorithms.dmrg:checkpoint after sweep 90
energy=0.5951156095740279, max S=1.9229705135140405, age=1638, norm_err=3.1e-01
Current memory usage 270.6MB, wall time: 45.9s
Delta E = 4.5711e-03, Delta S = 7.8267e-03 (per sweep)
max trunc_err = 3.3087e-09, max E_trunc = -4.1496e-11
chi: [256, 256, 256, 256, 256, 256]
================================================================================
INFO:tenpy.algorithms.dmrg:Running sweep with optimization
INFO:tenpy.algorithms.mps_common:start environment_sweep
INFO:tenpy.algorithms.dmrg:checkpoint after sweep 100
energy=0.4867585341073569, max S=2.5428172896676373, age=1818, norm_err=1.4e-01
Current memory usage 270.6MB, wall time: 45.3s
Delta E = -1.0836e-02, Delta S = 6.5093e-02 (per sweep)
max trunc_err = 1.8820e-08, max E_trunc = -2.0680e-10
chi: [256, 256, 256, 256, 256, 256]
================================================================================
INFO:tenpy.algorithms.dmrg:Running sweep with optimization
INFO:tenpy.algorithms.mps_common:start environment_sweep
INFO:tenpy.algorithms.dmrg:checkpoint after sweep 110
energy=0.4132435778683051, max S=2.2076651271645069, age=1998, norm_err=7.6e-02
Current memory usage 270.6MB, wall time: 40.1s
Delta E = -7.3515e-03, Delta S = -4.3546e-02 (per sweep)
max trunc_err = 2.1961e-08, max E_trunc = 1.9327e-12
chi: [256, 256, 256, 256, 256, 256]
================================================================================
INFO:tenpy.algorithms.mps_common:TwoSiteDMRGEngine: Maximum number of sweeps reached
INFO:tenpy.tools.params:DMRG: reading 'norm_tol'=1e-05
INFO:tenpy.tools.params:DMRG: reading 'norm_tol_final'=1e-10
INFO:tenpy.tools.params:DMRG: reading 'norm_tol_iter'=5
WARNING:tenpy.algorithms.dmrg:final DMRG state not in canonical form up to norm_tol=1.00e-05: norm_err=7.56e-02
INFO:tenpy.algorithms.mps_common:start environment_sweep
INFO:tenpy.algorithms.mps_common:start environment_sweep
INFO:tenpy.algorithms.mps_common:start environment_sweep
WARNING:tenpy.algorithms.dmrg:final DMRG state not in canonical form up to norm_tol_final=1.00e-10: norm_err=9.72e-06, calling psi.canonical_form()
INFO:tenpy.algorithms.dmrg:TwoSiteDMRGEngine finished after 110 sweeps, max chi=256
INFO:tenpy.tools.params:DMRG: reading 'max_trunc_err'=0.0001
INFO:tenpy.tools.params:MixedHofstadterLandauGauge_Pi_2: reading 'explicit_plus_hc'=False
INFO:tenpy.tools.params:MixedHofstadterLandauGauge_Pi_2: reading 'Lx'=2
INFO:tenpy.tools.params:MixedHofstadterLandauGauge_Pi_2: setting 'N_rings'=2
INFO:tenpy.tools.params:MixedHofstadterLandauGauge_Pi_2: reading 'xy_lattice'='Square'
INFO:tenpy.tools.params:MixedHofstadterLandauGauge_Pi_2: reading 'Ly'=3
INFO:tenpy.tools.params:MixedHofstadterLandauGauge_Pi_2: reading 'ring_order'=None
INFO:tenpy.tools.params:MixedHofstadterLandauGauge_Pi_2: reading 'conserve_k'=True
INFO:tenpy.tools.params:MixedHofstadterLandauGauge_Pi_2: reading 'bc_MPS'='infinite'
INFO:tenpy.tools.params:MixedHofstadterLandauGauge_Pi_2: reading 't'=-1
INFO:tenpy.tools.params:MixedHofstadterLandauGauge_Pi_2: reading 't2'=-0.25
INFO:tenpy.tools.params:MixedHofstadterLandauGauge_Pi_2: reading 'V1'=0.6
INFO:tenpy.tools.params:MixedHofstadterLandauGauge_Pi_2: reading 'phi_ext'=np.float64(2.85)
INFO:tenpy.tools.params:MixedHofstadterLandauGauge_Pi_2: reading 'sort_mpo_legs'=False
/home/t30/kna/ge54yin/Documents/MasterThesisFQHinTMDs/MPS_stuff/MPScalculations/.venv/lib/python3.12/site-packages/tenpy/tools/params.py:232: UserWarning: unused options for config MixedHofstadterLandauGauge_Pi_2:
['Delta', 'N_rings', 'Nsec', 'bc', 'chi_max', 'ktot', 'saveAll']
  warnings.warn(msg.format(keys=sorted(unused), name=self.name))
INFO:tenpy.tools.params:DMRG: reading 'active_sites'=2
INFO:tenpy.tools.params:DMRG: reading 'diag_method'='default'
INFO:tenpy.tools.params:DMRG: subconfig 'trunc_params'=Config(<5 options>, 'trunc_params')
INFO:tenpy.tools.params:DMRG: reading 'max_N_sites_per_ring'=18
INFO:tenpy.tools.params:DMRG: reading 'combine'=False
INFO:tenpy.tools.params:DMRG: subconfig 'lanczos_params'=Config(<9 options>, 'lanczos_params')
INFO:tenpy.tools.params:DMRG: reading 'chi_list'=None
INFO:tenpy.tools.params:DMRG: reading 'start_env'=1
INFO:tenpy.algorithms.mps_common:start environment_sweep
INFO:tenpy.tools.params:DMRG: reading 'N_sweeps_check'=10
INFO:tenpy.tools.params:DMRG: subconfig 'mixer_params'=Config(<3 options>, 'mixer_params')
INFO:tenpy.tools.params:DMRG: reading 'mixer'=None
INFO:tenpy.tools.params:DMRG: reading 'max_sweeps'=100
INFO:tenpy.tools.params:DMRG: reading 'max_hours'=8760
INFO:tenpy.tools.params:DMRG: reading 'P_tol_to_trunc'=0.05
INFO:tenpy.tools.params:DMRG: reading 'P_tol_min'=5.0000000000000004e-30
INFO:tenpy.tools.params:DMRG: reading 'P_tol_max'=0.0001
INFO:tenpy.tools.params:DMRG: reading 'E_tol_to_trunc'=None
INFO:tenpy.algorithms.dmrg:Running sweep with optimization
INFO:tenpy.tools.params:DMRG: reading 'max_N_for_ED'=400
INFO:tenpy.tools.params:DMRG: reading 'update_env'=5
INFO:tenpy.algorithms.mps_common:start environment_sweep
INFO:tenpy.algorithms.dmrg:checkpoint after sweep 10
energy=0.6783592452568487, max S=2.3780595609216895, age=198, norm_err=9.4e-02
Current memory usage 270.6MB, wall time: 44.5s
Delta E = nan, Delta S = 1.1235e-01 (per sweep)
max trunc_err = 1.0827e-08, max E_trunc = -1.0079e-09
chi: [256, 256, 256, 256, 256, 256]
================================================================================
INFO:tenpy.algorithms.dmrg:Running sweep with optimization
INFO:tenpy.algorithms.mps_common:start environment_sweep
INFO:tenpy.algorithms.dmrg:checkpoint after sweep 20
energy=0.3404731580597229, max S=1.6162558686073265, age=378, norm_err=7.7e-02
Current memory usage 270.6MB, wall time: 40.7s
Delta E = -3.3789e-02, Delta S = -8.1276e-02 (per sweep)
max trunc_err = 2.8705e-08, max E_trunc = 1.1369e-12
chi: [256, 256, 256, 256, 256, 256]
================================================================================
INFO:tenpy.tools.params:DMRG: reading 'max_E_err'=1e-08
INFO:tenpy.tools.params:DMRG: reading 'max_S_err'=1e-05
INFO:tenpy.algorithms.dmrg:Running sweep with optimization
INFO:tenpy.algorithms.mps_common:start environment_sweep
INFO:tenpy.algorithms.dmrg:checkpoint after sweep 30
energy=0.3568710333231688, max S=2.8978807207101696, age=558, norm_err=2.6e-02
Current memory usage 270.6MB, wall time: 46.1s
Delta E = 1.6398e-03, Delta S = 1.4293e-01 (per sweep)
max trunc_err = 2.4948e-08, max E_trunc = -1.3733e-10
chi: [256, 256, 256, 255, 256, 256]
================================================================================
INFO:tenpy.algorithms.dmrg:Running sweep with optimization
INFO:tenpy.algorithms.mps_common:start environment_sweep
INFO:tenpy.algorithms.dmrg:checkpoint after sweep 40
energy=0.5632334075971528, max S=0.6571150838832425, age=738, norm_err=5.0e-02
Current memory usage 270.6MB, wall time: 47.4s
Delta E = 2.0636e-02, Delta S = -2.3127e-01 (per sweep)
max trunc_err = 3.7223e-09, max E_trunc = -1.2221e-11
chi: [256, 256, 256, 256, 256, 256]
================================================================================
INFO:tenpy.algorithms.dmrg:Running sweep with optimization
INFO:tenpy.algorithms.mps_common:start environment_sweep
INFO:tenpy.algorithms.dmrg:checkpoint after sweep 50
energy=0.5827737820859653, max S=1.7488037624745405, age=918, norm_err=1.0e-01
Current memory usage 270.6MB, wall time: 46.2s
Delta E = 1.9540e-03, Delta S = 1.0784e-01 (per sweep)
max trunc_err = 1.6001e-09, max E_trunc = -3.1747e-10
chi: [256, 256, 256, 256, 256, 256]
================================================================================
INFO:tenpy.algorithms.dmrg:Running sweep with optimization
INFO:tenpy.algorithms.mps_common:start environment_sweep
INFO:tenpy.algorithms.dmrg:checkpoint after sweep 60
energy=0.5864727816031253, max S=3.8562664775223290, age=1098, norm_err=5.0e-02
Current memory usage 270.6MB, wall time: 47.4s
Delta E = 3.6990e-04, Delta S = 2.2086e-01 (per sweep)
max trunc_err = 3.3941e-08, max E_trunc = -1.4602e-09
chi: [256, 256, 256, 256, 256, 256]
================================================================================
INFO:tenpy.algorithms.dmrg:Running sweep with optimization
INFO:tenpy.algorithms.mps_common:start environment_sweep
INFO:tenpy.algorithms.dmrg:checkpoint after sweep 70
energy=0.3056145217488222, max S=1.4872141232541396, age=1278, norm_err=3.0e-01
Current memory usage 270.6MB, wall time: 48.7s
Delta E = -2.8086e-02, Delta S = -2.4345e-01 (per sweep)
max trunc_err = 2.7780e-09, max E_trunc = -1.3027e-09
chi: [256, 256, 256, 256, 256, 256]
================================================================================
INFO:tenpy.algorithms.dmrg:Running sweep with optimization
INFO:tenpy.algorithms.mps_common:start environment_sweep
INFO:tenpy.algorithms.dmrg:checkpoint after sweep 80
energy=0.3788576051892960, max S=0.5107896137894782, age=1458, norm_err=2.2e-05
Current memory usage 270.6MB, wall time: 41.4s
Delta E = 7.3243e-03, Delta S = -1.0165e-01 (per sweep)
max trunc_err = 3.2950e-07, max E_trunc = 1.4779e-12
chi: [246, 229, 235, 252, 254, 256]
================================================================================
INFO:tenpy.algorithms.dmrg:Running sweep with optimization
INFO:tenpy.algorithms.mps_common:start environment_sweep
INFO:tenpy.algorithms.dmrg:checkpoint after sweep 90
energy=0.7941851153776819, max S=2.7864699069624903, age=1638, norm_err=1.2e-01
Current memory usage 270.6MB, wall time: 42.3s
Delta E = 4.1533e-02, Delta S = 2.3466e-01 (per sweep)
max trunc_err = 1.6598e-08, max E_trunc = -8.5936e-10
chi: [256, 256, 256, 255, 256, 256]
================================================================================
INFO:tenpy.algorithms.dmrg:Running sweep with optimization
INFO:tenpy.algorithms.mps_common:start environment_sweep
INFO:tenpy.algorithms.dmrg:checkpoint after sweep 100
energy=0.2957578663608918, max S=1.8891601431895930, age=1818, norm_err=7.2e-02
Current memory usage 270.6MB, wall time: 40.7s
Delta E = -4.9843e-02, Delta S = -9.7223e-02 (per sweep)
max trunc_err = 1.8045e-08, max E_trunc = -1.4779e-12
chi: [256, 256, 256, 256, 256, 256]
================================================================================
INFO:tenpy.algorithms.dmrg:Running sweep with optimization
INFO:tenpy.algorithms.mps_common:start environment_sweep
INFO:tenpy.algorithms.dmrg:checkpoint after sweep 110
energy=0.7846470703872038, max S=0.6607702309542911, age=1998, norm_err=1.7e-03
Current memory usage 270.6MB, wall time: 40.9s
Delta E = 4.8889e-02, Delta S = -1.2836e-01 (per sweep)
max trunc_err = 3.3511e-08, max E_trunc = 2.5011e-12
chi: [256, 256, 256, 256, 256, 256]
================================================================================
INFO:tenpy.algorithms.mps_common:TwoSiteDMRGEngine: Maximum number of sweeps reached
INFO:tenpy.tools.params:DMRG: reading 'norm_tol'=1e-05
INFO:tenpy.tools.params:DMRG: reading 'norm_tol_final'=1e-10
INFO:tenpy.tools.params:DMRG: reading 'norm_tol_iter'=5
WARNING:tenpy.algorithms.dmrg:final DMRG state not in canonical form up to norm_tol=1.00e-05: norm_err=1.68e-03
INFO:tenpy.algorithms.mps_common:start environment_sweep
WARNING:tenpy.algorithms.dmrg:final DMRG state not in canonical form up to norm_tol_final=1.00e-10: norm_err=9.60e-06, calling psi.canonical_form()
WARNING:tenpy.networks.mps:canonical_form_infinite: project to significantly smaller chi
WARNING:tenpy.networks.mps:canonical_form_infinite: project to significantly smaller chi
WARNING:tenpy.networks.mps:canonical_form_infinite: project to significantly smaller chi
WARNING:tenpy.networks.mps:canonical_form_infinite: project to significantly smaller chi
WARNING:tenpy.networks.mps:canonical_form_infinite: project to significantly smaller chi
WARNING:tenpy.networks.mps:canonical_form_infinite: project to significantly smaller chi
WARNING:tenpy.networks.mps:canonical_form_infinite: project to significantly smaller chi
INFO:tenpy.algorithms.dmrg:TwoSiteDMRGEngine finished after 110 sweeps, max chi=97
INFO:tenpy.tools.params:DMRG: reading 'max_trunc_err'=0.0001
INFO:tenpy.tools.params:MixedHofstadterLandauGauge_Pi_2: reading 'explicit_plus_hc'=False
INFO:tenpy.tools.params:MixedHofstadterLandauGauge_Pi_2: reading 'Lx'=2
INFO:tenpy.tools.params:MixedHofstadterLandauGauge_Pi_2: setting 'N_rings'=2
INFO:tenpy.tools.params:MixedHofstadterLandauGauge_Pi_2: reading 'xy_lattice'='Square'
INFO:tenpy.tools.params:MixedHofstadterLandauGauge_Pi_2: reading 'Ly'=3
INFO:tenpy.tools.params:MixedHofstadterLandauGauge_Pi_2: reading 'ring_order'=None
INFO:tenpy.tools.params:MixedHofstadterLandauGauge_Pi_2: reading 'conserve_k'=True
INFO:tenpy.tools.params:MixedHofstadterLandauGauge_Pi_2: reading 'bc_MPS'='infinite'
INFO:tenpy.tools.params:MixedHofstadterLandauGauge_Pi_2: reading 't'=-1
INFO:tenpy.tools.params:MixedHofstadterLandauGauge_Pi_2: reading 't2'=-0.25
INFO:tenpy.tools.params:MixedHofstadterLandauGauge_Pi_2: reading 'V1'=0.6
INFO:tenpy.tools.params:MixedHofstadterLandauGauge_Pi_2: reading 'phi_ext'=np.float64(2.9000000000000004)
INFO:tenpy.tools.params:MixedHofstadterLandauGauge_Pi_2: reading 'sort_mpo_legs'=False
/home/t30/kna/ge54yin/Documents/MasterThesisFQHinTMDs/MPS_stuff/MPScalculations/.venv/lib/python3.12/site-packages/tenpy/tools/params.py:232: UserWarning: unused options for config MixedHofstadterLandauGauge_Pi_2:
['Delta', 'N_rings', 'Nsec', 'bc', 'chi_max', 'ktot', 'saveAll']
  warnings.warn(msg.format(keys=sorted(unused), name=self.name))
INFO:tenpy.tools.params:DMRG: reading 'active_sites'=2
INFO:tenpy.tools.params:DMRG: reading 'diag_method'='default'
INFO:tenpy.tools.params:DMRG: subconfig 'trunc_params'=Config(<5 options>, 'trunc_params')
INFO:tenpy.tools.params:DMRG: reading 'max_N_sites_per_ring'=18
INFO:tenpy.tools.params:DMRG: reading 'combine'=False
INFO:tenpy.tools.params:DMRG: subconfig 'lanczos_params'=Config(<9 options>, 'lanczos_params')
INFO:tenpy.tools.params:DMRG: reading 'chi_list'=None
INFO:tenpy.tools.params:DMRG: reading 'start_env'=1
INFO:tenpy.algorithms.mps_common:start environment_sweep
INFO:tenpy.tools.params:DMRG: reading 'N_sweeps_check'=10
INFO:tenpy.tools.params:DMRG: subconfig 'mixer_params'=Config(<3 options>, 'mixer_params')
INFO:tenpy.tools.params:DMRG: reading 'mixer'=None
INFO:tenpy.tools.params:DMRG: reading 'max_sweeps'=100
INFO:tenpy.tools.params:DMRG: reading 'max_hours'=8760
INFO:tenpy.tools.params:DMRG: reading 'P_tol_to_trunc'=0.05
INFO:tenpy.tools.params:DMRG: reading 'P_tol_min'=5.0000000000000004e-30
INFO:tenpy.tools.params:DMRG: reading 'P_tol_max'=0.0001
INFO:tenpy.tools.params:DMRG: reading 'E_tol_to_trunc'=None
INFO:tenpy.algorithms.dmrg:Running sweep with optimization
INFO:tenpy.tools.params:DMRG: reading 'max_N_for_ED'=400
INFO:tenpy.tools.params:DMRG: reading 'update_env'=5
INFO:tenpy.algorithms.mps_common:start environment_sweep
INFO:tenpy.algorithms.dmrg:checkpoint after sweep 10
energy=0.4805287473700008, max S=2.7789373220928848, age=198, norm_err=7.7e-02
Current memory usage 270.6MB, wall time: 46.3s
Delta E = nan, Delta S = 2.1944e-01 (per sweep)
max trunc_err = 2.5111e-09, max E_trunc = -8.4333e-10
chi: [256, 256, 256, 256, 256, 256]
================================================================================
INFO:tenpy.algorithms.dmrg:Running sweep with optimization
INFO:tenpy.algorithms.mps_common:start environment_sweep
INFO:tenpy.algorithms.dmrg:checkpoint after sweep 20
energy=0.5325298701792013, max S=1.7886139449803715, age=378, norm_err=6.4e-02
Current memory usage 270.6MB, wall time: 42.7s
Delta E = 5.2001e-03, Delta S = -8.5221e-02 (per sweep)
max trunc_err = 4.4715e-07, max E_trunc = 8.2423e-13
chi: [256, 256, 256, 256, 256, 256]
================================================================================
INFO:tenpy.tools.params:DMRG: reading 'max_E_err'=1e-08
INFO:tenpy.tools.params:DMRG: reading 'max_S_err'=1e-05
INFO:tenpy.algorithms.dmrg:Running sweep with optimization
INFO:tenpy.algorithms.mps_common:start environment_sweep
INFO:tenpy.algorithms.dmrg:checkpoint after sweep 30
energy=0.5351575565600891, max S=1.7529737283422606, age=558, norm_err=7.8e-02
Current memory usage 270.6MB, wall time: 37.9s
Delta E = 2.6277e-04, Delta S = -2.0875e-02 (per sweep)
max trunc_err = 4.7054e-08, max E_trunc = 9.4360e-12
chi: [256, 255, 256, 256, 256, 256]
================================================================================
INFO:tenpy.algorithms.dmrg:Running sweep with optimization
INFO:tenpy.algorithms.mps_common:start environment_sweep
INFO:tenpy.algorithms.dmrg:checkpoint after sweep 40
energy=0.0724794600336007, max S=3.5540135203884158, age=738, norm_err=6.1e-03
Current memory usage 270.6MB, wall time: 40.9s
Delta E = -4.6268e-02, Delta S = 1.7141e-01 (per sweep)
max trunc_err = 5.4011e-08, max E_trunc = -9.0949e-12
chi: [256, 256, 256, 256, 256, 256]
================================================================================
INFO:tenpy.algorithms.dmrg:Running sweep with optimization
INFO:tenpy.algorithms.mps_common:start environment_sweep
INFO:tenpy.algorithms.dmrg:checkpoint after sweep 50
energy=-0.0820672215561823, max S=2.6249244298280336, age=918, norm_err=8.6e-03
Current memory usage 270.6MB, wall time: 43.4s
Delta E = -1.5455e-02, Delta S = -9.4363e-02 (per sweep)
max trunc_err = 5.6248e-09, max E_trunc = -8.2179e-10
chi: [256, 256, 256, 256, 256, 256]
================================================================================
INFO:tenpy.algorithms.dmrg:Running sweep with optimization
INFO:tenpy.algorithms.mps_common:start environment_sweep
INFO:tenpy.algorithms.dmrg:checkpoint after sweep 60
energy=0.3802474973120222, max S=1.6903633963938520, age=1098, norm_err=3.6e-03
Current memory usage 270.6MB, wall time: 40.5s
Delta E = 4.6231e-02, Delta S = -7.7681e-02 (per sweep)
max trunc_err = 4.6751e-08, max E_trunc = 1.2506e-12
chi: [256, 256, 256, 256, 256, 256]
================================================================================
INFO:tenpy.algorithms.dmrg:Running sweep with optimization
INFO:tenpy.algorithms.mps_common:start environment_sweep
INFO:tenpy.algorithms.dmrg:checkpoint after sweep 70
energy=0.5647896219853976, max S=1.1692584052032091, age=1278, norm_err=3.2e-02
Current memory usage 270.6MB, wall time: 39.8s
Delta E = 1.8454e-02, Delta S = -5.1244e-02 (per sweep)
max trunc_err = 1.7415e-08, max E_trunc = 1.2506e-12
chi: [256, 256, 256, 255, 255, 256]
================================================================================
INFO:tenpy.algorithms.dmrg:Running sweep with optimization
INFO:tenpy.algorithms.mps_common:start environment_sweep
INFO:tenpy.algorithms.dmrg:checkpoint after sweep 80
energy=0.1481964734775166, max S=0.0610952067133164, age=1458, norm_err=1.9e-03
Current memory usage 270.6MB, wall time: 43.6s
Delta E = -4.1659e-02, Delta S = -9.4752e-02 (per sweep)
max trunc_err = 2.7185e-08, max E_trunc = 2.2737e-13
chi: [256, 256, 256, 256, 256, 256]
================================================================================
INFO:tenpy.algorithms.dmrg:Running sweep with optimization
INFO:tenpy.algorithms.mps_common:start environment_sweep
INFO:tenpy.algorithms.dmrg:checkpoint after sweep 90
energy=-0.0499114111725210, max S=2.8200330666555740, age=1638, norm_err=3.6e-03
Current memory usage 270.6MB, wall time: 47.4s
Delta E = -1.9811e-02, Delta S = 2.4309e-01 (per sweep)
max trunc_err = 1.9903e-08, max E_trunc = -2.8808e-10
chi: [256, 256, 256, 256, 256, 256]
================================================================================
INFO:tenpy.algorithms.dmrg:Running sweep with optimization
INFO:tenpy.algorithms.mps_common:start environment_sweep
INFO:tenpy.algorithms.dmrg:checkpoint after sweep 100
energy=0.4748368839327194, max S=2.5705647837193437, age=1818, norm_err=1.2e-02
Current memory usage 270.6MB, wall time: 39.9s
Delta E = 5.2475e-02, Delta S = -5.7622e-03 (per sweep)
max trunc_err = 6.2507e-08, max E_trunc = 1.4779e-12
chi: [256, 256, 256, 256, 256, 256]
================================================================================
INFO:tenpy.algorithms.dmrg:Running sweep with optimization
INFO:tenpy.algorithms.mps_common:start environment_sweep
INFO:tenpy.algorithms.dmrg:checkpoint after sweep 110
energy=0.0702206010823924, max S=2.9851611633639790, age=1998, norm_err=3.4e-02
Current memory usage 270.6MB, wall time: 47.3s
Delta E = -4.0462e-02, Delta S = 2.4961e-02 (per sweep)
max trunc_err = 1.3256e-08, max E_trunc = -4.5547e-09
chi: [256, 256, 256, 255, 256, 256]
================================================================================
INFO:tenpy.algorithms.mps_common:TwoSiteDMRGEngine: Maximum number of sweeps reached
INFO:tenpy.tools.params:DMRG: reading 'norm_tol'=1e-05
INFO:tenpy.tools.params:DMRG: reading 'norm_tol_final'=1e-10
INFO:tenpy.tools.params:DMRG: reading 'norm_tol_iter'=5
WARNING:tenpy.algorithms.dmrg:final DMRG state not in canonical form up to norm_tol=1.00e-05: norm_err=3.40e-02
INFO:tenpy.algorithms.mps_common:start environment_sweep
INFO:tenpy.algorithms.mps_common:start environment_sweep
INFO:tenpy.algorithms.mps_common:start environment_sweep
WARNING:tenpy.algorithms.dmrg:final DMRG state not in canonical form up to norm_tol_final=1.00e-10: norm_err=8.15e-06, calling psi.canonical_form()
INFO:tenpy.algorithms.dmrg:TwoSiteDMRGEngine finished after 110 sweeps, max chi=256
INFO:tenpy.tools.params:DMRG: reading 'max_trunc_err'=0.0001
INFO:tenpy.tools.params:MixedHofstadterLandauGauge_Pi_2: reading 'explicit_plus_hc'=False
INFO:tenpy.tools.params:MixedHofstadterLandauGauge_Pi_2: reading 'Lx'=2
INFO:tenpy.tools.params:MixedHofstadterLandauGauge_Pi_2: setting 'N_rings'=2
INFO:tenpy.tools.params:MixedHofstadterLandauGauge_Pi_2: reading 'xy_lattice'='Square'
INFO:tenpy.tools.params:MixedHofstadterLandauGauge_Pi_2: reading 'Ly'=3
INFO:tenpy.tools.params:MixedHofstadterLandauGauge_Pi_2: reading 'ring_order'=None
INFO:tenpy.tools.params:MixedHofstadterLandauGauge_Pi_2: reading 'conserve_k'=True
INFO:tenpy.tools.params:MixedHofstadterLandauGauge_Pi_2: reading 'bc_MPS'='infinite'
INFO:tenpy.tools.params:MixedHofstadterLandauGauge_Pi_2: reading 't'=-1
INFO:tenpy.tools.params:MixedHofstadterLandauGauge_Pi_2: reading 't2'=-0.25
INFO:tenpy.tools.params:MixedHofstadterLandauGauge_Pi_2: reading 'V1'=0.6
INFO:tenpy.tools.params:MixedHofstadterLandauGauge_Pi_2: reading 'phi_ext'=np.float64(2.95)
INFO:tenpy.tools.params:MixedHofstadterLandauGauge_Pi_2: reading 'sort_mpo_legs'=False
/home/t30/kna/ge54yin/Documents/MasterThesisFQHinTMDs/MPS_stuff/MPScalculations/.venv/lib/python3.12/site-packages/tenpy/tools/params.py:232: UserWarning: unused options for config MixedHofstadterLandauGauge_Pi_2:
['Delta', 'N_rings', 'Nsec', 'bc', 'chi_max', 'ktot', 'saveAll']
  warnings.warn(msg.format(keys=sorted(unused), name=self.name))
INFO:tenpy.tools.params:DMRG: reading 'active_sites'=2
INFO:tenpy.tools.params:DMRG: reading 'diag_method'='default'
INFO:tenpy.tools.params:DMRG: subconfig 'trunc_params'=Config(<5 options>, 'trunc_params')
INFO:tenpy.tools.params:DMRG: reading 'max_N_sites_per_ring'=18
INFO:tenpy.tools.params:DMRG: reading 'combine'=False
INFO:tenpy.tools.params:DMRG: subconfig 'lanczos_params'=Config(<9 options>, 'lanczos_params')
INFO:tenpy.tools.params:DMRG: reading 'chi_list'=None
INFO:tenpy.tools.params:DMRG: reading 'start_env'=1
INFO:tenpy.algorithms.mps_common:start environment_sweep
INFO:tenpy.tools.params:DMRG: reading 'N_sweeps_check'=10
INFO:tenpy.tools.params:DMRG: subconfig 'mixer_params'=Config(<3 options>, 'mixer_params')
INFO:tenpy.tools.params:DMRG: reading 'mixer'=None
INFO:tenpy.tools.params:DMRG: reading 'max_sweeps'=100
INFO:tenpy.tools.params:DMRG: reading 'max_hours'=8760
INFO:tenpy.tools.params:DMRG: reading 'P_tol_to_trunc'=0.05
INFO:tenpy.tools.params:DMRG: reading 'P_tol_min'=5.0000000000000004e-30
INFO:tenpy.tools.params:DMRG: reading 'P_tol_max'=0.0001
INFO:tenpy.tools.params:DMRG: reading 'E_tol_to_trunc'=None
INFO:tenpy.algorithms.dmrg:Running sweep with optimization
INFO:tenpy.tools.params:DMRG: reading 'max_N_for_ED'=400
INFO:tenpy.tools.params:DMRG: reading 'update_env'=5
INFO:tenpy.algorithms.mps_common:start environment_sweep
INFO:tenpy.algorithms.dmrg:checkpoint after sweep 10
energy=0.2125510296488133, max S=1.6559893406374619, age=198, norm_err=3.3e-03
Current memory usage 270.6MB, wall time: 40.3s
Delta E = nan, Delta S = -1.2104e-01 (per sweep)
max trunc_err = 4.9941e-08, max E_trunc = 5.6843e-13
chi: [256, 256, 256, 256, 256, 256]
================================================================================
INFO:tenpy.algorithms.dmrg:Running sweep with optimization
INFO:tenpy.algorithms.mps_common:start environment_sweep
INFO:tenpy.algorithms.dmrg:checkpoint after sweep 20
energy=0.6348560865017466, max S=1.5914567334273713, age=378, norm_err=4.1e-01
Current memory usage 270.6MB, wall time: 44.3s
Delta E = 4.2231e-02, Delta S = -1.1431e-02 (per sweep)
max trunc_err = 2.0684e-10, max E_trunc = -1.1434e-10
chi: [256, 256, 256, 256, 256, 256]
================================================================================
INFO:tenpy.tools.params:DMRG: reading 'max_E_err'=1e-08
INFO:tenpy.tools.params:DMRG: reading 'max_S_err'=1e-05
INFO:tenpy.algorithms.dmrg:Running sweep with optimization
INFO:tenpy.algorithms.mps_common:start environment_sweep
INFO:tenpy.algorithms.dmrg:checkpoint after sweep 30
energy=0.1549443929665273, max S=0.8509851813728455, age=558, norm_err=4.1e-02
Current memory usage 270.6MB, wall time: 45.2s
Delta E = -4.7991e-02, Delta S = -8.0080e-02 (per sweep)
max trunc_err = 1.4033e-08, max E_trunc = -9.8680e-10
chi: [256, 256, 256, 256, 256, 256]
================================================================================
INFO:tenpy.algorithms.dmrg:Running sweep with optimization
INFO:tenpy.algorithms.mps_common:start environment_sweep
INFO:tenpy.algorithms.dmrg:checkpoint after sweep 40
energy=0.3752079837428871, max S=1.2572714837869152, age=738, norm_err=5.3e-02
Current memory usage 270.6MB, wall time: 40.8s
Delta E = 2.2026e-02, Delta S = 3.6431e-02 (per sweep)
max trunc_err = 1.7344e-08, max E_trunc = 1.1369e-12
chi: [256, 255, 256, 255, 256, 256]
================================================================================
INFO:tenpy.algorithms.dmrg:Running sweep with optimization
INFO:tenpy.algorithms.mps_common:start environment_sweep
INFO:tenpy.algorithms.dmrg:checkpoint after sweep 50
energy=0.1029291326352961, max S=0.8944577874783022, age=918, norm_err=1.6e-01
Current memory usage 270.6MB, wall time: 47.9s
Delta E = -2.7228e-02, Delta S = -3.1048e-02 (per sweep)
max trunc_err = 1.5544e-09, max E_trunc = -6.5330e-10
chi: [256, 256, 256, 256, 256, 256]
================================================================================
INFO:tenpy.algorithms.dmrg:Running sweep with optimization
INFO:tenpy.algorithms.mps_common:start environment_sweep
INFO:tenpy.algorithms.dmrg:checkpoint after sweep 60
energy=0.3950170479536439, max S=3.1546843918099992, age=1098, norm_err=3.0e-02
Current memory usage 270.6MB, wall time: 43.3s
Delta E = 2.9209e-02, Delta S = 2.1085e-01 (per sweep)
max trunc_err = 1.1134e-07, max E_trunc = -1.1698e-10
chi: [256, 256, 256, 256, 256, 256]
================================================================================
INFO:tenpy.algorithms.dmrg:Running sweep with optimization
INFO:tenpy.algorithms.mps_common:start environment_sweep
INFO:tenpy.algorithms.dmrg:checkpoint after sweep 70
energy=0.1521430744678677, max S=2.0971442294575158, age=1278, norm_err=4.5e-04
Current memory usage 270.6MB, wall time: 43.1s
Delta E = -2.4287e-02, Delta S = -9.3835e-02 (per sweep)
max trunc_err = 1.0020e-08, max E_trunc = -4.3917e-10
chi: [256, 256, 256, 256, 256, 256]
================================================================================
INFO:tenpy.algorithms.dmrg:Running sweep with optimization
INFO:tenpy.algorithms.mps_common:start environment_sweep
INFO:tenpy.algorithms.dmrg:checkpoint after sweep 80
energy=0.6773963475703889, max S=0.6991132480449457, age=1458, norm_err=9.2e-03
Current memory usage 270.6MB, wall time: 39.6s
Delta E = 5.2525e-02, Delta S = -1.4094e-01 (per sweep)
max trunc_err = 2.1068e-08, max E_trunc = 1.3642e-12
chi: [256, 256, 256, 256, 256, 256]
================================================================================
INFO:tenpy.algorithms.dmrg:Running sweep with optimization
INFO:tenpy.algorithms.mps_common:start environment_sweep
INFO:tenpy.algorithms.dmrg:checkpoint after sweep 90
energy=0.5370179948715569, max S=2.3742420863295366, age=1638, norm_err=1.2e-01
Current memory usage 270.6MB, wall time: 47.4s
Delta E = -1.4038e-02, Delta S = 1.5904e-01 (per sweep)
max trunc_err = 1.1812e-08, max E_trunc = -6.7109e-10
chi: [256, 256, 256, 256, 256, 256]
================================================================================
INFO:tenpy.algorithms.dmrg:Running sweep with optimization
INFO:tenpy.algorithms.mps_common:start environment_sweep
INFO:tenpy.algorithms.dmrg:checkpoint after sweep 100
energy=0.3667639381521799, max S=0.4327563188786430, age=1818, norm_err=7.0e-03
Current memory usage 270.6MB, wall time: 41.3s
Delta E = -1.7025e-02, Delta S = -1.7817e-01 (per sweep)
max trunc_err = 6.2492e-08, max E_trunc = 1.0232e-12
chi: [256, 255, 256, 256, 256, 256]
================================================================================
INFO:tenpy.algorithms.dmrg:Running sweep with optimization
INFO:tenpy.algorithms.mps_common:start environment_sweep
INFO:tenpy.algorithms.dmrg:checkpoint after sweep 110
energy=0.5553639380936678, max S=1.2370866513492877, age=1998, norm_err=2.3e-01
Current memory usage 270.6MB, wall time: 46.5s
Delta E = 1.8860e-02, Delta S = 7.9891e-02 (per sweep)
max trunc_err = 2.0327e-09, max E_trunc = -5.9731e-10
chi: [256, 256, 256, 256, 256, 256]
================================================================================
INFO:tenpy.algorithms.mps_common:TwoSiteDMRGEngine: Maximum number of sweeps reached
INFO:tenpy.tools.params:DMRG: reading 'norm_tol'=1e-05
INFO:tenpy.tools.params:DMRG: reading 'norm_tol_final'=1e-10
INFO:tenpy.tools.params:DMRG: reading 'norm_tol_iter'=5
WARNING:tenpy.algorithms.dmrg:final DMRG state not in canonical form up to norm_tol=1.00e-05: norm_err=2.26e-01
INFO:tenpy.algorithms.mps_common:start environment_sweep
INFO:tenpy.algorithms.mps_common:start environment_sweep
INFO:tenpy.algorithms.mps_common:start environment_sweep
INFO:tenpy.algorithms.mps_common:start environment_sweep
INFO:tenpy.algorithms.mps_common:start environment_sweep
WARNING:tenpy.algorithms.dmrg:norm_err=5.57e-04 still too high after environment_sweeps
WARNING:tenpy.algorithms.dmrg:final DMRG state not in canonical form up to norm_tol_final=1.00e-10: norm_err=5.57e-04, calling psi.canonical_form()
INFO:tenpy.algorithms.dmrg:TwoSiteDMRGEngine finished after 110 sweeps, max chi=256
INFO:tenpy.tools.params:DMRG: reading 'max_trunc_err'=0.0001
INFO:tenpy.tools.params:MixedHofstadterLandauGauge_Pi_2: reading 'explicit_plus_hc'=False
INFO:tenpy.tools.params:MixedHofstadterLandauGauge_Pi_2: reading 'Lx'=2
INFO:tenpy.tools.params:MixedHofstadterLandauGauge_Pi_2: setting 'N_rings'=2
INFO:tenpy.tools.params:MixedHofstadterLandauGauge_Pi_2: reading 'xy_lattice'='Square'
INFO:tenpy.tools.params:MixedHofstadterLandauGauge_Pi_2: reading 'Ly'=3
INFO:tenpy.tools.params:MixedHofstadterLandauGauge_Pi_2: reading 'ring_order'=None
INFO:tenpy.tools.params:MixedHofstadterLandauGauge_Pi_2: reading 'conserve_k'=True
INFO:tenpy.tools.params:MixedHofstadterLandauGauge_Pi_2: reading 'bc_MPS'='infinite'
INFO:tenpy.tools.params:MixedHofstadterLandauGauge_Pi_2: reading 't'=-1
INFO:tenpy.tools.params:MixedHofstadterLandauGauge_Pi_2: reading 't2'=-0.25
INFO:tenpy.tools.params:MixedHofstadterLandauGauge_Pi_2: reading 'V1'=0.6
INFO:tenpy.tools.params:MixedHofstadterLandauGauge_Pi_2: reading 'phi_ext'=np.float64(3.0)
INFO:tenpy.tools.params:MixedHofstadterLandauGauge_Pi_2: reading 'sort_mpo_legs'=False
/home/t30/kna/ge54yin/Documents/MasterThesisFQHinTMDs/MPS_stuff/MPScalculations/.venv/lib/python3.12/site-packages/tenpy/tools/params.py:232: UserWarning: unused options for config MixedHofstadterLandauGauge_Pi_2:
['Delta', 'N_rings', 'Nsec', 'bc', 'chi_max', 'ktot', 'saveAll']
  warnings.warn(msg.format(keys=sorted(unused), name=self.name))
INFO:tenpy.tools.params:DMRG: reading 'active_sites'=2
INFO:tenpy.tools.params:DMRG: reading 'diag_method'='default'
INFO:tenpy.tools.params:DMRG: subconfig 'trunc_params'=Config(<5 options>, 'trunc_params')
INFO:tenpy.tools.params:DMRG: reading 'max_N_sites_per_ring'=18
INFO:tenpy.tools.params:DMRG: reading 'combine'=False
INFO:tenpy.tools.params:DMRG: subconfig 'lanczos_params'=Config(<9 options>, 'lanczos_params')
INFO:tenpy.tools.params:DMRG: reading 'chi_list'=None
INFO:tenpy.tools.params:DMRG: reading 'start_env'=1
INFO:tenpy.algorithms.mps_common:start environment_sweep
INFO:tenpy.tools.params:DMRG: reading 'N_sweeps_check'=10
INFO:tenpy.tools.params:DMRG: subconfig 'mixer_params'=Config(<3 options>, 'mixer_params')
INFO:tenpy.tools.params:DMRG: reading 'mixer'=None
INFO:tenpy.tools.params:DMRG: reading 'max_sweeps'=100
INFO:tenpy.tools.params:DMRG: reading 'max_hours'=8760
INFO:tenpy.tools.params:DMRG: reading 'P_tol_to_trunc'=0.05
INFO:tenpy.tools.params:DMRG: reading 'P_tol_min'=5.0000000000000004e-30
INFO:tenpy.tools.params:DMRG: reading 'P_tol_max'=0.0001
INFO:tenpy.tools.params:DMRG: reading 'E_tol_to_trunc'=None
INFO:tenpy.algorithms.dmrg:Running sweep with optimization
INFO:tenpy.tools.params:DMRG: reading 'max_N_for_ED'=400
INFO:tenpy.tools.params:DMRG: reading 'update_env'=5
INFO:tenpy.algorithms.mps_common:start environment_sweep
INFO:tenpy.algorithms.dmrg:checkpoint after sweep 10
energy=0.2147671754342007, max S=1.1212857336989948, age=198, norm_err=5.1e-07
Current memory usage 270.6MB, wall time: 41.1s
Delta E = nan, Delta S = -1.1885e-02 (per sweep)
max trunc_err = 5.6074e-08, max E_trunc = 6.6791e-13
chi: [256, 255, 256, 255, 256, 256]
================================================================================
INFO:tenpy.algorithms.dmrg:Running sweep with optimization
INFO:tenpy.algorithms.mps_common:start environment_sweep
INFO:tenpy.algorithms.dmrg:checkpoint after sweep 20
energy=0.4001389516251332, max S=1.3993632458764471, age=378, norm_err=1.0e-01
Current memory usage 270.6MB, wall time: 40.4s
Delta E = 1.8537e-02, Delta S = 5.2696e-02 (per sweep)
max trunc_err = 6.6192e-08, max E_trunc = 1.0800e-12
chi: [256, 255, 256, 256, 256, 256]
================================================================================
INFO:tenpy.tools.params:DMRG: reading 'max_E_err'=1e-08
INFO:tenpy.tools.params:DMRG: reading 'max_S_err'=1e-05
INFO:tenpy.algorithms.dmrg:Running sweep with optimization
INFO:tenpy.algorithms.mps_common:start environment_sweep
INFO:tenpy.algorithms.dmrg:checkpoint after sweep 30
energy=0.5822749799499102, max S=2.1485160168543498, age=558, norm_err=6.9e-02
Current memory usage 270.6MB, wall time: 39.5s
Delta E = 1.8214e-02, Delta S = 7.4689e-02 (per sweep)
max trunc_err = 1.6453e-08, max E_trunc = 1.3074e-12
chi: [256, 256, 256, 256, 256, 256]
================================================================================
INFO:tenpy.algorithms.dmrg:Running sweep with optimization
INFO:tenpy.algorithms.mps_common:start environment_sweep
INFO:tenpy.algorithms.dmrg:checkpoint after sweep 40
energy=0.5265940918423079, max S=1.4961613179786324, age=738, norm_err=4.4e-02
Current memory usage 270.6MB, wall time: 39.6s
Delta E = -5.5681e-03, Delta S = -5.9825e-02 (per sweep)
max trunc_err = 9.5243e-09, max E_trunc = 9.6634e-13
chi: [256, 256, 256, 256, 256, 256]
================================================================================
INFO:tenpy.algorithms.dmrg:Running sweep with optimization
INFO:tenpy.algorithms.mps_common:start environment_sweep
INFO:tenpy.algorithms.dmrg:checkpoint after sweep 50
energy=0.4589390042609693, max S=2.0435616450567551, age=918, norm_err=5.0e-03
Current memory usage 270.6MB, wall time: 40.6s
Delta E = -6.7655e-03, Delta S = 5.7931e-02 (per sweep)
max trunc_err = 2.2813e-08, max E_trunc = 5.1159e-13
chi: [256, 256, 256, 255, 256, 256]
================================================================================
INFO:tenpy.algorithms.dmrg:Running sweep with optimization
INFO:tenpy.algorithms.mps_common:start environment_sweep
INFO:tenpy.algorithms.dmrg:checkpoint after sweep 60
energy=0.5199335593220505, max S=2.4380584349262717, age=1098, norm_err=3.3e-02
Current memory usage 270.6MB, wall time: 46.0s
Delta E = 6.0995e-03, Delta S = 3.2858e-02 (per sweep)
max trunc_err = 1.0450e-08, max E_trunc = -7.7944e-10
chi: [256, 256, 256, 256, 256, 256]
================================================================================
INFO:tenpy.algorithms.dmrg:Running sweep with optimization
INFO:tenpy.algorithms.mps_common:start environment_sweep
INFO:tenpy.algorithms.dmrg:checkpoint after sweep 70
energy=0.4782157983247164, max S=2.2469190497534819, age=1278, norm_err=1.3e-01
Current memory usage 270.6MB, wall time: 44.9s
Delta E = -4.1718e-03, Delta S = -2.5261e-02 (per sweep)
max trunc_err = 1.2000e-08, max E_trunc = -1.6087e-10
chi: [256, 256, 256, 256, 256, 256]
================================================================================
INFO:tenpy.algorithms.dmrg:Running sweep with optimization
INFO:tenpy.algorithms.mps_common:start environment_sweep
INFO:tenpy.algorithms.dmrg:checkpoint after sweep 80
energy=0.6202588152765429, max S=2.2591251030510415, age=1458, norm_err=8.8e-02
Current memory usage 270.6MB, wall time: 40.5s
Delta E = 1.4204e-02, Delta S = -7.1255e-04 (per sweep)
max trunc_err = 1.4723e-08, max E_trunc = -7.1623e-12
chi: [256, 256, 256, 256, 256, 256]
================================================================================
INFO:tenpy.algorithms.dmrg:Running sweep with optimization
INFO:tenpy.algorithms.mps_common:start environment_sweep
INFO:tenpy.algorithms.dmrg:checkpoint after sweep 90
energy=0.3988638967935572, max S=2.3972038870111918, age=1638, norm_err=4.5e-03
Current memory usage 270.6MB, wall time: 39.2s
Delta E = -2.2139e-02, Delta S = 1.8559e-02 (per sweep)
max trunc_err = 1.6068e-07, max E_trunc = 5.6843e-13
chi: [256, 256, 256, 256, 256, 256]
================================================================================
INFO:tenpy.algorithms.dmrg:Running sweep with optimization
INFO:tenpy.algorithms.mps_common:start environment_sweep
INFO:tenpy.algorithms.dmrg:checkpoint after sweep 100
energy=0.5629039199280328, max S=2.1145685541345394, age=1818, norm_err=1.6e-01
Current memory usage 270.6MB, wall time: 45.7s
Delta E = 1.6404e-02, Delta S = -2.7951e-02 (per sweep)
max trunc_err = 9.9849e-09, max E_trunc = -6.9235e-11
chi: [256, 256, 256, 256, 256, 256]
================================================================================
INFO:tenpy.algorithms.dmrg:Running sweep with optimization
INFO:tenpy.algorithms.mps_common:start environment_sweep
INFO:tenpy.algorithms.dmrg:checkpoint after sweep 110
energy=0.5070794428821443, max S=1.9106321717392876, age=1998, norm_err=1.9e-01
Current memory usage 270.6MB, wall time: 45.2s
Delta E = -5.5824e-03, Delta S = -1.8711e-02 (per sweep)
max trunc_err = 4.3747e-09, max E_trunc = -1.4268e-10
chi: [256, 256, 256, 256, 256, 256]
================================================================================
INFO:tenpy.algorithms.mps_common:TwoSiteDMRGEngine: Maximum number of sweeps reached
INFO:tenpy.tools.params:DMRG: reading 'norm_tol'=1e-05
INFO:tenpy.tools.params:DMRG: reading 'norm_tol_final'=1e-10
INFO:tenpy.tools.params:DMRG: reading 'norm_tol_iter'=5
WARNING:tenpy.algorithms.dmrg:final DMRG state not in canonical form up to norm_tol=1.00e-05: norm_err=1.91e-01
INFO:tenpy.algorithms.mps_common:start environment_sweep
INFO:tenpy.algorithms.mps_common:start environment_sweep
INFO:tenpy.algorithms.mps_common:start environment_sweep
INFO:tenpy.algorithms.mps_common:start environment_sweep
INFO:tenpy.algorithms.mps_common:start environment_sweep
WARNING:tenpy.algorithms.dmrg:final DMRG state not in canonical form up to norm_tol_final=1.00e-10: norm_err=3.33e-06, calling psi.canonical_form()
INFO:tenpy.algorithms.dmrg:TwoSiteDMRGEngine finished after 110 sweeps, max chi=254
INFO:tenpy.tools.params:DMRG: reading 'max_trunc_err'=0.0001
started simualtion
phi_ext = 0.00
started to simulate
{'bc_MPS': 'infinite', 'bc': ['periodic', 'periodic'], 'V1': 0.6, 't': -1, 't2': -0.25, 'Lx': 2, 'Ly': 3, 'chi_max': 256, 'Nsec': 3, 'ktot': np.int64(2), 'saveAll': False, 'Delta': 0, 'phi_ext': np.float64(0.0)}
3
[1.57079633 3.14159265 0.        ] 0
[-1.57079633  3.14159265  3.14159265] 1
[1.57079633 3.14159265 0.        ] 0
[-1.57079633  3.14159265  3.14159265] 1
[1.57079633 3.14159265 0.        ] 0
[-1.57079633  3.14159265  3.14159265] 1
created model
initial state [1 0 1 1 0 0]
momentum of initial state: 2 , particle number of initial state: 3
starting drmg run
E= 0.5369892082427251
max bond dimension= 256
[-0.43021152  0.85297281]
started to simulate
{'bc_MPS': 'infinite', 'bc': ['periodic', 'periodic'], 'V1': 0.6, 't': -1, 't2': -0.25, 'Lx': 2, 'Ly': 3, 'chi_max': 256, 'Nsec': 3, 'ktot': np.int64(2), 'saveAll': False, 'Delta': 0, 'phi_ext': np.float64(0.05), 'explicit_plus_hc': False, 'N_rings': 2, 'xy_lattice': 'Square', 'ring_order': None, 'conserve_k': True, 'sort_mpo_legs': False}
3
[1.57079633 3.14159265 0.        ] 0
[-1.57079633  3.14159265  3.14159265] 1
[1.57079633 3.14159265 0.        ] 0
[-1.57079633  3.14159265  3.14159265] 1
[1.57079633 3.14159265 0.        ] 0
[-1.57079633  3.14159265  3.14159265] 1
created model
loaded psi
momentum of initial state: 2 , particle number of initial state: 3
starting drmg run
E= 0.23226569315199677
max bond dimension= 68
[2.18688685e-09 1.65227471e-09]
started to simulate
{'bc_MPS': 'infinite', 'bc': ['periodic', 'periodic'], 'V1': 0.6, 't': -1, 't2': -0.25, 'Lx': 2, 'Ly': 3, 'chi_max': 256, 'Nsec': 3, 'ktot': np.int64(2), 'saveAll': False, 'Delta': 0, 'phi_ext': np.float64(0.1), 'explicit_plus_hc': False, 'N_rings': 2, 'xy_lattice': 'Square', 'ring_order': None, 'conserve_k': True, 'sort_mpo_legs': False}
3
[1.57079633 3.14159265 0.        ] 0
[-1.57079633  3.14159265  3.14159265] 1
[1.57079633 3.14159265 0.        ] 0
[-1.57079633  3.14159265  3.14159265] 1
[1.57079633 3.14159265 0.        ] 0
[-1.57079633  3.14159265  3.14159265] 1
created model
loaded psi
momentum of initial state: 2 , particle number of initial state: 3
starting drmg run
E= 0.25056322229281136
max bond dimension= 256
[-1.51562632  1.07691418]
started to simulate
{'bc_MPS': 'infinite', 'bc': ['periodic', 'periodic'], 'V1': 0.6, 't': -1, 't2': -0.25, 'Lx': 2, 'Ly': 3, 'chi_max': 256, 'Nsec': 3, 'ktot': np.int64(2), 'saveAll': False, 'Delta': 0, 'phi_ext': np.float64(0.15000000000000002), 'explicit_plus_hc': False, 'N_rings': 2, 'xy_lattice': 'Square', 'ring_order': None, 'conserve_k': True, 'sort_mpo_legs': False}
3
[1.57079633 3.14159265 0.        ] 0
[-1.57079633  3.14159265  3.14159265] 1
[1.57079633 3.14159265 0.        ] 0
[-1.57079633  3.14159265  3.14159265] 1
[1.57079633 3.14159265 0.        ] 0
[-1.57079633  3.14159265  3.14159265] 1
created model
loaded psi
momentum of initial state: 2 , particle number of initial state: 3
starting drmg run
E= 0.430915556288672
max bond dimension= 223
[-0.38942479  1.99854481]
started to simulate
{'bc_MPS': 'infinite', 'bc': ['periodic', 'periodic'], 'V1': 0.6, 't': -1, 't2': -0.25, 'Lx': 2, 'Ly': 3, 'chi_max': 256, 'Nsec': 3, 'ktot': np.int64(2), 'saveAll': False, 'Delta': 0, 'phi_ext': np.float64(0.2), 'explicit_plus_hc': False, 'N_rings': 2, 'xy_lattice': 'Square', 'ring_order': None, 'conserve_k': True, 'sort_mpo_legs': False}
3
[1.57079633 3.14159265 0.        ] 0
[-1.57079633  3.14159265  3.14159265] 1
[1.57079633 3.14159265 0.        ] 0
[-1.57079633  3.14159265  3.14159265] 1
[1.57079633 3.14159265 0.        ] 0
[-1.57079633  3.14159265  3.14159265] 1
created model
loaded psi
momentum of initial state: 2 , particle number of initial state: 3
starting drmg run
E= 0.5327132885750435
max bond dimension= 256
[0.69008604 0.99653345]
started to simulate
{'bc_MPS': 'infinite', 'bc': ['periodic', 'periodic'], 'V1': 0.6, 't': -1, 't2': -0.25, 'Lx': 2, 'Ly': 3, 'chi_max': 256, 'Nsec': 3, 'ktot': np.int64(2), 'saveAll': False, 'Delta': 0, 'phi_ext': np.float64(0.25), 'explicit_plus_hc': False, 'N_rings': 2, 'xy_lattice': 'Square', 'ring_order': None, 'conserve_k': True, 'sort_mpo_legs': False}
3
[1.57079633 3.14159265 0.        ] 0
[-1.57079633  3.14159265  3.14159265] 1
[1.57079633 3.14159265 0.        ] 0
[-1.57079633  3.14159265  3.14159265] 1
[1.57079633 3.14159265 0.        ] 0
[-1.57079633  3.14159265  3.14159265] 1
created model
loaded psi
momentum of initial state: 2 , particle number of initial state: 3
starting drmg run
E= -0.16831518102338805
max bond dimension= 256
[1.26513953 0.79279373]
started to simulate
{'bc_MPS': 'infinite', 'bc': ['periodic', 'periodic'], 'V1': 0.6, 't': -1, 't2': -0.25, 'Lx': 2, 'Ly': 3, 'chi_max': 256, 'Nsec': 3, 'ktot': np.int64(2), 'saveAll': False, 'Delta': 0, 'phi_ext': np.float64(0.30000000000000004), 'explicit_plus_hc': False, 'N_rings': 2, 'xy_lattice': 'Square', 'ring_order': None, 'conserve_k': True, 'sort_mpo_legs': False}
3
[1.57079633 3.14159265 0.        ] 0
[-1.57079633  3.14159265  3.14159265] 1
[1.57079633 3.14159265 0.        ] 0
[-1.57079633  3.14159265  3.14159265] 1
[1.57079633 3.14159265 0.        ] 0
[-1.57079633  3.14159265  3.14159265] 1
created model
loaded psi
momentum of initial state: 2 , particle number of initial state: 3
starting drmg run
E= -0.7512949095975046
max bond dimension= 256
[4.01135306 1.08097018]
started to simulate
{'bc_MPS': 'infinite', 'bc': ['periodic', 'periodic'], 'V1': 0.6, 't': -1, 't2': -0.25, 'Lx': 2, 'Ly': 3, 'chi_max': 256, 'Nsec': 3, 'ktot': np.int64(2), 'saveAll': False, 'Delta': 0, 'phi_ext': np.float64(0.35000000000000003), 'explicit_plus_hc': False, 'N_rings': 2, 'xy_lattice': 'Square', 'ring_order': None, 'conserve_k': True, 'sort_mpo_legs': False}
3
[1.57079633 3.14159265 0.        ] 0
[-1.57079633  3.14159265  3.14159265] 1
[1.57079633 3.14159265 0.        ] 0
[-1.57079633  3.14159265  3.14159265] 1
[1.57079633 3.14159265 0.        ] 0
[-1.57079633  3.14159265  3.14159265] 1
created model
loaded psi
momentum of initial state: 2 , particle number of initial state: 3
starting drmg run
E= 0.3199242714743396
max bond dimension= 84
[3.60771927 0.75772772]
started to simulate
{'bc_MPS': 'infinite', 'bc': ['periodic', 'periodic'], 'V1': 0.6, 't': -1, 't2': -0.25, 'Lx': 2, 'Ly': 3, 'chi_max': 256, 'Nsec': 3, 'ktot': np.int64(2), 'saveAll': False, 'Delta': 0, 'phi_ext': np.float64(0.4), 'explicit_plus_hc': False, 'N_rings': 2, 'xy_lattice': 'Square', 'ring_order': None, 'conserve_k': True, 'sort_mpo_legs': False}
3
[1.57079633 3.14159265 0.        ] 0
[-1.57079633  3.14159265  3.14159265] 1
[1.57079633 3.14159265 0.        ] 0
[-1.57079633  3.14159265  3.14159265] 1
[1.57079633 3.14159265 0.        ] 0
[-1.57079633  3.14159265  3.14159265] 1
created model
loaded psi
momentum of initial state: 2 , particle number of initial state: 3
starting drmg run
E= 0.6608551029446801
max bond dimension= 256
[4.94731547 0.01043657]
started to simulate
{'bc_MPS': 'infinite', 'bc': ['periodic', 'periodic'], 'V1': 0.6, 't': -1, 't2': -0.25, 'Lx': 2, 'Ly': 3, 'chi_max': 256, 'Nsec': 3, 'ktot': np.int64(2), 'saveAll': False, 'Delta': 0, 'phi_ext': np.float64(0.45), 'explicit_plus_hc': False, 'N_rings': 2, 'xy_lattice': 'Square', 'ring_order': None, 'conserve_k': True, 'sort_mpo_legs': False}
3
[1.57079633 3.14159265 0.        ] 0
[-1.57079633  3.14159265  3.14159265] 1
[1.57079633 3.14159265 0.        ] 0
[-1.57079633  3.14159265  3.14159265] 1
[1.57079633 3.14159265 0.        ] 0
[-1.57079633  3.14159265  3.14159265] 1
created model
loaded psi
momentum of initial state: 2 , particle number of initial state: 3
starting drmg run
E= 0.1531181682782877
max bond dimension= 61
[5.         0.99451174]
started to simulate
{'bc_MPS': 'infinite', 'bc': ['periodic', 'periodic'], 'V1': 0.6, 't': -1, 't2': -0.25, 'Lx': 2, 'Ly': 3, 'chi_max': 256, 'Nsec': 3, 'ktot': np.int64(2), 'saveAll': False, 'Delta': 0, 'phi_ext': np.float64(0.5), 'explicit_plus_hc': False, 'N_rings': 2, 'xy_lattice': 'Square', 'ring_order': None, 'conserve_k': True, 'sort_mpo_legs': False}
3
[1.57079633 3.14159265 0.        ] 0
[-1.57079633  3.14159265  3.14159265] 1
[1.57079633 3.14159265 0.        ] 0
[-1.57079633  3.14159265  3.14159265] 1
[1.57079633 3.14159265 0.        ] 0
[-1.57079633  3.14159265  3.14159265] 1
created model
loaded psi
momentum of initial state: 2 , particle number of initial state: 3
starting drmg run
E= 0.4879495941011858
max bond dimension= 254
[6.5767172  1.88656495]
started to simulate
{'bc_MPS': 'infinite', 'bc': ['periodic', 'periodic'], 'V1': 0.6, 't': -1, 't2': -0.25, 'Lx': 2, 'Ly': 3, 'chi_max': 256, 'Nsec': 3, 'ktot': np.int64(2), 'saveAll': False, 'Delta': 0, 'phi_ext': np.float64(0.55), 'explicit_plus_hc': False, 'N_rings': 2, 'xy_lattice': 'Square', 'ring_order': None, 'conserve_k': True, 'sort_mpo_legs': False}
3
[1.57079633 3.14159265 0.        ] 0
[-1.57079633  3.14159265  3.14159265] 1
[1.57079633 3.14159265 0.        ] 0
[-1.57079633  3.14159265  3.14159265] 1
[1.57079633 3.14159265 0.        ] 0
[-1.57079633  3.14159265  3.14159265] 1
created model
loaded psi
momentum of initial state: 2 , particle number of initial state: 3
starting drmg run
E= 0.4212002533443524
max bond dimension= 64
[3.84571903e+00 4.78708473e-04]
started to simulate
{'bc_MPS': 'infinite', 'bc': ['periodic', 'periodic'], 'V1': 0.6, 't': -1, 't2': -0.25, 'Lx': 2, 'Ly': 3, 'chi_max': 256, 'Nsec': 3, 'ktot': np.int64(2), 'saveAll': False, 'Delta': 0, 'phi_ext': np.float64(0.6000000000000001), 'explicit_plus_hc': False, 'N_rings': 2, 'xy_lattice': 'Square', 'ring_order': None, 'conserve_k': True, 'sort_mpo_legs': False}
3
[1.57079633 3.14159265 0.        ] 0
[-1.57079633  3.14159265  3.14159265] 1
[1.57079633 3.14159265 0.        ] 0
[-1.57079633  3.14159265  3.14159265] 1
[1.57079633 3.14159265 0.        ] 0
[-1.57079633  3.14159265  3.14159265] 1
created model
loaded psi
momentum of initial state: 2 , particle number of initial state: 3
starting drmg run
E= -0.38593614434813617
max bond dimension= 256
[2.73034044 0.98036775]
started to simulate
{'bc_MPS': 'infinite', 'bc': ['periodic', 'periodic'], 'V1': 0.6, 't': -1, 't2': -0.25, 'Lx': 2, 'Ly': 3, 'chi_max': 256, 'Nsec': 3, 'ktot': np.int64(2), 'saveAll': False, 'Delta': 0, 'phi_ext': np.float64(0.65), 'explicit_plus_hc': False, 'N_rings': 2, 'xy_lattice': 'Square', 'ring_order': None, 'conserve_k': True, 'sort_mpo_legs': False}
3
[1.57079633 3.14159265 0.        ] 0
[-1.57079633  3.14159265  3.14159265] 1
[1.57079633 3.14159265 0.        ] 0
[-1.57079633  3.14159265  3.14159265] 1
[1.57079633 3.14159265 0.        ] 0
[-1.57079633  3.14159265  3.14159265] 1
created model
loaded psi
momentum of initial state: 2 , particle number of initial state: 3
starting drmg run
E= -0.3232109429639725
max bond dimension= 256
[2.7319269  0.89924895]
started to simulate
{'bc_MPS': 'infinite', 'bc': ['periodic', 'periodic'], 'V1': 0.6, 't': -1, 't2': -0.25, 'Lx': 2, 'Ly': 3, 'chi_max': 256, 'Nsec': 3, 'ktot': np.int64(2), 'saveAll': False, 'Delta': 0, 'phi_ext': np.float64(0.7000000000000001), 'explicit_plus_hc': False, 'N_rings': 2, 'xy_lattice': 'Square', 'ring_order': None, 'conserve_k': True, 'sort_mpo_legs': False}
3
[1.57079633 3.14159265 0.        ] 0
[-1.57079633  3.14159265  3.14159265] 1
[1.57079633 3.14159265 0.        ] 0
[-1.57079633  3.14159265  3.14159265] 1
[1.57079633 3.14159265 0.        ] 0
[-1.57079633  3.14159265  3.14159265] 1
created model
loaded psi
momentum of initial state: 2 , particle number of initial state: 3
starting drmg run
E= 0.3176273045670257
max bond dimension= 256
[2.61442216e+00 1.61044302e-05]
started to simulate
{'bc_MPS': 'infinite', 'bc': ['periodic', 'periodic'], 'V1': 0.6, 't': -1, 't2': -0.25, 'Lx': 2, 'Ly': 3, 'chi_max': 256, 'Nsec': 3, 'ktot': np.int64(2), 'saveAll': False, 'Delta': 0, 'phi_ext': np.float64(0.75), 'explicit_plus_hc': False, 'N_rings': 2, 'xy_lattice': 'Square', 'ring_order': None, 'conserve_k': True, 'sort_mpo_legs': False}
3
[1.57079633 3.14159265 0.        ] 0
[-1.57079633  3.14159265  3.14159265] 1
[1.57079633 3.14159265 0.        ] 0
[-1.57079633  3.14159265  3.14159265] 1
[1.57079633 3.14159265 0.        ] 0
[-1.57079633  3.14159265  3.14159265] 1
created model
loaded psi
momentum of initial state: 2 , particle number of initial state: 3
starting drmg run
E= 0.5336199298244632
max bond dimension= 256
[2.05896074 1.38803172]
started to simulate
{'bc_MPS': 'infinite', 'bc': ['periodic', 'periodic'], 'V1': 0.6, 't': -1, 't2': -0.25, 'Lx': 2, 'Ly': 3, 'chi_max': 256, 'Nsec': 3, 'ktot': np.int64(2), 'saveAll': False, 'Delta': 0, 'phi_ext': np.float64(0.8), 'explicit_plus_hc': False, 'N_rings': 2, 'xy_lattice': 'Square', 'ring_order': None, 'conserve_k': True, 'sort_mpo_legs': False}
3
[1.57079633 3.14159265 0.        ] 0
[-1.57079633  3.14159265  3.14159265] 1
[1.57079633 3.14159265 0.        ] 0
[-1.57079633  3.14159265  3.14159265] 1
[1.57079633 3.14159265 0.        ] 0
[-1.57079633  3.14159265  3.14159265] 1
created model
loaded psi
momentum of initial state: 2 , particle number of initial state: 3
starting drmg run
E= 0.328026348045474
max bond dimension= 252
[2.53763073 1.00000388]
started to simulate
{'bc_MPS': 'infinite', 'bc': ['periodic', 'periodic'], 'V1': 0.6, 't': -1, 't2': -0.25, 'Lx': 2, 'Ly': 3, 'chi_max': 256, 'Nsec': 3, 'ktot': np.int64(2), 'saveAll': False, 'Delta': 0, 'phi_ext': np.float64(0.8500000000000001), 'explicit_plus_hc': False, 'N_rings': 2, 'xy_lattice': 'Square', 'ring_order': None, 'conserve_k': True, 'sort_mpo_legs': False}
3
[1.57079633 3.14159265 0.        ] 0
[-1.57079633  3.14159265  3.14159265] 1
[1.57079633 3.14159265 0.        ] 0
[-1.57079633  3.14159265  3.14159265] 1
[1.57079633 3.14159265 0.        ] 0
[-1.57079633  3.14159265  3.14159265] 1
created model
loaded psi
momentum of initial state: 2 , particle number of initial state: 3
starting drmg run
E= 0.575030359595227
max bond dimension= 252
[1.25257822 1.15757957]
started to simulate
{'bc_MPS': 'infinite', 'bc': ['periodic', 'periodic'], 'V1': 0.6, 't': -1, 't2': -0.25, 'Lx': 2, 'Ly': 3, 'chi_max': 256, 'Nsec': 3, 'ktot': np.int64(2), 'saveAll': False, 'Delta': 0, 'phi_ext': np.float64(0.9), 'explicit_plus_hc': False, 'N_rings': 2, 'xy_lattice': 'Square', 'ring_order': None, 'conserve_k': True, 'sort_mpo_legs': False}
3
[1.57079633 3.14159265 0.        ] 0
[-1.57079633  3.14159265  3.14159265] 1
[1.57079633 3.14159265 0.        ] 0
[-1.57079633  3.14159265  3.14159265] 1
[1.57079633 3.14159265 0.        ] 0
[-1.57079633  3.14159265  3.14159265] 1
created model
loaded psi
momentum of initial state: 2 , particle number of initial state: 3
starting drmg run
E= 0.3439106957993185
max bond dimension= 256
[2.13519661 1.00035522]
started to simulate
{'bc_MPS': 'infinite', 'bc': ['periodic', 'periodic'], 'V1': 0.6, 't': -1, 't2': -0.25, 'Lx': 2, 'Ly': 3, 'chi_max': 256, 'Nsec': 3, 'ktot': np.int64(2), 'saveAll': False, 'Delta': 0, 'phi_ext': np.float64(0.9500000000000001), 'explicit_plus_hc': False, 'N_rings': 2, 'xy_lattice': 'Square', 'ring_order': None, 'conserve_k': True, 'sort_mpo_legs': False}
3
[1.57079633 3.14159265 0.        ] 0
[-1.57079633  3.14159265  3.14159265] 1
[1.57079633 3.14159265 0.        ] 0
[-1.57079633  3.14159265  3.14159265] 1
[1.57079633 3.14159265 0.        ] 0
[-1.57079633  3.14159265  3.14159265] 1
created model
loaded psi
momentum of initial state: 2 , particle number of initial state: 3
starting drmg run
E= 0.7343568772892771
max bond dimension= 52
[0.98114979 1.01885024]
started to simulate
{'bc_MPS': 'infinite', 'bc': ['periodic', 'periodic'], 'V1': 0.6, 't': -1, 't2': -0.25, 'Lx': 2, 'Ly': 3, 'chi_max': 256, 'Nsec': 3, 'ktot': np.int64(2), 'saveAll': False, 'Delta': 0, 'phi_ext': np.float64(1.0), 'explicit_plus_hc': False, 'N_rings': 2, 'xy_lattice': 'Square', 'ring_order': None, 'conserve_k': True, 'sort_mpo_legs': False}
3
[1.57079633 3.14159265 0.        ] 0
[-1.57079633  3.14159265  3.14159265] 1
[1.57079633 3.14159265 0.        ] 0
[-1.57079633  3.14159265  3.14159265] 1
[1.57079633 3.14159265 0.        ] 0
[-1.57079633  3.14159265  3.14159265] 1
created model
loaded psi
momentum of initial state: 2 , particle number of initial state: 3
starting drmg run
E= 0.3321592908256908
max bond dimension= 148
[0.7350412 0.8748214]
started to simulate
{'bc_MPS': 'infinite', 'bc': ['periodic', 'periodic'], 'V1': 0.6, 't': -1, 't2': -0.25, 'Lx': 2, 'Ly': 3, 'chi_max': 256, 'Nsec': 3, 'ktot': np.int64(2), 'saveAll': False, 'Delta': 0, 'phi_ext': np.float64(1.05), 'explicit_plus_hc': False, 'N_rings': 2, 'xy_lattice': 'Square', 'ring_order': None, 'conserve_k': True, 'sort_mpo_legs': False}
3
[1.57079633 3.14159265 0.        ] 0
[-1.57079633  3.14159265  3.14159265] 1
[1.57079633 3.14159265 0.        ] 0
[-1.57079633  3.14159265  3.14159265] 1
[1.57079633 3.14159265 0.        ] 0
[-1.57079633  3.14159265  3.14159265] 1
created model
loaded psi
momentum of initial state: 2 , particle number of initial state: 3
starting drmg run
E= 0.5427644683303091
max bond dimension= 256
[-0.20419869  0.74635717]
started to simulate
{'bc_MPS': 'infinite', 'bc': ['periodic', 'periodic'], 'V1': 0.6, 't': -1, 't2': -0.25, 'Lx': 2, 'Ly': 3, 'chi_max': 256, 'Nsec': 3, 'ktot': np.int64(2), 'saveAll': False, 'Delta': 0, 'phi_ext': np.float64(1.1), 'explicit_plus_hc': False, 'N_rings': 2, 'xy_lattice': 'Square', 'ring_order': None, 'conserve_k': True, 'sort_mpo_legs': False}
3
[1.57079633 3.14159265 0.        ] 0
[-1.57079633  3.14159265  3.14159265] 1
[1.57079633 3.14159265 0.        ] 0
[-1.57079633  3.14159265  3.14159265] 1
[1.57079633 3.14159265 0.        ] 0
[-1.57079633  3.14159265  3.14159265] 1
created model
loaded psi
momentum of initial state: 2 , particle number of initial state: 3
starting drmg run
E= 0.420916180664193
max bond dimension= 59
[-1.57922645  0.84154631]
started to simulate
{'bc_MPS': 'infinite', 'bc': ['periodic', 'periodic'], 'V1': 0.6, 't': -1, 't2': -0.25, 'Lx': 2, 'Ly': 3, 'chi_max': 256, 'Nsec': 3, 'ktot': np.int64(2), 'saveAll': False, 'Delta': 0, 'phi_ext': np.float64(1.1500000000000001), 'explicit_plus_hc': False, 'N_rings': 2, 'xy_lattice': 'Square', 'ring_order': None, 'conserve_k': True, 'sort_mpo_legs': False}
3
[1.57079633 3.14159265 0.        ] 0
[-1.57079633  3.14159265  3.14159265] 1
[1.57079633 3.14159265 0.        ] 0
[-1.57079633  3.14159265  3.14159265] 1
[1.57079633 3.14159265 0.        ] 0
[-1.57079633  3.14159265  3.14159265] 1
created model
loaded psi
momentum of initial state: 2 , particle number of initial state: 3
starting drmg run
E= 0.36843531700039495
max bond dimension= 256
[-2.11457953  1.14597046]
started to simulate
{'bc_MPS': 'infinite', 'bc': ['periodic', 'periodic'], 'V1': 0.6, 't': -1, 't2': -0.25, 'Lx': 2, 'Ly': 3, 'chi_max': 256, 'Nsec': 3, 'ktot': np.int64(2), 'saveAll': False, 'Delta': 0, 'phi_ext': np.float64(1.2000000000000002), 'explicit_plus_hc': False, 'N_rings': 2, 'xy_lattice': 'Square', 'ring_order': None, 'conserve_k': True, 'sort_mpo_legs': False}
3
[1.57079633 3.14159265 0.        ] 0
[-1.57079633  3.14159265  3.14159265] 1
[1.57079633 3.14159265 0.        ] 0
[-1.57079633  3.14159265  3.14159265] 1
[1.57079633 3.14159265 0.        ] 0
[-1.57079633  3.14159265  3.14159265] 1
created model
loaded psi
momentum of initial state: 2 , particle number of initial state: 3
starting drmg run
E= 0.33076917037356185
max bond dimension= 256
[-2.31727271  0.81993486]
started to simulate
{'bc_MPS': 'infinite', 'bc': ['periodic', 'periodic'], 'V1': 0.6, 't': -1, 't2': -0.25, 'Lx': 2, 'Ly': 3, 'chi_max': 256, 'Nsec': 3, 'ktot': np.int64(2), 'saveAll': False, 'Delta': 0, 'phi_ext': np.float64(1.25), 'explicit_plus_hc': False, 'N_rings': 2, 'xy_lattice': 'Square', 'ring_order': None, 'conserve_k': True, 'sort_mpo_legs': False}
3
[1.57079633 3.14159265 0.        ] 0
[-1.57079633  3.14159265  3.14159265] 1
[1.57079633 3.14159265 0.        ] 0
[-1.57079633  3.14159265  3.14159265] 1
[1.57079633 3.14159265 0.        ] 0
[-1.57079633  3.14159265  3.14159265] 1
created model
loaded psi
momentum of initial state: 2 , particle number of initial state: 3
starting drmg run
E= 0.4140621545090539
max bond dimension= 255
[-2.64083111  1.97249538]
started to simulate
{'bc_MPS': 'infinite', 'bc': ['periodic', 'periodic'], 'V1': 0.6, 't': -1, 't2': -0.25, 'Lx': 2, 'Ly': 3, 'chi_max': 256, 'Nsec': 3, 'ktot': np.int64(2), 'saveAll': False, 'Delta': 0, 'phi_ext': np.float64(1.3), 'explicit_plus_hc': False, 'N_rings': 2, 'xy_lattice': 'Square', 'ring_order': None, 'conserve_k': True, 'sort_mpo_legs': False}
3
[1.57079633 3.14159265 0.        ] 0
[-1.57079633  3.14159265  3.14159265] 1
[1.57079633 3.14159265 0.        ] 0
[-1.57079633  3.14159265  3.14159265] 1
[1.57079633 3.14159265 0.        ] 0
[-1.57079633  3.14159265  3.14159265] 1
created model
loaded psi
momentum of initial state: 2 , particle number of initial state: 3
starting drmg run
E= 0.30462367987771205
max bond dimension= 256
[-2.18778808  1.92932212]
started to simulate
{'bc_MPS': 'infinite', 'bc': ['periodic', 'periodic'], 'V1': 0.6, 't': -1, 't2': -0.25, 'Lx': 2, 'Ly': 3, 'chi_max': 256, 'Nsec': 3, 'ktot': np.int64(2), 'saveAll': False, 'Delta': 0, 'phi_ext': np.float64(1.35), 'explicit_plus_hc': False, 'N_rings': 2, 'xy_lattice': 'Square', 'ring_order': None, 'conserve_k': True, 'sort_mpo_legs': False}
3
[1.57079633 3.14159265 0.        ] 0
[-1.57079633  3.14159265  3.14159265] 1
[1.57079633 3.14159265 0.        ] 0
[-1.57079633  3.14159265  3.14159265] 1
[1.57079633 3.14159265 0.        ] 0
[-1.57079633  3.14159265  3.14159265] 1
created model
loaded psi
momentum of initial state: 2 , particle number of initial state: 3
starting drmg run
E= 0.5381175505643038
max bond dimension= 256
[0.59456047 0.40619834]
started to simulate
{'bc_MPS': 'infinite', 'bc': ['periodic', 'periodic'], 'V1': 0.6, 't': -1, 't2': -0.25, 'Lx': 2, 'Ly': 3, 'chi_max': 256, 'Nsec': 3, 'ktot': np.int64(2), 'saveAll': False, 'Delta': 0, 'phi_ext': np.float64(1.4000000000000001), 'explicit_plus_hc': False, 'N_rings': 2, 'xy_lattice': 'Square', 'ring_order': None, 'conserve_k': True, 'sort_mpo_legs': False}
3
[1.57079633 3.14159265 0.        ] 0
[-1.57079633  3.14159265  3.14159265] 1
[1.57079633 3.14159265 0.        ] 0
[-1.57079633  3.14159265  3.14159265] 1
[1.57079633 3.14159265 0.        ] 0
[-1.57079633  3.14159265  3.14159265] 1
created model
loaded psi
momentum of initial state: 2 , particle number of initial state: 3
starting drmg run
E= 0.48830537608061303
max bond dimension= 256
[0.90036876 1.10839145]
started to simulate
{'bc_MPS': 'infinite', 'bc': ['periodic', 'periodic'], 'V1': 0.6, 't': -1, 't2': -0.25, 'Lx': 2, 'Ly': 3, 'chi_max': 256, 'Nsec': 3, 'ktot': np.int64(2), 'saveAll': False, 'Delta': 0, 'phi_ext': np.float64(1.4500000000000002), 'explicit_plus_hc': False, 'N_rings': 2, 'xy_lattice': 'Square', 'ring_order': None, 'conserve_k': True, 'sort_mpo_legs': False}
3
[1.57079633 3.14159265 0.        ] 0
[-1.57079633  3.14159265  3.14159265] 1
[1.57079633 3.14159265 0.        ] 0
[-1.57079633  3.14159265  3.14159265] 1
[1.57079633 3.14159265 0.        ] 0
[-1.57079633  3.14159265  3.14159265] 1
created model
loaded psi
momentum of initial state: 2 , particle number of initial state: 3
starting drmg run
E= 0.4791128807052398
max bond dimension= 231
[-0.31442626  1.30833194]
started to simulate
{'bc_MPS': 'infinite', 'bc': ['periodic', 'periodic'], 'V1': 0.6, 't': -1, 't2': -0.25, 'Lx': 2, 'Ly': 3, 'chi_max': 256, 'Nsec': 3, 'ktot': np.int64(2), 'saveAll': False, 'Delta': 0, 'phi_ext': np.float64(1.5), 'explicit_plus_hc': False, 'N_rings': 2, 'xy_lattice': 'Square', 'ring_order': None, 'conserve_k': True, 'sort_mpo_legs': False}
3
[1.57079633 3.14159265 0.        ] 0
[-1.57079633  3.14159265  3.14159265] 1
[1.57079633 3.14159265 0.        ] 0
[-1.57079633  3.14159265  3.14159265] 1
[1.57079633 3.14159265 0.        ] 0
[-1.57079633  3.14159265  3.14159265] 1
created model
loaded psi
momentum of initial state: 2 , particle number of initial state: 3
starting drmg run
E= 0.29796502040346695
max bond dimension= 256
[-0.2254817   0.15871525]
started to simulate
{'bc_MPS': 'infinite', 'bc': ['periodic', 'periodic'], 'V1': 0.6, 't': -1, 't2': -0.25, 'Lx': 2, 'Ly': 3, 'chi_max': 256, 'Nsec': 3, 'ktot': np.int64(2), 'saveAll': False, 'Delta': 0, 'phi_ext': np.float64(1.55), 'explicit_plus_hc': False, 'N_rings': 2, 'xy_lattice': 'Square', 'ring_order': None, 'conserve_k': True, 'sort_mpo_legs': False}
3
[1.57079633 3.14159265 0.        ] 0
[-1.57079633  3.14159265  3.14159265] 1
[1.57079633 3.14159265 0.        ] 0
[-1.57079633  3.14159265  3.14159265] 1
[1.57079633 3.14159265 0.        ] 0
[-1.57079633  3.14159265  3.14159265] 1
created model
loaded psi
momentum of initial state: 2 , particle number of initial state: 3
starting drmg run
E= 0.31001638373433593
max bond dimension= 253
[-0.97589163  0.04811692]
started to simulate
{'bc_MPS': 'infinite', 'bc': ['periodic', 'periodic'], 'V1': 0.6, 't': -1, 't2': -0.25, 'Lx': 2, 'Ly': 3, 'chi_max': 256, 'Nsec': 3, 'ktot': np.int64(2), 'saveAll': False, 'Delta': 0, 'phi_ext': np.float64(1.6), 'explicit_plus_hc': False, 'N_rings': 2, 'xy_lattice': 'Square', 'ring_order': None, 'conserve_k': True, 'sort_mpo_legs': False}
3
[1.57079633 3.14159265 0.        ] 0
[-1.57079633  3.14159265  3.14159265] 1
[1.57079633 3.14159265 0.        ] 0
[-1.57079633  3.14159265  3.14159265] 1
[1.57079633 3.14159265 0.        ] 0
[-1.57079633  3.14159265  3.14159265] 1
created model
loaded psi
momentum of initial state: 2 , particle number of initial state: 3
starting drmg run
E= 0.4323810743511937
max bond dimension= 256
[0.71098973 0.43083817]
started to simulate
{'bc_MPS': 'infinite', 'bc': ['periodic', 'periodic'], 'V1': 0.6, 't': -1, 't2': -0.25, 'Lx': 2, 'Ly': 3, 'chi_max': 256, 'Nsec': 3, 'ktot': np.int64(2), 'saveAll': False, 'Delta': 0, 'phi_ext': np.float64(1.6500000000000001), 'explicit_plus_hc': False, 'N_rings': 2, 'xy_lattice': 'Square', 'ring_order': None, 'conserve_k': True, 'sort_mpo_legs': False}
3
[1.57079633 3.14159265 0.        ] 0
[-1.57079633  3.14159265  3.14159265] 1
[1.57079633 3.14159265 0.        ] 0
[-1.57079633  3.14159265  3.14159265] 1
[1.57079633 3.14159265 0.        ] 0
[-1.57079633  3.14159265  3.14159265] 1
created model
loaded psi
momentum of initial state: 2 , particle number of initial state: 3
starting drmg run
E= 0.6164149361061106
max bond dimension= 243
[-0.5214292   0.77941081]
started to simulate
{'bc_MPS': 'infinite', 'bc': ['periodic', 'periodic'], 'V1': 0.6, 't': -1, 't2': -0.25, 'Lx': 2, 'Ly': 3, 'chi_max': 256, 'Nsec': 3, 'ktot': np.int64(2), 'saveAll': False, 'Delta': 0, 'phi_ext': np.float64(1.7000000000000002), 'explicit_plus_hc': False, 'N_rings': 2, 'xy_lattice': 'Square', 'ring_order': None, 'conserve_k': True, 'sort_mpo_legs': False}
3
[1.57079633 3.14159265 0.        ] 0
[-1.57079633  3.14159265  3.14159265] 1
[1.57079633 3.14159265 0.        ] 0
[-1.57079633  3.14159265  3.14159265] 1
[1.57079633 3.14159265 0.        ] 0
[-1.57079633  3.14159265  3.14159265] 1
created model
loaded psi
momentum of initial state: 2 , particle number of initial state: 3
starting drmg run
E= 0.3579215966145455
max bond dimension= 248
[-3.50270435  0.50552657]
started to simulate
{'bc_MPS': 'infinite', 'bc': ['periodic', 'periodic'], 'V1': 0.6, 't': -1, 't2': -0.25, 'Lx': 2, 'Ly': 3, 'chi_max': 256, 'Nsec': 3, 'ktot': np.int64(2), 'saveAll': False, 'Delta': 0, 'phi_ext': np.float64(1.75), 'explicit_plus_hc': False, 'N_rings': 2, 'xy_lattice': 'Square', 'ring_order': None, 'conserve_k': True, 'sort_mpo_legs': False}
3
[1.57079633 3.14159265 0.        ] 0
[-1.57079633  3.14159265  3.14159265] 1
[1.57079633 3.14159265 0.        ] 0
[-1.57079633  3.14159265  3.14159265] 1
[1.57079633 3.14159265 0.        ] 0
[-1.57079633  3.14159265  3.14159265] 1
created model
loaded psi
momentum of initial state: 2 , particle number of initial state: 3
starting drmg run
E= 0.21164192469944965
max bond dimension= 195
[-4.99243457  0.07609637]
started to simulate
{'bc_MPS': 'infinite', 'bc': ['periodic', 'periodic'], 'V1': 0.6, 't': -1, 't2': -0.25, 'Lx': 2, 'Ly': 3, 'chi_max': 256, 'Nsec': 3, 'ktot': np.int64(2), 'saveAll': False, 'Delta': 0, 'phi_ext': np.float64(1.8), 'explicit_plus_hc': False, 'N_rings': 2, 'xy_lattice': 'Square', 'ring_order': None, 'conserve_k': True, 'sort_mpo_legs': False}
3
[1.57079633 3.14159265 0.        ] 0
[-1.57079633  3.14159265  3.14159265] 1
[1.57079633 3.14159265 0.        ] 0
[-1.57079633  3.14159265  3.14159265] 1
[1.57079633 3.14159265 0.        ] 0
[-1.57079633  3.14159265  3.14159265] 1
created model
loaded psi
momentum of initial state: 2 , particle number of initial state: 3
starting drmg run
E= 0.47172069468820155
max bond dimension= 256
[-4.01243855  1.00198561]
started to simulate
{'bc_MPS': 'infinite', 'bc': ['periodic', 'periodic'], 'V1': 0.6, 't': -1, 't2': -0.25, 'Lx': 2, 'Ly': 3, 'chi_max': 256, 'Nsec': 3, 'ktot': np.int64(2), 'saveAll': False, 'Delta': 0, 'phi_ext': np.float64(1.85), 'explicit_plus_hc': False, 'N_rings': 2, 'xy_lattice': 'Square', 'ring_order': None, 'conserve_k': True, 'sort_mpo_legs': False}
3
[1.57079633 3.14159265 0.        ] 0
[-1.57079633  3.14159265  3.14159265] 1
[1.57079633 3.14159265 0.        ] 0
[-1.57079633  3.14159265  3.14159265] 1
[1.57079633 3.14159265 0.        ] 0
[-1.57079633  3.14159265  3.14159265] 1
created model
loaded psi
momentum of initial state: 2 , particle number of initial state: 3
starting drmg run
E= 0.6359468788721566
max bond dimension= 256
[-5.93748509  0.12476184]
started to simulate
{'bc_MPS': 'infinite', 'bc': ['periodic', 'periodic'], 'V1': 0.6, 't': -1, 't2': -0.25, 'Lx': 2, 'Ly': 3, 'chi_max': 256, 'Nsec': 3, 'ktot': np.int64(2), 'saveAll': False, 'Delta': 0, 'phi_ext': np.float64(1.9000000000000001), 'explicit_plus_hc': False, 'N_rings': 2, 'xy_lattice': 'Square', 'ring_order': None, 'conserve_k': True, 'sort_mpo_legs': False}
3
[1.57079633 3.14159265 0.        ] 0
[-1.57079633  3.14159265  3.14159265] 1
[1.57079633 3.14159265 0.        ] 0
[-1.57079633  3.14159265  3.14159265] 1
[1.57079633 3.14159265 0.        ] 0
[-1.57079633  3.14159265  3.14159265] 1
created model
loaded psi
momentum of initial state: 2 , particle number of initial state: 3
starting drmg run
E= 0.35847604609476963
max bond dimension= 256
[-5.81665809  1.00690878]
started to simulate
{'bc_MPS': 'infinite', 'bc': ['periodic', 'periodic'], 'V1': 0.6, 't': -1, 't2': -0.25, 'Lx': 2, 'Ly': 3, 'chi_max': 256, 'Nsec': 3, 'ktot': np.int64(2), 'saveAll': False, 'Delta': 0, 'phi_ext': np.float64(1.9500000000000002), 'explicit_plus_hc': False, 'N_rings': 2, 'xy_lattice': 'Square', 'ring_order': None, 'conserve_k': True, 'sort_mpo_legs': False}
3
[1.57079633 3.14159265 0.        ] 0
[-1.57079633  3.14159265  3.14159265] 1
[1.57079633 3.14159265 0.        ] 0
[-1.57079633  3.14159265  3.14159265] 1
[1.57079633 3.14159265 0.        ] 0
[-1.57079633  3.14159265  3.14159265] 1
created model
loaded psi
momentum of initial state: 2 , particle number of initial state: 3
starting drmg run
E= 0.5676735216889975
max bond dimension= 191
[-5.27338255  0.28839399]
started to simulate
{'bc_MPS': 'infinite', 'bc': ['periodic', 'periodic'], 'V1': 0.6, 't': -1, 't2': -0.25, 'Lx': 2, 'Ly': 3, 'chi_max': 256, 'Nsec': 3, 'ktot': np.int64(2), 'saveAll': False, 'Delta': 0, 'phi_ext': np.float64(2.0), 'explicit_plus_hc': False, 'N_rings': 2, 'xy_lattice': 'Square', 'ring_order': None, 'conserve_k': True, 'sort_mpo_legs': False}
3
[1.57079633 3.14159265 0.        ] 0
[-1.57079633  3.14159265  3.14159265] 1
[1.57079633 3.14159265 0.        ] 0
[-1.57079633  3.14159265  3.14159265] 1
[1.57079633 3.14159265 0.        ] 0
[-1.57079633  3.14159265  3.14159265] 1
created model
loaded psi
momentum of initial state: 2 , particle number of initial state: 3
starting drmg run
E= 0.2884875791358941
max bond dimension= 117
[-6.18534851  1.62132499]
started to simulate
{'bc_MPS': 'infinite', 'bc': ['periodic', 'periodic'], 'V1': 0.6, 't': -1, 't2': -0.25, 'Lx': 2, 'Ly': 3, 'chi_max': 256, 'Nsec': 3, 'ktot': np.int64(2), 'saveAll': False, 'Delta': 0, 'phi_ext': np.float64(2.0500000000000003), 'explicit_plus_hc': False, 'N_rings': 2, 'xy_lattice': 'Square', 'ring_order': None, 'conserve_k': True, 'sort_mpo_legs': False}
3
[1.57079633 3.14159265 0.        ] 0
[-1.57079633  3.14159265  3.14159265] 1
[1.57079633 3.14159265 0.        ] 0
[-1.57079633  3.14159265  3.14159265] 1
[1.57079633 3.14159265 0.        ] 0
[-1.57079633  3.14159265  3.14159265] 1
created model
loaded psi
momentum of initial state: 2 , particle number of initial state: 3
starting drmg run
E= 0.3811515206486244
max bond dimension= 254
[-7.13133178  0.92252441]
started to simulate
{'bc_MPS': 'infinite', 'bc': ['periodic', 'periodic'], 'V1': 0.6, 't': -1, 't2': -0.25, 'Lx': 2, 'Ly': 3, 'chi_max': 256, 'Nsec': 3, 'ktot': np.int64(2), 'saveAll': False, 'Delta': 0, 'phi_ext': np.float64(2.1), 'explicit_plus_hc': False, 'N_rings': 2, 'xy_lattice': 'Square', 'ring_order': None, 'conserve_k': True, 'sort_mpo_legs': False}
3
[1.57079633 3.14159265 0.        ] 0
[-1.57079633  3.14159265  3.14159265] 1
[1.57079633 3.14159265 0.        ] 0
[-1.57079633  3.14159265  3.14159265] 1
[1.57079633 3.14159265 0.        ] 0
[-1.57079633  3.14159265  3.14159265] 1
created model
loaded psi
momentum of initial state: 2 , particle number of initial state: 3
starting drmg run
E= 0.40351718089192445
max bond dimension= 256
[-7.92591883  0.69268199]
started to simulate
{'bc_MPS': 'infinite', 'bc': ['periodic', 'periodic'], 'V1': 0.6, 't': -1, 't2': -0.25, 'Lx': 2, 'Ly': 3, 'chi_max': 256, 'Nsec': 3, 'ktot': np.int64(2), 'saveAll': False, 'Delta': 0, 'phi_ext': np.float64(2.15), 'explicit_plus_hc': False, 'N_rings': 2, 'xy_lattice': 'Square', 'ring_order': None, 'conserve_k': True, 'sort_mpo_legs': False}
3
[1.57079633 3.14159265 0.        ] 0
[-1.57079633  3.14159265  3.14159265] 1
[1.57079633 3.14159265 0.        ] 0
[-1.57079633  3.14159265  3.14159265] 1
[1.57079633 3.14159265 0.        ] 0
[-1.57079633  3.14159265  3.14159265] 1
created model
loaded psi
momentum of initial state: 2 , particle number of initial state: 3
starting drmg run
E= 0.18002619061046707
max bond dimension= 223
[-8.94778281  1.72974987]
started to simulate
{'bc_MPS': 'infinite', 'bc': ['periodic', 'periodic'], 'V1': 0.6, 't': -1, 't2': -0.25, 'Lx': 2, 'Ly': 3, 'chi_max': 256, 'Nsec': 3, 'ktot': np.int64(2), 'saveAll': False, 'Delta': 0, 'phi_ext': np.float64(2.2), 'explicit_plus_hc': False, 'N_rings': 2, 'xy_lattice': 'Square', 'ring_order': None, 'conserve_k': True, 'sort_mpo_legs': False}
3
[1.57079633 3.14159265 0.        ] 0
[-1.57079633  3.14159265  3.14159265] 1
[1.57079633 3.14159265 0.        ] 0
[-1.57079633  3.14159265  3.14159265] 1
[1.57079633 3.14159265 0.        ] 0
[-1.57079633  3.14159265  3.14159265] 1
created model
loaded psi
momentum of initial state: 2 , particle number of initial state: 3
starting drmg run
E= 0.19162031185943343
max bond dimension= 248
[-8.22387403  0.08763837]
started to simulate
{'bc_MPS': 'infinite', 'bc': ['periodic', 'periodic'], 'V1': 0.6, 't': -1, 't2': -0.25, 'Lx': 2, 'Ly': 3, 'chi_max': 256, 'Nsec': 3, 'ktot': np.int64(2), 'saveAll': False, 'Delta': 0, 'phi_ext': np.float64(2.25), 'explicit_plus_hc': False, 'N_rings': 2, 'xy_lattice': 'Square', 'ring_order': None, 'conserve_k': True, 'sort_mpo_legs': False}
3
[1.57079633 3.14159265 0.        ] 0
[-1.57079633  3.14159265  3.14159265] 1
[1.57079633 3.14159265 0.        ] 0
[-1.57079633  3.14159265  3.14159265] 1
[1.57079633 3.14159265 0.        ] 0
[-1.57079633  3.14159265  3.14159265] 1
created model
loaded psi
momentum of initial state: 2 , particle number of initial state: 3
starting drmg run
E= 0.4089557776044804
max bond dimension= 256
[-7.32902958  0.96224046]
started to simulate
{'bc_MPS': 'infinite', 'bc': ['periodic', 'periodic'], 'V1': 0.6, 't': -1, 't2': -0.25, 'Lx': 2, 'Ly': 3, 'chi_max': 256, 'Nsec': 3, 'ktot': np.int64(2), 'saveAll': False, 'Delta': 0, 'phi_ext': np.float64(2.3000000000000003), 'explicit_plus_hc': False, 'N_rings': 2, 'xy_lattice': 'Square', 'ring_order': None, 'conserve_k': True, 'sort_mpo_legs': False}
3
[1.57079633 3.14159265 0.        ] 0
[-1.57079633  3.14159265  3.14159265] 1
[1.57079633 3.14159265 0.        ] 0
[-1.57079633  3.14159265  3.14159265] 1
[1.57079633 3.14159265 0.        ] 0
[-1.57079633  3.14159265  3.14159265] 1
created model
loaded psi
momentum of initial state: 2 , particle number of initial state: 3
starting drmg run
E= 0.4326394432472303
max bond dimension= 256
[-7.00077489  0.03330854]
started to simulate
{'bc_MPS': 'infinite', 'bc': ['periodic', 'periodic'], 'V1': 0.6, 't': -1, 't2': -0.25, 'Lx': 2, 'Ly': 3, 'chi_max': 256, 'Nsec': 3, 'ktot': np.int64(2), 'saveAll': False, 'Delta': 0, 'phi_ext': np.float64(2.35), 'explicit_plus_hc': False, 'N_rings': 2, 'xy_lattice': 'Square', 'ring_order': None, 'conserve_k': True, 'sort_mpo_legs': False}
3
[1.57079633 3.14159265 0.        ] 0
[-1.57079633  3.14159265  3.14159265] 1
[1.57079633 3.14159265 0.        ] 0
[-1.57079633  3.14159265  3.14159265] 1
[1.57079633 3.14159265 0.        ] 0
[-1.57079633  3.14159265  3.14159265] 1
created model
loaded psi
momentum of initial state: 2 , particle number of initial state: 3
starting drmg run
E= 0.3755301546184929
max bond dimension= 256
[-6.75440005  1.15678812]
started to simulate
{'bc_MPS': 'infinite', 'bc': ['periodic', 'periodic'], 'V1': 0.6, 't': -1, 't2': -0.25, 'Lx': 2, 'Ly': 3, 'chi_max': 256, 'Nsec': 3, 'ktot': np.int64(2), 'saveAll': False, 'Delta': 0, 'phi_ext': np.float64(2.4000000000000004), 'explicit_plus_hc': False, 'N_rings': 2, 'xy_lattice': 'Square', 'ring_order': None, 'conserve_k': True, 'sort_mpo_legs': False}
3
[1.57079633 3.14159265 0.        ] 0
[-1.57079633  3.14159265  3.14159265] 1
[1.57079633 3.14159265 0.        ] 0
[-1.57079633  3.14159265  3.14159265] 1
[1.57079633 3.14159265 0.        ] 0
[-1.57079633  3.14159265  3.14159265] 1
created model
loaded psi
momentum of initial state: 2 , particle number of initial state: 3
starting drmg run
E= 0.5327766406384171
max bond dimension= 256
[-9.12241864  1.71951486]
started to simulate
{'bc_MPS': 'infinite', 'bc': ['periodic', 'periodic'], 'V1': 0.6, 't': -1, 't2': -0.25, 'Lx': 2, 'Ly': 3, 'chi_max': 256, 'Nsec': 3, 'ktot': np.int64(2), 'saveAll': False, 'Delta': 0, 'phi_ext': np.float64(2.45), 'explicit_plus_hc': False, 'N_rings': 2, 'xy_lattice': 'Square', 'ring_order': None, 'conserve_k': True, 'sort_mpo_legs': False}
3
[1.57079633 3.14159265 0.        ] 0
[-1.57079633  3.14159265  3.14159265] 1
[1.57079633 3.14159265 0.        ] 0
[-1.57079633  3.14159265  3.14159265] 1
[1.57079633 3.14159265 0.        ] 0
[-1.57079633  3.14159265  3.14159265] 1
created model
loaded psi
momentum of initial state: 2 , particle number of initial state: 3
starting drmg run
E= 0.5212682199727302
max bond dimension= 256
[-10.41032918   0.35953256]
started to simulate
{'bc_MPS': 'infinite', 'bc': ['periodic', 'periodic'], 'V1': 0.6, 't': -1, 't2': -0.25, 'Lx': 2, 'Ly': 3, 'chi_max': 256, 'Nsec': 3, 'ktot': np.int64(2), 'saveAll': False, 'Delta': 0, 'phi_ext': np.float64(2.5), 'explicit_plus_hc': False, 'N_rings': 2, 'xy_lattice': 'Square', 'ring_order': None, 'conserve_k': True, 'sort_mpo_legs': False}
3
[1.57079633 3.14159265 0.        ] 0
[-1.57079633  3.14159265  3.14159265] 1
[1.57079633 3.14159265 0.        ] 0
[-1.57079633  3.14159265  3.14159265] 1
[1.57079633 3.14159265 0.        ] 0
[-1.57079633  3.14159265  3.14159265] 1
created model
loaded psi
momentum of initial state: 2 , particle number of initial state: 3
starting drmg run
E= 0.06264377944157218
max bond dimension= 256
[-10.7671318    1.53885663]
started to simulate
{'bc_MPS': 'infinite', 'bc': ['periodic', 'periodic'], 'V1': 0.6, 't': -1, 't2': -0.25, 'Lx': 2, 'Ly': 3, 'chi_max': 256, 'Nsec': 3, 'ktot': np.int64(2), 'saveAll': False, 'Delta': 0, 'phi_ext': np.float64(2.5500000000000003), 'explicit_plus_hc': False, 'N_rings': 2, 'xy_lattice': 'Square', 'ring_order': None, 'conserve_k': True, 'sort_mpo_legs': False}
3
[1.57079633 3.14159265 0.        ] 0
[-1.57079633  3.14159265  3.14159265] 1
[1.57079633 3.14159265 0.        ] 0
[-1.57079633  3.14159265  3.14159265] 1
[1.57079633 3.14159265 0.        ] 0
[-1.57079633  3.14159265  3.14159265] 1
created model
loaded psi
momentum of initial state: 2 , particle number of initial state: 3
starting drmg run
E= 0.43883295338869743
max bond dimension= 255
[-9.58479683  1.14666109]
started to simulate
{'bc_MPS': 'infinite', 'bc': ['periodic', 'periodic'], 'V1': 0.6, 't': -1, 't2': -0.25, 'Lx': 2, 'Ly': 3, 'chi_max': 256, 'Nsec': 3, 'ktot': np.int64(2), 'saveAll': False, 'Delta': 0, 'phi_ext': np.float64(2.6), 'explicit_plus_hc': False, 'N_rings': 2, 'xy_lattice': 'Square', 'ring_order': None, 'conserve_k': True, 'sort_mpo_legs': False}
3
[1.57079633 3.14159265 0.        ] 0
[-1.57079633  3.14159265  3.14159265] 1
[1.57079633 3.14159265 0.        ] 0
[-1.57079633  3.14159265  3.14159265] 1
[1.57079633 3.14159265 0.        ] 0
[-1.57079633  3.14159265  3.14159265] 1
created model
loaded psi
momentum of initial state: 2 , particle number of initial state: 3
starting drmg run
E= 0.4330180953619447
max bond dimension= 147
[-8.59125989  1.4144971 ]
started to simulate
{'bc_MPS': 'infinite', 'bc': ['periodic', 'periodic'], 'V1': 0.6, 't': -1, 't2': -0.25, 'Lx': 2, 'Ly': 3, 'chi_max': 256, 'Nsec': 3, 'ktot': np.int64(2), 'saveAll': False, 'Delta': 0, 'phi_ext': np.float64(2.6500000000000004), 'explicit_plus_hc': False, 'N_rings': 2, 'xy_lattice': 'Square', 'ring_order': None, 'conserve_k': True, 'sort_mpo_legs': False}
3
[1.57079633 3.14159265 0.        ] 0
[-1.57079633  3.14159265  3.14159265] 1
[1.57079633 3.14159265 0.        ] 0
[-1.57079633  3.14159265  3.14159265] 1
[1.57079633 3.14159265 0.        ] 0
[-1.57079633  3.14159265  3.14159265] 1
created model
loaded psi
momentum of initial state: 2 , particle number of initial state: 3
starting drmg run
E= 0.3523460053618142
max bond dimension= 256
[-7.98209998  1.21290791]
started to simulate
{'bc_MPS': 'infinite', 'bc': ['periodic', 'periodic'], 'V1': 0.6, 't': -1, 't2': -0.25, 'Lx': 2, 'Ly': 3, 'chi_max': 256, 'Nsec': 3, 'ktot': np.int64(2), 'saveAll': False, 'Delta': 0, 'phi_ext': np.float64(2.7), 'explicit_plus_hc': False, 'N_rings': 2, 'xy_lattice': 'Square', 'ring_order': None, 'conserve_k': True, 'sort_mpo_legs': False}
3
[1.57079633 3.14159265 0.        ] 0
[-1.57079633  3.14159265  3.14159265] 1
[1.57079633 3.14159265 0.        ] 0
[-1.57079633  3.14159265  3.14159265] 1
[1.57079633 3.14159265 0.        ] 0
[-1.57079633  3.14159265  3.14159265] 1
created model
loaded psi
momentum of initial state: 2 , particle number of initial state: 3
starting drmg run
E= 0.4736799350471396
max bond dimension= 256
[-10.23455316   1.72509336]
started to simulate
{'bc_MPS': 'infinite', 'bc': ['periodic', 'periodic'], 'V1': 0.6, 't': -1, 't2': -0.25, 'Lx': 2, 'Ly': 3, 'chi_max': 256, 'Nsec': 3, 'ktot': np.int64(2), 'saveAll': False, 'Delta': 0, 'phi_ext': np.float64(2.75), 'explicit_plus_hc': False, 'N_rings': 2, 'xy_lattice': 'Square', 'ring_order': None, 'conserve_k': True, 'sort_mpo_legs': False}
3
[1.57079633 3.14159265 0.        ] 0
[-1.57079633  3.14159265  3.14159265] 1
[1.57079633 3.14159265 0.        ] 0
[-1.57079633  3.14159265  3.14159265] 1
[1.57079633 3.14159265 0.        ] 0
[-1.57079633  3.14159265  3.14159265] 1
created model
loaded psi
momentum of initial state: 2 , particle number of initial state: 3
starting drmg run
E= 0.1744259082638185
max bond dimension= 256
[-9.94559864  0.36046584]
started to simulate
{'bc_MPS': 'infinite', 'bc': ['periodic', 'periodic'], 'V1': 0.6, 't': -1, 't2': -0.25, 'Lx': 2, 'Ly': 3, 'chi_max': 256, 'Nsec': 3, 'ktot': np.int64(2), 'saveAll': False, 'Delta': 0, 'phi_ext': np.float64(2.8000000000000003), 'explicit_plus_hc': False, 'N_rings': 2, 'xy_lattice': 'Square', 'ring_order': None, 'conserve_k': True, 'sort_mpo_legs': False}
3
[1.57079633 3.14159265 0.        ] 0
[-1.57079633  3.14159265  3.14159265] 1
[1.57079633 3.14159265 0.        ] 0
[-1.57079633  3.14159265  3.14159265] 1
[1.57079633 3.14159265 0.        ] 0
[-1.57079633  3.14159265  3.14159265] 1
created model
loaded psi
momentum of initial state: 2 , particle number of initial state: 3
starting drmg run
E= 0.41324357786830507
max bond dimension= 256
[-10.30644822   0.53433158]
started to simulate
{'bc_MPS': 'infinite', 'bc': ['periodic', 'periodic'], 'V1': 0.6, 't': -1, 't2': -0.25, 'Lx': 2, 'Ly': 3, 'chi_max': 256, 'Nsec': 3, 'ktot': np.int64(2), 'saveAll': False, 'Delta': 0, 'phi_ext': np.float64(2.85), 'explicit_plus_hc': False, 'N_rings': 2, 'xy_lattice': 'Square', 'ring_order': None, 'conserve_k': True, 'sort_mpo_legs': False}
3
[1.57079633 3.14159265 0.        ] 0
[-1.57079633  3.14159265  3.14159265] 1
[1.57079633 3.14159265 0.        ] 0
[-1.57079633  3.14159265  3.14159265] 1
[1.57079633 3.14159265 0.        ] 0
[-1.57079633  3.14159265  3.14159265] 1
created model
loaded psi
momentum of initial state: 2 , particle number of initial state: 3
starting drmg run
E= 0.7846470703872038
max bond dimension= 97
[-12.99945805   0.99936406]
started to simulate
{'bc_MPS': 'infinite', 'bc': ['periodic', 'periodic'], 'V1': 0.6, 't': -1, 't2': -0.25, 'Lx': 2, 'Ly': 3, 'chi_max': 256, 'Nsec': 3, 'ktot': np.int64(2), 'saveAll': False, 'Delta': 0, 'phi_ext': np.float64(2.9000000000000004), 'explicit_plus_hc': False, 'N_rings': 2, 'xy_lattice': 'Square', 'ring_order': None, 'conserve_k': True, 'sort_mpo_legs': False}
3
[1.57079633 3.14159265 0.        ] 0
[-1.57079633  3.14159265  3.14159265] 1
[1.57079633 3.14159265 0.        ] 0
[-1.57079633  3.14159265  3.14159265] 1
[1.57079633 3.14159265 0.        ] 0
[-1.57079633  3.14159265  3.14159265] 1
created model
loaded psi
momentum of initial state: 2 , particle number of initial state: 3
starting drmg run
E= 0.0702206010823924
max bond dimension= 256
[-13.94494785   1.01836862]
started to simulate
{'bc_MPS': 'infinite', 'bc': ['periodic', 'periodic'], 'V1': 0.6, 't': -1, 't2': -0.25, 'Lx': 2, 'Ly': 3, 'chi_max': 256, 'Nsec': 3, 'ktot': np.int64(2), 'saveAll': False, 'Delta': 0, 'phi_ext': np.float64(2.95), 'explicit_plus_hc': False, 'N_rings': 2, 'xy_lattice': 'Square', 'ring_order': None, 'conserve_k': True, 'sort_mpo_legs': False}
3
[1.57079633 3.14159265 0.        ] 0
[-1.57079633  3.14159265  3.14159265] 1
[1.57079633 3.14159265 0.        ] 0
[-1.57079633  3.14159265  3.14159265] 1
[1.57079633 3.14159265 0.        ] 0
[-1.57079633  3.14159265  3.14159265] 1
created model
loaded psi
momentum of initial state: 2 , particle number of initial state: 3
starting drmg run
E= 0.5553639380936678
max bond dimension= 256
[-12.94050701   1.87944442]
started to simulate
{'bc_MPS': 'infinite', 'bc': ['periodic', 'periodic'], 'V1': 0.6, 't': -1, 't2': -0.25, 'Lx': 2, 'Ly': 3, 'chi_max': 256, 'Nsec': 3, 'ktot': np.int64(2), 'saveAll': False, 'Delta': 0, 'phi_ext': np.float64(3.0), 'explicit_plus_hc': False, 'N_rings': 2, 'xy_lattice': 'Square', 'ring_order': None, 'conserve_k': True, 'sort_mpo_legs': False}
3
[1.57079633 3.14159265 0.        ] 0
[-1.57079633  3.14159265  3.14159265] 1
[1.57079633 3.14159265 0.        ] 0
[-1.57079633  3.14159265  3.14159265] 1
[1.57079633 3.14159265 0.        ] 0
[-1.57079633  3.14159265  3.14159265] 1
created model
loaded psi
momentum of initial state: 2 , particle number of initial state: 3
starting drmg run
E= 0.5070794428821443
max bond dimension= 254
[-12.23886335   1.00153104]
finished at Sun 26 Oct 04:47:06 CET 2025
