Running task 3 specified in logfiles/cpump_ML.config.pkl on curie18 at Thu 23 Oct 17:14:56 CEST 2025 with 6 threads
INFO:tenpy.tools.params:MixedHofstadterLandauGauge_Pi_2: reading 'Lx'=2
INFO:tenpy.tools.params:MixedHofstadterLandauGauge_Pi_2: setting 'N_rings'=2
INFO:tenpy.tools.params:MixedHofstadterLandauGauge_Pi_2: reading 'Ly'=6
INFO:tenpy.tools.params:MixedHofstadterLandauGauge_Pi_2: reading 'bc_MPS'='infinite'
INFO:tenpy.tools.params:MixedHofstadterLandauGauge_Pi_2: reading 't'=-1
INFO:tenpy.tools.params:MixedHofstadterLandauGauge_Pi_2: reading 't2'=-0.25
INFO:tenpy.tools.params:MixedHofstadterLandauGauge_Pi_2: reading 'V1'=0.6
INFO:tenpy.tools.params:MixedHofstadterLandauGauge_Pi_2: reading 'phi_ext'=np.float64(0.0)
/home/t30/kna/ge54yin/Documents/MasterThesisFQHinTMDs/MPS_stuff/MPScalculations/.venv/lib/python3.12/site-packages/tenpy/tools/params.py:232: UserWarning: unused options for config MixedHofstadterLandauGauge_Pi_2:
['Delta', 'N_rings', 'Nsec', 'bc', 'chi_max', 'ktot', 'saveAll']
  warnings.warn(msg.format(keys=sorted(unused), name=self.name))
INFO:tenpy.tools.params:DMRG: subconfig 'trunc_params'=Config(<1 options>, 'trunc_params')
INFO:tenpy.tools.params:DMRG: reading 'chi_list'={0: 512}
INFO:tenpy.algorithms.mps_common:start environment_sweep
INFO:tenpy.tools.params:trunc_params: reading 'chi_max'=512
INFO:tenpy.tools.params:DMRG: reading 'mixer'=True
INFO:tenpy.algorithms.mps_common:activate DensityMatrixMixer with initial amplitude 1e-05
INFO:tenpy.tools.params:DMRG: reading 'max_sweeps'=250
INFO:tenpy.algorithms.dmrg:Running sweep with optimization
INFO:tenpy.algorithms.mps_common:Setting chi_max=512
INFO:tenpy.algorithms.mps_common:activate DensityMatrixMixer with initial amplitude 1e-05
INFO:tenpy.algorithms.mps_common:start environment_sweep
INFO:tenpy.algorithms.dmrg:checkpoint after sweep 10
energy=-0.7109486160560069, max S=3.2306384231421736, age=396, norm_err=9.8e-07
Current memory usage 484.5MB, wall time: 795.9s
Delta E = nan, Delta S = 2.4018e-01 (per sweep)
max trunc_err = 1.5330e-05, max E_trunc = 9.2670e-05
chi: [512, 512, 512, 512, 512, 512, 512, 512, 512, 512, 512, 512]
================================================================================
INFO:tenpy.algorithms.dmrg:Running sweep with optimization
INFO:tenpy.algorithms.mps_common:start environment_sweep
INFO:tenpy.algorithms.dmrg:checkpoint after sweep 20
energy=-0.7109542190377406, max S=3.2305696334196359, age=756, norm_err=1.6e-07
Current memory usage 484.5MB, wall time: 196.9s
Delta E = -5.6030e-07, Delta S = -1.5365e-05 (per sweep)
max trunc_err = 1.0589e-05, max E_trunc = 7.2496e-05
chi: [512, 512, 512, 512, 512, 512, 512, 512, 512, 512, 512, 512]
================================================================================
INFO:tenpy.algorithms.dmrg:Running sweep with optimization
INFO:tenpy.algorithms.mps_common:start environment_sweep
INFO:tenpy.algorithms.dmrg:checkpoint after sweep 30
energy=-0.7109545014119855, max S=3.2305891168203731, age=1116, norm_err=2.1e-08
Current memory usage 484.6MB, wall time: 197.0s
Delta E = -2.8237e-08, Delta S = 6.6370e-07 (per sweep)
max trunc_err = 1.0508e-05, max E_trunc = 7.1803e-05
chi: [512, 512, 512, 512, 512, 512, 512, 512, 512, 512, 512, 512]
================================================================================
INFO:tenpy.algorithms.dmrg:Running sweep with optimization
INFO:tenpy.algorithms.mps_common:start environment_sweep
INFO:tenpy.algorithms.dmrg:checkpoint after sweep 40
energy=-0.7109545077730767, max S=3.2305775413259781, age=1476, norm_err=2.7e-09
Current memory usage 484.6MB, wall time: 196.9s
Delta E = -6.3611e-10, Delta S = -1.9909e-06 (per sweep)
max trunc_err = 1.0497e-05, max E_trunc = 7.1832e-05
chi: [512, 512, 512, 512, 512, 512, 512, 512, 512, 512, 512, 512]
================================================================================
INFO:tenpy.algorithms.mps_common:TwoSiteDMRGEngine: Convergence criterion reached with enabled mixer. Disable mixer and continue.
INFO:tenpy.algorithms.mps_common:deactivate DensityMatrixMixer with final amplitude 2.4414062499999994e-09
INFO:tenpy.algorithms.dmrg:Running sweep with optimization
INFO:tenpy.algorithms.mps_common:start environment_sweep
INFO:tenpy.algorithms.dmrg:checkpoint after sweep 50
energy=-0.7109545271281851, max S=3.2305674340255455, age=1836, norm_err=5.1e-10
Current memory usage 484.6MB, wall time: 130.4s
Delta E = -1.9355e-09, Delta S = -1.3520e-06 (per sweep)
max trunc_err = 5.2589e-06, max E_trunc = 7.1917e-05
chi: [512, 512, 512, 512, 512, 512, 512, 512, 512, 512, 512, 512]
================================================================================
WARNING:tenpy.algorithms.dmrg:final DMRG state not in canonical form up to norm_tol_final=1.00e-10: norm_err=5.12e-10, calling psi.canonical_form()
INFO:tenpy.algorithms.dmrg:TwoSiteDMRGEngine finished after 50 sweeps, max chi=512
INFO:tenpy.tools.params:MixedHofstadterLandauGauge_Pi_2: reading 'explicit_plus_hc'=False
INFO:tenpy.tools.params:MixedHofstadterLandauGauge_Pi_2: reading 'Lx'=2
INFO:tenpy.tools.params:MixedHofstadterLandauGauge_Pi_2: setting 'N_rings'=2
INFO:tenpy.tools.params:MixedHofstadterLandauGauge_Pi_2: reading 'xy_lattice'='Square'
INFO:tenpy.tools.params:MixedHofstadterLandauGauge_Pi_2: reading 'Ly'=6
INFO:tenpy.tools.params:MixedHofstadterLandauGauge_Pi_2: reading 'ring_order'=None
INFO:tenpy.tools.params:MixedHofstadterLandauGauge_Pi_2: reading 'conserve_k'=True
INFO:tenpy.tools.params:MixedHofstadterLandauGauge_Pi_2: reading 'bc_MPS'='infinite'
INFO:tenpy.tools.params:MixedHofstadterLandauGauge_Pi_2: reading 't'=-1
INFO:tenpy.tools.params:MixedHofstadterLandauGauge_Pi_2: reading 't2'=-0.25
INFO:tenpy.tools.params:MixedHofstadterLandauGauge_Pi_2: reading 'V1'=0.6
INFO:tenpy.tools.params:MixedHofstadterLandauGauge_Pi_2: reading 'phi_ext'=np.float64(0.05)
INFO:tenpy.tools.params:MixedHofstadterLandauGauge_Pi_2: reading 'sort_mpo_legs'=False
/home/t30/kna/ge54yin/Documents/MasterThesisFQHinTMDs/MPS_stuff/MPScalculations/.venv/lib/python3.12/site-packages/tenpy/tools/params.py:232: UserWarning: unused options for config MixedHofstadterLandauGauge_Pi_2:
['Delta', 'N_rings', 'Nsec', 'bc', 'chi_max', 'ktot', 'saveAll']
  warnings.warn(msg.format(keys=sorted(unused), name=self.name))
INFO:tenpy.tools.params:DMRG: subconfig 'trunc_params'=Config(<1 options>, 'trunc_params')
INFO:tenpy.algorithms.mps_common:start environment_sweep
INFO:tenpy.tools.params:trunc_params: reading 'chi_max'=512
INFO:tenpy.tools.params:DMRG: subconfig 'mixer_params'=Config(<1 options>, 'mixer_params')
INFO:tenpy.tools.params:DMRG: reading 'mixer'=None
INFO:tenpy.tools.params:DMRG: reading 'max_sweeps'=100
INFO:tenpy.algorithms.dmrg:Running sweep with optimization
INFO:tenpy.algorithms.mps_common:start environment_sweep
INFO:tenpy.algorithms.dmrg:checkpoint after sweep 10
energy=-0.7110099979280449, max S=3.2187629549613783, age=396, norm_err=1.7e-08
Current memory usage 696.3MB, wall time: 847.6s
Delta E = nan, Delta S = -2.2071e-04 (per sweep)
max trunc_err = 7.7998e-06, max E_trunc = 9.6132e-05
chi: [512, 512, 512, 512, 512, 512, 512, 512, 512, 512, 512, 512]
================================================================================
INFO:tenpy.algorithms.dmrg:Running sweep with optimization
INFO:tenpy.algorithms.mps_common:start environment_sweep
INFO:tenpy.algorithms.dmrg:checkpoint after sweep 20
energy=-0.7110110143347205, max S=3.2184891074180086, age=756, norm_err=1.4e-09
Current memory usage 696.3MB, wall time: 136.2s
Delta E = -1.0164e-07, Delta S = -3.7472e-05 (per sweep)
max trunc_err = 7.0926e-06, max E_trunc = 8.9134e-05
chi: [512, 512, 512, 512, 512, 512, 512, 512, 512, 512, 512, 512]
================================================================================
INFO:tenpy.algorithms.dmrg:Running sweep with optimization
INFO:tenpy.algorithms.mps_common:start environment_sweep
INFO:tenpy.algorithms.dmrg:checkpoint after sweep 30
energy=-0.7110108955203032, max S=3.2185222837625069, age=1116, norm_err=2.8e-09
Current memory usage 696.3MB, wall time: 138.0s
Delta E = 1.1881e-08, Delta S = 4.2418e-06 (per sweep)
max trunc_err = 7.0704e-06, max E_trunc = 8.8779e-05
chi: [512, 512, 512, 512, 512, 512, 512, 512, 512, 512, 512, 512]
================================================================================
INFO:tenpy.algorithms.dmrg:Running sweep with optimization
INFO:tenpy.algorithms.mps_common:start environment_sweep
INFO:tenpy.algorithms.dmrg:checkpoint after sweep 40
energy=-0.7110108979733999, max S=3.2185194946824871, age=1476, norm_err=2.8e-09
Current memory usage 696.3MB, wall time: 138.1s
Delta E = -2.4531e-10, Delta S = -3.3629e-07 (per sweep)
max trunc_err = 7.0693e-06, max E_trunc = 8.8771e-05
chi: [512, 512, 512, 512, 512, 512, 512, 512, 512, 512, 512, 512]
================================================================================
WARNING:tenpy.algorithms.dmrg:final DMRG state not in canonical form up to norm_tol_final=1.00e-10: norm_err=2.83e-09, calling psi.canonical_form()
INFO:tenpy.algorithms.dmrg:TwoSiteDMRGEngine finished after 40 sweeps, max chi=512
INFO:tenpy.tools.params:MixedHofstadterLandauGauge_Pi_2: reading 'explicit_plus_hc'=False
INFO:tenpy.tools.params:MixedHofstadterLandauGauge_Pi_2: reading 'Lx'=2
INFO:tenpy.tools.params:MixedHofstadterLandauGauge_Pi_2: setting 'N_rings'=2
INFO:tenpy.tools.params:MixedHofstadterLandauGauge_Pi_2: reading 'xy_lattice'='Square'
INFO:tenpy.tools.params:MixedHofstadterLandauGauge_Pi_2: reading 'Ly'=6
INFO:tenpy.tools.params:MixedHofstadterLandauGauge_Pi_2: reading 'ring_order'=None
INFO:tenpy.tools.params:MixedHofstadterLandauGauge_Pi_2: reading 'conserve_k'=True
INFO:tenpy.tools.params:MixedHofstadterLandauGauge_Pi_2: reading 'bc_MPS'='infinite'
INFO:tenpy.tools.params:MixedHofstadterLandauGauge_Pi_2: reading 't'=-1
INFO:tenpy.tools.params:MixedHofstadterLandauGauge_Pi_2: reading 't2'=-0.25
INFO:tenpy.tools.params:MixedHofstadterLandauGauge_Pi_2: reading 'V1'=0.6
INFO:tenpy.tools.params:MixedHofstadterLandauGauge_Pi_2: reading 'phi_ext'=np.float64(0.1)
INFO:tenpy.tools.params:MixedHofstadterLandauGauge_Pi_2: reading 'sort_mpo_legs'=False
/home/t30/kna/ge54yin/Documents/MasterThesisFQHinTMDs/MPS_stuff/MPScalculations/.venv/lib/python3.12/site-packages/tenpy/tools/params.py:232: UserWarning: unused options for config MixedHofstadterLandauGauge_Pi_2:
['Delta', 'N_rings', 'Nsec', 'bc', 'chi_max', 'ktot', 'saveAll']
  warnings.warn(msg.format(keys=sorted(unused), name=self.name))
INFO:tenpy.tools.params:DMRG: reading 'active_sites'=2
INFO:tenpy.tools.params:DMRG: reading 'diag_method'='default'
INFO:tenpy.tools.params:DMRG: subconfig 'trunc_params'=Config(<5 options>, 'trunc_params')
INFO:tenpy.tools.params:DMRG: reading 'max_N_sites_per_ring'=18
INFO:tenpy.tools.params:DMRG: reading 'combine'=False
INFO:tenpy.tools.params:DMRG: subconfig 'lanczos_params'=Config(<9 options>, 'lanczos_params')
INFO:tenpy.tools.params:DMRG: reading 'chi_list'=None
INFO:tenpy.tools.params:DMRG: reading 'start_env'=1
INFO:tenpy.algorithms.mps_common:start environment_sweep
INFO:tenpy.tools.params:DMRG: reading 'N_sweeps_check'=10
INFO:tenpy.tools.params:DMRG: subconfig 'mixer_params'=Config(<3 options>, 'mixer_params')
INFO:tenpy.tools.params:DMRG: reading 'mixer'=None
INFO:tenpy.tools.params:DMRG: reading 'max_sweeps'=100
INFO:tenpy.tools.params:DMRG: reading 'max_hours'=8760
INFO:tenpy.tools.params:DMRG: reading 'P_tol_to_trunc'=0.05
INFO:tenpy.tools.params:DMRG: reading 'P_tol_min'=5.0000000000000004e-30
INFO:tenpy.tools.params:DMRG: reading 'P_tol_max'=0.0001
INFO:tenpy.tools.params:DMRG: reading 'E_tol_to_trunc'=None
INFO:tenpy.algorithms.dmrg:Running sweep with optimization
INFO:tenpy.tools.params:DMRG: reading 'max_N_for_ED'=400
INFO:tenpy.tools.params:DMRG: reading 'update_env'=5
INFO:tenpy.algorithms.mps_common:start environment_sweep
INFO:tenpy.algorithms.dmrg:checkpoint after sweep 10
energy=-0.7110623134687515, max S=3.2201914614897551, age=396, norm_err=2.8e-09
Current memory usage 696.3MB, wall time: 170.5s
Delta E = nan, Delta S = -4.1030e-04 (per sweep)
max trunc_err = 7.2503e-06, max E_trunc = 9.0850e-05
chi: [512, 512, 512, 512, 512, 512, 512, 512, 512, 512, 512, 512]
================================================================================
INFO:tenpy.algorithms.dmrg:Running sweep with optimization
INFO:tenpy.algorithms.mps_common:start environment_sweep
INFO:tenpy.algorithms.dmrg:checkpoint after sweep 20
energy=-0.7110624633129277, max S=3.2201771291622459, age=756, norm_err=1.6e-09
Current memory usage 696.3MB, wall time: 136.7s
Delta E = -1.4984e-08, Delta S = -2.1809e-06 (per sweep)
max trunc_err = 7.3109e-06, max E_trunc = 9.1511e-05
chi: [512, 512, 512, 512, 512, 512, 512, 512, 512, 512, 512, 512]
================================================================================
INFO:tenpy.tools.params:DMRG: reading 'max_E_err'=1e-08
INFO:tenpy.tools.params:DMRG: reading 'max_S_err'=1e-05
INFO:tenpy.algorithms.dmrg:Running sweep with optimization
INFO:tenpy.algorithms.mps_common:start environment_sweep
INFO:tenpy.algorithms.dmrg:checkpoint after sweep 30
energy=-0.7110624627890019, max S=3.2201694781693098, age=1116, norm_err=1.7e-09
Current memory usage 696.3MB, wall time: 136.5s
Delta E = 5.2393e-11, Delta S = -8.0685e-07 (per sweep)
max trunc_err = 7.3370e-06, max E_trunc = 9.1843e-05
chi: [512, 512, 512, 512, 512, 512, 512, 512, 512, 512, 512, 512]
================================================================================
INFO:tenpy.tools.params:DMRG: reading 'norm_tol'=1e-05
INFO:tenpy.tools.params:DMRG: reading 'norm_tol_final'=1e-10
INFO:tenpy.tools.params:DMRG: reading 'norm_tol_iter'=5
WARNING:tenpy.algorithms.dmrg:final DMRG state not in canonical form up to norm_tol_final=1.00e-10: norm_err=1.66e-09, calling psi.canonical_form()
INFO:tenpy.algorithms.dmrg:TwoSiteDMRGEngine finished after 30 sweeps, max chi=512
INFO:tenpy.tools.params:DMRG: reading 'max_trunc_err'=0.0001
INFO:tenpy.tools.params:MixedHofstadterLandauGauge_Pi_2: reading 'explicit_plus_hc'=False
INFO:tenpy.tools.params:MixedHofstadterLandauGauge_Pi_2: reading 'Lx'=2
INFO:tenpy.tools.params:MixedHofstadterLandauGauge_Pi_2: setting 'N_rings'=2
INFO:tenpy.tools.params:MixedHofstadterLandauGauge_Pi_2: reading 'xy_lattice'='Square'
INFO:tenpy.tools.params:MixedHofstadterLandauGauge_Pi_2: reading 'Ly'=6
INFO:tenpy.tools.params:MixedHofstadterLandauGauge_Pi_2: reading 'ring_order'=None
INFO:tenpy.tools.params:MixedHofstadterLandauGauge_Pi_2: reading 'conserve_k'=True
INFO:tenpy.tools.params:MixedHofstadterLandauGauge_Pi_2: reading 'bc_MPS'='infinite'
INFO:tenpy.tools.params:MixedHofstadterLandauGauge_Pi_2: reading 't'=-1
INFO:tenpy.tools.params:MixedHofstadterLandauGauge_Pi_2: reading 't2'=-0.25
INFO:tenpy.tools.params:MixedHofstadterLandauGauge_Pi_2: reading 'V1'=0.6
INFO:tenpy.tools.params:MixedHofstadterLandauGauge_Pi_2: reading 'phi_ext'=np.float64(0.15000000000000002)
INFO:tenpy.tools.params:MixedHofstadterLandauGauge_Pi_2: reading 'sort_mpo_legs'=False
/home/t30/kna/ge54yin/Documents/MasterThesisFQHinTMDs/MPS_stuff/MPScalculations/.venv/lib/python3.12/site-packages/tenpy/tools/params.py:232: UserWarning: unused options for config MixedHofstadterLandauGauge_Pi_2:
['Delta', 'N_rings', 'Nsec', 'bc', 'chi_max', 'ktot', 'saveAll']
  warnings.warn(msg.format(keys=sorted(unused), name=self.name))
INFO:tenpy.tools.params:DMRG: reading 'active_sites'=2
INFO:tenpy.tools.params:DMRG: reading 'diag_method'='default'
INFO:tenpy.tools.params:DMRG: subconfig 'trunc_params'=Config(<5 options>, 'trunc_params')
INFO:tenpy.tools.params:DMRG: reading 'max_N_sites_per_ring'=18
INFO:tenpy.tools.params:DMRG: reading 'combine'=False
INFO:tenpy.tools.params:DMRG: subconfig 'lanczos_params'=Config(<9 options>, 'lanczos_params')
INFO:tenpy.tools.params:DMRG: reading 'chi_list'=None
INFO:tenpy.tools.params:DMRG: reading 'start_env'=1
INFO:tenpy.algorithms.mps_common:start environment_sweep
INFO:tenpy.tools.params:DMRG: reading 'N_sweeps_check'=10
INFO:tenpy.tools.params:DMRG: subconfig 'mixer_params'=Config(<3 options>, 'mixer_params')
INFO:tenpy.tools.params:DMRG: reading 'mixer'=None
INFO:tenpy.tools.params:DMRG: reading 'max_sweeps'=100
INFO:tenpy.tools.params:DMRG: reading 'max_hours'=8760
INFO:tenpy.tools.params:DMRG: reading 'P_tol_to_trunc'=0.05
INFO:tenpy.tools.params:DMRG: reading 'P_tol_min'=5.0000000000000004e-30
INFO:tenpy.tools.params:DMRG: reading 'P_tol_max'=0.0001
INFO:tenpy.tools.params:DMRG: reading 'E_tol_to_trunc'=None
INFO:tenpy.algorithms.dmrg:Running sweep with optimization
INFO:tenpy.tools.params:DMRG: reading 'max_N_for_ED'=400
INFO:tenpy.tools.params:DMRG: reading 'update_env'=5
INFO:tenpy.algorithms.mps_common:start environment_sweep
INFO:tenpy.algorithms.dmrg:checkpoint after sweep 10
energy=-0.7111082008667466, max S=3.2295879812401180, age=396, norm_err=1.5e-09
Current memory usage 696.3MB, wall time: 169.2s
Delta E = nan, Delta S = -5.0711e-04 (per sweep)
max trunc_err = 7.4549e-06, max E_trunc = 9.3929e-05
chi: [512, 512, 512, 512, 512, 512, 512, 512, 512, 512, 512, 512]
================================================================================
INFO:tenpy.algorithms.dmrg:Running sweep with optimization
INFO:tenpy.algorithms.mps_common:start environment_sweep
INFO:tenpy.algorithms.dmrg:checkpoint after sweep 20
energy=-0.7111082064995505, max S=3.2296039181990173, age=756, norm_err=1.6e-09
Current memory usage 696.3MB, wall time: 135.9s
Delta E = -5.6328e-10, Delta S = 3.0945e-06 (per sweep)
max trunc_err = 7.4483e-06, max E_trunc = 9.3824e-05
chi: [512, 512, 512, 512, 512, 512, 512, 512, 512, 512, 512, 512]
================================================================================
INFO:tenpy.tools.params:DMRG: reading 'max_E_err'=1e-08
INFO:tenpy.tools.params:DMRG: reading 'max_S_err'=1e-05
INFO:tenpy.tools.params:DMRG: reading 'norm_tol'=1e-05
INFO:tenpy.tools.params:DMRG: reading 'norm_tol_final'=1e-10
INFO:tenpy.tools.params:DMRG: reading 'norm_tol_iter'=5
WARNING:tenpy.algorithms.dmrg:final DMRG state not in canonical form up to norm_tol_final=1.00e-10: norm_err=1.63e-09, calling psi.canonical_form()
INFO:tenpy.algorithms.dmrg:TwoSiteDMRGEngine finished after 20 sweeps, max chi=512
INFO:tenpy.tools.params:DMRG: reading 'max_trunc_err'=0.0001
INFO:tenpy.tools.params:MixedHofstadterLandauGauge_Pi_2: reading 'explicit_plus_hc'=False
INFO:tenpy.tools.params:MixedHofstadterLandauGauge_Pi_2: reading 'Lx'=2
INFO:tenpy.tools.params:MixedHofstadterLandauGauge_Pi_2: setting 'N_rings'=2
INFO:tenpy.tools.params:MixedHofstadterLandauGauge_Pi_2: reading 'xy_lattice'='Square'
INFO:tenpy.tools.params:MixedHofstadterLandauGauge_Pi_2: reading 'Ly'=6
INFO:tenpy.tools.params:MixedHofstadterLandauGauge_Pi_2: reading 'ring_order'=None
INFO:tenpy.tools.params:MixedHofstadterLandauGauge_Pi_2: reading 'conserve_k'=True
INFO:tenpy.tools.params:MixedHofstadterLandauGauge_Pi_2: reading 'bc_MPS'='infinite'
INFO:tenpy.tools.params:MixedHofstadterLandauGauge_Pi_2: reading 't'=-1
INFO:tenpy.tools.params:MixedHofstadterLandauGauge_Pi_2: reading 't2'=-0.25
INFO:tenpy.tools.params:MixedHofstadterLandauGauge_Pi_2: reading 'V1'=0.6
INFO:tenpy.tools.params:MixedHofstadterLandauGauge_Pi_2: reading 'phi_ext'=np.float64(0.2)
INFO:tenpy.tools.params:MixedHofstadterLandauGauge_Pi_2: reading 'sort_mpo_legs'=False
/home/t30/kna/ge54yin/Documents/MasterThesisFQHinTMDs/MPS_stuff/MPScalculations/.venv/lib/python3.12/site-packages/tenpy/tools/params.py:232: UserWarning: unused options for config MixedHofstadterLandauGauge_Pi_2:
['Delta', 'N_rings', 'Nsec', 'bc', 'chi_max', 'ktot', 'saveAll']
  warnings.warn(msg.format(keys=sorted(unused), name=self.name))
INFO:tenpy.tools.params:DMRG: reading 'active_sites'=2
INFO:tenpy.tools.params:DMRG: reading 'diag_method'='default'
INFO:tenpy.tools.params:DMRG: subconfig 'trunc_params'=Config(<5 options>, 'trunc_params')
INFO:tenpy.tools.params:DMRG: reading 'max_N_sites_per_ring'=18
INFO:tenpy.tools.params:DMRG: reading 'combine'=False
INFO:tenpy.tools.params:DMRG: subconfig 'lanczos_params'=Config(<9 options>, 'lanczos_params')
INFO:tenpy.tools.params:DMRG: reading 'chi_list'=None
INFO:tenpy.tools.params:DMRG: reading 'start_env'=1
INFO:tenpy.algorithms.mps_common:start environment_sweep
INFO:tenpy.tools.params:DMRG: reading 'N_sweeps_check'=10
INFO:tenpy.tools.params:DMRG: subconfig 'mixer_params'=Config(<3 options>, 'mixer_params')
INFO:tenpy.tools.params:DMRG: reading 'mixer'=None
INFO:tenpy.tools.params:DMRG: reading 'max_sweeps'=100
INFO:tenpy.tools.params:DMRG: reading 'max_hours'=8760
INFO:tenpy.tools.params:DMRG: reading 'P_tol_to_trunc'=0.05
INFO:tenpy.tools.params:DMRG: reading 'P_tol_min'=5.0000000000000004e-30
INFO:tenpy.tools.params:DMRG: reading 'P_tol_max'=0.0001
INFO:tenpy.tools.params:DMRG: reading 'E_tol_to_trunc'=None
INFO:tenpy.algorithms.dmrg:Running sweep with optimization
INFO:tenpy.tools.params:DMRG: reading 'max_N_for_ED'=400
INFO:tenpy.tools.params:DMRG: reading 'update_env'=5
INFO:tenpy.algorithms.mps_common:start environment_sweep
INFO:tenpy.algorithms.dmrg:checkpoint after sweep 10
energy=-0.7111483788158992, max S=3.2367440475450797, age=396, norm_err=1.4e-09
Current memory usage 700.8MB, wall time: 168.2s
Delta E = nan, Delta S = -5.2362e-04 (per sweep)
max trunc_err = 7.5590e-06, max E_trunc = 9.4376e-05
chi: [512, 512, 512, 512, 512, 512, 512, 512, 512, 512, 512, 512]
================================================================================
INFO:tenpy.algorithms.dmrg:Running sweep with optimization
INFO:tenpy.algorithms.mps_common:start environment_sweep
INFO:tenpy.algorithms.dmrg:checkpoint after sweep 20
energy=-0.7111483786841765, max S=3.2367614346496234, age=756, norm_err=1.1e-09
Current memory usage 700.8MB, wall time: 135.3s
Delta E = 1.3172e-11, Delta S = 3.0339e-06 (per sweep)
max trunc_err = 7.5409e-06, max E_trunc = 9.4251e-05
chi: [512, 512, 512, 512, 512, 512, 512, 512, 512, 512, 512, 512]
================================================================================
INFO:tenpy.tools.params:DMRG: reading 'max_E_err'=1e-08
INFO:tenpy.tools.params:DMRG: reading 'max_S_err'=1e-05
INFO:tenpy.tools.params:DMRG: reading 'norm_tol'=1e-05
INFO:tenpy.tools.params:DMRG: reading 'norm_tol_final'=1e-10
INFO:tenpy.tools.params:DMRG: reading 'norm_tol_iter'=5
WARNING:tenpy.algorithms.dmrg:final DMRG state not in canonical form up to norm_tol_final=1.00e-10: norm_err=1.14e-09, calling psi.canonical_form()
INFO:tenpy.algorithms.dmrg:TwoSiteDMRGEngine finished after 20 sweeps, max chi=512
INFO:tenpy.tools.params:DMRG: reading 'max_trunc_err'=0.0001
INFO:tenpy.tools.params:MixedHofstadterLandauGauge_Pi_2: reading 'explicit_plus_hc'=False
INFO:tenpy.tools.params:MixedHofstadterLandauGauge_Pi_2: reading 'Lx'=2
INFO:tenpy.tools.params:MixedHofstadterLandauGauge_Pi_2: setting 'N_rings'=2
INFO:tenpy.tools.params:MixedHofstadterLandauGauge_Pi_2: reading 'xy_lattice'='Square'
INFO:tenpy.tools.params:MixedHofstadterLandauGauge_Pi_2: reading 'Ly'=6
INFO:tenpy.tools.params:MixedHofstadterLandauGauge_Pi_2: reading 'ring_order'=None
INFO:tenpy.tools.params:MixedHofstadterLandauGauge_Pi_2: reading 'conserve_k'=True
INFO:tenpy.tools.params:MixedHofstadterLandauGauge_Pi_2: reading 'bc_MPS'='infinite'
INFO:tenpy.tools.params:MixedHofstadterLandauGauge_Pi_2: reading 't'=-1
INFO:tenpy.tools.params:MixedHofstadterLandauGauge_Pi_2: reading 't2'=-0.25
INFO:tenpy.tools.params:MixedHofstadterLandauGauge_Pi_2: reading 'V1'=0.6
INFO:tenpy.tools.params:MixedHofstadterLandauGauge_Pi_2: reading 'phi_ext'=np.float64(0.25)
INFO:tenpy.tools.params:MixedHofstadterLandauGauge_Pi_2: reading 'sort_mpo_legs'=False
/home/t30/kna/ge54yin/Documents/MasterThesisFQHinTMDs/MPS_stuff/MPScalculations/.venv/lib/python3.12/site-packages/tenpy/tools/params.py:232: UserWarning: unused options for config MixedHofstadterLandauGauge_Pi_2:
['Delta', 'N_rings', 'Nsec', 'bc', 'chi_max', 'ktot', 'saveAll']
  warnings.warn(msg.format(keys=sorted(unused), name=self.name))
INFO:tenpy.tools.params:DMRG: reading 'active_sites'=2
INFO:tenpy.tools.params:DMRG: reading 'diag_method'='default'
INFO:tenpy.tools.params:DMRG: subconfig 'trunc_params'=Config(<5 options>, 'trunc_params')
INFO:tenpy.tools.params:DMRG: reading 'max_N_sites_per_ring'=18
INFO:tenpy.tools.params:DMRG: reading 'combine'=False
INFO:tenpy.tools.params:DMRG: subconfig 'lanczos_params'=Config(<9 options>, 'lanczos_params')
INFO:tenpy.tools.params:DMRG: reading 'chi_list'=None
INFO:tenpy.tools.params:DMRG: reading 'start_env'=1
INFO:tenpy.algorithms.mps_common:start environment_sweep
INFO:tenpy.tools.params:DMRG: reading 'N_sweeps_check'=10
INFO:tenpy.tools.params:DMRG: subconfig 'mixer_params'=Config(<3 options>, 'mixer_params')
INFO:tenpy.tools.params:DMRG: reading 'mixer'=None
INFO:tenpy.tools.params:DMRG: reading 'max_sweeps'=100
INFO:tenpy.tools.params:DMRG: reading 'max_hours'=8760
INFO:tenpy.tools.params:DMRG: reading 'P_tol_to_trunc'=0.05
INFO:tenpy.tools.params:DMRG: reading 'P_tol_min'=5.0000000000000004e-30
INFO:tenpy.tools.params:DMRG: reading 'P_tol_max'=0.0001
INFO:tenpy.tools.params:DMRG: reading 'E_tol_to_trunc'=None
INFO:tenpy.algorithms.dmrg:Running sweep with optimization
INFO:tenpy.tools.params:DMRG: reading 'max_N_for_ED'=400
INFO:tenpy.tools.params:DMRG: reading 'update_env'=5
INFO:tenpy.algorithms.mps_common:start environment_sweep
INFO:tenpy.algorithms.dmrg:checkpoint after sweep 10
energy=-0.7111821183108352, max S=3.2415902080082071, age=396, norm_err=1.1e-09
Current memory usage 702.6MB, wall time: 167.3s
Delta E = nan, Delta S = -5.6171e-04 (per sweep)
max trunc_err = 7.2739e-06, max E_trunc = 9.1258e-05
chi: [512, 512, 512, 512, 512, 512, 512, 512, 512, 512, 512, 512]
================================================================================
INFO:tenpy.algorithms.dmrg:Running sweep with optimization
INFO:tenpy.algorithms.mps_common:start environment_sweep
INFO:tenpy.algorithms.dmrg:checkpoint after sweep 20
energy=-0.7111820437042505, max S=3.2416373768542135, age=756, norm_err=2.2e-09
Current memory usage 702.6MB, wall time: 135.2s
Delta E = 7.4607e-09, Delta S = 7.3570e-06 (per sweep)
max trunc_err = 7.3710e-06, max E_trunc = 9.2060e-05
chi: [512, 512, 512, 512, 512, 512, 512, 512, 512, 512, 512, 512]
================================================================================
INFO:tenpy.tools.params:DMRG: reading 'max_E_err'=1e-08
INFO:tenpy.tools.params:DMRG: reading 'max_S_err'=1e-05
INFO:tenpy.tools.params:DMRG: reading 'norm_tol'=1e-05
INFO:tenpy.tools.params:DMRG: reading 'norm_tol_final'=1e-10
INFO:tenpy.tools.params:DMRG: reading 'norm_tol_iter'=5
WARNING:tenpy.algorithms.dmrg:final DMRG state not in canonical form up to norm_tol_final=1.00e-10: norm_err=2.24e-09, calling psi.canonical_form()
INFO:tenpy.algorithms.dmrg:TwoSiteDMRGEngine finished after 20 sweeps, max chi=512
INFO:tenpy.tools.params:DMRG: reading 'max_trunc_err'=0.0001
INFO:tenpy.tools.params:MixedHofstadterLandauGauge_Pi_2: reading 'explicit_plus_hc'=False
INFO:tenpy.tools.params:MixedHofstadterLandauGauge_Pi_2: reading 'Lx'=2
INFO:tenpy.tools.params:MixedHofstadterLandauGauge_Pi_2: setting 'N_rings'=2
INFO:tenpy.tools.params:MixedHofstadterLandauGauge_Pi_2: reading 'xy_lattice'='Square'
INFO:tenpy.tools.params:MixedHofstadterLandauGauge_Pi_2: reading 'Ly'=6
INFO:tenpy.tools.params:MixedHofstadterLandauGauge_Pi_2: reading 'ring_order'=None
INFO:tenpy.tools.params:MixedHofstadterLandauGauge_Pi_2: reading 'conserve_k'=True
INFO:tenpy.tools.params:MixedHofstadterLandauGauge_Pi_2: reading 'bc_MPS'='infinite'
INFO:tenpy.tools.params:MixedHofstadterLandauGauge_Pi_2: reading 't'=-1
INFO:tenpy.tools.params:MixedHofstadterLandauGauge_Pi_2: reading 't2'=-0.25
INFO:tenpy.tools.params:MixedHofstadterLandauGauge_Pi_2: reading 'V1'=0.6
INFO:tenpy.tools.params:MixedHofstadterLandauGauge_Pi_2: reading 'phi_ext'=np.float64(0.30000000000000004)
INFO:tenpy.tools.params:MixedHofstadterLandauGauge_Pi_2: reading 'sort_mpo_legs'=False
/home/t30/kna/ge54yin/Documents/MasterThesisFQHinTMDs/MPS_stuff/MPScalculations/.venv/lib/python3.12/site-packages/tenpy/tools/params.py:232: UserWarning: unused options for config MixedHofstadterLandauGauge_Pi_2:
['Delta', 'N_rings', 'Nsec', 'bc', 'chi_max', 'ktot', 'saveAll']
  warnings.warn(msg.format(keys=sorted(unused), name=self.name))
INFO:tenpy.tools.params:DMRG: reading 'active_sites'=2
INFO:tenpy.tools.params:DMRG: reading 'diag_method'='default'
INFO:tenpy.tools.params:DMRG: subconfig 'trunc_params'=Config(<5 options>, 'trunc_params')
INFO:tenpy.tools.params:DMRG: reading 'max_N_sites_per_ring'=18
INFO:tenpy.tools.params:DMRG: reading 'combine'=False
INFO:tenpy.tools.params:DMRG: subconfig 'lanczos_params'=Config(<9 options>, 'lanczos_params')
INFO:tenpy.tools.params:DMRG: reading 'chi_list'=None
INFO:tenpy.tools.params:DMRG: reading 'start_env'=1
INFO:tenpy.algorithms.mps_common:start environment_sweep
INFO:tenpy.tools.params:DMRG: reading 'N_sweeps_check'=10
INFO:tenpy.tools.params:DMRG: subconfig 'mixer_params'=Config(<3 options>, 'mixer_params')
INFO:tenpy.tools.params:DMRG: reading 'mixer'=None
INFO:tenpy.tools.params:DMRG: reading 'max_sweeps'=100
INFO:tenpy.tools.params:DMRG: reading 'max_hours'=8760
INFO:tenpy.tools.params:DMRG: reading 'P_tol_to_trunc'=0.05
INFO:tenpy.tools.params:DMRG: reading 'P_tol_min'=5.0000000000000004e-30
INFO:tenpy.tools.params:DMRG: reading 'P_tol_max'=0.0001
INFO:tenpy.tools.params:DMRG: reading 'E_tol_to_trunc'=None
INFO:tenpy.algorithms.dmrg:Running sweep with optimization
INFO:tenpy.tools.params:DMRG: reading 'max_N_for_ED'=400
INFO:tenpy.tools.params:DMRG: reading 'update_env'=5
INFO:tenpy.algorithms.mps_common:start environment_sweep
INFO:tenpy.algorithms.dmrg:checkpoint after sweep 10
energy=-0.7112098790960720, max S=3.2450003768261952, age=396, norm_err=1.1e-09
Current memory usage 702.6MB, wall time: 167.0s
Delta E = nan, Delta S = -5.1089e-04 (per sweep)
max trunc_err = 7.2102e-06, max E_trunc = 9.0128e-05
chi: [512, 512, 512, 512, 512, 512, 512, 512, 512, 512, 512, 512]
================================================================================
INFO:tenpy.algorithms.dmrg:Running sweep with optimization
INFO:tenpy.algorithms.mps_common:start environment_sweep
INFO:tenpy.algorithms.dmrg:checkpoint after sweep 20
energy=-0.7112098700831618, max S=3.2450292841638939, age=756, norm_err=9.2e-10
Current memory usage 702.6MB, wall time: 134.9s
Delta E = 9.0129e-10, Delta S = 4.1643e-06 (per sweep)
max trunc_err = 7.2019e-06, max E_trunc = 9.0019e-05
chi: [512, 512, 512, 512, 512, 512, 512, 512, 512, 512, 512, 512]
================================================================================
INFO:tenpy.tools.params:DMRG: reading 'max_E_err'=1e-08
INFO:tenpy.tools.params:DMRG: reading 'max_S_err'=1e-05
INFO:tenpy.tools.params:DMRG: reading 'norm_tol'=1e-05
INFO:tenpy.tools.params:DMRG: reading 'norm_tol_final'=1e-10
INFO:tenpy.tools.params:DMRG: reading 'norm_tol_iter'=5
WARNING:tenpy.algorithms.dmrg:final DMRG state not in canonical form up to norm_tol_final=1.00e-10: norm_err=9.24e-10, calling psi.canonical_form()
INFO:tenpy.algorithms.dmrg:TwoSiteDMRGEngine finished after 20 sweeps, max chi=512
INFO:tenpy.tools.params:DMRG: reading 'max_trunc_err'=0.0001
INFO:tenpy.tools.params:MixedHofstadterLandauGauge_Pi_2: reading 'explicit_plus_hc'=False
INFO:tenpy.tools.params:MixedHofstadterLandauGauge_Pi_2: reading 'Lx'=2
INFO:tenpy.tools.params:MixedHofstadterLandauGauge_Pi_2: setting 'N_rings'=2
INFO:tenpy.tools.params:MixedHofstadterLandauGauge_Pi_2: reading 'xy_lattice'='Square'
INFO:tenpy.tools.params:MixedHofstadterLandauGauge_Pi_2: reading 'Ly'=6
INFO:tenpy.tools.params:MixedHofstadterLandauGauge_Pi_2: reading 'ring_order'=None
INFO:tenpy.tools.params:MixedHofstadterLandauGauge_Pi_2: reading 'conserve_k'=True
INFO:tenpy.tools.params:MixedHofstadterLandauGauge_Pi_2: reading 'bc_MPS'='infinite'
INFO:tenpy.tools.params:MixedHofstadterLandauGauge_Pi_2: reading 't'=-1
INFO:tenpy.tools.params:MixedHofstadterLandauGauge_Pi_2: reading 't2'=-0.25
INFO:tenpy.tools.params:MixedHofstadterLandauGauge_Pi_2: reading 'V1'=0.6
INFO:tenpy.tools.params:MixedHofstadterLandauGauge_Pi_2: reading 'phi_ext'=np.float64(0.35000000000000003)
INFO:tenpy.tools.params:MixedHofstadterLandauGauge_Pi_2: reading 'sort_mpo_legs'=False
/home/t30/kna/ge54yin/Documents/MasterThesisFQHinTMDs/MPS_stuff/MPScalculations/.venv/lib/python3.12/site-packages/tenpy/tools/params.py:232: UserWarning: unused options for config MixedHofstadterLandauGauge_Pi_2:
['Delta', 'N_rings', 'Nsec', 'bc', 'chi_max', 'ktot', 'saveAll']
  warnings.warn(msg.format(keys=sorted(unused), name=self.name))
INFO:tenpy.tools.params:DMRG: reading 'active_sites'=2
INFO:tenpy.tools.params:DMRG: reading 'diag_method'='default'
INFO:tenpy.tools.params:DMRG: subconfig 'trunc_params'=Config(<5 options>, 'trunc_params')
INFO:tenpy.tools.params:DMRG: reading 'max_N_sites_per_ring'=18
INFO:tenpy.tools.params:DMRG: reading 'combine'=False
INFO:tenpy.tools.params:DMRG: subconfig 'lanczos_params'=Config(<9 options>, 'lanczos_params')
INFO:tenpy.tools.params:DMRG: reading 'chi_list'=None
INFO:tenpy.tools.params:DMRG: reading 'start_env'=1
INFO:tenpy.algorithms.mps_common:start environment_sweep
INFO:tenpy.tools.params:DMRG: reading 'N_sweeps_check'=10
INFO:tenpy.tools.params:DMRG: subconfig 'mixer_params'=Config(<3 options>, 'mixer_params')
INFO:tenpy.tools.params:DMRG: reading 'mixer'=None
INFO:tenpy.tools.params:DMRG: reading 'max_sweeps'=100
INFO:tenpy.tools.params:DMRG: reading 'max_hours'=8760
INFO:tenpy.tools.params:DMRG: reading 'P_tol_to_trunc'=0.05
INFO:tenpy.tools.params:DMRG: reading 'P_tol_min'=5.0000000000000004e-30
INFO:tenpy.tools.params:DMRG: reading 'P_tol_max'=0.0001
INFO:tenpy.tools.params:DMRG: reading 'E_tol_to_trunc'=None
INFO:tenpy.algorithms.dmrg:Running sweep with optimization
INFO:tenpy.tools.params:DMRG: reading 'max_N_for_ED'=400
INFO:tenpy.tools.params:DMRG: reading 'update_env'=5
INFO:tenpy.algorithms.mps_common:start environment_sweep
INFO:tenpy.algorithms.dmrg:checkpoint after sweep 10
energy=-0.7112311823947053, max S=3.2471351282438712, age=396, norm_err=1.0e-09
Current memory usage 704.7MB, wall time: 166.5s
Delta E = nan, Delta S = -4.4405e-04 (per sweep)
max trunc_err = 7.0746e-06, max E_trunc = 8.8538e-05
chi: [512, 512, 512, 512, 512, 512, 512, 512, 512, 512, 512, 512]
================================================================================
INFO:tenpy.algorithms.dmrg:Running sweep with optimization
INFO:tenpy.algorithms.mps_common:start environment_sweep
INFO:tenpy.algorithms.dmrg:checkpoint after sweep 20
energy=-0.7112311639905423, max S=3.2471612699481076, age=756, norm_err=9.6e-10
Current memory usage 704.7MB, wall time: 134.7s
Delta E = 1.8404e-09, Delta S = 3.9302e-06 (per sweep)
max trunc_err = 7.0588e-06, max E_trunc = 8.8266e-05
chi: [512, 512, 512, 512, 512, 512, 512, 512, 512, 512, 512, 512]
================================================================================
INFO:tenpy.tools.params:DMRG: reading 'max_E_err'=1e-08
INFO:tenpy.tools.params:DMRG: reading 'max_S_err'=1e-05
INFO:tenpy.tools.params:DMRG: reading 'norm_tol'=1e-05
INFO:tenpy.tools.params:DMRG: reading 'norm_tol_final'=1e-10
INFO:tenpy.tools.params:DMRG: reading 'norm_tol_iter'=5
WARNING:tenpy.algorithms.dmrg:final DMRG state not in canonical form up to norm_tol_final=1.00e-10: norm_err=9.61e-10, calling psi.canonical_form()
INFO:tenpy.algorithms.dmrg:TwoSiteDMRGEngine finished after 20 sweeps, max chi=512
INFO:tenpy.tools.params:DMRG: reading 'max_trunc_err'=0.0001
INFO:tenpy.tools.params:MixedHofstadterLandauGauge_Pi_2: reading 'explicit_plus_hc'=False
INFO:tenpy.tools.params:MixedHofstadterLandauGauge_Pi_2: reading 'Lx'=2
INFO:tenpy.tools.params:MixedHofstadterLandauGauge_Pi_2: setting 'N_rings'=2
INFO:tenpy.tools.params:MixedHofstadterLandauGauge_Pi_2: reading 'xy_lattice'='Square'
INFO:tenpy.tools.params:MixedHofstadterLandauGauge_Pi_2: reading 'Ly'=6
INFO:tenpy.tools.params:MixedHofstadterLandauGauge_Pi_2: reading 'ring_order'=None
INFO:tenpy.tools.params:MixedHofstadterLandauGauge_Pi_2: reading 'conserve_k'=True
INFO:tenpy.tools.params:MixedHofstadterLandauGauge_Pi_2: reading 'bc_MPS'='infinite'
INFO:tenpy.tools.params:MixedHofstadterLandauGauge_Pi_2: reading 't'=-1
INFO:tenpy.tools.params:MixedHofstadterLandauGauge_Pi_2: reading 't2'=-0.25
INFO:tenpy.tools.params:MixedHofstadterLandauGauge_Pi_2: reading 'V1'=0.6
INFO:tenpy.tools.params:MixedHofstadterLandauGauge_Pi_2: reading 'phi_ext'=np.float64(0.4)
INFO:tenpy.tools.params:MixedHofstadterLandauGauge_Pi_2: reading 'sort_mpo_legs'=False
/home/t30/kna/ge54yin/Documents/MasterThesisFQHinTMDs/MPS_stuff/MPScalculations/.venv/lib/python3.12/site-packages/tenpy/tools/params.py:232: UserWarning: unused options for config MixedHofstadterLandauGauge_Pi_2:
['Delta', 'N_rings', 'Nsec', 'bc', 'chi_max', 'ktot', 'saveAll']
  warnings.warn(msg.format(keys=sorted(unused), name=self.name))
INFO:tenpy.tools.params:DMRG: reading 'active_sites'=2
INFO:tenpy.tools.params:DMRG: reading 'diag_method'='default'
INFO:tenpy.tools.params:DMRG: subconfig 'trunc_params'=Config(<5 options>, 'trunc_params')
INFO:tenpy.tools.params:DMRG: reading 'max_N_sites_per_ring'=18
INFO:tenpy.tools.params:DMRG: reading 'combine'=False
INFO:tenpy.tools.params:DMRG: subconfig 'lanczos_params'=Config(<9 options>, 'lanczos_params')
INFO:tenpy.tools.params:DMRG: reading 'chi_list'=None
INFO:tenpy.tools.params:DMRG: reading 'start_env'=1
INFO:tenpy.algorithms.mps_common:start environment_sweep
INFO:tenpy.tools.params:DMRG: reading 'N_sweeps_check'=10
INFO:tenpy.tools.params:DMRG: subconfig 'mixer_params'=Config(<3 options>, 'mixer_params')
INFO:tenpy.tools.params:DMRG: reading 'mixer'=None
INFO:tenpy.tools.params:DMRG: reading 'max_sweeps'=100
INFO:tenpy.tools.params:DMRG: reading 'max_hours'=8760
INFO:tenpy.tools.params:DMRG: reading 'P_tol_to_trunc'=0.05
INFO:tenpy.tools.params:DMRG: reading 'P_tol_min'=5.0000000000000004e-30
INFO:tenpy.tools.params:DMRG: reading 'P_tol_max'=0.0001
INFO:tenpy.tools.params:DMRG: reading 'E_tol_to_trunc'=None
INFO:tenpy.algorithms.dmrg:Running sweep with optimization
INFO:tenpy.tools.params:DMRG: reading 'max_N_for_ED'=400
INFO:tenpy.tools.params:DMRG: reading 'update_env'=5
INFO:tenpy.algorithms.mps_common:start environment_sweep
INFO:tenpy.algorithms.dmrg:checkpoint after sweep 10
energy=-0.7112465961625153, max S=3.2484087610915626, age=396, norm_err=6.4e-10
Current memory usage 704.7MB, wall time: 166.2s
Delta E = nan, Delta S = -3.3756e-04 (per sweep)
max trunc_err = 6.9811e-06, max E_trunc = 8.7261e-05
chi: [512, 512, 512, 512, 512, 512, 512, 512, 512, 512, 512, 512]
================================================================================
INFO:tenpy.algorithms.dmrg:Running sweep with optimization
INFO:tenpy.algorithms.mps_common:start environment_sweep
INFO:tenpy.algorithms.dmrg:checkpoint after sweep 20
energy=-0.7112466519919659, max S=3.2484434798919350, age=756, norm_err=5.6e-10
Current memory usage 704.7MB, wall time: 134.8s
Delta E = -5.5829e-09, Delta S = 4.2498e-06 (per sweep)
max trunc_err = 6.9838e-06, max E_trunc = 8.7271e-05
chi: [512, 512, 512, 512, 512, 512, 512, 512, 512, 512, 512, 512]
================================================================================
INFO:tenpy.tools.params:DMRG: reading 'max_E_err'=1e-08
INFO:tenpy.tools.params:DMRG: reading 'max_S_err'=1e-05
INFO:tenpy.tools.params:DMRG: reading 'norm_tol'=1e-05
INFO:tenpy.tools.params:DMRG: reading 'norm_tol_final'=1e-10
INFO:tenpy.tools.params:DMRG: reading 'norm_tol_iter'=5
WARNING:tenpy.algorithms.dmrg:final DMRG state not in canonical form up to norm_tol_final=1.00e-10: norm_err=5.62e-10, calling psi.canonical_form()
INFO:tenpy.algorithms.dmrg:TwoSiteDMRGEngine finished after 20 sweeps, max chi=512
INFO:tenpy.tools.params:DMRG: reading 'max_trunc_err'=0.0001
INFO:tenpy.tools.params:MixedHofstadterLandauGauge_Pi_2: reading 'explicit_plus_hc'=False
INFO:tenpy.tools.params:MixedHofstadterLandauGauge_Pi_2: reading 'Lx'=2
INFO:tenpy.tools.params:MixedHofstadterLandauGauge_Pi_2: setting 'N_rings'=2
INFO:tenpy.tools.params:MixedHofstadterLandauGauge_Pi_2: reading 'xy_lattice'='Square'
INFO:tenpy.tools.params:MixedHofstadterLandauGauge_Pi_2: reading 'Ly'=6
INFO:tenpy.tools.params:MixedHofstadterLandauGauge_Pi_2: reading 'ring_order'=None
INFO:tenpy.tools.params:MixedHofstadterLandauGauge_Pi_2: reading 'conserve_k'=True
INFO:tenpy.tools.params:MixedHofstadterLandauGauge_Pi_2: reading 'bc_MPS'='infinite'
INFO:tenpy.tools.params:MixedHofstadterLandauGauge_Pi_2: reading 't'=-1
INFO:tenpy.tools.params:MixedHofstadterLandauGauge_Pi_2: reading 't2'=-0.25
INFO:tenpy.tools.params:MixedHofstadterLandauGauge_Pi_2: reading 'V1'=0.6
INFO:tenpy.tools.params:MixedHofstadterLandauGauge_Pi_2: reading 'phi_ext'=np.float64(0.45)
INFO:tenpy.tools.params:MixedHofstadterLandauGauge_Pi_2: reading 'sort_mpo_legs'=False
/home/t30/kna/ge54yin/Documents/MasterThesisFQHinTMDs/MPS_stuff/MPScalculations/.venv/lib/python3.12/site-packages/tenpy/tools/params.py:232: UserWarning: unused options for config MixedHofstadterLandauGauge_Pi_2:
['Delta', 'N_rings', 'Nsec', 'bc', 'chi_max', 'ktot', 'saveAll']
  warnings.warn(msg.format(keys=sorted(unused), name=self.name))
INFO:tenpy.tools.params:DMRG: reading 'active_sites'=2
INFO:tenpy.tools.params:DMRG: reading 'diag_method'='default'
INFO:tenpy.tools.params:DMRG: subconfig 'trunc_params'=Config(<5 options>, 'trunc_params')
INFO:tenpy.tools.params:DMRG: reading 'max_N_sites_per_ring'=18
INFO:tenpy.tools.params:DMRG: reading 'combine'=False
INFO:tenpy.tools.params:DMRG: subconfig 'lanczos_params'=Config(<9 options>, 'lanczos_params')
INFO:tenpy.tools.params:DMRG: reading 'chi_list'=None
INFO:tenpy.tools.params:DMRG: reading 'start_env'=1
INFO:tenpy.algorithms.mps_common:start environment_sweep
INFO:tenpy.tools.params:DMRG: reading 'N_sweeps_check'=10
INFO:tenpy.tools.params:DMRG: subconfig 'mixer_params'=Config(<3 options>, 'mixer_params')
INFO:tenpy.tools.params:DMRG: reading 'mixer'=None
INFO:tenpy.tools.params:DMRG: reading 'max_sweeps'=100
INFO:tenpy.tools.params:DMRG: reading 'max_hours'=8760
INFO:tenpy.tools.params:DMRG: reading 'P_tol_to_trunc'=0.05
INFO:tenpy.tools.params:DMRG: reading 'P_tol_min'=5.0000000000000004e-30
INFO:tenpy.tools.params:DMRG: reading 'P_tol_max'=0.0001
INFO:tenpy.tools.params:DMRG: reading 'E_tol_to_trunc'=None
INFO:tenpy.algorithms.dmrg:Running sweep with optimization
INFO:tenpy.tools.params:DMRG: reading 'max_N_for_ED'=400
INFO:tenpy.tools.params:DMRG: reading 'update_env'=5
INFO:tenpy.algorithms.mps_common:start environment_sweep
INFO:tenpy.algorithms.dmrg:checkpoint after sweep 10
energy=-0.7112562764532319, max S=3.2491299176267789, age=396, norm_err=5.9e-10
Current memory usage 704.7MB, wall time: 165.5s
Delta E = nan, Delta S = -2.0424e-04 (per sweep)
max trunc_err = 7.0910e-06, max E_trunc = 8.8592e-05
chi: [512, 512, 512, 512, 512, 512, 512, 512, 512, 512, 512, 512]
================================================================================
INFO:tenpy.algorithms.dmrg:Running sweep with optimization
INFO:tenpy.algorithms.mps_common:start environment_sweep
INFO:tenpy.algorithms.dmrg:checkpoint after sweep 20
energy=-0.7112562716061461, max S=3.2491455911912555, age=756, norm_err=6.4e-10
Current memory usage 704.7MB, wall time: 133.8s
Delta E = 4.8471e-10, Delta S = 2.5316e-06 (per sweep)
max trunc_err = 7.0850e-06, max E_trunc = 8.8578e-05
chi: [512, 512, 512, 512, 512, 512, 512, 512, 512, 512, 512, 512]
================================================================================
INFO:tenpy.tools.params:DMRG: reading 'max_E_err'=1e-08
INFO:tenpy.tools.params:DMRG: reading 'max_S_err'=1e-05
INFO:tenpy.tools.params:DMRG: reading 'norm_tol'=1e-05
INFO:tenpy.tools.params:DMRG: reading 'norm_tol_final'=1e-10
INFO:tenpy.tools.params:DMRG: reading 'norm_tol_iter'=5
WARNING:tenpy.algorithms.dmrg:final DMRG state not in canonical form up to norm_tol_final=1.00e-10: norm_err=6.42e-10, calling psi.canonical_form()
INFO:tenpy.algorithms.dmrg:TwoSiteDMRGEngine finished after 20 sweeps, max chi=512
INFO:tenpy.tools.params:DMRG: reading 'max_trunc_err'=0.0001
INFO:tenpy.tools.params:MixedHofstadterLandauGauge_Pi_2: reading 'explicit_plus_hc'=False
INFO:tenpy.tools.params:MixedHofstadterLandauGauge_Pi_2: reading 'Lx'=2
INFO:tenpy.tools.params:MixedHofstadterLandauGauge_Pi_2: setting 'N_rings'=2
INFO:tenpy.tools.params:MixedHofstadterLandauGauge_Pi_2: reading 'xy_lattice'='Square'
INFO:tenpy.tools.params:MixedHofstadterLandauGauge_Pi_2: reading 'Ly'=6
INFO:tenpy.tools.params:MixedHofstadterLandauGauge_Pi_2: reading 'ring_order'=None
INFO:tenpy.tools.params:MixedHofstadterLandauGauge_Pi_2: reading 'conserve_k'=True
INFO:tenpy.tools.params:MixedHofstadterLandauGauge_Pi_2: reading 'bc_MPS'='infinite'
INFO:tenpy.tools.params:MixedHofstadterLandauGauge_Pi_2: reading 't'=-1
INFO:tenpy.tools.params:MixedHofstadterLandauGauge_Pi_2: reading 't2'=-0.25
INFO:tenpy.tools.params:MixedHofstadterLandauGauge_Pi_2: reading 'V1'=0.6
INFO:tenpy.tools.params:MixedHofstadterLandauGauge_Pi_2: reading 'phi_ext'=np.float64(0.5)
INFO:tenpy.tools.params:MixedHofstadterLandauGauge_Pi_2: reading 'sort_mpo_legs'=False
/home/t30/kna/ge54yin/Documents/MasterThesisFQHinTMDs/MPS_stuff/MPScalculations/.venv/lib/python3.12/site-packages/tenpy/tools/params.py:232: UserWarning: unused options for config MixedHofstadterLandauGauge_Pi_2:
['Delta', 'N_rings', 'Nsec', 'bc', 'chi_max', 'ktot', 'saveAll']
  warnings.warn(msg.format(keys=sorted(unused), name=self.name))
INFO:tenpy.tools.params:DMRG: reading 'active_sites'=2
INFO:tenpy.tools.params:DMRG: reading 'diag_method'='default'
INFO:tenpy.tools.params:DMRG: subconfig 'trunc_params'=Config(<5 options>, 'trunc_params')
INFO:tenpy.tools.params:DMRG: reading 'max_N_sites_per_ring'=18
INFO:tenpy.tools.params:DMRG: reading 'combine'=False
INFO:tenpy.tools.params:DMRG: subconfig 'lanczos_params'=Config(<9 options>, 'lanczos_params')
INFO:tenpy.tools.params:DMRG: reading 'chi_list'=None
INFO:tenpy.tools.params:DMRG: reading 'start_env'=1
INFO:tenpy.algorithms.mps_common:start environment_sweep
INFO:tenpy.tools.params:DMRG: reading 'N_sweeps_check'=10
INFO:tenpy.tools.params:DMRG: subconfig 'mixer_params'=Config(<3 options>, 'mixer_params')
INFO:tenpy.tools.params:DMRG: reading 'mixer'=None
INFO:tenpy.tools.params:DMRG: reading 'max_sweeps'=100
INFO:tenpy.tools.params:DMRG: reading 'max_hours'=8760
INFO:tenpy.tools.params:DMRG: reading 'P_tol_to_trunc'=0.05
INFO:tenpy.tools.params:DMRG: reading 'P_tol_min'=5.0000000000000004e-30
INFO:tenpy.tools.params:DMRG: reading 'P_tol_max'=0.0001
INFO:tenpy.tools.params:DMRG: reading 'E_tol_to_trunc'=None
INFO:tenpy.algorithms.dmrg:Running sweep with optimization
INFO:tenpy.tools.params:DMRG: reading 'max_N_for_ED'=400
INFO:tenpy.tools.params:DMRG: reading 'update_env'=5
INFO:tenpy.algorithms.mps_common:start environment_sweep
INFO:tenpy.algorithms.dmrg:checkpoint after sweep 10
energy=-0.7112595643814809, max S=3.2492933243264339, age=396, norm_err=5.9e-10
Current memory usage 704.7MB, wall time: 177.9s
Delta E = nan, Delta S = -7.8143e-05 (per sweep)
max trunc_err = 7.2254e-06, max E_trunc = 9.1182e-05
chi: [512, 512, 512, 512, 512, 512, 512, 512, 512, 512, 512, 512]
================================================================================
INFO:tenpy.algorithms.dmrg:Running sweep with optimization
INFO:tenpy.algorithms.mps_common:start environment_sweep
INFO:tenpy.algorithms.dmrg:checkpoint after sweep 20
energy=-0.7112595595610998, max S=3.2493241655357390, age=756, norm_err=6.8e-10
Current memory usage 704.7MB, wall time: 142.7s
Delta E = 4.8204e-10, Delta S = 3.8786e-06 (per sweep)
max trunc_err = 7.2295e-06, max E_trunc = 9.1244e-05
chi: [512, 512, 512, 512, 512, 512, 512, 512, 512, 512, 512, 512]
================================================================================
INFO:tenpy.tools.params:DMRG: reading 'max_E_err'=1e-08
INFO:tenpy.tools.params:DMRG: reading 'max_S_err'=1e-05
INFO:tenpy.tools.params:DMRG: reading 'norm_tol'=1e-05
INFO:tenpy.tools.params:DMRG: reading 'norm_tol_final'=1e-10
INFO:tenpy.tools.params:DMRG: reading 'norm_tol_iter'=5
WARNING:tenpy.algorithms.dmrg:final DMRG state not in canonical form up to norm_tol_final=1.00e-10: norm_err=6.83e-10, calling psi.canonical_form()
INFO:tenpy.algorithms.dmrg:TwoSiteDMRGEngine finished after 20 sweeps, max chi=512
INFO:tenpy.tools.params:DMRG: reading 'max_trunc_err'=0.0001
INFO:tenpy.tools.params:MixedHofstadterLandauGauge_Pi_2: reading 'explicit_plus_hc'=False
INFO:tenpy.tools.params:MixedHofstadterLandauGauge_Pi_2: reading 'Lx'=2
INFO:tenpy.tools.params:MixedHofstadterLandauGauge_Pi_2: setting 'N_rings'=2
INFO:tenpy.tools.params:MixedHofstadterLandauGauge_Pi_2: reading 'xy_lattice'='Square'
INFO:tenpy.tools.params:MixedHofstadterLandauGauge_Pi_2: reading 'Ly'=6
INFO:tenpy.tools.params:MixedHofstadterLandauGauge_Pi_2: reading 'ring_order'=None
INFO:tenpy.tools.params:MixedHofstadterLandauGauge_Pi_2: reading 'conserve_k'=True
INFO:tenpy.tools.params:MixedHofstadterLandauGauge_Pi_2: reading 'bc_MPS'='infinite'
INFO:tenpy.tools.params:MixedHofstadterLandauGauge_Pi_2: reading 't'=-1
INFO:tenpy.tools.params:MixedHofstadterLandauGauge_Pi_2: reading 't2'=-0.25
INFO:tenpy.tools.params:MixedHofstadterLandauGauge_Pi_2: reading 'V1'=0.6
INFO:tenpy.tools.params:MixedHofstadterLandauGauge_Pi_2: reading 'phi_ext'=np.float64(0.55)
INFO:tenpy.tools.params:MixedHofstadterLandauGauge_Pi_2: reading 'sort_mpo_legs'=False
/home/t30/kna/ge54yin/Documents/MasterThesisFQHinTMDs/MPS_stuff/MPScalculations/.venv/lib/python3.12/site-packages/tenpy/tools/params.py:232: UserWarning: unused options for config MixedHofstadterLandauGauge_Pi_2:
['Delta', 'N_rings', 'Nsec', 'bc', 'chi_max', 'ktot', 'saveAll']
  warnings.warn(msg.format(keys=sorted(unused), name=self.name))
INFO:tenpy.tools.params:DMRG: reading 'active_sites'=2
INFO:tenpy.tools.params:DMRG: reading 'diag_method'='default'
INFO:tenpy.tools.params:DMRG: subconfig 'trunc_params'=Config(<5 options>, 'trunc_params')
INFO:tenpy.tools.params:DMRG: reading 'max_N_sites_per_ring'=18
INFO:tenpy.tools.params:DMRG: reading 'combine'=False
INFO:tenpy.tools.params:DMRG: subconfig 'lanczos_params'=Config(<9 options>, 'lanczos_params')
INFO:tenpy.tools.params:DMRG: reading 'chi_list'=None
INFO:tenpy.tools.params:DMRG: reading 'start_env'=1
INFO:tenpy.algorithms.mps_common:start environment_sweep
INFO:tenpy.tools.params:DMRG: reading 'N_sweeps_check'=10
INFO:tenpy.tools.params:DMRG: subconfig 'mixer_params'=Config(<3 options>, 'mixer_params')
INFO:tenpy.tools.params:DMRG: reading 'mixer'=None
INFO:tenpy.tools.params:DMRG: reading 'max_sweeps'=100
INFO:tenpy.tools.params:DMRG: reading 'max_hours'=8760
INFO:tenpy.tools.params:DMRG: reading 'P_tol_to_trunc'=0.05
INFO:tenpy.tools.params:DMRG: reading 'P_tol_min'=5.0000000000000004e-30
INFO:tenpy.tools.params:DMRG: reading 'P_tol_max'=0.0001
INFO:tenpy.tools.params:DMRG: reading 'E_tol_to_trunc'=None
INFO:tenpy.algorithms.dmrg:Running sweep with optimization
INFO:tenpy.tools.params:DMRG: reading 'max_N_for_ED'=400
INFO:tenpy.tools.params:DMRG: reading 'update_env'=5
INFO:tenpy.algorithms.mps_common:start environment_sweep
INFO:tenpy.algorithms.dmrg:checkpoint after sweep 10
energy=-0.7112565071518162, max S=3.2491311517994381, age=396, norm_err=5.7e-10
Current memory usage 704.7MB, wall time: 176.0s
Delta E = nan, Delta S = 7.5091e-05 (per sweep)
max trunc_err = 7.2120e-06, max E_trunc = 9.0764e-05
chi: [512, 512, 512, 512, 512, 512, 512, 512, 512, 512, 512, 512]
================================================================================
INFO:tenpy.algorithms.dmrg:Running sweep with optimization
INFO:tenpy.algorithms.mps_common:start environment_sweep
INFO:tenpy.algorithms.dmrg:checkpoint after sweep 20
energy=-0.7112565028835954, max S=3.2491411016898866, age=756, norm_err=5.4e-10
Current memory usage 704.7MB, wall time: 139.5s
Delta E = 4.2682e-10, Delta S = 1.1018e-06 (per sweep)
max trunc_err = 7.2137e-06, max E_trunc = 9.0807e-05
chi: [512, 512, 512, 512, 512, 512, 512, 512, 512, 512, 512, 512]
================================================================================
INFO:tenpy.tools.params:DMRG: reading 'max_E_err'=1e-08
INFO:tenpy.tools.params:DMRG: reading 'max_S_err'=1e-05
INFO:tenpy.tools.params:DMRG: reading 'norm_tol'=1e-05
INFO:tenpy.tools.params:DMRG: reading 'norm_tol_final'=1e-10
INFO:tenpy.tools.params:DMRG: reading 'norm_tol_iter'=5
WARNING:tenpy.algorithms.dmrg:final DMRG state not in canonical form up to norm_tol_final=1.00e-10: norm_err=5.45e-10, calling psi.canonical_form()
INFO:tenpy.algorithms.dmrg:TwoSiteDMRGEngine finished after 20 sweeps, max chi=512
INFO:tenpy.tools.params:DMRG: reading 'max_trunc_err'=0.0001
INFO:tenpy.tools.params:MixedHofstadterLandauGauge_Pi_2: reading 'explicit_plus_hc'=False
INFO:tenpy.tools.params:MixedHofstadterLandauGauge_Pi_2: reading 'Lx'=2
INFO:tenpy.tools.params:MixedHofstadterLandauGauge_Pi_2: setting 'N_rings'=2
INFO:tenpy.tools.params:MixedHofstadterLandauGauge_Pi_2: reading 'xy_lattice'='Square'
INFO:tenpy.tools.params:MixedHofstadterLandauGauge_Pi_2: reading 'Ly'=6
INFO:tenpy.tools.params:MixedHofstadterLandauGauge_Pi_2: reading 'ring_order'=None
INFO:tenpy.tools.params:MixedHofstadterLandauGauge_Pi_2: reading 'conserve_k'=True
INFO:tenpy.tools.params:MixedHofstadterLandauGauge_Pi_2: reading 'bc_MPS'='infinite'
INFO:tenpy.tools.params:MixedHofstadterLandauGauge_Pi_2: reading 't'=-1
INFO:tenpy.tools.params:MixedHofstadterLandauGauge_Pi_2: reading 't2'=-0.25
INFO:tenpy.tools.params:MixedHofstadterLandauGauge_Pi_2: reading 'V1'=0.6
INFO:tenpy.tools.params:MixedHofstadterLandauGauge_Pi_2: reading 'phi_ext'=np.float64(0.6000000000000001)
INFO:tenpy.tools.params:MixedHofstadterLandauGauge_Pi_2: reading 'sort_mpo_legs'=False
/home/t30/kna/ge54yin/Documents/MasterThesisFQHinTMDs/MPS_stuff/MPScalculations/.venv/lib/python3.12/site-packages/tenpy/tools/params.py:232: UserWarning: unused options for config MixedHofstadterLandauGauge_Pi_2:
['Delta', 'N_rings', 'Nsec', 'bc', 'chi_max', 'ktot', 'saveAll']
  warnings.warn(msg.format(keys=sorted(unused), name=self.name))
INFO:tenpy.tools.params:DMRG: reading 'active_sites'=2
INFO:tenpy.tools.params:DMRG: reading 'diag_method'='default'
INFO:tenpy.tools.params:DMRG: subconfig 'trunc_params'=Config(<5 options>, 'trunc_params')
INFO:tenpy.tools.params:DMRG: reading 'max_N_sites_per_ring'=18
INFO:tenpy.tools.params:DMRG: reading 'combine'=False
INFO:tenpy.tools.params:DMRG: subconfig 'lanczos_params'=Config(<9 options>, 'lanczos_params')
INFO:tenpy.tools.params:DMRG: reading 'chi_list'=None
INFO:tenpy.tools.params:DMRG: reading 'start_env'=1
INFO:tenpy.algorithms.mps_common:start environment_sweep
INFO:tenpy.tools.params:DMRG: reading 'N_sweeps_check'=10
INFO:tenpy.tools.params:DMRG: subconfig 'mixer_params'=Config(<3 options>, 'mixer_params')
INFO:tenpy.tools.params:DMRG: reading 'mixer'=None
INFO:tenpy.tools.params:DMRG: reading 'max_sweeps'=100
INFO:tenpy.tools.params:DMRG: reading 'max_hours'=8760
INFO:tenpy.tools.params:DMRG: reading 'P_tol_to_trunc'=0.05
INFO:tenpy.tools.params:DMRG: reading 'P_tol_min'=5.0000000000000004e-30
INFO:tenpy.tools.params:DMRG: reading 'P_tol_max'=0.0001
INFO:tenpy.tools.params:DMRG: reading 'E_tol_to_trunc'=None
INFO:tenpy.algorithms.dmrg:Running sweep with optimization
INFO:tenpy.tools.params:DMRG: reading 'max_N_for_ED'=400
INFO:tenpy.tools.params:DMRG: reading 'update_env'=5
INFO:tenpy.algorithms.mps_common:start environment_sweep
INFO:tenpy.algorithms.dmrg:checkpoint after sweep 10
energy=-0.7112471135188964, max S=3.2485958454422610, age=396, norm_err=4.5e-10
Current memory usage 704.7MB, wall time: 157.5s
Delta E = nan, Delta S = 2.2430e-04 (per sweep)
max trunc_err = 7.2616e-06, max E_trunc = 9.1272e-05
chi: [512, 512, 512, 512, 512, 512, 512, 512, 512, 512, 512, 512]
================================================================================
INFO:tenpy.algorithms.dmrg:Running sweep with optimization
INFO:tenpy.algorithms.mps_common:start environment_sweep
INFO:tenpy.algorithms.dmrg:checkpoint after sweep 20
energy=-0.7112471074436163, max S=3.2486122363601573, age=756, norm_err=5.0e-10
Current memory usage 704.7MB, wall time: 126.2s
Delta E = 6.0753e-10, Delta S = 1.5686e-06 (per sweep)
max trunc_err = 7.2576e-06, max E_trunc = 9.1233e-05
chi: [512, 512, 512, 512, 512, 512, 512, 512, 512, 512, 512, 512]
================================================================================
INFO:tenpy.tools.params:DMRG: reading 'max_E_err'=1e-08
INFO:tenpy.tools.params:DMRG: reading 'max_S_err'=1e-05
INFO:tenpy.tools.params:DMRG: reading 'norm_tol'=1e-05
INFO:tenpy.tools.params:DMRG: reading 'norm_tol_final'=1e-10
INFO:tenpy.tools.params:DMRG: reading 'norm_tol_iter'=5
WARNING:tenpy.algorithms.dmrg:final DMRG state not in canonical form up to norm_tol_final=1.00e-10: norm_err=5.02e-10, calling psi.canonical_form()
INFO:tenpy.algorithms.dmrg:TwoSiteDMRGEngine finished after 20 sweeps, max chi=512
INFO:tenpy.tools.params:DMRG: reading 'max_trunc_err'=0.0001
INFO:tenpy.tools.params:MixedHofstadterLandauGauge_Pi_2: reading 'explicit_plus_hc'=False
INFO:tenpy.tools.params:MixedHofstadterLandauGauge_Pi_2: reading 'Lx'=2
INFO:tenpy.tools.params:MixedHofstadterLandauGauge_Pi_2: setting 'N_rings'=2
INFO:tenpy.tools.params:MixedHofstadterLandauGauge_Pi_2: reading 'xy_lattice'='Square'
INFO:tenpy.tools.params:MixedHofstadterLandauGauge_Pi_2: reading 'Ly'=6
INFO:tenpy.tools.params:MixedHofstadterLandauGauge_Pi_2: reading 'ring_order'=None
INFO:tenpy.tools.params:MixedHofstadterLandauGauge_Pi_2: reading 'conserve_k'=True
INFO:tenpy.tools.params:MixedHofstadterLandauGauge_Pi_2: reading 'bc_MPS'='infinite'
INFO:tenpy.tools.params:MixedHofstadterLandauGauge_Pi_2: reading 't'=-1
INFO:tenpy.tools.params:MixedHofstadterLandauGauge_Pi_2: reading 't2'=-0.25
INFO:tenpy.tools.params:MixedHofstadterLandauGauge_Pi_2: reading 'V1'=0.6
INFO:tenpy.tools.params:MixedHofstadterLandauGauge_Pi_2: reading 'phi_ext'=np.float64(0.65)
INFO:tenpy.tools.params:MixedHofstadterLandauGauge_Pi_2: reading 'sort_mpo_legs'=False
/home/t30/kna/ge54yin/Documents/MasterThesisFQHinTMDs/MPS_stuff/MPScalculations/.venv/lib/python3.12/site-packages/tenpy/tools/params.py:232: UserWarning: unused options for config MixedHofstadterLandauGauge_Pi_2:
['Delta', 'N_rings', 'Nsec', 'bc', 'chi_max', 'ktot', 'saveAll']
  warnings.warn(msg.format(keys=sorted(unused), name=self.name))
INFO:tenpy.tools.params:DMRG: reading 'active_sites'=2
INFO:tenpy.tools.params:DMRG: reading 'diag_method'='default'
INFO:tenpy.tools.params:DMRG: subconfig 'trunc_params'=Config(<5 options>, 'trunc_params')
INFO:tenpy.tools.params:DMRG: reading 'max_N_sites_per_ring'=18
INFO:tenpy.tools.params:DMRG: reading 'combine'=False
INFO:tenpy.tools.params:DMRG: subconfig 'lanczos_params'=Config(<9 options>, 'lanczos_params')
INFO:tenpy.tools.params:DMRG: reading 'chi_list'=None
INFO:tenpy.tools.params:DMRG: reading 'start_env'=1
INFO:tenpy.algorithms.mps_common:start environment_sweep
INFO:tenpy.tools.params:DMRG: reading 'N_sweeps_check'=10
INFO:tenpy.tools.params:DMRG: subconfig 'mixer_params'=Config(<3 options>, 'mixer_params')
INFO:tenpy.tools.params:DMRG: reading 'mixer'=None
INFO:tenpy.tools.params:DMRG: reading 'max_sweeps'=100
INFO:tenpy.tools.params:DMRG: reading 'max_hours'=8760
INFO:tenpy.tools.params:DMRG: reading 'P_tol_to_trunc'=0.05
INFO:tenpy.tools.params:DMRG: reading 'P_tol_min'=5.0000000000000004e-30
INFO:tenpy.tools.params:DMRG: reading 'P_tol_max'=0.0001
INFO:tenpy.tools.params:DMRG: reading 'E_tol_to_trunc'=None
INFO:tenpy.algorithms.dmrg:Running sweep with optimization
INFO:tenpy.tools.params:DMRG: reading 'max_N_for_ED'=400
INFO:tenpy.tools.params:DMRG: reading 'update_env'=5
INFO:tenpy.algorithms.mps_common:start environment_sweep
INFO:tenpy.algorithms.dmrg:checkpoint after sweep 10
energy=-0.7112315925791132, max S=3.2473079027737715, age=396, norm_err=4.4e-10
Current memory usage 704.7MB, wall time: 157.5s
Delta E = nan, Delta S = 3.3306e-04 (per sweep)
max trunc_err = 7.2240e-06, max E_trunc = 9.0581e-05
chi: [512, 512, 512, 512, 512, 512, 512, 512, 512, 512, 512, 512]
================================================================================
INFO:tenpy.algorithms.dmrg:Running sweep with optimization
INFO:tenpy.algorithms.mps_common:start environment_sweep
INFO:tenpy.algorithms.dmrg:checkpoint after sweep 20
energy=-0.7112315876490859, max S=3.2473219715269117, age=756, norm_err=4.7e-10
Current memory usage 704.7MB, wall time: 126.4s
Delta E = 4.9300e-10, Delta S = 1.1287e-06 (per sweep)
max trunc_err = 7.2248e-06, max E_trunc = 9.0593e-05
chi: [512, 512, 512, 512, 512, 512, 512, 512, 512, 512, 512, 512]
================================================================================
INFO:tenpy.tools.params:DMRG: reading 'max_E_err'=1e-08
INFO:tenpy.tools.params:DMRG: reading 'max_S_err'=1e-05
INFO:tenpy.tools.params:DMRG: reading 'norm_tol'=1e-05
INFO:tenpy.tools.params:DMRG: reading 'norm_tol_final'=1e-10
INFO:tenpy.tools.params:DMRG: reading 'norm_tol_iter'=5
WARNING:tenpy.algorithms.dmrg:final DMRG state not in canonical form up to norm_tol_final=1.00e-10: norm_err=4.75e-10, calling psi.canonical_form()
INFO:tenpy.algorithms.dmrg:TwoSiteDMRGEngine finished after 20 sweeps, max chi=512
INFO:tenpy.tools.params:DMRG: reading 'max_trunc_err'=0.0001
INFO:tenpy.tools.params:MixedHofstadterLandauGauge_Pi_2: reading 'explicit_plus_hc'=False
INFO:tenpy.tools.params:MixedHofstadterLandauGauge_Pi_2: reading 'Lx'=2
INFO:tenpy.tools.params:MixedHofstadterLandauGauge_Pi_2: setting 'N_rings'=2
INFO:tenpy.tools.params:MixedHofstadterLandauGauge_Pi_2: reading 'xy_lattice'='Square'
INFO:tenpy.tools.params:MixedHofstadterLandauGauge_Pi_2: reading 'Ly'=6
INFO:tenpy.tools.params:MixedHofstadterLandauGauge_Pi_2: reading 'ring_order'=None
INFO:tenpy.tools.params:MixedHofstadterLandauGauge_Pi_2: reading 'conserve_k'=True
INFO:tenpy.tools.params:MixedHofstadterLandauGauge_Pi_2: reading 'bc_MPS'='infinite'
INFO:tenpy.tools.params:MixedHofstadterLandauGauge_Pi_2: reading 't'=-1
INFO:tenpy.tools.params:MixedHofstadterLandauGauge_Pi_2: reading 't2'=-0.25
INFO:tenpy.tools.params:MixedHofstadterLandauGauge_Pi_2: reading 'V1'=0.6
INFO:tenpy.tools.params:MixedHofstadterLandauGauge_Pi_2: reading 'phi_ext'=np.float64(0.7000000000000001)
INFO:tenpy.tools.params:MixedHofstadterLandauGauge_Pi_2: reading 'sort_mpo_legs'=False
/home/t30/kna/ge54yin/Documents/MasterThesisFQHinTMDs/MPS_stuff/MPScalculations/.venv/lib/python3.12/site-packages/tenpy/tools/params.py:232: UserWarning: unused options for config MixedHofstadterLandauGauge_Pi_2:
['Delta', 'N_rings', 'Nsec', 'bc', 'chi_max', 'ktot', 'saveAll']
  warnings.warn(msg.format(keys=sorted(unused), name=self.name))
INFO:tenpy.tools.params:DMRG: reading 'active_sites'=2
INFO:tenpy.tools.params:DMRG: reading 'diag_method'='default'
INFO:tenpy.tools.params:DMRG: subconfig 'trunc_params'=Config(<5 options>, 'trunc_params')
INFO:tenpy.tools.params:DMRG: reading 'max_N_sites_per_ring'=18
INFO:tenpy.tools.params:DMRG: reading 'combine'=False
INFO:tenpy.tools.params:DMRG: subconfig 'lanczos_params'=Config(<9 options>, 'lanczos_params')
INFO:tenpy.tools.params:DMRG: reading 'chi_list'=None
INFO:tenpy.tools.params:DMRG: reading 'start_env'=1
INFO:tenpy.algorithms.mps_common:start environment_sweep
INFO:tenpy.tools.params:DMRG: reading 'N_sweeps_check'=10
INFO:tenpy.tools.params:DMRG: subconfig 'mixer_params'=Config(<3 options>, 'mixer_params')
INFO:tenpy.tools.params:DMRG: reading 'mixer'=None
INFO:tenpy.tools.params:DMRG: reading 'max_sweeps'=100
INFO:tenpy.tools.params:DMRG: reading 'max_hours'=8760
INFO:tenpy.tools.params:DMRG: reading 'P_tol_to_trunc'=0.05
INFO:tenpy.tools.params:DMRG: reading 'P_tol_min'=5.0000000000000004e-30
INFO:tenpy.tools.params:DMRG: reading 'P_tol_max'=0.0001
INFO:tenpy.tools.params:DMRG: reading 'E_tol_to_trunc'=None
INFO:tenpy.algorithms.dmrg:Running sweep with optimization
INFO:tenpy.tools.params:DMRG: reading 'max_N_for_ED'=400
INFO:tenpy.tools.params:DMRG: reading 'update_env'=5
INFO:tenpy.algorithms.mps_common:start environment_sweep
INFO:tenpy.algorithms.dmrg:checkpoint after sweep 10
energy=-0.7112098506738770, max S=3.2450663175636212, age=396, norm_err=4.9e-10
Current memory usage 704.7MB, wall time: 157.4s
Delta E = nan, Delta S = 4.2859e-04 (per sweep)
max trunc_err = 7.2272e-06, max E_trunc = 9.0952e-05
chi: [512, 512, 512, 512, 512, 512, 512, 512, 512, 512, 512, 512]
================================================================================
INFO:tenpy.algorithms.dmrg:Running sweep with optimization
INFO:tenpy.algorithms.mps_common:start environment_sweep
INFO:tenpy.algorithms.dmrg:checkpoint after sweep 20
energy=-0.7112098501836357, max S=3.2450731776532642, age=756, norm_err=5.5e-10
Current memory usage 704.7MB, wall time: 126.2s
Delta E = 4.9024e-11, Delta S = 5.3799e-07 (per sweep)
max trunc_err = 7.2297e-06, max E_trunc = 9.0969e-05
chi: [512, 512, 512, 512, 512, 512, 512, 512, 512, 512, 512, 512]
================================================================================
INFO:tenpy.tools.params:DMRG: reading 'max_E_err'=1e-08
INFO:tenpy.tools.params:DMRG: reading 'max_S_err'=1e-05
INFO:tenpy.tools.params:DMRG: reading 'norm_tol'=1e-05
INFO:tenpy.tools.params:DMRG: reading 'norm_tol_final'=1e-10
INFO:tenpy.tools.params:DMRG: reading 'norm_tol_iter'=5
WARNING:tenpy.algorithms.dmrg:final DMRG state not in canonical form up to norm_tol_final=1.00e-10: norm_err=5.54e-10, calling psi.canonical_form()
INFO:tenpy.algorithms.dmrg:TwoSiteDMRGEngine finished after 20 sweeps, max chi=512
INFO:tenpy.tools.params:DMRG: reading 'max_trunc_err'=0.0001
INFO:tenpy.tools.params:MixedHofstadterLandauGauge_Pi_2: reading 'explicit_plus_hc'=False
INFO:tenpy.tools.params:MixedHofstadterLandauGauge_Pi_2: reading 'Lx'=2
INFO:tenpy.tools.params:MixedHofstadterLandauGauge_Pi_2: setting 'N_rings'=2
INFO:tenpy.tools.params:MixedHofstadterLandauGauge_Pi_2: reading 'xy_lattice'='Square'
INFO:tenpy.tools.params:MixedHofstadterLandauGauge_Pi_2: reading 'Ly'=6
INFO:tenpy.tools.params:MixedHofstadterLandauGauge_Pi_2: reading 'ring_order'=None
INFO:tenpy.tools.params:MixedHofstadterLandauGauge_Pi_2: reading 'conserve_k'=True
INFO:tenpy.tools.params:MixedHofstadterLandauGauge_Pi_2: reading 'bc_MPS'='infinite'
INFO:tenpy.tools.params:MixedHofstadterLandauGauge_Pi_2: reading 't'=-1
INFO:tenpy.tools.params:MixedHofstadterLandauGauge_Pi_2: reading 't2'=-0.25
INFO:tenpy.tools.params:MixedHofstadterLandauGauge_Pi_2: reading 'V1'=0.6
INFO:tenpy.tools.params:MixedHofstadterLandauGauge_Pi_2: reading 'phi_ext'=np.float64(0.75)
INFO:tenpy.tools.params:MixedHofstadterLandauGauge_Pi_2: reading 'sort_mpo_legs'=False
/home/t30/kna/ge54yin/Documents/MasterThesisFQHinTMDs/MPS_stuff/MPScalculations/.venv/lib/python3.12/site-packages/tenpy/tools/params.py:232: UserWarning: unused options for config MixedHofstadterLandauGauge_Pi_2:
['Delta', 'N_rings', 'Nsec', 'bc', 'chi_max', 'ktot', 'saveAll']
  warnings.warn(msg.format(keys=sorted(unused), name=self.name))
INFO:tenpy.tools.params:DMRG: reading 'active_sites'=2
INFO:tenpy.tools.params:DMRG: reading 'diag_method'='default'
INFO:tenpy.tools.params:DMRG: subconfig 'trunc_params'=Config(<5 options>, 'trunc_params')
INFO:tenpy.tools.params:DMRG: reading 'max_N_sites_per_ring'=18
INFO:tenpy.tools.params:DMRG: reading 'combine'=False
INFO:tenpy.tools.params:DMRG: subconfig 'lanczos_params'=Config(<9 options>, 'lanczos_params')
INFO:tenpy.tools.params:DMRG: reading 'chi_list'=None
INFO:tenpy.tools.params:DMRG: reading 'start_env'=1
INFO:tenpy.algorithms.mps_common:start environment_sweep
INFO:tenpy.tools.params:DMRG: reading 'N_sweeps_check'=10
INFO:tenpy.tools.params:DMRG: subconfig 'mixer_params'=Config(<3 options>, 'mixer_params')
INFO:tenpy.tools.params:DMRG: reading 'mixer'=None
INFO:tenpy.tools.params:DMRG: reading 'max_sweeps'=100
INFO:tenpy.tools.params:DMRG: reading 'max_hours'=8760
INFO:tenpy.tools.params:DMRG: reading 'P_tol_to_trunc'=0.05
INFO:tenpy.tools.params:DMRG: reading 'P_tol_min'=5.0000000000000004e-30
INFO:tenpy.tools.params:DMRG: reading 'P_tol_max'=0.0001
INFO:tenpy.tools.params:DMRG: reading 'E_tol_to_trunc'=None
INFO:tenpy.algorithms.dmrg:Running sweep with optimization
INFO:tenpy.tools.params:DMRG: reading 'max_N_for_ED'=400
INFO:tenpy.tools.params:DMRG: reading 'update_env'=5
INFO:tenpy.algorithms.mps_common:start environment_sweep
INFO:tenpy.algorithms.dmrg:checkpoint after sweep 10
energy=-0.7111821548958991, max S=3.2418893903132351, age=396, norm_err=3.8e-10
Current memory usage 704.7MB, wall time: 157.3s
Delta E = nan, Delta S = 5.3692e-04 (per sweep)
max trunc_err = 7.2182e-06, max E_trunc = 9.0561e-05
chi: [512, 512, 512, 512, 512, 512, 512, 512, 512, 512, 512, 512]
================================================================================
INFO:tenpy.algorithms.dmrg:Running sweep with optimization
INFO:tenpy.algorithms.mps_common:start environment_sweep
INFO:tenpy.algorithms.dmrg:checkpoint after sweep 20
energy=-0.7111821626630265, max S=3.2419411664707134, age=756, norm_err=3.9e-10
Current memory usage 704.7MB, wall time: 126.5s
Delta E = -7.7671e-10, Delta S = 6.1602e-06 (per sweep)
max trunc_err = 7.1997e-06, max E_trunc = 9.0304e-05
chi: [512, 512, 512, 512, 512, 512, 512, 512, 512, 512, 512, 512]
================================================================================
INFO:tenpy.tools.params:DMRG: reading 'max_E_err'=1e-08
INFO:tenpy.tools.params:DMRG: reading 'max_S_err'=1e-05
INFO:tenpy.tools.params:DMRG: reading 'norm_tol'=1e-05
INFO:tenpy.tools.params:DMRG: reading 'norm_tol_final'=1e-10
INFO:tenpy.tools.params:DMRG: reading 'norm_tol_iter'=5
WARNING:tenpy.algorithms.dmrg:final DMRG state not in canonical form up to norm_tol_final=1.00e-10: norm_err=3.88e-10, calling psi.canonical_form()
INFO:tenpy.algorithms.dmrg:TwoSiteDMRGEngine finished after 20 sweeps, max chi=512
INFO:tenpy.tools.params:DMRG: reading 'max_trunc_err'=0.0001
INFO:tenpy.tools.params:MixedHofstadterLandauGauge_Pi_2: reading 'explicit_plus_hc'=False
INFO:tenpy.tools.params:MixedHofstadterLandauGauge_Pi_2: reading 'Lx'=2
INFO:tenpy.tools.params:MixedHofstadterLandauGauge_Pi_2: setting 'N_rings'=2
INFO:tenpy.tools.params:MixedHofstadterLandauGauge_Pi_2: reading 'xy_lattice'='Square'
INFO:tenpy.tools.params:MixedHofstadterLandauGauge_Pi_2: reading 'Ly'=6
INFO:tenpy.tools.params:MixedHofstadterLandauGauge_Pi_2: reading 'ring_order'=None
INFO:tenpy.tools.params:MixedHofstadterLandauGauge_Pi_2: reading 'conserve_k'=True
INFO:tenpy.tools.params:MixedHofstadterLandauGauge_Pi_2: reading 'bc_MPS'='infinite'
INFO:tenpy.tools.params:MixedHofstadterLandauGauge_Pi_2: reading 't'=-1
INFO:tenpy.tools.params:MixedHofstadterLandauGauge_Pi_2: reading 't2'=-0.25
INFO:tenpy.tools.params:MixedHofstadterLandauGauge_Pi_2: reading 'V1'=0.6
INFO:tenpy.tools.params:MixedHofstadterLandauGauge_Pi_2: reading 'phi_ext'=np.float64(0.8)
INFO:tenpy.tools.params:MixedHofstadterLandauGauge_Pi_2: reading 'sort_mpo_legs'=False
/home/t30/kna/ge54yin/Documents/MasterThesisFQHinTMDs/MPS_stuff/MPScalculations/.venv/lib/python3.12/site-packages/tenpy/tools/params.py:232: UserWarning: unused options for config MixedHofstadterLandauGauge_Pi_2:
['Delta', 'N_rings', 'Nsec', 'bc', 'chi_max', 'ktot', 'saveAll']
  warnings.warn(msg.format(keys=sorted(unused), name=self.name))
INFO:tenpy.tools.params:DMRG: reading 'active_sites'=2
INFO:tenpy.tools.params:DMRG: reading 'diag_method'='default'
INFO:tenpy.tools.params:DMRG: subconfig 'trunc_params'=Config(<5 options>, 'trunc_params')
INFO:tenpy.tools.params:DMRG: reading 'max_N_sites_per_ring'=18
INFO:tenpy.tools.params:DMRG: reading 'combine'=False
INFO:tenpy.tools.params:DMRG: subconfig 'lanczos_params'=Config(<9 options>, 'lanczos_params')
INFO:tenpy.tools.params:DMRG: reading 'chi_list'=None
INFO:tenpy.tools.params:DMRG: reading 'start_env'=1
INFO:tenpy.algorithms.mps_common:start environment_sweep
INFO:tenpy.tools.params:DMRG: reading 'N_sweeps_check'=10
INFO:tenpy.tools.params:DMRG: subconfig 'mixer_params'=Config(<3 options>, 'mixer_params')
INFO:tenpy.tools.params:DMRG: reading 'mixer'=None
INFO:tenpy.tools.params:DMRG: reading 'max_sweeps'=100
INFO:tenpy.tools.params:DMRG: reading 'max_hours'=8760
INFO:tenpy.tools.params:DMRG: reading 'P_tol_to_trunc'=0.05
INFO:tenpy.tools.params:DMRG: reading 'P_tol_min'=5.0000000000000004e-30
INFO:tenpy.tools.params:DMRG: reading 'P_tol_max'=0.0001
INFO:tenpy.tools.params:DMRG: reading 'E_tol_to_trunc'=None
INFO:tenpy.algorithms.dmrg:Running sweep with optimization
INFO:tenpy.tools.params:DMRG: reading 'max_N_for_ED'=400
INFO:tenpy.tools.params:DMRG: reading 'update_env'=5
INFO:tenpy.algorithms.mps_common:start environment_sweep
INFO:tenpy.algorithms.dmrg:checkpoint after sweep 10
energy=-0.7111481076734189, max S=3.2369853908357014, age=396, norm_err=9.7e-10
Current memory usage 704.7MB, wall time: 158.1s
Delta E = nan, Delta S = 5.5428e-04 (per sweep)
max trunc_err = 7.1347e-06, max E_trunc = 8.9820e-05
chi: [512, 512, 512, 512, 512, 512, 512, 512, 512, 512, 512, 512]
================================================================================
INFO:tenpy.algorithms.dmrg:Running sweep with optimization
INFO:tenpy.algorithms.mps_common:start environment_sweep
INFO:tenpy.algorithms.dmrg:checkpoint after sweep 20
energy=-0.7111481867863366, max S=3.2369918114985881, age=756, norm_err=5.3e-10
Current memory usage 704.7MB, wall time: 127.2s
Delta E = -7.9113e-09, Delta S = -2.2996e-07 (per sweep)
max trunc_err = 7.1687e-06, max E_trunc = 9.0095e-05
chi: [512, 512, 512, 512, 512, 512, 512, 512, 512, 512, 512, 512]
================================================================================
INFO:tenpy.tools.params:DMRG: reading 'max_E_err'=1e-08
INFO:tenpy.tools.params:DMRG: reading 'max_S_err'=1e-05
INFO:tenpy.tools.params:DMRG: reading 'norm_tol'=1e-05
INFO:tenpy.tools.params:DMRG: reading 'norm_tol_final'=1e-10
INFO:tenpy.tools.params:DMRG: reading 'norm_tol_iter'=5
WARNING:tenpy.algorithms.dmrg:final DMRG state not in canonical form up to norm_tol_final=1.00e-10: norm_err=5.27e-10, calling psi.canonical_form()
INFO:tenpy.algorithms.dmrg:TwoSiteDMRGEngine finished after 20 sweeps, max chi=512
INFO:tenpy.tools.params:DMRG: reading 'max_trunc_err'=0.0001
INFO:tenpy.tools.params:MixedHofstadterLandauGauge_Pi_2: reading 'explicit_plus_hc'=False
INFO:tenpy.tools.params:MixedHofstadterLandauGauge_Pi_2: reading 'Lx'=2
INFO:tenpy.tools.params:MixedHofstadterLandauGauge_Pi_2: setting 'N_rings'=2
INFO:tenpy.tools.params:MixedHofstadterLandauGauge_Pi_2: reading 'xy_lattice'='Square'
INFO:tenpy.tools.params:MixedHofstadterLandauGauge_Pi_2: reading 'Ly'=6
INFO:tenpy.tools.params:MixedHofstadterLandauGauge_Pi_2: reading 'ring_order'=None
INFO:tenpy.tools.params:MixedHofstadterLandauGauge_Pi_2: reading 'conserve_k'=True
INFO:tenpy.tools.params:MixedHofstadterLandauGauge_Pi_2: reading 'bc_MPS'='infinite'
INFO:tenpy.tools.params:MixedHofstadterLandauGauge_Pi_2: reading 't'=-1
INFO:tenpy.tools.params:MixedHofstadterLandauGauge_Pi_2: reading 't2'=-0.25
INFO:tenpy.tools.params:MixedHofstadterLandauGauge_Pi_2: reading 'V1'=0.6
INFO:tenpy.tools.params:MixedHofstadterLandauGauge_Pi_2: reading 'phi_ext'=np.float64(0.8500000000000001)
INFO:tenpy.tools.params:MixedHofstadterLandauGauge_Pi_2: reading 'sort_mpo_legs'=False
/home/t30/kna/ge54yin/Documents/MasterThesisFQHinTMDs/MPS_stuff/MPScalculations/.venv/lib/python3.12/site-packages/tenpy/tools/params.py:232: UserWarning: unused options for config MixedHofstadterLandauGauge_Pi_2:
['Delta', 'N_rings', 'Nsec', 'bc', 'chi_max', 'ktot', 'saveAll']
  warnings.warn(msg.format(keys=sorted(unused), name=self.name))
INFO:tenpy.tools.params:DMRG: reading 'active_sites'=2
INFO:tenpy.tools.params:DMRG: reading 'diag_method'='default'
INFO:tenpy.tools.params:DMRG: subconfig 'trunc_params'=Config(<5 options>, 'trunc_params')
INFO:tenpy.tools.params:DMRG: reading 'max_N_sites_per_ring'=18
INFO:tenpy.tools.params:DMRG: reading 'combine'=False
INFO:tenpy.tools.params:DMRG: subconfig 'lanczos_params'=Config(<9 options>, 'lanczos_params')
INFO:tenpy.tools.params:DMRG: reading 'chi_list'=None
INFO:tenpy.tools.params:DMRG: reading 'start_env'=1
INFO:tenpy.algorithms.mps_common:start environment_sweep
INFO:tenpy.tools.params:DMRG: reading 'N_sweeps_check'=10
INFO:tenpy.tools.params:DMRG: subconfig 'mixer_params'=Config(<3 options>, 'mixer_params')
INFO:tenpy.tools.params:DMRG: reading 'mixer'=None
INFO:tenpy.tools.params:DMRG: reading 'max_sweeps'=100
INFO:tenpy.tools.params:DMRG: reading 'max_hours'=8760
INFO:tenpy.tools.params:DMRG: reading 'P_tol_to_trunc'=0.05
INFO:tenpy.tools.params:DMRG: reading 'P_tol_min'=5.0000000000000004e-30
INFO:tenpy.tools.params:DMRG: reading 'P_tol_max'=0.0001
INFO:tenpy.tools.params:DMRG: reading 'E_tol_to_trunc'=None
INFO:tenpy.algorithms.dmrg:Running sweep with optimization
INFO:tenpy.tools.params:DMRG: reading 'max_N_for_ED'=400
INFO:tenpy.tools.params:DMRG: reading 'update_env'=5
INFO:tenpy.algorithms.mps_common:start environment_sweep
INFO:tenpy.algorithms.dmrg:checkpoint after sweep 10
energy=-0.7111078382252245, max S=3.2299746477975422, age=396, norm_err=8.6e-10
Current memory usage 704.7MB, wall time: 159.8s
Delta E = nan, Delta S = 5.4618e-04 (per sweep)
max trunc_err = 7.2284e-06, max E_trunc = 9.1052e-05
chi: [512, 512, 512, 512, 512, 512, 512, 512, 512, 512, 512, 512]
================================================================================
INFO:tenpy.algorithms.dmrg:Running sweep with optimization
INFO:tenpy.algorithms.mps_common:start environment_sweep
INFO:tenpy.algorithms.dmrg:checkpoint after sweep 20
energy=-0.7111078390018406, max S=3.2299815458522199, age=756, norm_err=9.6e-10
Current memory usage 704.7MB, wall time: 128.7s
Delta E = -7.7662e-11, Delta S = -6.2601e-08 (per sweep)
max trunc_err = 7.2231e-06, max E_trunc = 9.1000e-05
chi: [512, 512, 512, 512, 512, 512, 512, 512, 512, 512, 512, 512]
================================================================================
INFO:tenpy.tools.params:DMRG: reading 'max_E_err'=1e-08
INFO:tenpy.tools.params:DMRG: reading 'max_S_err'=1e-05
INFO:tenpy.tools.params:DMRG: reading 'norm_tol'=1e-05
INFO:tenpy.tools.params:DMRG: reading 'norm_tol_final'=1e-10
INFO:tenpy.tools.params:DMRG: reading 'norm_tol_iter'=5
WARNING:tenpy.algorithms.dmrg:final DMRG state not in canonical form up to norm_tol_final=1.00e-10: norm_err=9.58e-10, calling psi.canonical_form()
INFO:tenpy.algorithms.dmrg:TwoSiteDMRGEngine finished after 20 sweeps, max chi=512
INFO:tenpy.tools.params:DMRG: reading 'max_trunc_err'=0.0001
INFO:tenpy.tools.params:MixedHofstadterLandauGauge_Pi_2: reading 'explicit_plus_hc'=False
INFO:tenpy.tools.params:MixedHofstadterLandauGauge_Pi_2: reading 'Lx'=2
INFO:tenpy.tools.params:MixedHofstadterLandauGauge_Pi_2: setting 'N_rings'=2
INFO:tenpy.tools.params:MixedHofstadterLandauGauge_Pi_2: reading 'xy_lattice'='Square'
INFO:tenpy.tools.params:MixedHofstadterLandauGauge_Pi_2: reading 'Ly'=6
INFO:tenpy.tools.params:MixedHofstadterLandauGauge_Pi_2: reading 'ring_order'=None
INFO:tenpy.tools.params:MixedHofstadterLandauGauge_Pi_2: reading 'conserve_k'=True
INFO:tenpy.tools.params:MixedHofstadterLandauGauge_Pi_2: reading 'bc_MPS'='infinite'
INFO:tenpy.tools.params:MixedHofstadterLandauGauge_Pi_2: reading 't'=-1
INFO:tenpy.tools.params:MixedHofstadterLandauGauge_Pi_2: reading 't2'=-0.25
INFO:tenpy.tools.params:MixedHofstadterLandauGauge_Pi_2: reading 'V1'=0.6
INFO:tenpy.tools.params:MixedHofstadterLandauGauge_Pi_2: reading 'phi_ext'=np.float64(0.9)
INFO:tenpy.tools.params:MixedHofstadterLandauGauge_Pi_2: reading 'sort_mpo_legs'=False
/home/t30/kna/ge54yin/Documents/MasterThesisFQHinTMDs/MPS_stuff/MPScalculations/.venv/lib/python3.12/site-packages/tenpy/tools/params.py:232: UserWarning: unused options for config MixedHofstadterLandauGauge_Pi_2:
['Delta', 'N_rings', 'Nsec', 'bc', 'chi_max', 'ktot', 'saveAll']
  warnings.warn(msg.format(keys=sorted(unused), name=self.name))
INFO:tenpy.tools.params:DMRG: reading 'active_sites'=2
INFO:tenpy.tools.params:DMRG: reading 'diag_method'='default'
INFO:tenpy.tools.params:DMRG: subconfig 'trunc_params'=Config(<5 options>, 'trunc_params')
INFO:tenpy.tools.params:DMRG: reading 'max_N_sites_per_ring'=18
INFO:tenpy.tools.params:DMRG: reading 'combine'=False
INFO:tenpy.tools.params:DMRG: subconfig 'lanczos_params'=Config(<9 options>, 'lanczos_params')
INFO:tenpy.tools.params:DMRG: reading 'chi_list'=None
INFO:tenpy.tools.params:DMRG: reading 'start_env'=1
INFO:tenpy.algorithms.mps_common:start environment_sweep
INFO:tenpy.tools.params:DMRG: reading 'N_sweeps_check'=10
INFO:tenpy.tools.params:DMRG: subconfig 'mixer_params'=Config(<3 options>, 'mixer_params')
INFO:tenpy.tools.params:DMRG: reading 'mixer'=None
INFO:tenpy.tools.params:DMRG: reading 'max_sweeps'=100
INFO:tenpy.tools.params:DMRG: reading 'max_hours'=8760
INFO:tenpy.tools.params:DMRG: reading 'P_tol_to_trunc'=0.05
INFO:tenpy.tools.params:DMRG: reading 'P_tol_min'=5.0000000000000004e-30
INFO:tenpy.tools.params:DMRG: reading 'P_tol_max'=0.0001
INFO:tenpy.tools.params:DMRG: reading 'E_tol_to_trunc'=None
INFO:tenpy.algorithms.dmrg:Running sweep with optimization
INFO:tenpy.tools.params:DMRG: reading 'max_N_for_ED'=400
INFO:tenpy.tools.params:DMRG: reading 'update_env'=5
INFO:tenpy.algorithms.mps_common:start environment_sweep
INFO:tenpy.algorithms.dmrg:checkpoint after sweep 10
energy=-0.7110612934555954, max S=3.2202457700374656, age=396, norm_err=6.0e-10
Current memory usage 704.7MB, wall time: 159.1s
Delta E = nan, Delta S = 4.7578e-04 (per sweep)
max trunc_err = 7.1116e-06, max E_trunc = 8.9704e-05
chi: [512, 512, 512, 512, 512, 512, 512, 512, 512, 512, 512, 512]
================================================================================
INFO:tenpy.algorithms.dmrg:Running sweep with optimization
INFO:tenpy.algorithms.mps_common:start environment_sweep
INFO:tenpy.algorithms.dmrg:checkpoint after sweep 20
energy=-0.7110613137079298, max S=3.2202229343864524, age=756, norm_err=4.8e-10
Current memory usage 704.7MB, wall time: 129.9s
Delta E = -2.0252e-09, Delta S = -3.8957e-06 (per sweep)
max trunc_err = 7.1228e-06, max E_trunc = 9.0034e-05
chi: [512, 512, 512, 512, 512, 512, 512, 512, 512, 512, 512, 512]
================================================================================
INFO:tenpy.tools.params:DMRG: reading 'max_E_err'=1e-08
INFO:tenpy.tools.params:DMRG: reading 'max_S_err'=1e-05
INFO:tenpy.tools.params:DMRG: reading 'norm_tol'=1e-05
INFO:tenpy.tools.params:DMRG: reading 'norm_tol_final'=1e-10
INFO:tenpy.tools.params:DMRG: reading 'norm_tol_iter'=5
WARNING:tenpy.algorithms.dmrg:final DMRG state not in canonical form up to norm_tol_final=1.00e-10: norm_err=4.80e-10, calling psi.canonical_form()
INFO:tenpy.algorithms.dmrg:TwoSiteDMRGEngine finished after 20 sweeps, max chi=512
INFO:tenpy.tools.params:DMRG: reading 'max_trunc_err'=0.0001
INFO:tenpy.tools.params:MixedHofstadterLandauGauge_Pi_2: reading 'explicit_plus_hc'=False
INFO:tenpy.tools.params:MixedHofstadterLandauGauge_Pi_2: reading 'Lx'=2
INFO:tenpy.tools.params:MixedHofstadterLandauGauge_Pi_2: setting 'N_rings'=2
INFO:tenpy.tools.params:MixedHofstadterLandauGauge_Pi_2: reading 'xy_lattice'='Square'
INFO:tenpy.tools.params:MixedHofstadterLandauGauge_Pi_2: reading 'Ly'=6
INFO:tenpy.tools.params:MixedHofstadterLandauGauge_Pi_2: reading 'ring_order'=None
INFO:tenpy.tools.params:MixedHofstadterLandauGauge_Pi_2: reading 'conserve_k'=True
INFO:tenpy.tools.params:MixedHofstadterLandauGauge_Pi_2: reading 'bc_MPS'='infinite'
INFO:tenpy.tools.params:MixedHofstadterLandauGauge_Pi_2: reading 't'=-1
INFO:tenpy.tools.params:MixedHofstadterLandauGauge_Pi_2: reading 't2'=-0.25
INFO:tenpy.tools.params:MixedHofstadterLandauGauge_Pi_2: reading 'V1'=0.6
INFO:tenpy.tools.params:MixedHofstadterLandauGauge_Pi_2: reading 'phi_ext'=np.float64(0.9500000000000001)
INFO:tenpy.tools.params:MixedHofstadterLandauGauge_Pi_2: reading 'sort_mpo_legs'=False
/home/t30/kna/ge54yin/Documents/MasterThesisFQHinTMDs/MPS_stuff/MPScalculations/.venv/lib/python3.12/site-packages/tenpy/tools/params.py:232: UserWarning: unused options for config MixedHofstadterLandauGauge_Pi_2:
['Delta', 'N_rings', 'Nsec', 'bc', 'chi_max', 'ktot', 'saveAll']
  warnings.warn(msg.format(keys=sorted(unused), name=self.name))
INFO:tenpy.tools.params:DMRG: reading 'active_sites'=2
INFO:tenpy.tools.params:DMRG: reading 'diag_method'='default'
INFO:tenpy.tools.params:DMRG: subconfig 'trunc_params'=Config(<5 options>, 'trunc_params')
INFO:tenpy.tools.params:DMRG: reading 'max_N_sites_per_ring'=18
INFO:tenpy.tools.params:DMRG: reading 'combine'=False
INFO:tenpy.tools.params:DMRG: subconfig 'lanczos_params'=Config(<9 options>, 'lanczos_params')
INFO:tenpy.tools.params:DMRG: reading 'chi_list'=None
INFO:tenpy.tools.params:DMRG: reading 'start_env'=1
INFO:tenpy.algorithms.mps_common:start environment_sweep
INFO:tenpy.tools.params:DMRG: reading 'N_sweeps_check'=10
INFO:tenpy.tools.params:DMRG: subconfig 'mixer_params'=Config(<3 options>, 'mixer_params')
INFO:tenpy.tools.params:DMRG: reading 'mixer'=None
INFO:tenpy.tools.params:DMRG: reading 'max_sweeps'=100
INFO:tenpy.tools.params:DMRG: reading 'max_hours'=8760
INFO:tenpy.tools.params:DMRG: reading 'P_tol_to_trunc'=0.05
INFO:tenpy.tools.params:DMRG: reading 'P_tol_min'=5.0000000000000004e-30
INFO:tenpy.tools.params:DMRG: reading 'P_tol_max'=0.0001
INFO:tenpy.tools.params:DMRG: reading 'E_tol_to_trunc'=None
INFO:tenpy.algorithms.dmrg:Running sweep with optimization
INFO:tenpy.tools.params:DMRG: reading 'max_N_for_ED'=400
INFO:tenpy.tools.params:DMRG: reading 'update_env'=5
INFO:tenpy.algorithms.mps_common:start environment_sweep
INFO:tenpy.algorithms.dmrg:checkpoint after sweep 10
energy=-0.7110097181585786, max S=3.2184882021822836, age=396, norm_err=7.9e-10
Current memory usage 704.7MB, wall time: 159.4s
Delta E = nan, Delta S = 3.7934e-04 (per sweep)
max trunc_err = 6.8301e-06, max E_trunc = 8.6417e-05
chi: [512, 512, 512, 512, 512, 512, 512, 512, 512, 512, 512, 512]
================================================================================
INFO:tenpy.algorithms.dmrg:Running sweep with optimization
INFO:tenpy.algorithms.mps_common:start environment_sweep
INFO:tenpy.algorithms.dmrg:checkpoint after sweep 20
energy=-0.7110098149262049, max S=3.2184798193490969, age=756, norm_err=5.2e-10
Current memory usage 704.7MB, wall time: 130.1s
Delta E = -9.6768e-09, Delta S = -2.0015e-06 (per sweep)
max trunc_err = 6.8267e-06, max E_trunc = 8.6404e-05
chi: [512, 512, 512, 512, 512, 512, 512, 512, 512, 512, 512, 512]
================================================================================
INFO:tenpy.tools.params:DMRG: reading 'max_E_err'=1e-08
INFO:tenpy.tools.params:DMRG: reading 'max_S_err'=1e-05
INFO:tenpy.tools.params:DMRG: reading 'norm_tol'=1e-05
INFO:tenpy.tools.params:DMRG: reading 'norm_tol_final'=1e-10
INFO:tenpy.tools.params:DMRG: reading 'norm_tol_iter'=5
WARNING:tenpy.algorithms.dmrg:final DMRG state not in canonical form up to norm_tol_final=1.00e-10: norm_err=5.21e-10, calling psi.canonical_form()
INFO:tenpy.algorithms.dmrg:TwoSiteDMRGEngine finished after 20 sweeps, max chi=512
INFO:tenpy.tools.params:DMRG: reading 'max_trunc_err'=0.0001
INFO:tenpy.tools.params:MixedHofstadterLandauGauge_Pi_2: reading 'explicit_plus_hc'=False
INFO:tenpy.tools.params:MixedHofstadterLandauGauge_Pi_2: reading 'Lx'=2
INFO:tenpy.tools.params:MixedHofstadterLandauGauge_Pi_2: setting 'N_rings'=2
INFO:tenpy.tools.params:MixedHofstadterLandauGauge_Pi_2: reading 'xy_lattice'='Square'
INFO:tenpy.tools.params:MixedHofstadterLandauGauge_Pi_2: reading 'Ly'=6
INFO:tenpy.tools.params:MixedHofstadterLandauGauge_Pi_2: reading 'ring_order'=None
INFO:tenpy.tools.params:MixedHofstadterLandauGauge_Pi_2: reading 'conserve_k'=True
INFO:tenpy.tools.params:MixedHofstadterLandauGauge_Pi_2: reading 'bc_MPS'='infinite'
INFO:tenpy.tools.params:MixedHofstadterLandauGauge_Pi_2: reading 't'=-1
INFO:tenpy.tools.params:MixedHofstadterLandauGauge_Pi_2: reading 't2'=-0.25
INFO:tenpy.tools.params:MixedHofstadterLandauGauge_Pi_2: reading 'V1'=0.6
INFO:tenpy.tools.params:MixedHofstadterLandauGauge_Pi_2: reading 'phi_ext'=np.float64(1.0)
INFO:tenpy.tools.params:MixedHofstadterLandauGauge_Pi_2: reading 'sort_mpo_legs'=False
/home/t30/kna/ge54yin/Documents/MasterThesisFQHinTMDs/MPS_stuff/MPScalculations/.venv/lib/python3.12/site-packages/tenpy/tools/params.py:232: UserWarning: unused options for config MixedHofstadterLandauGauge_Pi_2:
['Delta', 'N_rings', 'Nsec', 'bc', 'chi_max', 'ktot', 'saveAll']
  warnings.warn(msg.format(keys=sorted(unused), name=self.name))
INFO:tenpy.tools.params:DMRG: reading 'active_sites'=2
INFO:tenpy.tools.params:DMRG: reading 'diag_method'='default'
INFO:tenpy.tools.params:DMRG: subconfig 'trunc_params'=Config(<5 options>, 'trunc_params')
INFO:tenpy.tools.params:DMRG: reading 'max_N_sites_per_ring'=18
INFO:tenpy.tools.params:DMRG: reading 'combine'=False
INFO:tenpy.tools.params:DMRG: subconfig 'lanczos_params'=Config(<9 options>, 'lanczos_params')
INFO:tenpy.tools.params:DMRG: reading 'chi_list'=None
INFO:tenpy.tools.params:DMRG: reading 'start_env'=1
INFO:tenpy.algorithms.mps_common:start environment_sweep
INFO:tenpy.tools.params:DMRG: reading 'N_sweeps_check'=10
INFO:tenpy.tools.params:DMRG: subconfig 'mixer_params'=Config(<3 options>, 'mixer_params')
INFO:tenpy.tools.params:DMRG: reading 'mixer'=None
INFO:tenpy.tools.params:DMRG: reading 'max_sweeps'=100
INFO:tenpy.tools.params:DMRG: reading 'max_hours'=8760
INFO:tenpy.tools.params:DMRG: reading 'P_tol_to_trunc'=0.05
INFO:tenpy.tools.params:DMRG: reading 'P_tol_min'=5.0000000000000004e-30
INFO:tenpy.tools.params:DMRG: reading 'P_tol_max'=0.0001
INFO:tenpy.tools.params:DMRG: reading 'E_tol_to_trunc'=None
INFO:tenpy.algorithms.dmrg:Running sweep with optimization
INFO:tenpy.tools.params:DMRG: reading 'max_N_for_ED'=400
INFO:tenpy.tools.params:DMRG: reading 'update_env'=5
INFO:tenpy.algorithms.mps_common:start environment_sweep
INFO:tenpy.algorithms.dmrg:checkpoint after sweep 10
energy=-0.7109527460478683, max S=3.2305634282244031, age=396, norm_err=4.5e-10
Current memory usage 704.7MB, wall time: 159.3s
Delta E = nan, Delta S = 2.5683e-04 (per sweep)
max trunc_err = 6.6572e-06, max E_trunc = 8.3783e-05
chi: [512, 512, 512, 512, 512, 512, 512, 512, 512, 512, 512, 512]
================================================================================
INFO:tenpy.algorithms.dmrg:Running sweep with optimization
INFO:tenpy.algorithms.mps_common:start environment_sweep
INFO:tenpy.algorithms.dmrg:checkpoint after sweep 20
energy=-0.7109527650429707, max S=3.2305398444485158, age=756, norm_err=4.2e-10
Current memory usage 704.7MB, wall time: 129.9s
Delta E = -1.8995e-09, Delta S = -3.5262e-06 (per sweep)
max trunc_err = 6.6472e-06, max E_trunc = 8.3685e-05
chi: [512, 512, 512, 512, 512, 512, 512, 512, 512, 512, 512, 512]
================================================================================
INFO:tenpy.tools.params:DMRG: reading 'max_E_err'=1e-08
INFO:tenpy.tools.params:DMRG: reading 'max_S_err'=1e-05
INFO:tenpy.tools.params:DMRG: reading 'norm_tol'=1e-05
INFO:tenpy.tools.params:DMRG: reading 'norm_tol_final'=1e-10
INFO:tenpy.tools.params:DMRG: reading 'norm_tol_iter'=5
WARNING:tenpy.algorithms.dmrg:final DMRG state not in canonical form up to norm_tol_final=1.00e-10: norm_err=4.21e-10, calling psi.canonical_form()
INFO:tenpy.algorithms.dmrg:TwoSiteDMRGEngine finished after 20 sweeps, max chi=512
INFO:tenpy.tools.params:DMRG: reading 'max_trunc_err'=0.0001
INFO:tenpy.tools.params:MixedHofstadterLandauGauge_Pi_2: reading 'explicit_plus_hc'=False
INFO:tenpy.tools.params:MixedHofstadterLandauGauge_Pi_2: reading 'Lx'=2
INFO:tenpy.tools.params:MixedHofstadterLandauGauge_Pi_2: setting 'N_rings'=2
INFO:tenpy.tools.params:MixedHofstadterLandauGauge_Pi_2: reading 'xy_lattice'='Square'
INFO:tenpy.tools.params:MixedHofstadterLandauGauge_Pi_2: reading 'Ly'=6
INFO:tenpy.tools.params:MixedHofstadterLandauGauge_Pi_2: reading 'ring_order'=None
INFO:tenpy.tools.params:MixedHofstadterLandauGauge_Pi_2: reading 'conserve_k'=True
INFO:tenpy.tools.params:MixedHofstadterLandauGauge_Pi_2: reading 'bc_MPS'='infinite'
INFO:tenpy.tools.params:MixedHofstadterLandauGauge_Pi_2: reading 't'=-1
INFO:tenpy.tools.params:MixedHofstadterLandauGauge_Pi_2: reading 't2'=-0.25
INFO:tenpy.tools.params:MixedHofstadterLandauGauge_Pi_2: reading 'V1'=0.6
INFO:tenpy.tools.params:MixedHofstadterLandauGauge_Pi_2: reading 'phi_ext'=np.float64(1.05)
INFO:tenpy.tools.params:MixedHofstadterLandauGauge_Pi_2: reading 'sort_mpo_legs'=False
/home/t30/kna/ge54yin/Documents/MasterThesisFQHinTMDs/MPS_stuff/MPScalculations/.venv/lib/python3.12/site-packages/tenpy/tools/params.py:232: UserWarning: unused options for config MixedHofstadterLandauGauge_Pi_2:
['Delta', 'N_rings', 'Nsec', 'bc', 'chi_max', 'ktot', 'saveAll']
  warnings.warn(msg.format(keys=sorted(unused), name=self.name))
INFO:tenpy.tools.params:DMRG: reading 'active_sites'=2
INFO:tenpy.tools.params:DMRG: reading 'diag_method'='default'
INFO:tenpy.tools.params:DMRG: subconfig 'trunc_params'=Config(<5 options>, 'trunc_params')
INFO:tenpy.tools.params:DMRG: reading 'max_N_sites_per_ring'=18
INFO:tenpy.tools.params:DMRG: reading 'combine'=False
INFO:tenpy.tools.params:DMRG: subconfig 'lanczos_params'=Config(<9 options>, 'lanczos_params')
INFO:tenpy.tools.params:DMRG: reading 'chi_list'=None
INFO:tenpy.tools.params:DMRG: reading 'start_env'=1
INFO:tenpy.algorithms.mps_common:start environment_sweep
INFO:tenpy.tools.params:DMRG: reading 'N_sweeps_check'=10
INFO:tenpy.tools.params:DMRG: subconfig 'mixer_params'=Config(<3 options>, 'mixer_params')
INFO:tenpy.tools.params:DMRG: reading 'mixer'=None
INFO:tenpy.tools.params:DMRG: reading 'max_sweeps'=100
INFO:tenpy.tools.params:DMRG: reading 'max_hours'=8760
INFO:tenpy.tools.params:DMRG: reading 'P_tol_to_trunc'=0.05
INFO:tenpy.tools.params:DMRG: reading 'P_tol_min'=5.0000000000000004e-30
INFO:tenpy.tools.params:DMRG: reading 'P_tol_max'=0.0001
INFO:tenpy.tools.params:DMRG: reading 'E_tol_to_trunc'=None
INFO:tenpy.algorithms.dmrg:Running sweep with optimization
INFO:tenpy.tools.params:DMRG: reading 'max_N_for_ED'=400
INFO:tenpy.tools.params:DMRG: reading 'update_env'=5
INFO:tenpy.algorithms.mps_common:start environment_sweep
INFO:tenpy.algorithms.dmrg:checkpoint after sweep 10
energy=-0.7108935143465445, max S=3.2389310403644935, age=396, norm_err=3.3e-10
Current memory usage 704.7MB, wall time: 158.7s
Delta E = nan, Delta S = 1.2777e-04 (per sweep)
max trunc_err = 6.8310e-06, max E_trunc = 8.5185e-05
chi: [512, 512, 512, 512, 512, 512, 512, 512, 512, 512, 512, 512]
================================================================================
INFO:tenpy.algorithms.dmrg:Running sweep with optimization
INFO:tenpy.algorithms.mps_common:start environment_sweep
INFO:tenpy.algorithms.dmrg:checkpoint after sweep 20
energy=-0.7108935162546667, max S=3.2389157607952104, age=756, norm_err=4.2e-10
Current memory usage 704.7MB, wall time: 129.4s
Delta E = -1.9081e-10, Delta S = -2.3946e-06 (per sweep)
max trunc_err = 6.8286e-06, max E_trunc = 8.5150e-05
chi: [512, 512, 512, 512, 512, 512, 512, 512, 512, 512, 512, 512]
================================================================================
INFO:tenpy.tools.params:DMRG: reading 'max_E_err'=1e-08
INFO:tenpy.tools.params:DMRG: reading 'max_S_err'=1e-05
INFO:tenpy.tools.params:DMRG: reading 'norm_tol'=1e-05
INFO:tenpy.tools.params:DMRG: reading 'norm_tol_final'=1e-10
INFO:tenpy.tools.params:DMRG: reading 'norm_tol_iter'=5
WARNING:tenpy.algorithms.dmrg:final DMRG state not in canonical form up to norm_tol_final=1.00e-10: norm_err=4.19e-10, calling psi.canonical_form()
INFO:tenpy.algorithms.dmrg:TwoSiteDMRGEngine finished after 20 sweeps, max chi=512
INFO:tenpy.tools.params:DMRG: reading 'max_trunc_err'=0.0001
INFO:tenpy.tools.params:MixedHofstadterLandauGauge_Pi_2: reading 'explicit_plus_hc'=False
INFO:tenpy.tools.params:MixedHofstadterLandauGauge_Pi_2: reading 'Lx'=2
INFO:tenpy.tools.params:MixedHofstadterLandauGauge_Pi_2: setting 'N_rings'=2
INFO:tenpy.tools.params:MixedHofstadterLandauGauge_Pi_2: reading 'xy_lattice'='Square'
INFO:tenpy.tools.params:MixedHofstadterLandauGauge_Pi_2: reading 'Ly'=6
INFO:tenpy.tools.params:MixedHofstadterLandauGauge_Pi_2: reading 'ring_order'=None
INFO:tenpy.tools.params:MixedHofstadterLandauGauge_Pi_2: reading 'conserve_k'=True
INFO:tenpy.tools.params:MixedHofstadterLandauGauge_Pi_2: reading 'bc_MPS'='infinite'
INFO:tenpy.tools.params:MixedHofstadterLandauGauge_Pi_2: reading 't'=-1
INFO:tenpy.tools.params:MixedHofstadterLandauGauge_Pi_2: reading 't2'=-0.25
INFO:tenpy.tools.params:MixedHofstadterLandauGauge_Pi_2: reading 'V1'=0.6
INFO:tenpy.tools.params:MixedHofstadterLandauGauge_Pi_2: reading 'phi_ext'=np.float64(1.1)
INFO:tenpy.tools.params:MixedHofstadterLandauGauge_Pi_2: reading 'sort_mpo_legs'=False
/home/t30/kna/ge54yin/Documents/MasterThesisFQHinTMDs/MPS_stuff/MPScalculations/.venv/lib/python3.12/site-packages/tenpy/tools/params.py:232: UserWarning: unused options for config MixedHofstadterLandauGauge_Pi_2:
['Delta', 'N_rings', 'Nsec', 'bc', 'chi_max', 'ktot', 'saveAll']
  warnings.warn(msg.format(keys=sorted(unused), name=self.name))
INFO:tenpy.tools.params:DMRG: reading 'active_sites'=2
INFO:tenpy.tools.params:DMRG: reading 'diag_method'='default'
INFO:tenpy.tools.params:DMRG: subconfig 'trunc_params'=Config(<5 options>, 'trunc_params')
INFO:tenpy.tools.params:DMRG: reading 'max_N_sites_per_ring'=18
INFO:tenpy.tools.params:DMRG: reading 'combine'=False
INFO:tenpy.tools.params:DMRG: subconfig 'lanczos_params'=Config(<9 options>, 'lanczos_params')
INFO:tenpy.tools.params:DMRG: reading 'chi_list'=None
INFO:tenpy.tools.params:DMRG: reading 'start_env'=1
INFO:tenpy.algorithms.mps_common:start environment_sweep
INFO:tenpy.tools.params:DMRG: reading 'N_sweeps_check'=10
INFO:tenpy.tools.params:DMRG: subconfig 'mixer_params'=Config(<3 options>, 'mixer_params')
INFO:tenpy.tools.params:DMRG: reading 'mixer'=None
INFO:tenpy.tools.params:DMRG: reading 'max_sweeps'=100
INFO:tenpy.tools.params:DMRG: reading 'max_hours'=8760
INFO:tenpy.tools.params:DMRG: reading 'P_tol_to_trunc'=0.05
INFO:tenpy.tools.params:DMRG: reading 'P_tol_min'=5.0000000000000004e-30
INFO:tenpy.tools.params:DMRG: reading 'P_tol_max'=0.0001
INFO:tenpy.tools.params:DMRG: reading 'E_tol_to_trunc'=None
INFO:tenpy.algorithms.dmrg:Running sweep with optimization
INFO:tenpy.tools.params:DMRG: reading 'max_N_for_ED'=400
INFO:tenpy.tools.params:DMRG: reading 'update_env'=5
INFO:tenpy.algorithms.mps_common:start environment_sweep
INFO:tenpy.algorithms.dmrg:checkpoint after sweep 10
energy=-0.7108316103040385, max S=3.2432455168957155, age=396, norm_err=6.3e-10
Current memory usage 704.7MB, wall time: 157.8s
Delta E = nan, Delta S = -1.7372e-05 (per sweep)
max trunc_err = 6.8012e-06, max E_trunc = 8.5157e-05
chi: [512, 512, 512, 512, 512, 512, 512, 512, 512, 512, 512, 512]
================================================================================
INFO:tenpy.algorithms.dmrg:Running sweep with optimization
INFO:tenpy.algorithms.mps_common:start environment_sweep
INFO:tenpy.algorithms.dmrg:checkpoint after sweep 20
energy=-0.7108316182623232, max S=3.2432150379112508, age=756, norm_err=6.0e-10
Current memory usage 704.7MB, wall time: 129.1s
Delta E = -7.9583e-10, Delta S = -3.9275e-06 (per sweep)
max trunc_err = 6.8090e-06, max E_trunc = 8.5220e-05
chi: [512, 512, 512, 512, 512, 512, 512, 512, 512, 512, 512, 512]
================================================================================
INFO:tenpy.tools.params:DMRG: reading 'max_E_err'=1e-08
INFO:tenpy.tools.params:DMRG: reading 'max_S_err'=1e-05
INFO:tenpy.tools.params:DMRG: reading 'norm_tol'=1e-05
INFO:tenpy.tools.params:DMRG: reading 'norm_tol_final'=1e-10
INFO:tenpy.tools.params:DMRG: reading 'norm_tol_iter'=5
WARNING:tenpy.algorithms.dmrg:final DMRG state not in canonical form up to norm_tol_final=1.00e-10: norm_err=6.00e-10, calling psi.canonical_form()
INFO:tenpy.algorithms.dmrg:TwoSiteDMRGEngine finished after 20 sweeps, max chi=512
INFO:tenpy.tools.params:DMRG: reading 'max_trunc_err'=0.0001
INFO:tenpy.tools.params:MixedHofstadterLandauGauge_Pi_2: reading 'explicit_plus_hc'=False
INFO:tenpy.tools.params:MixedHofstadterLandauGauge_Pi_2: reading 'Lx'=2
INFO:tenpy.tools.params:MixedHofstadterLandauGauge_Pi_2: setting 'N_rings'=2
INFO:tenpy.tools.params:MixedHofstadterLandauGauge_Pi_2: reading 'xy_lattice'='Square'
INFO:tenpy.tools.params:MixedHofstadterLandauGauge_Pi_2: reading 'Ly'=6
INFO:tenpy.tools.params:MixedHofstadterLandauGauge_Pi_2: reading 'ring_order'=None
INFO:tenpy.tools.params:MixedHofstadterLandauGauge_Pi_2: reading 'conserve_k'=True
INFO:tenpy.tools.params:MixedHofstadterLandauGauge_Pi_2: reading 'bc_MPS'='infinite'
INFO:tenpy.tools.params:MixedHofstadterLandauGauge_Pi_2: reading 't'=-1
INFO:tenpy.tools.params:MixedHofstadterLandauGauge_Pi_2: reading 't2'=-0.25
INFO:tenpy.tools.params:MixedHofstadterLandauGauge_Pi_2: reading 'V1'=0.6
INFO:tenpy.tools.params:MixedHofstadterLandauGauge_Pi_2: reading 'phi_ext'=np.float64(1.1500000000000001)
INFO:tenpy.tools.params:MixedHofstadterLandauGauge_Pi_2: reading 'sort_mpo_legs'=False
/home/t30/kna/ge54yin/Documents/MasterThesisFQHinTMDs/MPS_stuff/MPScalculations/.venv/lib/python3.12/site-packages/tenpy/tools/params.py:232: UserWarning: unused options for config MixedHofstadterLandauGauge_Pi_2:
['Delta', 'N_rings', 'Nsec', 'bc', 'chi_max', 'ktot', 'saveAll']
  warnings.warn(msg.format(keys=sorted(unused), name=self.name))
INFO:tenpy.tools.params:DMRG: reading 'active_sites'=2
INFO:tenpy.tools.params:DMRG: reading 'diag_method'='default'
INFO:tenpy.tools.params:DMRG: subconfig 'trunc_params'=Config(<5 options>, 'trunc_params')
INFO:tenpy.tools.params:DMRG: reading 'max_N_sites_per_ring'=18
INFO:tenpy.tools.params:DMRG: reading 'combine'=False
INFO:tenpy.tools.params:DMRG: subconfig 'lanczos_params'=Config(<9 options>, 'lanczos_params')
INFO:tenpy.tools.params:DMRG: reading 'chi_list'=None
INFO:tenpy.tools.params:DMRG: reading 'start_env'=1
INFO:tenpy.algorithms.mps_common:start environment_sweep
INFO:tenpy.tools.params:DMRG: reading 'N_sweeps_check'=10
INFO:tenpy.tools.params:DMRG: subconfig 'mixer_params'=Config(<3 options>, 'mixer_params')
INFO:tenpy.tools.params:DMRG: reading 'mixer'=None
INFO:tenpy.tools.params:DMRG: reading 'max_sweeps'=100
INFO:tenpy.tools.params:DMRG: reading 'max_hours'=8760
INFO:tenpy.tools.params:DMRG: reading 'P_tol_to_trunc'=0.05
INFO:tenpy.tools.params:DMRG: reading 'P_tol_min'=5.0000000000000004e-30
INFO:tenpy.tools.params:DMRG: reading 'P_tol_max'=0.0001
INFO:tenpy.tools.params:DMRG: reading 'E_tol_to_trunc'=None
INFO:tenpy.algorithms.dmrg:Running sweep with optimization
INFO:tenpy.tools.params:DMRG: reading 'max_N_for_ED'=400
INFO:tenpy.tools.params:DMRG: reading 'update_env'=5
INFO:tenpy.algorithms.mps_common:start environment_sweep
INFO:tenpy.algorithms.dmrg:checkpoint after sweep 10
energy=-0.7107700724948790, max S=3.2435746042665574, age=396, norm_err=5.4e-10
Current memory usage 704.7MB, wall time: 158.2s
Delta E = nan, Delta S = -1.5312e-04 (per sweep)
max trunc_err = 6.7300e-06, max E_trunc = 8.3984e-05
chi: [512, 512, 512, 512, 512, 512, 512, 512, 512, 512, 512, 512]
================================================================================
INFO:tenpy.algorithms.dmrg:Running sweep with optimization
INFO:tenpy.algorithms.mps_common:start environment_sweep
INFO:tenpy.algorithms.dmrg:checkpoint after sweep 20
energy=-0.7107700901797122, max S=3.2435607017938706, age=756, norm_err=5.2e-10
Current memory usage 704.7MB, wall time: 128.8s
Delta E = -1.7685e-09, Delta S = -2.3107e-06 (per sweep)
max trunc_err = 6.7204e-06, max E_trunc = 8.3932e-05
chi: [512, 512, 512, 512, 512, 512, 512, 512, 512, 512, 512, 512]
================================================================================
INFO:tenpy.tools.params:DMRG: reading 'max_E_err'=1e-08
INFO:tenpy.tools.params:DMRG: reading 'max_S_err'=1e-05
INFO:tenpy.tools.params:DMRG: reading 'norm_tol'=1e-05
INFO:tenpy.tools.params:DMRG: reading 'norm_tol_final'=1e-10
INFO:tenpy.tools.params:DMRG: reading 'norm_tol_iter'=5
WARNING:tenpy.algorithms.dmrg:final DMRG state not in canonical form up to norm_tol_final=1.00e-10: norm_err=5.23e-10, calling psi.canonical_form()
INFO:tenpy.algorithms.dmrg:TwoSiteDMRGEngine finished after 20 sweeps, max chi=512
INFO:tenpy.tools.params:DMRG: reading 'max_trunc_err'=0.0001
INFO:tenpy.tools.params:MixedHofstadterLandauGauge_Pi_2: reading 'explicit_plus_hc'=False
INFO:tenpy.tools.params:MixedHofstadterLandauGauge_Pi_2: reading 'Lx'=2
INFO:tenpy.tools.params:MixedHofstadterLandauGauge_Pi_2: setting 'N_rings'=2
INFO:tenpy.tools.params:MixedHofstadterLandauGauge_Pi_2: reading 'xy_lattice'='Square'
INFO:tenpy.tools.params:MixedHofstadterLandauGauge_Pi_2: reading 'Ly'=6
INFO:tenpy.tools.params:MixedHofstadterLandauGauge_Pi_2: reading 'ring_order'=None
INFO:tenpy.tools.params:MixedHofstadterLandauGauge_Pi_2: reading 'conserve_k'=True
INFO:tenpy.tools.params:MixedHofstadterLandauGauge_Pi_2: reading 'bc_MPS'='infinite'
INFO:tenpy.tools.params:MixedHofstadterLandauGauge_Pi_2: reading 't'=-1
INFO:tenpy.tools.params:MixedHofstadterLandauGauge_Pi_2: reading 't2'=-0.25
INFO:tenpy.tools.params:MixedHofstadterLandauGauge_Pi_2: reading 'V1'=0.6
INFO:tenpy.tools.params:MixedHofstadterLandauGauge_Pi_2: reading 'phi_ext'=np.float64(1.2000000000000002)
INFO:tenpy.tools.params:MixedHofstadterLandauGauge_Pi_2: reading 'sort_mpo_legs'=False
/home/t30/kna/ge54yin/Documents/MasterThesisFQHinTMDs/MPS_stuff/MPScalculations/.venv/lib/python3.12/site-packages/tenpy/tools/params.py:232: UserWarning: unused options for config MixedHofstadterLandauGauge_Pi_2:
['Delta', 'N_rings', 'Nsec', 'bc', 'chi_max', 'ktot', 'saveAll']
  warnings.warn(msg.format(keys=sorted(unused), name=self.name))
INFO:tenpy.tools.params:DMRG: reading 'active_sites'=2
INFO:tenpy.tools.params:DMRG: reading 'diag_method'='default'
INFO:tenpy.tools.params:DMRG: subconfig 'trunc_params'=Config(<5 options>, 'trunc_params')
INFO:tenpy.tools.params:DMRG: reading 'max_N_sites_per_ring'=18
INFO:tenpy.tools.params:DMRG: reading 'combine'=False
INFO:tenpy.tools.params:DMRG: subconfig 'lanczos_params'=Config(<9 options>, 'lanczos_params')
INFO:tenpy.tools.params:DMRG: reading 'chi_list'=None
INFO:tenpy.tools.params:DMRG: reading 'start_env'=1
INFO:tenpy.algorithms.mps_common:start environment_sweep
INFO:tenpy.tools.params:DMRG: reading 'N_sweeps_check'=10
INFO:tenpy.tools.params:DMRG: subconfig 'mixer_params'=Config(<3 options>, 'mixer_params')
INFO:tenpy.tools.params:DMRG: reading 'mixer'=None
INFO:tenpy.tools.params:DMRG: reading 'max_sweeps'=100
INFO:tenpy.tools.params:DMRG: reading 'max_hours'=8760
INFO:tenpy.tools.params:DMRG: reading 'P_tol_to_trunc'=0.05
INFO:tenpy.tools.params:DMRG: reading 'P_tol_min'=5.0000000000000004e-30
INFO:tenpy.tools.params:DMRG: reading 'P_tol_max'=0.0001
INFO:tenpy.tools.params:DMRG: reading 'E_tol_to_trunc'=None
INFO:tenpy.algorithms.dmrg:Running sweep with optimization
INFO:tenpy.tools.params:DMRG: reading 'max_N_for_ED'=400
INFO:tenpy.tools.params:DMRG: reading 'update_env'=5
INFO:tenpy.algorithms.mps_common:start environment_sweep
INFO:tenpy.algorithms.dmrg:checkpoint after sweep 10
energy=-0.7107107534169614, max S=3.2399436540107374, age=396, norm_err=6.2e-10
Current memory usage 707.1MB, wall time: 157.8s
Delta E = nan, Delta S = -2.7291e-04 (per sweep)
max trunc_err = 6.8078e-06, max E_trunc = 8.5165e-05
chi: [512, 512, 512, 512, 512, 512, 512, 512, 512, 512, 512, 512]
================================================================================
INFO:tenpy.algorithms.dmrg:Running sweep with optimization
INFO:tenpy.algorithms.mps_common:start environment_sweep
INFO:tenpy.algorithms.dmrg:checkpoint after sweep 20
energy=-0.7107108148602777, max S=3.2398656726914909, age=756, norm_err=4.4e-10
Current memory usage 707.1MB, wall time: 128.5s
Delta E = -6.1443e-09, Delta S = -9.0002e-06 (per sweep)
max trunc_err = 6.6961e-06, max E_trunc = 8.3675e-05
chi: [512, 512, 512, 512, 512, 512, 512, 512, 512, 512, 512, 512]
================================================================================
INFO:tenpy.tools.params:DMRG: reading 'max_E_err'=1e-08
INFO:tenpy.tools.params:DMRG: reading 'max_S_err'=1e-05
INFO:tenpy.tools.params:DMRG: reading 'norm_tol'=1e-05
INFO:tenpy.tools.params:DMRG: reading 'norm_tol_final'=1e-10
INFO:tenpy.tools.params:DMRG: reading 'norm_tol_iter'=5
WARNING:tenpy.algorithms.dmrg:final DMRG state not in canonical form up to norm_tol_final=1.00e-10: norm_err=4.37e-10, calling psi.canonical_form()
INFO:tenpy.algorithms.dmrg:TwoSiteDMRGEngine finished after 20 sweeps, max chi=512
INFO:tenpy.tools.params:DMRG: reading 'max_trunc_err'=0.0001
INFO:tenpy.tools.params:MixedHofstadterLandauGauge_Pi_2: reading 'explicit_plus_hc'=False
INFO:tenpy.tools.params:MixedHofstadterLandauGauge_Pi_2: reading 'Lx'=2
INFO:tenpy.tools.params:MixedHofstadterLandauGauge_Pi_2: setting 'N_rings'=2
INFO:tenpy.tools.params:MixedHofstadterLandauGauge_Pi_2: reading 'xy_lattice'='Square'
INFO:tenpy.tools.params:MixedHofstadterLandauGauge_Pi_2: reading 'Ly'=6
INFO:tenpy.tools.params:MixedHofstadterLandauGauge_Pi_2: reading 'ring_order'=None
INFO:tenpy.tools.params:MixedHofstadterLandauGauge_Pi_2: reading 'conserve_k'=True
INFO:tenpy.tools.params:MixedHofstadterLandauGauge_Pi_2: reading 'bc_MPS'='infinite'
INFO:tenpy.tools.params:MixedHofstadterLandauGauge_Pi_2: reading 't'=-1
INFO:tenpy.tools.params:MixedHofstadterLandauGauge_Pi_2: reading 't2'=-0.25
INFO:tenpy.tools.params:MixedHofstadterLandauGauge_Pi_2: reading 'V1'=0.6
INFO:tenpy.tools.params:MixedHofstadterLandauGauge_Pi_2: reading 'phi_ext'=np.float64(1.25)
INFO:tenpy.tools.params:MixedHofstadterLandauGauge_Pi_2: reading 'sort_mpo_legs'=False
/home/t30/kna/ge54yin/Documents/MasterThesisFQHinTMDs/MPS_stuff/MPScalculations/.venv/lib/python3.12/site-packages/tenpy/tools/params.py:232: UserWarning: unused options for config MixedHofstadterLandauGauge_Pi_2:
['Delta', 'N_rings', 'Nsec', 'bc', 'chi_max', 'ktot', 'saveAll']
  warnings.warn(msg.format(keys=sorted(unused), name=self.name))
INFO:tenpy.tools.params:DMRG: reading 'active_sites'=2
INFO:tenpy.tools.params:DMRG: reading 'diag_method'='default'
INFO:tenpy.tools.params:DMRG: subconfig 'trunc_params'=Config(<5 options>, 'trunc_params')
INFO:tenpy.tools.params:DMRG: reading 'max_N_sites_per_ring'=18
INFO:tenpy.tools.params:DMRG: reading 'combine'=False
INFO:tenpy.tools.params:DMRG: subconfig 'lanczos_params'=Config(<9 options>, 'lanczos_params')
INFO:tenpy.tools.params:DMRG: reading 'chi_list'=None
INFO:tenpy.tools.params:DMRG: reading 'start_env'=1
INFO:tenpy.algorithms.mps_common:start environment_sweep
INFO:tenpy.tools.params:DMRG: reading 'N_sweeps_check'=10
INFO:tenpy.tools.params:DMRG: subconfig 'mixer_params'=Config(<3 options>, 'mixer_params')
INFO:tenpy.tools.params:DMRG: reading 'mixer'=None
INFO:tenpy.tools.params:DMRG: reading 'max_sweeps'=100
INFO:tenpy.tools.params:DMRG: reading 'max_hours'=8760
INFO:tenpy.tools.params:DMRG: reading 'P_tol_to_trunc'=0.05
INFO:tenpy.tools.params:DMRG: reading 'P_tol_min'=5.0000000000000004e-30
INFO:tenpy.tools.params:DMRG: reading 'P_tol_max'=0.0001
INFO:tenpy.tools.params:DMRG: reading 'E_tol_to_trunc'=None
INFO:tenpy.algorithms.dmrg:Running sweep with optimization
INFO:tenpy.tools.params:DMRG: reading 'max_N_for_ED'=400
INFO:tenpy.tools.params:DMRG: reading 'update_env'=5
INFO:tenpy.algorithms.mps_common:start environment_sweep
INFO:tenpy.algorithms.dmrg:checkpoint after sweep 10
energy=-0.7106567525109332, max S=3.2323974112941429, age=396, norm_err=8.2e-10
Current memory usage 708.1MB, wall time: 156.5s
Delta E = nan, Delta S = -3.7459e-04 (per sweep)
max trunc_err = 6.9448e-06, max E_trunc = 8.6322e-05
chi: [512, 512, 512, 512, 512, 512, 512, 512, 512, 512, 512, 512]
================================================================================
INFO:tenpy.algorithms.dmrg:Running sweep with optimization
INFO:tenpy.algorithms.mps_common:start environment_sweep
INFO:tenpy.algorithms.dmrg:checkpoint after sweep 20
energy=-0.7106568169644257, max S=3.2323629157723892, age=756, norm_err=5.0e-10
Current memory usage 708.1MB, wall time: 126.4s
Delta E = -6.4453e-09, Delta S = -3.3985e-06 (per sweep)
max trunc_err = 6.9528e-06, max E_trunc = 8.6563e-05
chi: [512, 512, 512, 512, 512, 512, 512, 512, 512, 512, 512, 512]
================================================================================
INFO:tenpy.tools.params:DMRG: reading 'max_E_err'=1e-08
INFO:tenpy.tools.params:DMRG: reading 'max_S_err'=1e-05
INFO:tenpy.tools.params:DMRG: reading 'norm_tol'=1e-05
INFO:tenpy.tools.params:DMRG: reading 'norm_tol_final'=1e-10
INFO:tenpy.tools.params:DMRG: reading 'norm_tol_iter'=5
WARNING:tenpy.algorithms.dmrg:final DMRG state not in canonical form up to norm_tol_final=1.00e-10: norm_err=4.99e-10, calling psi.canonical_form()
INFO:tenpy.algorithms.dmrg:TwoSiteDMRGEngine finished after 20 sweeps, max chi=512
INFO:tenpy.tools.params:DMRG: reading 'max_trunc_err'=0.0001
INFO:tenpy.tools.params:MixedHofstadterLandauGauge_Pi_2: reading 'explicit_plus_hc'=False
INFO:tenpy.tools.params:MixedHofstadterLandauGauge_Pi_2: reading 'Lx'=2
INFO:tenpy.tools.params:MixedHofstadterLandauGauge_Pi_2: setting 'N_rings'=2
INFO:tenpy.tools.params:MixedHofstadterLandauGauge_Pi_2: reading 'xy_lattice'='Square'
INFO:tenpy.tools.params:MixedHofstadterLandauGauge_Pi_2: reading 'Ly'=6
INFO:tenpy.tools.params:MixedHofstadterLandauGauge_Pi_2: reading 'ring_order'=None
INFO:tenpy.tools.params:MixedHofstadterLandauGauge_Pi_2: reading 'conserve_k'=True
INFO:tenpy.tools.params:MixedHofstadterLandauGauge_Pi_2: reading 'bc_MPS'='infinite'
INFO:tenpy.tools.params:MixedHofstadterLandauGauge_Pi_2: reading 't'=-1
INFO:tenpy.tools.params:MixedHofstadterLandauGauge_Pi_2: reading 't2'=-0.25
INFO:tenpy.tools.params:MixedHofstadterLandauGauge_Pi_2: reading 'V1'=0.6
INFO:tenpy.tools.params:MixedHofstadterLandauGauge_Pi_2: reading 'phi_ext'=np.float64(1.3)
INFO:tenpy.tools.params:MixedHofstadterLandauGauge_Pi_2: reading 'sort_mpo_legs'=False
/home/t30/kna/ge54yin/Documents/MasterThesisFQHinTMDs/MPS_stuff/MPScalculations/.venv/lib/python3.12/site-packages/tenpy/tools/params.py:232: UserWarning: unused options for config MixedHofstadterLandauGauge_Pi_2:
['Delta', 'N_rings', 'Nsec', 'bc', 'chi_max', 'ktot', 'saveAll']
  warnings.warn(msg.format(keys=sorted(unused), name=self.name))
INFO:tenpy.tools.params:DMRG: reading 'active_sites'=2
INFO:tenpy.tools.params:DMRG: reading 'diag_method'='default'
INFO:tenpy.tools.params:DMRG: subconfig 'trunc_params'=Config(<5 options>, 'trunc_params')
INFO:tenpy.tools.params:DMRG: reading 'max_N_sites_per_ring'=18
INFO:tenpy.tools.params:DMRG: reading 'combine'=False
INFO:tenpy.tools.params:DMRG: subconfig 'lanczos_params'=Config(<9 options>, 'lanczos_params')
INFO:tenpy.tools.params:DMRG: reading 'chi_list'=None
INFO:tenpy.tools.params:DMRG: reading 'start_env'=1
INFO:tenpy.algorithms.mps_common:start environment_sweep
INFO:tenpy.tools.params:DMRG: reading 'N_sweeps_check'=10
INFO:tenpy.tools.params:DMRG: subconfig 'mixer_params'=Config(<3 options>, 'mixer_params')
INFO:tenpy.tools.params:DMRG: reading 'mixer'=None
INFO:tenpy.tools.params:DMRG: reading 'max_sweeps'=100
INFO:tenpy.tools.params:DMRG: reading 'max_hours'=8760
INFO:tenpy.tools.params:DMRG: reading 'P_tol_to_trunc'=0.05
INFO:tenpy.tools.params:DMRG: reading 'P_tol_min'=5.0000000000000004e-30
INFO:tenpy.tools.params:DMRG: reading 'P_tol_max'=0.0001
INFO:tenpy.tools.params:DMRG: reading 'E_tol_to_trunc'=None
INFO:tenpy.algorithms.dmrg:Running sweep with optimization
INFO:tenpy.tools.params:DMRG: reading 'max_N_for_ED'=400
INFO:tenpy.tools.params:DMRG: reading 'update_env'=5
INFO:tenpy.algorithms.mps_common:start environment_sweep
INFO:tenpy.algorithms.dmrg:checkpoint after sweep 10
energy=-0.7106102984915950, max S=3.2213766298402158, age=396, norm_err=3.4e-10
Current memory usage 709.5MB, wall time: 155.7s
Delta E = nan, Delta S = -4.3189e-04 (per sweep)
max trunc_err = 7.3013e-06, max E_trunc = 8.9926e-05
chi: [512, 512, 512, 512, 512, 512, 512, 512, 512, 512, 511, 512]
================================================================================
INFO:tenpy.algorithms.dmrg:Running sweep with optimization
INFO:tenpy.algorithms.mps_common:start environment_sweep
INFO:tenpy.algorithms.dmrg:checkpoint after sweep 20
energy=-0.7106103927097914, max S=3.2213376262680549, age=756, norm_err=3.8e-10
Current memory usage 709.5MB, wall time: 126.1s
Delta E = -9.4218e-09, Delta S = -4.8158e-06 (per sweep)
max trunc_err = 7.2890e-06, max E_trunc = 8.9802e-05
chi: [512, 512, 512, 512, 512, 512, 512, 512, 512, 512, 512, 512]
================================================================================
INFO:tenpy.tools.params:DMRG: reading 'max_E_err'=1e-08
INFO:tenpy.tools.params:DMRG: reading 'max_S_err'=1e-05
INFO:tenpy.tools.params:DMRG: reading 'norm_tol'=1e-05
INFO:tenpy.tools.params:DMRG: reading 'norm_tol_final'=1e-10
INFO:tenpy.tools.params:DMRG: reading 'norm_tol_iter'=5
WARNING:tenpy.algorithms.dmrg:final DMRG state not in canonical form up to norm_tol_final=1.00e-10: norm_err=3.76e-10, calling psi.canonical_form()
INFO:tenpy.algorithms.dmrg:TwoSiteDMRGEngine finished after 20 sweeps, max chi=512
INFO:tenpy.tools.params:DMRG: reading 'max_trunc_err'=0.0001
INFO:tenpy.tools.params:MixedHofstadterLandauGauge_Pi_2: reading 'explicit_plus_hc'=False
INFO:tenpy.tools.params:MixedHofstadterLandauGauge_Pi_2: reading 'Lx'=2
INFO:tenpy.tools.params:MixedHofstadterLandauGauge_Pi_2: setting 'N_rings'=2
INFO:tenpy.tools.params:MixedHofstadterLandauGauge_Pi_2: reading 'xy_lattice'='Square'
INFO:tenpy.tools.params:MixedHofstadterLandauGauge_Pi_2: reading 'Ly'=6
INFO:tenpy.tools.params:MixedHofstadterLandauGauge_Pi_2: reading 'ring_order'=None
INFO:tenpy.tools.params:MixedHofstadterLandauGauge_Pi_2: reading 'conserve_k'=True
INFO:tenpy.tools.params:MixedHofstadterLandauGauge_Pi_2: reading 'bc_MPS'='infinite'
INFO:tenpy.tools.params:MixedHofstadterLandauGauge_Pi_2: reading 't'=-1
INFO:tenpy.tools.params:MixedHofstadterLandauGauge_Pi_2: reading 't2'=-0.25
INFO:tenpy.tools.params:MixedHofstadterLandauGauge_Pi_2: reading 'V1'=0.6
INFO:tenpy.tools.params:MixedHofstadterLandauGauge_Pi_2: reading 'phi_ext'=np.float64(1.35)
INFO:tenpy.tools.params:MixedHofstadterLandauGauge_Pi_2: reading 'sort_mpo_legs'=False
/home/t30/kna/ge54yin/Documents/MasterThesisFQHinTMDs/MPS_stuff/MPScalculations/.venv/lib/python3.12/site-packages/tenpy/tools/params.py:232: UserWarning: unused options for config MixedHofstadterLandauGauge_Pi_2:
['Delta', 'N_rings', 'Nsec', 'bc', 'chi_max', 'ktot', 'saveAll']
  warnings.warn(msg.format(keys=sorted(unused), name=self.name))
INFO:tenpy.tools.params:DMRG: reading 'active_sites'=2
INFO:tenpy.tools.params:DMRG: reading 'diag_method'='default'
INFO:tenpy.tools.params:DMRG: subconfig 'trunc_params'=Config(<5 options>, 'trunc_params')
INFO:tenpy.tools.params:DMRG: reading 'max_N_sites_per_ring'=18
INFO:tenpy.tools.params:DMRG: reading 'combine'=False
INFO:tenpy.tools.params:DMRG: subconfig 'lanczos_params'=Config(<9 options>, 'lanczos_params')
INFO:tenpy.tools.params:DMRG: reading 'chi_list'=None
INFO:tenpy.tools.params:DMRG: reading 'start_env'=1
INFO:tenpy.algorithms.mps_common:start environment_sweep
INFO:tenpy.tools.params:DMRG: reading 'N_sweeps_check'=10
INFO:tenpy.tools.params:DMRG: subconfig 'mixer_params'=Config(<3 options>, 'mixer_params')
INFO:tenpy.tools.params:DMRG: reading 'mixer'=None
INFO:tenpy.tools.params:DMRG: reading 'max_sweeps'=100
INFO:tenpy.tools.params:DMRG: reading 'max_hours'=8760
INFO:tenpy.tools.params:DMRG: reading 'P_tol_to_trunc'=0.05
INFO:tenpy.tools.params:DMRG: reading 'P_tol_min'=5.0000000000000004e-30
INFO:tenpy.tools.params:DMRG: reading 'P_tol_max'=0.0001
INFO:tenpy.tools.params:DMRG: reading 'E_tol_to_trunc'=None
INFO:tenpy.algorithms.dmrg:Running sweep with optimization
INFO:tenpy.tools.params:DMRG: reading 'max_N_for_ED'=400
INFO:tenpy.tools.params:DMRG: reading 'update_env'=5
INFO:tenpy.algorithms.mps_common:start environment_sweep
INFO:tenpy.algorithms.dmrg:checkpoint after sweep 10
energy=-0.7105740240484503, max S=3.2072350496323101, age=396, norm_err=6.2e-10
Current memory usage 709.5MB, wall time: 155.4s
Delta E = nan, Delta S = -4.3310e-04 (per sweep)
max trunc_err = 7.2627e-06, max E_trunc = 8.9710e-05
chi: [512, 512, 512, 512, 512, 512, 512, 512, 512, 512, 512, 512]
================================================================================
INFO:tenpy.algorithms.dmrg:Running sweep with optimization
INFO:tenpy.algorithms.mps_common:start environment_sweep
INFO:tenpy.algorithms.dmrg:checkpoint after sweep 20
energy=-0.7105741827866959, max S=3.2071882084168690, age=756, norm_err=4.6e-10
Current memory usage 709.5MB, wall time: 126.1s
Delta E = -1.5874e-08, Delta S = -7.0114e-06 (per sweep)
max trunc_err = 7.3571e-06, max E_trunc = 9.0514e-05
chi: [512, 512, 512, 512, 512, 512, 512, 512, 512, 512, 512, 512]
================================================================================
INFO:tenpy.tools.params:DMRG: reading 'max_E_err'=1e-08
INFO:tenpy.tools.params:DMRG: reading 'max_S_err'=1e-05
INFO:tenpy.algorithms.dmrg:Running sweep with optimization
INFO:tenpy.algorithms.mps_common:start environment_sweep
INFO:tenpy.algorithms.dmrg:checkpoint after sweep 30
energy=-0.7105741851286685, max S=3.2071715283334958, age=1116, norm_err=5.7e-10
Current memory usage 709.5MB, wall time: 126.1s
Delta E = -2.3420e-10, Delta S = -2.0249e-06 (per sweep)
max trunc_err = 7.3575e-06, max E_trunc = 9.0502e-05
chi: [512, 512, 512, 512, 512, 512, 512, 512, 512, 512, 512, 512]
================================================================================
INFO:tenpy.tools.params:DMRG: reading 'norm_tol'=1e-05
INFO:tenpy.tools.params:DMRG: reading 'norm_tol_final'=1e-10
INFO:tenpy.tools.params:DMRG: reading 'norm_tol_iter'=5
WARNING:tenpy.algorithms.dmrg:final DMRG state not in canonical form up to norm_tol_final=1.00e-10: norm_err=5.66e-10, calling psi.canonical_form()
INFO:tenpy.algorithms.dmrg:TwoSiteDMRGEngine finished after 30 sweeps, max chi=512
INFO:tenpy.tools.params:DMRG: reading 'max_trunc_err'=0.0001
INFO:tenpy.tools.params:MixedHofstadterLandauGauge_Pi_2: reading 'explicit_plus_hc'=False
INFO:tenpy.tools.params:MixedHofstadterLandauGauge_Pi_2: reading 'Lx'=2
INFO:tenpy.tools.params:MixedHofstadterLandauGauge_Pi_2: setting 'N_rings'=2
INFO:tenpy.tools.params:MixedHofstadterLandauGauge_Pi_2: reading 'xy_lattice'='Square'
INFO:tenpy.tools.params:MixedHofstadterLandauGauge_Pi_2: reading 'Ly'=6
INFO:tenpy.tools.params:MixedHofstadterLandauGauge_Pi_2: reading 'ring_order'=None
INFO:tenpy.tools.params:MixedHofstadterLandauGauge_Pi_2: reading 'conserve_k'=True
INFO:tenpy.tools.params:MixedHofstadterLandauGauge_Pi_2: reading 'bc_MPS'='infinite'
INFO:tenpy.tools.params:MixedHofstadterLandauGauge_Pi_2: reading 't'=-1
INFO:tenpy.tools.params:MixedHofstadterLandauGauge_Pi_2: reading 't2'=-0.25
INFO:tenpy.tools.params:MixedHofstadterLandauGauge_Pi_2: reading 'V1'=0.6
INFO:tenpy.tools.params:MixedHofstadterLandauGauge_Pi_2: reading 'phi_ext'=np.float64(1.4000000000000001)
INFO:tenpy.tools.params:MixedHofstadterLandauGauge_Pi_2: reading 'sort_mpo_legs'=False
/home/t30/kna/ge54yin/Documents/MasterThesisFQHinTMDs/MPS_stuff/MPScalculations/.venv/lib/python3.12/site-packages/tenpy/tools/params.py:232: UserWarning: unused options for config MixedHofstadterLandauGauge_Pi_2:
['Delta', 'N_rings', 'Nsec', 'bc', 'chi_max', 'ktot', 'saveAll']
  warnings.warn(msg.format(keys=sorted(unused), name=self.name))
INFO:tenpy.tools.params:DMRG: reading 'active_sites'=2
INFO:tenpy.tools.params:DMRG: reading 'diag_method'='default'
INFO:tenpy.tools.params:DMRG: subconfig 'trunc_params'=Config(<5 options>, 'trunc_params')
INFO:tenpy.tools.params:DMRG: reading 'max_N_sites_per_ring'=18
INFO:tenpy.tools.params:DMRG: reading 'combine'=False
INFO:tenpy.tools.params:DMRG: subconfig 'lanczos_params'=Config(<9 options>, 'lanczos_params')
INFO:tenpy.tools.params:DMRG: reading 'chi_list'=None
INFO:tenpy.tools.params:DMRG: reading 'start_env'=1
INFO:tenpy.algorithms.mps_common:start environment_sweep
INFO:tenpy.tools.params:DMRG: reading 'N_sweeps_check'=10
INFO:tenpy.tools.params:DMRG: subconfig 'mixer_params'=Config(<3 options>, 'mixer_params')
INFO:tenpy.tools.params:DMRG: reading 'mixer'=None
INFO:tenpy.tools.params:DMRG: reading 'max_sweeps'=100
INFO:tenpy.tools.params:DMRG: reading 'max_hours'=8760
INFO:tenpy.tools.params:DMRG: reading 'P_tol_to_trunc'=0.05
INFO:tenpy.tools.params:DMRG: reading 'P_tol_min'=5.0000000000000004e-30
INFO:tenpy.tools.params:DMRG: reading 'P_tol_max'=0.0001
INFO:tenpy.tools.params:DMRG: reading 'E_tol_to_trunc'=None
INFO:tenpy.algorithms.dmrg:Running sweep with optimization
INFO:tenpy.tools.params:DMRG: reading 'max_N_for_ED'=400
INFO:tenpy.tools.params:DMRG: reading 'update_env'=5
INFO:tenpy.algorithms.mps_common:start environment_sweep
INFO:tenpy.algorithms.dmrg:checkpoint after sweep 10
energy=-0.7105493696548825, max S=3.1902170020761105, age=396, norm_err=2.3e-10
Current memory usage 709.5MB, wall time: 156.1s
Delta E = nan, Delta S = -4.2186e-04 (per sweep)
max trunc_err = 7.2222e-06, max E_trunc = 8.9014e-05
chi: [512, 512, 512, 512, 512, 512, 512, 512, 512, 512, 512, 512]
================================================================================
INFO:tenpy.algorithms.dmrg:Running sweep with optimization
INFO:tenpy.algorithms.mps_common:start environment_sweep
INFO:tenpy.algorithms.dmrg:checkpoint after sweep 20
energy=-0.7105493784863389, max S=3.1902023247626925, age=756, norm_err=2.6e-10
Current memory usage 709.5MB, wall time: 126.1s
Delta E = -8.8315e-10, Delta S = -2.0471e-06 (per sweep)
max trunc_err = 7.2124e-06, max E_trunc = 8.8892e-05
chi: [512, 512, 512, 512, 512, 512, 512, 512, 512, 512, 512, 512]
================================================================================
INFO:tenpy.tools.params:DMRG: reading 'max_E_err'=1e-08
INFO:tenpy.tools.params:DMRG: reading 'max_S_err'=1e-05
INFO:tenpy.tools.params:DMRG: reading 'norm_tol'=1e-05
INFO:tenpy.tools.params:DMRG: reading 'norm_tol_final'=1e-10
INFO:tenpy.tools.params:DMRG: reading 'norm_tol_iter'=5
WARNING:tenpy.algorithms.dmrg:final DMRG state not in canonical form up to norm_tol_final=1.00e-10: norm_err=2.61e-10, calling psi.canonical_form()
INFO:tenpy.algorithms.dmrg:TwoSiteDMRGEngine finished after 20 sweeps, max chi=512
INFO:tenpy.tools.params:DMRG: reading 'max_trunc_err'=0.0001
INFO:tenpy.tools.params:MixedHofstadterLandauGauge_Pi_2: reading 'explicit_plus_hc'=False
INFO:tenpy.tools.params:MixedHofstadterLandauGauge_Pi_2: reading 'Lx'=2
INFO:tenpy.tools.params:MixedHofstadterLandauGauge_Pi_2: setting 'N_rings'=2
INFO:tenpy.tools.params:MixedHofstadterLandauGauge_Pi_2: reading 'xy_lattice'='Square'
INFO:tenpy.tools.params:MixedHofstadterLandauGauge_Pi_2: reading 'Ly'=6
INFO:tenpy.tools.params:MixedHofstadterLandauGauge_Pi_2: reading 'ring_order'=None
INFO:tenpy.tools.params:MixedHofstadterLandauGauge_Pi_2: reading 'conserve_k'=True
INFO:tenpy.tools.params:MixedHofstadterLandauGauge_Pi_2: reading 'bc_MPS'='infinite'
INFO:tenpy.tools.params:MixedHofstadterLandauGauge_Pi_2: reading 't'=-1
INFO:tenpy.tools.params:MixedHofstadterLandauGauge_Pi_2: reading 't2'=-0.25
INFO:tenpy.tools.params:MixedHofstadterLandauGauge_Pi_2: reading 'V1'=0.6
INFO:tenpy.tools.params:MixedHofstadterLandauGauge_Pi_2: reading 'phi_ext'=np.float64(1.4500000000000002)
INFO:tenpy.tools.params:MixedHofstadterLandauGauge_Pi_2: reading 'sort_mpo_legs'=False
/home/t30/kna/ge54yin/Documents/MasterThesisFQHinTMDs/MPS_stuff/MPScalculations/.venv/lib/python3.12/site-packages/tenpy/tools/params.py:232: UserWarning: unused options for config MixedHofstadterLandauGauge_Pi_2:
['Delta', 'N_rings', 'Nsec', 'bc', 'chi_max', 'ktot', 'saveAll']
  warnings.warn(msg.format(keys=sorted(unused), name=self.name))
INFO:tenpy.tools.params:DMRG: reading 'active_sites'=2
INFO:tenpy.tools.params:DMRG: reading 'diag_method'='default'
INFO:tenpy.tools.params:DMRG: subconfig 'trunc_params'=Config(<5 options>, 'trunc_params')
INFO:tenpy.tools.params:DMRG: reading 'max_N_sites_per_ring'=18
INFO:tenpy.tools.params:DMRG: reading 'combine'=False
INFO:tenpy.tools.params:DMRG: subconfig 'lanczos_params'=Config(<9 options>, 'lanczos_params')
INFO:tenpy.tools.params:DMRG: reading 'chi_list'=None
INFO:tenpy.tools.params:DMRG: reading 'start_env'=1
INFO:tenpy.algorithms.mps_common:start environment_sweep
INFO:tenpy.tools.params:DMRG: reading 'N_sweeps_check'=10
INFO:tenpy.tools.params:DMRG: subconfig 'mixer_params'=Config(<3 options>, 'mixer_params')
INFO:tenpy.tools.params:DMRG: reading 'mixer'=None
INFO:tenpy.tools.params:DMRG: reading 'max_sweeps'=100
INFO:tenpy.tools.params:DMRG: reading 'max_hours'=8760
INFO:tenpy.tools.params:DMRG: reading 'P_tol_to_trunc'=0.05
INFO:tenpy.tools.params:DMRG: reading 'P_tol_min'=5.0000000000000004e-30
INFO:tenpy.tools.params:DMRG: reading 'P_tol_max'=0.0001
INFO:tenpy.tools.params:DMRG: reading 'E_tol_to_trunc'=None
INFO:tenpy.algorithms.dmrg:Running sweep with optimization
INFO:tenpy.tools.params:DMRG: reading 'max_N_for_ED'=400
INFO:tenpy.tools.params:DMRG: reading 'update_env'=5
INFO:tenpy.algorithms.mps_common:start environment_sweep
INFO:tenpy.algorithms.dmrg:checkpoint after sweep 10
energy=-0.7105363551636495, max S=3.1710872568744319, age=396, norm_err=4.7e-10
Current memory usage 709.5MB, wall time: 155.1s
Delta E = nan, Delta S = -3.2528e-04 (per sweep)
max trunc_err = 6.8953e-06, max E_trunc = 8.5083e-05
chi: [512, 512, 512, 512, 512, 512, 512, 512, 512, 512, 512, 512]
================================================================================
INFO:tenpy.algorithms.dmrg:Running sweep with optimization
INFO:tenpy.algorithms.mps_common:start environment_sweep
INFO:tenpy.algorithms.dmrg:checkpoint after sweep 20
energy=-0.7105363790853639, max S=3.1710832890215919, age=756, norm_err=5.0e-10
Current memory usage 709.5MB, wall time: 125.9s
Delta E = -2.3922e-09, Delta S = -3.6916e-07 (per sweep)
max trunc_err = 6.8996e-06, max E_trunc = 8.5136e-05
chi: [512, 512, 512, 512, 512, 512, 512, 512, 512, 512, 512, 512]
================================================================================
INFO:tenpy.tools.params:DMRG: reading 'max_E_err'=1e-08
INFO:tenpy.tools.params:DMRG: reading 'max_S_err'=1e-05
INFO:tenpy.tools.params:DMRG: reading 'norm_tol'=1e-05
INFO:tenpy.tools.params:DMRG: reading 'norm_tol_final'=1e-10
INFO:tenpy.tools.params:DMRG: reading 'norm_tol_iter'=5
WARNING:tenpy.algorithms.dmrg:final DMRG state not in canonical form up to norm_tol_final=1.00e-10: norm_err=5.04e-10, calling psi.canonical_form()
INFO:tenpy.algorithms.dmrg:TwoSiteDMRGEngine finished after 20 sweeps, max chi=512
INFO:tenpy.tools.params:DMRG: reading 'max_trunc_err'=0.0001
INFO:tenpy.tools.params:MixedHofstadterLandauGauge_Pi_2: reading 'explicit_plus_hc'=False
INFO:tenpy.tools.params:MixedHofstadterLandauGauge_Pi_2: reading 'Lx'=2
INFO:tenpy.tools.params:MixedHofstadterLandauGauge_Pi_2: setting 'N_rings'=2
INFO:tenpy.tools.params:MixedHofstadterLandauGauge_Pi_2: reading 'xy_lattice'='Square'
INFO:tenpy.tools.params:MixedHofstadterLandauGauge_Pi_2: reading 'Ly'=6
INFO:tenpy.tools.params:MixedHofstadterLandauGauge_Pi_2: reading 'ring_order'=None
INFO:tenpy.tools.params:MixedHofstadterLandauGauge_Pi_2: reading 'conserve_k'=True
INFO:tenpy.tools.params:MixedHofstadterLandauGauge_Pi_2: reading 'bc_MPS'='infinite'
INFO:tenpy.tools.params:MixedHofstadterLandauGauge_Pi_2: reading 't'=-1
INFO:tenpy.tools.params:MixedHofstadterLandauGauge_Pi_2: reading 't2'=-0.25
INFO:tenpy.tools.params:MixedHofstadterLandauGauge_Pi_2: reading 'V1'=0.6
INFO:tenpy.tools.params:MixedHofstadterLandauGauge_Pi_2: reading 'phi_ext'=np.float64(1.5)
INFO:tenpy.tools.params:MixedHofstadterLandauGauge_Pi_2: reading 'sort_mpo_legs'=False
/home/t30/kna/ge54yin/Documents/MasterThesisFQHinTMDs/MPS_stuff/MPScalculations/.venv/lib/python3.12/site-packages/tenpy/tools/params.py:232: UserWarning: unused options for config MixedHofstadterLandauGauge_Pi_2:
['Delta', 'N_rings', 'Nsec', 'bc', 'chi_max', 'ktot', 'saveAll']
  warnings.warn(msg.format(keys=sorted(unused), name=self.name))
INFO:tenpy.tools.params:DMRG: reading 'active_sites'=2
INFO:tenpy.tools.params:DMRG: reading 'diag_method'='default'
INFO:tenpy.tools.params:DMRG: subconfig 'trunc_params'=Config(<5 options>, 'trunc_params')
INFO:tenpy.tools.params:DMRG: reading 'max_N_sites_per_ring'=18
INFO:tenpy.tools.params:DMRG: reading 'combine'=False
INFO:tenpy.tools.params:DMRG: subconfig 'lanczos_params'=Config(<9 options>, 'lanczos_params')
INFO:tenpy.tools.params:DMRG: reading 'chi_list'=None
INFO:tenpy.tools.params:DMRG: reading 'start_env'=1
INFO:tenpy.algorithms.mps_common:start environment_sweep
INFO:tenpy.tools.params:DMRG: reading 'N_sweeps_check'=10
INFO:tenpy.tools.params:DMRG: subconfig 'mixer_params'=Config(<3 options>, 'mixer_params')
INFO:tenpy.tools.params:DMRG: reading 'mixer'=None
INFO:tenpy.tools.params:DMRG: reading 'max_sweeps'=100
INFO:tenpy.tools.params:DMRG: reading 'max_hours'=8760
INFO:tenpy.tools.params:DMRG: reading 'P_tol_to_trunc'=0.05
INFO:tenpy.tools.params:DMRG: reading 'P_tol_min'=5.0000000000000004e-30
INFO:tenpy.tools.params:DMRG: reading 'P_tol_max'=0.0001
INFO:tenpy.tools.params:DMRG: reading 'E_tol_to_trunc'=None
INFO:tenpy.algorithms.dmrg:Running sweep with optimization
INFO:tenpy.tools.params:DMRG: reading 'max_N_for_ED'=400
INFO:tenpy.tools.params:DMRG: reading 'update_env'=5
INFO:tenpy.algorithms.mps_common:start environment_sweep
INFO:tenpy.algorithms.dmrg:checkpoint after sweep 10
energy=-0.7105349219507767, max S=3.1498007471945679, age=396, norm_err=4.6e-10
Current memory usage 709.5MB, wall time: 154.6s
Delta E = nan, Delta S = -2.5238e-04 (per sweep)
max trunc_err = 6.7897e-06, max E_trunc = 8.3707e-05
chi: [512, 512, 512, 512, 512, 512, 512, 512, 512, 512, 512, 512]
================================================================================
INFO:tenpy.algorithms.dmrg:Running sweep with optimization
INFO:tenpy.algorithms.mps_common:start environment_sweep
INFO:tenpy.algorithms.dmrg:checkpoint after sweep 20
energy=-0.7105349245332965, max S=3.1498092788844740, age=756, norm_err=5.4e-10
Current memory usage 709.5MB, wall time: 125.0s
Delta E = -2.5825e-10, Delta S = 8.0525e-07 (per sweep)
max trunc_err = 6.7915e-06, max E_trunc = 8.3740e-05
chi: [512, 512, 512, 512, 512, 512, 512, 512, 512, 512, 512, 512]
================================================================================
INFO:tenpy.tools.params:DMRG: reading 'max_E_err'=1e-08
INFO:tenpy.tools.params:DMRG: reading 'max_S_err'=1e-05
INFO:tenpy.tools.params:DMRG: reading 'norm_tol'=1e-05
INFO:tenpy.tools.params:DMRG: reading 'norm_tol_final'=1e-10
INFO:tenpy.tools.params:DMRG: reading 'norm_tol_iter'=5
WARNING:tenpy.algorithms.dmrg:final DMRG state not in canonical form up to norm_tol_final=1.00e-10: norm_err=5.45e-10, calling psi.canonical_form()
INFO:tenpy.algorithms.dmrg:TwoSiteDMRGEngine finished after 20 sweeps, max chi=512
INFO:tenpy.tools.params:DMRG: reading 'max_trunc_err'=0.0001
INFO:tenpy.tools.params:MixedHofstadterLandauGauge_Pi_2: reading 'explicit_plus_hc'=False
INFO:tenpy.tools.params:MixedHofstadterLandauGauge_Pi_2: reading 'Lx'=2
INFO:tenpy.tools.params:MixedHofstadterLandauGauge_Pi_2: setting 'N_rings'=2
INFO:tenpy.tools.params:MixedHofstadterLandauGauge_Pi_2: reading 'xy_lattice'='Square'
INFO:tenpy.tools.params:MixedHofstadterLandauGauge_Pi_2: reading 'Ly'=6
INFO:tenpy.tools.params:MixedHofstadterLandauGauge_Pi_2: reading 'ring_order'=None
INFO:tenpy.tools.params:MixedHofstadterLandauGauge_Pi_2: reading 'conserve_k'=True
INFO:tenpy.tools.params:MixedHofstadterLandauGauge_Pi_2: reading 'bc_MPS'='infinite'
INFO:tenpy.tools.params:MixedHofstadterLandauGauge_Pi_2: reading 't'=-1
INFO:tenpy.tools.params:MixedHofstadterLandauGauge_Pi_2: reading 't2'=-0.25
INFO:tenpy.tools.params:MixedHofstadterLandauGauge_Pi_2: reading 'V1'=0.6
INFO:tenpy.tools.params:MixedHofstadterLandauGauge_Pi_2: reading 'phi_ext'=np.float64(1.55)
INFO:tenpy.tools.params:MixedHofstadterLandauGauge_Pi_2: reading 'sort_mpo_legs'=False
/home/t30/kna/ge54yin/Documents/MasterThesisFQHinTMDs/MPS_stuff/MPScalculations/.venv/lib/python3.12/site-packages/tenpy/tools/params.py:232: UserWarning: unused options for config MixedHofstadterLandauGauge_Pi_2:
['Delta', 'N_rings', 'Nsec', 'bc', 'chi_max', 'ktot', 'saveAll']
  warnings.warn(msg.format(keys=sorted(unused), name=self.name))
INFO:tenpy.tools.params:DMRG: reading 'active_sites'=2
INFO:tenpy.tools.params:DMRG: reading 'diag_method'='default'
INFO:tenpy.tools.params:DMRG: subconfig 'trunc_params'=Config(<5 options>, 'trunc_params')
INFO:tenpy.tools.params:DMRG: reading 'max_N_sites_per_ring'=18
INFO:tenpy.tools.params:DMRG: reading 'combine'=False
INFO:tenpy.tools.params:DMRG: subconfig 'lanczos_params'=Config(<9 options>, 'lanczos_params')
INFO:tenpy.tools.params:DMRG: reading 'chi_list'=None
INFO:tenpy.tools.params:DMRG: reading 'start_env'=1
INFO:tenpy.algorithms.mps_common:start environment_sweep
INFO:tenpy.tools.params:DMRG: reading 'N_sweeps_check'=10
INFO:tenpy.tools.params:DMRG: subconfig 'mixer_params'=Config(<3 options>, 'mixer_params')
INFO:tenpy.tools.params:DMRG: reading 'mixer'=None
INFO:tenpy.tools.params:DMRG: reading 'max_sweeps'=100
INFO:tenpy.tools.params:DMRG: reading 'max_hours'=8760
INFO:tenpy.tools.params:DMRG: reading 'P_tol_to_trunc'=0.05
INFO:tenpy.tools.params:DMRG: reading 'P_tol_min'=5.0000000000000004e-30
INFO:tenpy.tools.params:DMRG: reading 'P_tol_max'=0.0001
INFO:tenpy.tools.params:DMRG: reading 'E_tol_to_trunc'=None
INFO:tenpy.algorithms.dmrg:Running sweep with optimization
INFO:tenpy.tools.params:DMRG: reading 'max_N_for_ED'=400
INFO:tenpy.tools.params:DMRG: reading 'update_env'=5
INFO:tenpy.algorithms.mps_common:start environment_sweep
INFO:tenpy.algorithms.dmrg:checkpoint after sweep 10
energy=-0.7105445656761233, max S=3.1266828910322051, age=396, norm_err=5.0e-10
Current memory usage 709.5MB, wall time: 154.6s
Delta E = nan, Delta S = -1.6317e-04 (per sweep)
max trunc_err = 6.4496e-06, max E_trunc = 8.0472e-05
chi: [512, 512, 512, 512, 512, 512, 512, 512, 512, 512, 512, 512]
================================================================================
INFO:tenpy.algorithms.dmrg:Running sweep with optimization
INFO:tenpy.algorithms.mps_common:start environment_sweep
INFO:tenpy.algorithms.dmrg:checkpoint after sweep 20
energy=-0.7105445902349222, max S=3.1266931248364078, age=756, norm_err=6.0e-10
Current memory usage 709.5MB, wall time: 125.5s
Delta E = -2.4559e-09, Delta S = 7.9020e-07 (per sweep)
max trunc_err = 6.4456e-06, max E_trunc = 8.0443e-05
chi: [512, 512, 512, 512, 512, 512, 512, 512, 512, 512, 512, 512]
================================================================================
INFO:tenpy.tools.params:DMRG: reading 'max_E_err'=1e-08
INFO:tenpy.tools.params:DMRG: reading 'max_S_err'=1e-05
INFO:tenpy.tools.params:DMRG: reading 'norm_tol'=1e-05
INFO:tenpy.tools.params:DMRG: reading 'norm_tol_final'=1e-10
INFO:tenpy.tools.params:DMRG: reading 'norm_tol_iter'=5
WARNING:tenpy.algorithms.dmrg:final DMRG state not in canonical form up to norm_tol_final=1.00e-10: norm_err=5.97e-10, calling psi.canonical_form()
INFO:tenpy.algorithms.dmrg:TwoSiteDMRGEngine finished after 20 sweeps, max chi=512
INFO:tenpy.tools.params:DMRG: reading 'max_trunc_err'=0.0001
INFO:tenpy.tools.params:MixedHofstadterLandauGauge_Pi_2: reading 'explicit_plus_hc'=False
INFO:tenpy.tools.params:MixedHofstadterLandauGauge_Pi_2: reading 'Lx'=2
INFO:tenpy.tools.params:MixedHofstadterLandauGauge_Pi_2: setting 'N_rings'=2
INFO:tenpy.tools.params:MixedHofstadterLandauGauge_Pi_2: reading 'xy_lattice'='Square'
INFO:tenpy.tools.params:MixedHofstadterLandauGauge_Pi_2: reading 'Ly'=6
INFO:tenpy.tools.params:MixedHofstadterLandauGauge_Pi_2: reading 'ring_order'=None
INFO:tenpy.tools.params:MixedHofstadterLandauGauge_Pi_2: reading 'conserve_k'=True
INFO:tenpy.tools.params:MixedHofstadterLandauGauge_Pi_2: reading 'bc_MPS'='infinite'
INFO:tenpy.tools.params:MixedHofstadterLandauGauge_Pi_2: reading 't'=-1
INFO:tenpy.tools.params:MixedHofstadterLandauGauge_Pi_2: reading 't2'=-0.25
INFO:tenpy.tools.params:MixedHofstadterLandauGauge_Pi_2: reading 'V1'=0.6
INFO:tenpy.tools.params:MixedHofstadterLandauGauge_Pi_2: reading 'phi_ext'=np.float64(1.6)
INFO:tenpy.tools.params:MixedHofstadterLandauGauge_Pi_2: reading 'sort_mpo_legs'=False
/home/t30/kna/ge54yin/Documents/MasterThesisFQHinTMDs/MPS_stuff/MPScalculations/.venv/lib/python3.12/site-packages/tenpy/tools/params.py:232: UserWarning: unused options for config MixedHofstadterLandauGauge_Pi_2:
['Delta', 'N_rings', 'Nsec', 'bc', 'chi_max', 'ktot', 'saveAll']
  warnings.warn(msg.format(keys=sorted(unused), name=self.name))
INFO:tenpy.tools.params:DMRG: reading 'active_sites'=2
INFO:tenpy.tools.params:DMRG: reading 'diag_method'='default'
INFO:tenpy.tools.params:DMRG: subconfig 'trunc_params'=Config(<5 options>, 'trunc_params')
INFO:tenpy.tools.params:DMRG: reading 'max_N_sites_per_ring'=18
INFO:tenpy.tools.params:DMRG: reading 'combine'=False
INFO:tenpy.tools.params:DMRG: subconfig 'lanczos_params'=Config(<9 options>, 'lanczos_params')
INFO:tenpy.tools.params:DMRG: reading 'chi_list'=None
INFO:tenpy.tools.params:DMRG: reading 'start_env'=1
INFO:tenpy.algorithms.mps_common:start environment_sweep
INFO:tenpy.tools.params:DMRG: reading 'N_sweeps_check'=10
INFO:tenpy.tools.params:DMRG: subconfig 'mixer_params'=Config(<3 options>, 'mixer_params')
INFO:tenpy.tools.params:DMRG: reading 'mixer'=None
INFO:tenpy.tools.params:DMRG: reading 'max_sweeps'=100
INFO:tenpy.tools.params:DMRG: reading 'max_hours'=8760
INFO:tenpy.tools.params:DMRG: reading 'P_tol_to_trunc'=0.05
INFO:tenpy.tools.params:DMRG: reading 'P_tol_min'=5.0000000000000004e-30
INFO:tenpy.tools.params:DMRG: reading 'P_tol_max'=0.0001
INFO:tenpy.tools.params:DMRG: reading 'E_tol_to_trunc'=None
INFO:tenpy.algorithms.dmrg:Running sweep with optimization
INFO:tenpy.tools.params:DMRG: reading 'max_N_for_ED'=400
INFO:tenpy.tools.params:DMRG: reading 'update_env'=5
INFO:tenpy.algorithms.mps_common:start environment_sweep
INFO:tenpy.algorithms.dmrg:checkpoint after sweep 10
energy=-0.7105634379079552, max S=3.1017311733570789, age=396, norm_err=9.6e-10
Current memory usage 709.5MB, wall time: 155.5s
Delta E = nan, Delta S = -8.4294e-05 (per sweep)
max trunc_err = 6.2301e-06, max E_trunc = 7.7632e-05
chi: [512, 512, 512, 512, 512, 512, 512, 512, 512, 512, 512, 512]
================================================================================
INFO:tenpy.algorithms.dmrg:Running sweep with optimization
INFO:tenpy.algorithms.mps_common:start environment_sweep
INFO:tenpy.algorithms.dmrg:checkpoint after sweep 20
energy=-0.7105635035854666, max S=3.1017449649322995, age=756, norm_err=5.2e-10
Current memory usage 709.5MB, wall time: 125.4s
Delta E = -6.5678e-09, Delta S = 3.0890e-06 (per sweep)
max trunc_err = 6.1846e-06, max E_trunc = 7.7032e-05
chi: [512, 512, 512, 512, 512, 512, 512, 512, 512, 512, 512, 512]
================================================================================
INFO:tenpy.tools.params:DMRG: reading 'max_E_err'=1e-08
INFO:tenpy.tools.params:DMRG: reading 'max_S_err'=1e-05
INFO:tenpy.tools.params:DMRG: reading 'norm_tol'=1e-05
INFO:tenpy.tools.params:DMRG: reading 'norm_tol_final'=1e-10
INFO:tenpy.tools.params:DMRG: reading 'norm_tol_iter'=5
WARNING:tenpy.algorithms.dmrg:final DMRG state not in canonical form up to norm_tol_final=1.00e-10: norm_err=5.23e-10, calling psi.canonical_form()
INFO:tenpy.algorithms.dmrg:TwoSiteDMRGEngine finished after 20 sweeps, max chi=512
INFO:tenpy.tools.params:DMRG: reading 'max_trunc_err'=0.0001
INFO:tenpy.tools.params:MixedHofstadterLandauGauge_Pi_2: reading 'explicit_plus_hc'=False
INFO:tenpy.tools.params:MixedHofstadterLandauGauge_Pi_2: reading 'Lx'=2
INFO:tenpy.tools.params:MixedHofstadterLandauGauge_Pi_2: setting 'N_rings'=2
INFO:tenpy.tools.params:MixedHofstadterLandauGauge_Pi_2: reading 'xy_lattice'='Square'
INFO:tenpy.tools.params:MixedHofstadterLandauGauge_Pi_2: reading 'Ly'=6
INFO:tenpy.tools.params:MixedHofstadterLandauGauge_Pi_2: reading 'ring_order'=None
INFO:tenpy.tools.params:MixedHofstadterLandauGauge_Pi_2: reading 'conserve_k'=True
INFO:tenpy.tools.params:MixedHofstadterLandauGauge_Pi_2: reading 'bc_MPS'='infinite'
INFO:tenpy.tools.params:MixedHofstadterLandauGauge_Pi_2: reading 't'=-1
INFO:tenpy.tools.params:MixedHofstadterLandauGauge_Pi_2: reading 't2'=-0.25
INFO:tenpy.tools.params:MixedHofstadterLandauGauge_Pi_2: reading 'V1'=0.6
INFO:tenpy.tools.params:MixedHofstadterLandauGauge_Pi_2: reading 'phi_ext'=np.float64(1.6500000000000001)
INFO:tenpy.tools.params:MixedHofstadterLandauGauge_Pi_2: reading 'sort_mpo_legs'=False
/home/t30/kna/ge54yin/Documents/MasterThesisFQHinTMDs/MPS_stuff/MPScalculations/.venv/lib/python3.12/site-packages/tenpy/tools/params.py:232: UserWarning: unused options for config MixedHofstadterLandauGauge_Pi_2:
['Delta', 'N_rings', 'Nsec', 'bc', 'chi_max', 'ktot', 'saveAll']
  warnings.warn(msg.format(keys=sorted(unused), name=self.name))
INFO:tenpy.tools.params:DMRG: reading 'active_sites'=2
INFO:tenpy.tools.params:DMRG: reading 'diag_method'='default'
INFO:tenpy.tools.params:DMRG: subconfig 'trunc_params'=Config(<5 options>, 'trunc_params')
INFO:tenpy.tools.params:DMRG: reading 'max_N_sites_per_ring'=18
INFO:tenpy.tools.params:DMRG: reading 'combine'=False
INFO:tenpy.tools.params:DMRG: subconfig 'lanczos_params'=Config(<9 options>, 'lanczos_params')
INFO:tenpy.tools.params:DMRG: reading 'chi_list'=None
INFO:tenpy.tools.params:DMRG: reading 'start_env'=1
INFO:tenpy.algorithms.mps_common:start environment_sweep
INFO:tenpy.tools.params:DMRG: reading 'N_sweeps_check'=10
INFO:tenpy.tools.params:DMRG: subconfig 'mixer_params'=Config(<3 options>, 'mixer_params')
INFO:tenpy.tools.params:DMRG: reading 'mixer'=None
INFO:tenpy.tools.params:DMRG: reading 'max_sweeps'=100
INFO:tenpy.tools.params:DMRG: reading 'max_hours'=8760
INFO:tenpy.tools.params:DMRG: reading 'P_tol_to_trunc'=0.05
INFO:tenpy.tools.params:DMRG: reading 'P_tol_min'=5.0000000000000004e-30
INFO:tenpy.tools.params:DMRG: reading 'P_tol_max'=0.0001
INFO:tenpy.tools.params:DMRG: reading 'E_tol_to_trunc'=None
INFO:tenpy.algorithms.dmrg:Running sweep with optimization
INFO:tenpy.tools.params:DMRG: reading 'max_N_for_ED'=400
INFO:tenpy.tools.params:DMRG: reading 'update_env'=5
INFO:tenpy.algorithms.mps_common:start environment_sweep
INFO:tenpy.algorithms.dmrg:checkpoint after sweep 10
energy=-0.7105900828793660, max S=3.0753136135247905, age=396, norm_err=6.3e-10
Current memory usage 709.7MB, wall time: 156.3s
Delta E = nan, Delta S = 2.0180e-06 (per sweep)
max trunc_err = 5.9645e-06, max E_trunc = 7.4302e-05
chi: [512, 512, 512, 512, 512, 512, 512, 512, 512, 512, 512, 512]
================================================================================
INFO:tenpy.algorithms.dmrg:Running sweep with optimization
INFO:tenpy.algorithms.mps_common:start environment_sweep
INFO:tenpy.algorithms.dmrg:checkpoint after sweep 20
energy=-0.7105901117749767, max S=3.0753194120205509, age=756, norm_err=1.0e-09
Current memory usage 709.7MB, wall time: 126.0s
Delta E = -2.8896e-09, Delta S = 1.4003e-06 (per sweep)
max trunc_err = 5.9597e-06, max E_trunc = 7.4250e-05
chi: [512, 512, 512, 512, 512, 512, 512, 512, 512, 512, 512, 512]
================================================================================
INFO:tenpy.tools.params:DMRG: reading 'max_E_err'=1e-08
INFO:tenpy.tools.params:DMRG: reading 'max_S_err'=1e-05
INFO:tenpy.tools.params:DMRG: reading 'norm_tol'=1e-05
INFO:tenpy.tools.params:DMRG: reading 'norm_tol_final'=1e-10
INFO:tenpy.tools.params:DMRG: reading 'norm_tol_iter'=5
WARNING:tenpy.algorithms.dmrg:final DMRG state not in canonical form up to norm_tol_final=1.00e-10: norm_err=9.95e-10, calling psi.canonical_form()
INFO:tenpy.algorithms.dmrg:TwoSiteDMRGEngine finished after 20 sweeps, max chi=512
INFO:tenpy.tools.params:DMRG: reading 'max_trunc_err'=0.0001
INFO:tenpy.tools.params:MixedHofstadterLandauGauge_Pi_2: reading 'explicit_plus_hc'=False
INFO:tenpy.tools.params:MixedHofstadterLandauGauge_Pi_2: reading 'Lx'=2
INFO:tenpy.tools.params:MixedHofstadterLandauGauge_Pi_2: setting 'N_rings'=2
INFO:tenpy.tools.params:MixedHofstadterLandauGauge_Pi_2: reading 'xy_lattice'='Square'
INFO:tenpy.tools.params:MixedHofstadterLandauGauge_Pi_2: reading 'Ly'=6
INFO:tenpy.tools.params:MixedHofstadterLandauGauge_Pi_2: reading 'ring_order'=None
INFO:tenpy.tools.params:MixedHofstadterLandauGauge_Pi_2: reading 'conserve_k'=True
INFO:tenpy.tools.params:MixedHofstadterLandauGauge_Pi_2: reading 'bc_MPS'='infinite'
INFO:tenpy.tools.params:MixedHofstadterLandauGauge_Pi_2: reading 't'=-1
INFO:tenpy.tools.params:MixedHofstadterLandauGauge_Pi_2: reading 't2'=-0.25
INFO:tenpy.tools.params:MixedHofstadterLandauGauge_Pi_2: reading 'V1'=0.6
INFO:tenpy.tools.params:MixedHofstadterLandauGauge_Pi_2: reading 'phi_ext'=np.float64(1.7000000000000002)
INFO:tenpy.tools.params:MixedHofstadterLandauGauge_Pi_2: reading 'sort_mpo_legs'=False
/home/t30/kna/ge54yin/Documents/MasterThesisFQHinTMDs/MPS_stuff/MPScalculations/.venv/lib/python3.12/site-packages/tenpy/tools/params.py:232: UserWarning: unused options for config MixedHofstadterLandauGauge_Pi_2:
['Delta', 'N_rings', 'Nsec', 'bc', 'chi_max', 'ktot', 'saveAll']
  warnings.warn(msg.format(keys=sorted(unused), name=self.name))
INFO:tenpy.tools.params:DMRG: reading 'active_sites'=2
INFO:tenpy.tools.params:DMRG: reading 'diag_method'='default'
INFO:tenpy.tools.params:DMRG: subconfig 'trunc_params'=Config(<5 options>, 'trunc_params')
INFO:tenpy.tools.params:DMRG: reading 'max_N_sites_per_ring'=18
INFO:tenpy.tools.params:DMRG: reading 'combine'=False
INFO:tenpy.tools.params:DMRG: subconfig 'lanczos_params'=Config(<9 options>, 'lanczos_params')
INFO:tenpy.tools.params:DMRG: reading 'chi_list'=None
INFO:tenpy.tools.params:DMRG: reading 'start_env'=1
INFO:tenpy.algorithms.mps_common:start environment_sweep
INFO:tenpy.tools.params:DMRG: reading 'N_sweeps_check'=10
INFO:tenpy.tools.params:DMRG: subconfig 'mixer_params'=Config(<3 options>, 'mixer_params')
INFO:tenpy.tools.params:DMRG: reading 'mixer'=None
INFO:tenpy.tools.params:DMRG: reading 'max_sweeps'=100
INFO:tenpy.tools.params:DMRG: reading 'max_hours'=8760
INFO:tenpy.tools.params:DMRG: reading 'P_tol_to_trunc'=0.05
INFO:tenpy.tools.params:DMRG: reading 'P_tol_min'=5.0000000000000004e-30
INFO:tenpy.tools.params:DMRG: reading 'P_tol_max'=0.0001
INFO:tenpy.tools.params:DMRG: reading 'E_tol_to_trunc'=None
INFO:tenpy.algorithms.dmrg:Running sweep with optimization
INFO:tenpy.tools.params:DMRG: reading 'max_N_for_ED'=400
INFO:tenpy.tools.params:DMRG: reading 'update_env'=5
INFO:tenpy.algorithms.mps_common:start environment_sweep
INFO:tenpy.algorithms.dmrg:checkpoint after sweep 10
energy=-0.7106206863556039, max S=3.0472376491963669, age=396, norm_err=3.5e-09
Current memory usage 709.7MB, wall time: 156.6s
Delta E = nan, Delta S = 5.2309e-05 (per sweep)
max trunc_err = 5.6325e-06, max E_trunc = 7.0325e-05
chi: [512, 512, 512, 512, 512, 512, 512, 512, 512, 512, 512, 512]
================================================================================
INFO:tenpy.algorithms.dmrg:Running sweep with optimization
INFO:tenpy.algorithms.mps_common:start environment_sweep
INFO:tenpy.algorithms.dmrg:checkpoint after sweep 20
energy=-0.7106207074554286, max S=3.0472440192648702, age=756, norm_err=3.9e-10
Current memory usage 709.7MB, wall time: 125.9s
Delta E = -2.1100e-09, Delta S = 2.7317e-06 (per sweep)
max trunc_err = 5.6391e-06, max E_trunc = 7.0399e-05
chi: [512, 512, 512, 512, 512, 512, 512, 512, 512, 512, 512, 512]
================================================================================
INFO:tenpy.tools.params:DMRG: reading 'max_E_err'=1e-08
INFO:tenpy.tools.params:DMRG: reading 'max_S_err'=1e-05
INFO:tenpy.tools.params:DMRG: reading 'norm_tol'=1e-05
INFO:tenpy.tools.params:DMRG: reading 'norm_tol_final'=1e-10
INFO:tenpy.tools.params:DMRG: reading 'norm_tol_iter'=5
WARNING:tenpy.algorithms.dmrg:final DMRG state not in canonical form up to norm_tol_final=1.00e-10: norm_err=3.94e-10, calling psi.canonical_form()
INFO:tenpy.algorithms.dmrg:TwoSiteDMRGEngine finished after 20 sweeps, max chi=512
INFO:tenpy.tools.params:DMRG: reading 'max_trunc_err'=0.0001
INFO:tenpy.tools.params:MixedHofstadterLandauGauge_Pi_2: reading 'explicit_plus_hc'=False
INFO:tenpy.tools.params:MixedHofstadterLandauGauge_Pi_2: reading 'Lx'=2
INFO:tenpy.tools.params:MixedHofstadterLandauGauge_Pi_2: setting 'N_rings'=2
INFO:tenpy.tools.params:MixedHofstadterLandauGauge_Pi_2: reading 'xy_lattice'='Square'
INFO:tenpy.tools.params:MixedHofstadterLandauGauge_Pi_2: reading 'Ly'=6
INFO:tenpy.tools.params:MixedHofstadterLandauGauge_Pi_2: reading 'ring_order'=None
INFO:tenpy.tools.params:MixedHofstadterLandauGauge_Pi_2: reading 'conserve_k'=True
INFO:tenpy.tools.params:MixedHofstadterLandauGauge_Pi_2: reading 'bc_MPS'='infinite'
INFO:tenpy.tools.params:MixedHofstadterLandauGauge_Pi_2: reading 't'=-1
INFO:tenpy.tools.params:MixedHofstadterLandauGauge_Pi_2: reading 't2'=-0.25
INFO:tenpy.tools.params:MixedHofstadterLandauGauge_Pi_2: reading 'V1'=0.6
INFO:tenpy.tools.params:MixedHofstadterLandauGauge_Pi_2: reading 'phi_ext'=np.float64(1.75)
INFO:tenpy.tools.params:MixedHofstadterLandauGauge_Pi_2: reading 'sort_mpo_legs'=False
/home/t30/kna/ge54yin/Documents/MasterThesisFQHinTMDs/MPS_stuff/MPScalculations/.venv/lib/python3.12/site-packages/tenpy/tools/params.py:232: UserWarning: unused options for config MixedHofstadterLandauGauge_Pi_2:
['Delta', 'N_rings', 'Nsec', 'bc', 'chi_max', 'ktot', 'saveAll']
  warnings.warn(msg.format(keys=sorted(unused), name=self.name))
INFO:tenpy.tools.params:DMRG: reading 'active_sites'=2
INFO:tenpy.tools.params:DMRG: reading 'diag_method'='default'
INFO:tenpy.tools.params:DMRG: subconfig 'trunc_params'=Config(<5 options>, 'trunc_params')
INFO:tenpy.tools.params:DMRG: reading 'max_N_sites_per_ring'=18
INFO:tenpy.tools.params:DMRG: reading 'combine'=False
INFO:tenpy.tools.params:DMRG: subconfig 'lanczos_params'=Config(<9 options>, 'lanczos_params')
