Running task 1 specified in logfiles/cpump_ML.config.pkl on anderson17 at Thu 23 Oct 17:14:56 CEST 2025 with 6 threads
INFO:tenpy.tools.params:MixedHofstadterLandauGauge_Pi_2: reading 'Lx'=2
INFO:tenpy.tools.params:MixedHofstadterLandauGauge_Pi_2: setting 'N_rings'=2
INFO:tenpy.tools.params:MixedHofstadterLandauGauge_Pi_2: reading 'Ly'=6
INFO:tenpy.tools.params:MixedHofstadterLandauGauge_Pi_2: reading 'bc_MPS'='infinite'
INFO:tenpy.tools.params:MixedHofstadterLandauGauge_Pi_2: reading 't'=-1
INFO:tenpy.tools.params:MixedHofstadterLandauGauge_Pi_2: reading 't2'=-0.25
INFO:tenpy.tools.params:MixedHofstadterLandauGauge_Pi_2: reading 'V1'=0.6
INFO:tenpy.tools.params:MixedHofstadterLandauGauge_Pi_2: reading 'phi_ext'=np.float64(0.0)
/home/t30/kna/ge54yin/Documents/MasterThesisFQHinTMDs/MPS_stuff/MPScalculations/.venv/lib/python3.12/site-packages/tenpy/tools/params.py:232: UserWarning: unused options for config MixedHofstadterLandauGauge_Pi_2:
['Delta', 'N_rings', 'Nsec', 'bc', 'chi_max', 'ktot', 'saveAll']
  warnings.warn(msg.format(keys=sorted(unused), name=self.name))
INFO:tenpy.tools.params:DMRG: subconfig 'trunc_params'=Config(<1 options>, 'trunc_params')
INFO:tenpy.tools.params:DMRG: reading 'chi_list'={0: 512}
INFO:tenpy.algorithms.mps_common:start environment_sweep
INFO:tenpy.tools.params:trunc_params: reading 'chi_max'=512
INFO:tenpy.tools.params:DMRG: reading 'mixer'=True
INFO:tenpy.algorithms.mps_common:activate DensityMatrixMixer with initial amplitude 1e-05
INFO:tenpy.tools.params:DMRG: reading 'max_sweeps'=250
INFO:tenpy.algorithms.dmrg:Running sweep with optimization
INFO:tenpy.algorithms.mps_common:Setting chi_max=512
INFO:tenpy.algorithms.mps_common:activate DensityMatrixMixer with initial amplitude 1e-05
INFO:tenpy.algorithms.mps_common:start environment_sweep
INFO:tenpy.algorithms.dmrg:checkpoint after sweep 10
energy=-0.7107383058439419, max S=3.2179902945591912, age=396, norm_err=8.4e-07
Current memory usage 468.0MB, wall time: 603.2s
Delta E = nan, Delta S = 2.4140e-01 (per sweep)
max trunc_err = 1.3769e-05, max E_trunc = 8.4186e-05
chi: [512, 512, 512, 512, 512, 512, 512, 512, 512, 512, 512, 512]
================================================================================
INFO:tenpy.algorithms.dmrg:Running sweep with optimization
INFO:tenpy.algorithms.mps_common:start environment_sweep
INFO:tenpy.algorithms.dmrg:checkpoint after sweep 20
energy=-0.7107437323221527, max S=3.2179340990563539, age=756, norm_err=1.4e-07
Current memory usage 468.0MB, wall time: 153.5s
Delta E = -5.4265e-07, Delta S = -1.3075e-05 (per sweep)
max trunc_err = 9.6540e-06, max E_trunc = 6.6572e-05
chi: [512, 512, 512, 512, 512, 512, 512, 512, 512, 512, 512, 512]
================================================================================
INFO:tenpy.algorithms.dmrg:Running sweep with optimization
INFO:tenpy.algorithms.mps_common:start environment_sweep
INFO:tenpy.algorithms.dmrg:checkpoint after sweep 30
energy=-0.7107440400365969, max S=3.2179440539649713, age=1116, norm_err=1.9e-08
Current memory usage 468.0MB, wall time: 152.8s
Delta E = -3.0771e-08, Delta S = 1.4106e-06 (per sweep)
max trunc_err = 9.6086e-06, max E_trunc = 6.5107e-05
chi: [512, 512, 512, 512, 512, 512, 512, 512, 512, 512, 512, 512]
================================================================================
INFO:tenpy.algorithms.dmrg:Running sweep with optimization
INFO:tenpy.algorithms.mps_common:start environment_sweep
INFO:tenpy.algorithms.dmrg:checkpoint after sweep 40
energy=-0.7107439511810677, max S=3.2179436002926156, age=1476, norm_err=2.5e-09
Current memory usage 468.0MB, wall time: 153.4s
Delta E = 8.8856e-09, Delta S = 2.9405e-07 (per sweep)
max trunc_err = 9.4910e-06, max E_trunc = 6.5040e-05
chi: [512, 512, 512, 512, 512, 512, 512, 512, 512, 512, 512, 512]
================================================================================
INFO:tenpy.algorithms.mps_common:TwoSiteDMRGEngine: Convergence criterion reached with enabled mixer. Disable mixer and continue.
INFO:tenpy.algorithms.mps_common:deactivate DensityMatrixMixer with final amplitude 2.4414062499999994e-09
INFO:tenpy.algorithms.dmrg:Running sweep with optimization
INFO:tenpy.algorithms.mps_common:start environment_sweep
INFO:tenpy.algorithms.dmrg:checkpoint after sweep 50
energy=-0.7107439513975938, max S=3.2179415185019100, age=1836, norm_err=7.3e-10
Current memory usage 468.0MB, wall time: 97.4s
Delta E = -2.1653e-11, Delta S = -2.6463e-07 (per sweep)
max trunc_err = 4.7349e-06, max E_trunc = 6.5032e-05
chi: [512, 512, 512, 512, 512, 512, 512, 512, 512, 512, 512, 512]
================================================================================
WARNING:tenpy.algorithms.dmrg:final DMRG state not in canonical form up to norm_tol_final=1.00e-10: norm_err=7.29e-10, calling psi.canonical_form()
INFO:tenpy.algorithms.dmrg:TwoSiteDMRGEngine finished after 50 sweeps, max chi=512
INFO:tenpy.tools.params:MixedHofstadterLandauGauge_Pi_2: reading 'explicit_plus_hc'=False
INFO:tenpy.tools.params:MixedHofstadterLandauGauge_Pi_2: reading 'Lx'=2
INFO:tenpy.tools.params:MixedHofstadterLandauGauge_Pi_2: setting 'N_rings'=2
INFO:tenpy.tools.params:MixedHofstadterLandauGauge_Pi_2: reading 'xy_lattice'='Square'
INFO:tenpy.tools.params:MixedHofstadterLandauGauge_Pi_2: reading 'Ly'=6
INFO:tenpy.tools.params:MixedHofstadterLandauGauge_Pi_2: reading 'ring_order'=None
INFO:tenpy.tools.params:MixedHofstadterLandauGauge_Pi_2: reading 'conserve_k'=True
INFO:tenpy.tools.params:MixedHofstadterLandauGauge_Pi_2: reading 'bc_MPS'='infinite'
INFO:tenpy.tools.params:MixedHofstadterLandauGauge_Pi_2: reading 't'=-1
INFO:tenpy.tools.params:MixedHofstadterLandauGauge_Pi_2: reading 't2'=-0.25
INFO:tenpy.tools.params:MixedHofstadterLandauGauge_Pi_2: reading 'V1'=0.6
INFO:tenpy.tools.params:MixedHofstadterLandauGauge_Pi_2: reading 'phi_ext'=np.float64(0.05)
INFO:tenpy.tools.params:MixedHofstadterLandauGauge_Pi_2: reading 'sort_mpo_legs'=False
/home/t30/kna/ge54yin/Documents/MasterThesisFQHinTMDs/MPS_stuff/MPScalculations/.venv/lib/python3.12/site-packages/tenpy/tools/params.py:232: UserWarning: unused options for config MixedHofstadterLandauGauge_Pi_2:
['Delta', 'N_rings', 'Nsec', 'bc', 'chi_max', 'ktot', 'saveAll']
  warnings.warn(msg.format(keys=sorted(unused), name=self.name))
INFO:tenpy.tools.params:DMRG: subconfig 'trunc_params'=Config(<1 options>, 'trunc_params')
INFO:tenpy.algorithms.mps_common:start environment_sweep
INFO:tenpy.tools.params:trunc_params: reading 'chi_max'=512
INFO:tenpy.tools.params:DMRG: subconfig 'mixer_params'=Config(<1 options>, 'mixer_params')
INFO:tenpy.tools.params:DMRG: reading 'mixer'=None
INFO:tenpy.tools.params:DMRG: reading 'max_sweeps'=100
INFO:tenpy.algorithms.dmrg:Running sweep with optimization
INFO:tenpy.algorithms.mps_common:start environment_sweep
INFO:tenpy.algorithms.dmrg:checkpoint after sweep 10
energy=-0.7107380113978650, max S=3.2434000098504758, age=396, norm_err=5.2e-08
Current memory usage 710.6MB, wall time: 636.2s
Delta E = nan, Delta S = 9.4084e-07 (per sweep)
max trunc_err = 6.8525e-06, max E_trunc = 8.3815e-05
chi: [512, 512, 512, 512, 512, 512, 512, 512, 512, 512, 512, 512]
================================================================================
INFO:tenpy.algorithms.dmrg:Running sweep with optimization
INFO:tenpy.algorithms.mps_common:start environment_sweep
INFO:tenpy.algorithms.dmrg:checkpoint after sweep 20
energy=-0.7107385121381734, max S=3.2432724460723019, age=756, norm_err=6.1e-09
Current memory usage 710.6MB, wall time: 103.5s
Delta E = -5.0074e-08, Delta S = -2.0434e-05 (per sweep)
max trunc_err = 6.2638e-06, max E_trunc = 7.7838e-05
chi: [512, 512, 512, 512, 512, 512, 512, 512, 512, 512, 512, 512]
================================================================================
INFO:tenpy.algorithms.dmrg:Running sweep with optimization
INFO:tenpy.algorithms.mps_common:start environment_sweep
INFO:tenpy.algorithms.dmrg:checkpoint after sweep 30
energy=-0.7107385029124581, max S=3.2432741600580735, age=1116, norm_err=5.9e-09
Current memory usage 710.6MB, wall time: 103.6s
Delta E = 9.2257e-10, Delta S = 1.7086e-07 (per sweep)
max trunc_err = 6.2334e-06, max E_trunc = 7.7445e-05
chi: [512, 512, 512, 512, 512, 512, 512, 512, 512, 512, 512, 512]
================================================================================
WARNING:tenpy.algorithms.dmrg:final DMRG state not in canonical form up to norm_tol_final=1.00e-10: norm_err=5.92e-09, calling psi.canonical_form()
INFO:tenpy.algorithms.dmrg:TwoSiteDMRGEngine finished after 30 sweeps, max chi=512
INFO:tenpy.tools.params:MixedHofstadterLandauGauge_Pi_2: reading 'explicit_plus_hc'=False
INFO:tenpy.tools.params:MixedHofstadterLandauGauge_Pi_2: reading 'Lx'=2
INFO:tenpy.tools.params:MixedHofstadterLandauGauge_Pi_2: setting 'N_rings'=2
INFO:tenpy.tools.params:MixedHofstadterLandauGauge_Pi_2: reading 'xy_lattice'='Square'
INFO:tenpy.tools.params:MixedHofstadterLandauGauge_Pi_2: reading 'Ly'=6
INFO:tenpy.tools.params:MixedHofstadterLandauGauge_Pi_2: reading 'ring_order'=None
INFO:tenpy.tools.params:MixedHofstadterLandauGauge_Pi_2: reading 'conserve_k'=True
INFO:tenpy.tools.params:MixedHofstadterLandauGauge_Pi_2: reading 'bc_MPS'='infinite'
INFO:tenpy.tools.params:MixedHofstadterLandauGauge_Pi_2: reading 't'=-1
INFO:tenpy.tools.params:MixedHofstadterLandauGauge_Pi_2: reading 't2'=-0.25
INFO:tenpy.tools.params:MixedHofstadterLandauGauge_Pi_2: reading 'V1'=0.6
INFO:tenpy.tools.params:MixedHofstadterLandauGauge_Pi_2: reading 'phi_ext'=np.float64(0.1)
INFO:tenpy.tools.params:MixedHofstadterLandauGauge_Pi_2: reading 'sort_mpo_legs'=False
/home/t30/kna/ge54yin/Documents/MasterThesisFQHinTMDs/MPS_stuff/MPScalculations/.venv/lib/python3.12/site-packages/tenpy/tools/params.py:232: UserWarning: unused options for config MixedHofstadterLandauGauge_Pi_2:
['Delta', 'N_rings', 'Nsec', 'bc', 'chi_max', 'ktot', 'saveAll']
  warnings.warn(msg.format(keys=sorted(unused), name=self.name))
INFO:tenpy.tools.params:DMRG: reading 'active_sites'=2
INFO:tenpy.tools.params:DMRG: reading 'diag_method'='default'
INFO:tenpy.tools.params:DMRG: subconfig 'trunc_params'=Config(<5 options>, 'trunc_params')
INFO:tenpy.tools.params:DMRG: reading 'max_N_sites_per_ring'=18
INFO:tenpy.tools.params:DMRG: reading 'combine'=False
INFO:tenpy.tools.params:DMRG: subconfig 'lanczos_params'=Config(<9 options>, 'lanczos_params')
INFO:tenpy.tools.params:DMRG: reading 'chi_list'=None
INFO:tenpy.tools.params:DMRG: reading 'start_env'=1
INFO:tenpy.algorithms.mps_common:start environment_sweep
INFO:tenpy.tools.params:DMRG: reading 'N_sweeps_check'=10
INFO:tenpy.tools.params:DMRG: subconfig 'mixer_params'=Config(<3 options>, 'mixer_params')
INFO:tenpy.tools.params:DMRG: reading 'mixer'=None
INFO:tenpy.tools.params:DMRG: reading 'max_sweeps'=100
INFO:tenpy.tools.params:DMRG: reading 'max_hours'=8760
INFO:tenpy.tools.params:DMRG: reading 'P_tol_to_trunc'=0.05
INFO:tenpy.tools.params:DMRG: reading 'P_tol_min'=5.0000000000000004e-30
INFO:tenpy.tools.params:DMRG: reading 'P_tol_max'=0.0001
INFO:tenpy.tools.params:DMRG: reading 'E_tol_to_trunc'=None
INFO:tenpy.algorithms.dmrg:Running sweep with optimization
INFO:tenpy.tools.params:DMRG: reading 'max_N_for_ED'=400
INFO:tenpy.tools.params:DMRG: reading 'update_env'=5
INFO:tenpy.algorithms.mps_common:start environment_sweep
INFO:tenpy.algorithms.dmrg:checkpoint after sweep 10
energy=-0.7107243804585460, max S=3.2661813710293095, age=396, norm_err=3.0e-09
Current memory usage 713.1MB, wall time: 126.1s
Delta E = nan, Delta S = -9.0955e-05 (per sweep)
max trunc_err = 6.4838e-06, max E_trunc = 8.0661e-05
chi: [511, 512, 512, 512, 512, 512, 512, 512, 512, 512, 512, 512]
================================================================================
INFO:tenpy.algorithms.dmrg:Running sweep with optimization
INFO:tenpy.algorithms.mps_common:start environment_sweep
INFO:tenpy.algorithms.dmrg:checkpoint after sweep 20
energy=-0.7107244201542310, max S=3.2661799610842199, age=756, norm_err=4.9e-09
Current memory usage 713.1MB, wall time: 103.5s
Delta E = -3.9696e-09, Delta S = 5.4200e-07 (per sweep)
max trunc_err = 6.4803e-06, max E_trunc = 8.0619e-05
chi: [512, 512, 512, 512, 512, 512, 512, 512, 512, 512, 512, 512]
================================================================================
INFO:tenpy.tools.params:DMRG: reading 'max_E_err'=1e-08
INFO:tenpy.tools.params:DMRG: reading 'max_S_err'=1e-05
INFO:tenpy.tools.params:DMRG: reading 'norm_tol'=1e-05
INFO:tenpy.tools.params:DMRG: reading 'norm_tol_final'=1e-10
INFO:tenpy.tools.params:DMRG: reading 'norm_tol_iter'=5
WARNING:tenpy.algorithms.dmrg:final DMRG state not in canonical form up to norm_tol_final=1.00e-10: norm_err=4.88e-09, calling psi.canonical_form()
INFO:tenpy.algorithms.dmrg:TwoSiteDMRGEngine finished after 20 sweeps, max chi=512
INFO:tenpy.tools.params:DMRG: reading 'max_trunc_err'=0.0001
INFO:tenpy.tools.params:MixedHofstadterLandauGauge_Pi_2: reading 'explicit_plus_hc'=False
INFO:tenpy.tools.params:MixedHofstadterLandauGauge_Pi_2: reading 'Lx'=2
INFO:tenpy.tools.params:MixedHofstadterLandauGauge_Pi_2: setting 'N_rings'=2
INFO:tenpy.tools.params:MixedHofstadterLandauGauge_Pi_2: reading 'xy_lattice'='Square'
INFO:tenpy.tools.params:MixedHofstadterLandauGauge_Pi_2: reading 'Ly'=6
INFO:tenpy.tools.params:MixedHofstadterLandauGauge_Pi_2: reading 'ring_order'=None
INFO:tenpy.tools.params:MixedHofstadterLandauGauge_Pi_2: reading 'conserve_k'=True
INFO:tenpy.tools.params:MixedHofstadterLandauGauge_Pi_2: reading 'bc_MPS'='infinite'
INFO:tenpy.tools.params:MixedHofstadterLandauGauge_Pi_2: reading 't'=-1
INFO:tenpy.tools.params:MixedHofstadterLandauGauge_Pi_2: reading 't2'=-0.25
INFO:tenpy.tools.params:MixedHofstadterLandauGauge_Pi_2: reading 'V1'=0.6
INFO:tenpy.tools.params:MixedHofstadterLandauGauge_Pi_2: reading 'phi_ext'=np.float64(0.15000000000000002)
INFO:tenpy.tools.params:MixedHofstadterLandauGauge_Pi_2: reading 'sort_mpo_legs'=False
/home/t30/kna/ge54yin/Documents/MasterThesisFQHinTMDs/MPS_stuff/MPScalculations/.venv/lib/python3.12/site-packages/tenpy/tools/params.py:232: UserWarning: unused options for config MixedHofstadterLandauGauge_Pi_2:
['Delta', 'N_rings', 'Nsec', 'bc', 'chi_max', 'ktot', 'saveAll']
  warnings.warn(msg.format(keys=sorted(unused), name=self.name))
INFO:tenpy.tools.params:DMRG: reading 'active_sites'=2
INFO:tenpy.tools.params:DMRG: reading 'diag_method'='default'
INFO:tenpy.tools.params:DMRG: subconfig 'trunc_params'=Config(<5 options>, 'trunc_params')
INFO:tenpy.tools.params:DMRG: reading 'max_N_sites_per_ring'=18
INFO:tenpy.tools.params:DMRG: reading 'combine'=False
INFO:tenpy.tools.params:DMRG: subconfig 'lanczos_params'=Config(<9 options>, 'lanczos_params')
INFO:tenpy.tools.params:DMRG: reading 'chi_list'=None
INFO:tenpy.tools.params:DMRG: reading 'start_env'=1
INFO:tenpy.algorithms.mps_common:start environment_sweep
INFO:tenpy.tools.params:DMRG: reading 'N_sweeps_check'=10
INFO:tenpy.tools.params:DMRG: subconfig 'mixer_params'=Config(<3 options>, 'mixer_params')
INFO:tenpy.tools.params:DMRG: reading 'mixer'=None
INFO:tenpy.tools.params:DMRG: reading 'max_sweeps'=100
INFO:tenpy.tools.params:DMRG: reading 'max_hours'=8760
INFO:tenpy.tools.params:DMRG: reading 'P_tol_to_trunc'=0.05
INFO:tenpy.tools.params:DMRG: reading 'P_tol_min'=5.0000000000000004e-30
INFO:tenpy.tools.params:DMRG: reading 'P_tol_max'=0.0001
INFO:tenpy.tools.params:DMRG: reading 'E_tol_to_trunc'=None
INFO:tenpy.algorithms.dmrg:Running sweep with optimization
INFO:tenpy.tools.params:DMRG: reading 'max_N_for_ED'=400
INFO:tenpy.tools.params:DMRG: reading 'update_env'=5
INFO:tenpy.algorithms.mps_common:start environment_sweep
INFO:tenpy.algorithms.dmrg:checkpoint after sweep 10
energy=-0.7107023262525539, max S=3.2867535941027701, age=396, norm_err=3.8e-09
Current memory usage 715.1MB, wall time: 125.4s
Delta E = nan, Delta S = -1.3890e-04 (per sweep)
max trunc_err = 6.6865e-06, max E_trunc = 8.3246e-05
chi: [512, 512, 512, 512, 512, 512, 512, 512, 512, 512, 512, 512]
================================================================================
INFO:tenpy.algorithms.dmrg:Running sweep with optimization
INFO:tenpy.algorithms.mps_common:start environment_sweep
INFO:tenpy.algorithms.dmrg:checkpoint after sweep 20
energy=-0.7107023320819508, max S=3.2867521556335442, age=756, norm_err=6.8e-09
Current memory usage 715.1MB, wall time: 103.0s
Delta E = -5.8294e-10, Delta S = 2.8446e-07 (per sweep)
max trunc_err = 6.6878e-06, max E_trunc = 8.3262e-05
chi: [512, 512, 512, 512, 512, 512, 512, 512, 512, 512, 512, 512]
================================================================================
INFO:tenpy.tools.params:DMRG: reading 'max_E_err'=1e-08
INFO:tenpy.tools.params:DMRG: reading 'max_S_err'=1e-05
INFO:tenpy.tools.params:DMRG: reading 'norm_tol'=1e-05
INFO:tenpy.tools.params:DMRG: reading 'norm_tol_final'=1e-10
INFO:tenpy.tools.params:DMRG: reading 'norm_tol_iter'=5
WARNING:tenpy.algorithms.dmrg:final DMRG state not in canonical form up to norm_tol_final=1.00e-10: norm_err=6.80e-09, calling psi.canonical_form()
INFO:tenpy.algorithms.dmrg:TwoSiteDMRGEngine finished after 20 sweeps, max chi=512
INFO:tenpy.tools.params:DMRG: reading 'max_trunc_err'=0.0001
INFO:tenpy.tools.params:MixedHofstadterLandauGauge_Pi_2: reading 'explicit_plus_hc'=False
INFO:tenpy.tools.params:MixedHofstadterLandauGauge_Pi_2: reading 'Lx'=2
INFO:tenpy.tools.params:MixedHofstadterLandauGauge_Pi_2: setting 'N_rings'=2
INFO:tenpy.tools.params:MixedHofstadterLandauGauge_Pi_2: reading 'xy_lattice'='Square'
INFO:tenpy.tools.params:MixedHofstadterLandauGauge_Pi_2: reading 'Ly'=6
INFO:tenpy.tools.params:MixedHofstadterLandauGauge_Pi_2: reading 'ring_order'=None
INFO:tenpy.tools.params:MixedHofstadterLandauGauge_Pi_2: reading 'conserve_k'=True
INFO:tenpy.tools.params:MixedHofstadterLandauGauge_Pi_2: reading 'bc_MPS'='infinite'
INFO:tenpy.tools.params:MixedHofstadterLandauGauge_Pi_2: reading 't'=-1
INFO:tenpy.tools.params:MixedHofstadterLandauGauge_Pi_2: reading 't2'=-0.25
INFO:tenpy.tools.params:MixedHofstadterLandauGauge_Pi_2: reading 'V1'=0.6
INFO:tenpy.tools.params:MixedHofstadterLandauGauge_Pi_2: reading 'phi_ext'=np.float64(0.2)
INFO:tenpy.tools.params:MixedHofstadterLandauGauge_Pi_2: reading 'sort_mpo_legs'=False
/home/t30/kna/ge54yin/Documents/MasterThesisFQHinTMDs/MPS_stuff/MPScalculations/.venv/lib/python3.12/site-packages/tenpy/tools/params.py:232: UserWarning: unused options for config MixedHofstadterLandauGauge_Pi_2:
['Delta', 'N_rings', 'Nsec', 'bc', 'chi_max', 'ktot', 'saveAll']
  warnings.warn(msg.format(keys=sorted(unused), name=self.name))
INFO:tenpy.tools.params:DMRG: reading 'active_sites'=2
INFO:tenpy.tools.params:DMRG: reading 'diag_method'='default'
INFO:tenpy.tools.params:DMRG: subconfig 'trunc_params'=Config(<5 options>, 'trunc_params')
INFO:tenpy.tools.params:DMRG: reading 'max_N_sites_per_ring'=18
INFO:tenpy.tools.params:DMRG: reading 'combine'=False
INFO:tenpy.tools.params:DMRG: subconfig 'lanczos_params'=Config(<9 options>, 'lanczos_params')
INFO:tenpy.tools.params:DMRG: reading 'chi_list'=None
INFO:tenpy.tools.params:DMRG: reading 'start_env'=1
INFO:tenpy.algorithms.mps_common:start environment_sweep
INFO:tenpy.tools.params:DMRG: reading 'N_sweeps_check'=10
INFO:tenpy.tools.params:DMRG: subconfig 'mixer_params'=Config(<3 options>, 'mixer_params')
INFO:tenpy.tools.params:DMRG: reading 'mixer'=None
INFO:tenpy.tools.params:DMRG: reading 'max_sweeps'=100
INFO:tenpy.tools.params:DMRG: reading 'max_hours'=8760
INFO:tenpy.tools.params:DMRG: reading 'P_tol_to_trunc'=0.05
INFO:tenpy.tools.params:DMRG: reading 'P_tol_min'=5.0000000000000004e-30
INFO:tenpy.tools.params:DMRG: reading 'P_tol_max'=0.0001
INFO:tenpy.tools.params:DMRG: reading 'E_tol_to_trunc'=None
INFO:tenpy.algorithms.dmrg:Running sweep with optimization
INFO:tenpy.tools.params:DMRG: reading 'max_N_for_ED'=400
INFO:tenpy.tools.params:DMRG: reading 'update_env'=5
INFO:tenpy.algorithms.mps_common:start environment_sweep
INFO:tenpy.algorithms.dmrg:checkpoint after sweep 10
energy=-0.7106744026457695, max S=3.3049955627005887, age=396, norm_err=2.7e-09
Current memory usage 718.1MB, wall time: 124.9s
Delta E = nan, Delta S = -1.7814e-04 (per sweep)
max trunc_err = 6.8297e-06, max E_trunc = 8.4470e-05
chi: [512, 512, 512, 512, 512, 512, 512, 512, 512, 512, 512, 512]
================================================================================
INFO:tenpy.algorithms.dmrg:Running sweep with optimization
INFO:tenpy.algorithms.mps_common:start environment_sweep
INFO:tenpy.algorithms.dmrg:checkpoint after sweep 20
energy=-0.7106743900087290, max S=3.3049575215110112, age=756, norm_err=5.1e-09
Current memory usage 718.1MB, wall time: 101.7s
Delta E = 1.2637e-09, Delta S = -2.5096e-06 (per sweep)
max trunc_err = 6.8708e-06, max E_trunc = 8.4901e-05
chi: [512, 512, 512, 512, 512, 512, 512, 512, 512, 512, 512, 512]
================================================================================
INFO:tenpy.tools.params:DMRG: reading 'max_E_err'=1e-08
INFO:tenpy.tools.params:DMRG: reading 'max_S_err'=1e-05
INFO:tenpy.tools.params:DMRG: reading 'norm_tol'=1e-05
INFO:tenpy.tools.params:DMRG: reading 'norm_tol_final'=1e-10
INFO:tenpy.tools.params:DMRG: reading 'norm_tol_iter'=5
WARNING:tenpy.algorithms.dmrg:final DMRG state not in canonical form up to norm_tol_final=1.00e-10: norm_err=5.09e-09, calling psi.canonical_form()
INFO:tenpy.algorithms.dmrg:TwoSiteDMRGEngine finished after 20 sweeps, max chi=512
INFO:tenpy.tools.params:DMRG: reading 'max_trunc_err'=0.0001
INFO:tenpy.tools.params:MixedHofstadterLandauGauge_Pi_2: reading 'explicit_plus_hc'=False
INFO:tenpy.tools.params:MixedHofstadterLandauGauge_Pi_2: reading 'Lx'=2
INFO:tenpy.tools.params:MixedHofstadterLandauGauge_Pi_2: setting 'N_rings'=2
INFO:tenpy.tools.params:MixedHofstadterLandauGauge_Pi_2: reading 'xy_lattice'='Square'
INFO:tenpy.tools.params:MixedHofstadterLandauGauge_Pi_2: reading 'Ly'=6
INFO:tenpy.tools.params:MixedHofstadterLandauGauge_Pi_2: reading 'ring_order'=None
INFO:tenpy.tools.params:MixedHofstadterLandauGauge_Pi_2: reading 'conserve_k'=True
INFO:tenpy.tools.params:MixedHofstadterLandauGauge_Pi_2: reading 'bc_MPS'='infinite'
INFO:tenpy.tools.params:MixedHofstadterLandauGauge_Pi_2: reading 't'=-1
INFO:tenpy.tools.params:MixedHofstadterLandauGauge_Pi_2: reading 't2'=-0.25
INFO:tenpy.tools.params:MixedHofstadterLandauGauge_Pi_2: reading 'V1'=0.6
INFO:tenpy.tools.params:MixedHofstadterLandauGauge_Pi_2: reading 'phi_ext'=np.float64(0.25)
INFO:tenpy.tools.params:MixedHofstadterLandauGauge_Pi_2: reading 'sort_mpo_legs'=False
/home/t30/kna/ge54yin/Documents/MasterThesisFQHinTMDs/MPS_stuff/MPScalculations/.venv/lib/python3.12/site-packages/tenpy/tools/params.py:232: UserWarning: unused options for config MixedHofstadterLandauGauge_Pi_2:
['Delta', 'N_rings', 'Nsec', 'bc', 'chi_max', 'ktot', 'saveAll']
  warnings.warn(msg.format(keys=sorted(unused), name=self.name))
INFO:tenpy.tools.params:DMRG: reading 'active_sites'=2
INFO:tenpy.tools.params:DMRG: reading 'diag_method'='default'
INFO:tenpy.tools.params:DMRG: subconfig 'trunc_params'=Config(<5 options>, 'trunc_params')
INFO:tenpy.tools.params:DMRG: reading 'max_N_sites_per_ring'=18
INFO:tenpy.tools.params:DMRG: reading 'combine'=False
INFO:tenpy.tools.params:DMRG: subconfig 'lanczos_params'=Config(<9 options>, 'lanczos_params')
INFO:tenpy.tools.params:DMRG: reading 'chi_list'=None
INFO:tenpy.tools.params:DMRG: reading 'start_env'=1
INFO:tenpy.algorithms.mps_common:start environment_sweep
INFO:tenpy.tools.params:DMRG: reading 'N_sweeps_check'=10
INFO:tenpy.tools.params:DMRG: subconfig 'mixer_params'=Config(<3 options>, 'mixer_params')
INFO:tenpy.tools.params:DMRG: reading 'mixer'=None
INFO:tenpy.tools.params:DMRG: reading 'max_sweeps'=100
INFO:tenpy.tools.params:DMRG: reading 'max_hours'=8760
INFO:tenpy.tools.params:DMRG: reading 'P_tol_to_trunc'=0.05
INFO:tenpy.tools.params:DMRG: reading 'P_tol_min'=5.0000000000000004e-30
INFO:tenpy.tools.params:DMRG: reading 'P_tol_max'=0.0001
INFO:tenpy.tools.params:DMRG: reading 'E_tol_to_trunc'=None
INFO:tenpy.algorithms.dmrg:Running sweep with optimization
INFO:tenpy.tools.params:DMRG: reading 'max_N_for_ED'=400
INFO:tenpy.tools.params:DMRG: reading 'update_env'=5
INFO:tenpy.algorithms.mps_common:start environment_sweep
INFO:tenpy.algorithms.dmrg:checkpoint after sweep 10
energy=-0.7106427128857836, max S=3.3207496286691072, age=396, norm_err=3.3e-09
Current memory usage 718.1MB, wall time: 118.1s
Delta E = nan, Delta S = -2.0985e-04 (per sweep)
max trunc_err = 6.7341e-06, max E_trunc = 8.2748e-05
chi: [512, 512, 512, 512, 512, 512, 512, 512, 512, 512, 512, 512]
================================================================================
INFO:tenpy.algorithms.dmrg:Running sweep with optimization
INFO:tenpy.algorithms.mps_common:start environment_sweep
INFO:tenpy.algorithms.dmrg:checkpoint after sweep 20
energy=-0.7106427257344970, max S=3.3207386772979692, age=756, norm_err=6.3e-09
Current memory usage 718.1MB, wall time: 101.1s
Delta E = -1.2849e-09, Delta S = -6.4427e-07 (per sweep)
max trunc_err = 6.7244e-06, max E_trunc = 8.2544e-05
chi: [512, 512, 512, 512, 512, 512, 512, 512, 512, 512, 512, 512]
================================================================================
INFO:tenpy.tools.params:DMRG: reading 'max_E_err'=1e-08
INFO:tenpy.tools.params:DMRG: reading 'max_S_err'=1e-05
INFO:tenpy.tools.params:DMRG: reading 'norm_tol'=1e-05
INFO:tenpy.tools.params:DMRG: reading 'norm_tol_final'=1e-10
INFO:tenpy.tools.params:DMRG: reading 'norm_tol_iter'=5
WARNING:tenpy.algorithms.dmrg:final DMRG state not in canonical form up to norm_tol_final=1.00e-10: norm_err=6.28e-09, calling psi.canonical_form()
INFO:tenpy.algorithms.dmrg:TwoSiteDMRGEngine finished after 20 sweeps, max chi=512
INFO:tenpy.tools.params:DMRG: reading 'max_trunc_err'=0.0001
INFO:tenpy.tools.params:MixedHofstadterLandauGauge_Pi_2: reading 'explicit_plus_hc'=False
INFO:tenpy.tools.params:MixedHofstadterLandauGauge_Pi_2: reading 'Lx'=2
INFO:tenpy.tools.params:MixedHofstadterLandauGauge_Pi_2: setting 'N_rings'=2
INFO:tenpy.tools.params:MixedHofstadterLandauGauge_Pi_2: reading 'xy_lattice'='Square'
INFO:tenpy.tools.params:MixedHofstadterLandauGauge_Pi_2: reading 'Ly'=6
INFO:tenpy.tools.params:MixedHofstadterLandauGauge_Pi_2: reading 'ring_order'=None
INFO:tenpy.tools.params:MixedHofstadterLandauGauge_Pi_2: reading 'conserve_k'=True
INFO:tenpy.tools.params:MixedHofstadterLandauGauge_Pi_2: reading 'bc_MPS'='infinite'
INFO:tenpy.tools.params:MixedHofstadterLandauGauge_Pi_2: reading 't'=-1
INFO:tenpy.tools.params:MixedHofstadterLandauGauge_Pi_2: reading 't2'=-0.25
INFO:tenpy.tools.params:MixedHofstadterLandauGauge_Pi_2: reading 'V1'=0.6
INFO:tenpy.tools.params:MixedHofstadterLandauGauge_Pi_2: reading 'phi_ext'=np.float64(0.30000000000000004)
INFO:tenpy.tools.params:MixedHofstadterLandauGauge_Pi_2: reading 'sort_mpo_legs'=False
/home/t30/kna/ge54yin/Documents/MasterThesisFQHinTMDs/MPS_stuff/MPScalculations/.venv/lib/python3.12/site-packages/tenpy/tools/params.py:232: UserWarning: unused options for config MixedHofstadterLandauGauge_Pi_2:
['Delta', 'N_rings', 'Nsec', 'bc', 'chi_max', 'ktot', 'saveAll']
  warnings.warn(msg.format(keys=sorted(unused), name=self.name))
INFO:tenpy.tools.params:DMRG: reading 'active_sites'=2
INFO:tenpy.tools.params:DMRG: reading 'diag_method'='default'
INFO:tenpy.tools.params:DMRG: subconfig 'trunc_params'=Config(<5 options>, 'trunc_params')
INFO:tenpy.tools.params:DMRG: reading 'max_N_sites_per_ring'=18
INFO:tenpy.tools.params:DMRG: reading 'combine'=False
INFO:tenpy.tools.params:DMRG: subconfig 'lanczos_params'=Config(<9 options>, 'lanczos_params')
INFO:tenpy.tools.params:DMRG: reading 'chi_list'=None
INFO:tenpy.tools.params:DMRG: reading 'start_env'=1
INFO:tenpy.algorithms.mps_common:start environment_sweep
INFO:tenpy.tools.params:DMRG: reading 'N_sweeps_check'=10
INFO:tenpy.tools.params:DMRG: subconfig 'mixer_params'=Config(<3 options>, 'mixer_params')
INFO:tenpy.tools.params:DMRG: reading 'mixer'=None
INFO:tenpy.tools.params:DMRG: reading 'max_sweeps'=100
INFO:tenpy.tools.params:DMRG: reading 'max_hours'=8760
INFO:tenpy.tools.params:DMRG: reading 'P_tol_to_trunc'=0.05
INFO:tenpy.tools.params:DMRG: reading 'P_tol_min'=5.0000000000000004e-30
INFO:tenpy.tools.params:DMRG: reading 'P_tol_max'=0.0001
INFO:tenpy.tools.params:DMRG: reading 'E_tol_to_trunc'=None
INFO:tenpy.algorithms.dmrg:Running sweep with optimization
INFO:tenpy.tools.params:DMRG: reading 'max_N_for_ED'=400
INFO:tenpy.tools.params:DMRG: reading 'update_env'=5
INFO:tenpy.algorithms.mps_common:start environment_sweep
INFO:tenpy.algorithms.dmrg:checkpoint after sweep 10
energy=-0.7106101200690205, max S=3.3343739582400356, age=396, norm_err=4.3e-09
Current memory usage 718.2MB, wall time: 123.9s
Delta E = nan, Delta S = -1.9908e-04 (per sweep)
max trunc_err = 6.5878e-06, max E_trunc = 8.0948e-05
chi: [512, 512, 512, 512, 512, 512, 512, 512, 512, 512, 512, 512]
================================================================================
INFO:tenpy.algorithms.dmrg:Running sweep with optimization
INFO:tenpy.algorithms.mps_common:start environment_sweep
INFO:tenpy.algorithms.dmrg:checkpoint after sweep 20
energy=-0.7106101519795232, max S=3.3343941607682304, age=756, norm_err=5.1e-09
Current memory usage 718.2MB, wall time: 100.6s
Delta E = -3.1911e-09, Delta S = 2.8036e-06 (per sweep)
max trunc_err = 6.5883e-06, max E_trunc = 8.0939e-05
chi: [512, 512, 512, 512, 512, 512, 512, 512, 512, 512, 512, 512]
================================================================================
INFO:tenpy.tools.params:DMRG: reading 'max_E_err'=1e-08
INFO:tenpy.tools.params:DMRG: reading 'max_S_err'=1e-05
INFO:tenpy.tools.params:DMRG: reading 'norm_tol'=1e-05
INFO:tenpy.tools.params:DMRG: reading 'norm_tol_final'=1e-10
INFO:tenpy.tools.params:DMRG: reading 'norm_tol_iter'=5
WARNING:tenpy.algorithms.dmrg:final DMRG state not in canonical form up to norm_tol_final=1.00e-10: norm_err=5.13e-09, calling psi.canonical_form()
INFO:tenpy.algorithms.dmrg:TwoSiteDMRGEngine finished after 20 sweeps, max chi=512
INFO:tenpy.tools.params:DMRG: reading 'max_trunc_err'=0.0001
INFO:tenpy.tools.params:MixedHofstadterLandauGauge_Pi_2: reading 'explicit_plus_hc'=False
INFO:tenpy.tools.params:MixedHofstadterLandauGauge_Pi_2: reading 'Lx'=2
INFO:tenpy.tools.params:MixedHofstadterLandauGauge_Pi_2: setting 'N_rings'=2
INFO:tenpy.tools.params:MixedHofstadterLandauGauge_Pi_2: reading 'xy_lattice'='Square'
INFO:tenpy.tools.params:MixedHofstadterLandauGauge_Pi_2: reading 'Ly'=6
INFO:tenpy.tools.params:MixedHofstadterLandauGauge_Pi_2: reading 'ring_order'=None
INFO:tenpy.tools.params:MixedHofstadterLandauGauge_Pi_2: reading 'conserve_k'=True
INFO:tenpy.tools.params:MixedHofstadterLandauGauge_Pi_2: reading 'bc_MPS'='infinite'
INFO:tenpy.tools.params:MixedHofstadterLandauGauge_Pi_2: reading 't'=-1
INFO:tenpy.tools.params:MixedHofstadterLandauGauge_Pi_2: reading 't2'=-0.25
INFO:tenpy.tools.params:MixedHofstadterLandauGauge_Pi_2: reading 'V1'=0.6
INFO:tenpy.tools.params:MixedHofstadterLandauGauge_Pi_2: reading 'phi_ext'=np.float64(0.35000000000000003)
INFO:tenpy.tools.params:MixedHofstadterLandauGauge_Pi_2: reading 'sort_mpo_legs'=False
/home/t30/kna/ge54yin/Documents/MasterThesisFQHinTMDs/MPS_stuff/MPScalculations/.venv/lib/python3.12/site-packages/tenpy/tools/params.py:232: UserWarning: unused options for config MixedHofstadterLandauGauge_Pi_2:
['Delta', 'N_rings', 'Nsec', 'bc', 'chi_max', 'ktot', 'saveAll']
  warnings.warn(msg.format(keys=sorted(unused), name=self.name))
INFO:tenpy.tools.params:DMRG: reading 'active_sites'=2
INFO:tenpy.tools.params:DMRG: reading 'diag_method'='default'
INFO:tenpy.tools.params:DMRG: subconfig 'trunc_params'=Config(<5 options>, 'trunc_params')
INFO:tenpy.tools.params:DMRG: reading 'max_N_sites_per_ring'=18
INFO:tenpy.tools.params:DMRG: reading 'combine'=False
INFO:tenpy.tools.params:DMRG: subconfig 'lanczos_params'=Config(<9 options>, 'lanczos_params')
INFO:tenpy.tools.params:DMRG: reading 'chi_list'=None
INFO:tenpy.tools.params:DMRG: reading 'start_env'=1
INFO:tenpy.algorithms.mps_common:start environment_sweep
INFO:tenpy.tools.params:DMRG: reading 'N_sweeps_check'=10
INFO:tenpy.tools.params:DMRG: subconfig 'mixer_params'=Config(<3 options>, 'mixer_params')
INFO:tenpy.tools.params:DMRG: reading 'mixer'=None
INFO:tenpy.tools.params:DMRG: reading 'max_sweeps'=100
INFO:tenpy.tools.params:DMRG: reading 'max_hours'=8760
INFO:tenpy.tools.params:DMRG: reading 'P_tol_to_trunc'=0.05
INFO:tenpy.tools.params:DMRG: reading 'P_tol_min'=5.0000000000000004e-30
INFO:tenpy.tools.params:DMRG: reading 'P_tol_max'=0.0001
INFO:tenpy.tools.params:DMRG: reading 'E_tol_to_trunc'=None
INFO:tenpy.algorithms.dmrg:Running sweep with optimization
INFO:tenpy.tools.params:DMRG: reading 'max_N_for_ED'=400
INFO:tenpy.tools.params:DMRG: reading 'update_env'=5
INFO:tenpy.algorithms.mps_common:start environment_sweep
INFO:tenpy.algorithms.dmrg:checkpoint after sweep 10
energy=-0.7105794045683140, max S=3.3456642533815368, age=396, norm_err=4.6e-09
Current memory usage 718.2MB, wall time: 124.1s
Delta E = nan, Delta S = -2.0012e-04 (per sweep)
max trunc_err = 6.8014e-06, max E_trunc = 8.4349e-05
chi: [512, 512, 512, 512, 512, 512, 512, 512, 512, 512, 512, 512]
================================================================================
INFO:tenpy.algorithms.dmrg:Running sweep with optimization
INFO:tenpy.algorithms.mps_common:start environment_sweep
INFO:tenpy.algorithms.dmrg:checkpoint after sweep 20
energy=-0.7105794565198190, max S=3.3456884290040021, age=756, norm_err=5.8e-09
Current memory usage 718.2MB, wall time: 100.6s
Delta E = -5.1952e-09, Delta S = 1.9985e-06 (per sweep)
max trunc_err = 6.7533e-06, max E_trunc = 8.3668e-05
chi: [512, 512, 512, 512, 512, 512, 512, 512, 512, 512, 512, 512]
================================================================================
INFO:tenpy.tools.params:DMRG: reading 'max_E_err'=1e-08
INFO:tenpy.tools.params:DMRG: reading 'max_S_err'=1e-05
INFO:tenpy.tools.params:DMRG: reading 'norm_tol'=1e-05
INFO:tenpy.tools.params:DMRG: reading 'norm_tol_final'=1e-10
INFO:tenpy.tools.params:DMRG: reading 'norm_tol_iter'=5
WARNING:tenpy.algorithms.dmrg:final DMRG state not in canonical form up to norm_tol_final=1.00e-10: norm_err=5.75e-09, calling psi.canonical_form()
INFO:tenpy.algorithms.dmrg:TwoSiteDMRGEngine finished after 20 sweeps, max chi=512
INFO:tenpy.tools.params:DMRG: reading 'max_trunc_err'=0.0001
INFO:tenpy.tools.params:MixedHofstadterLandauGauge_Pi_2: reading 'explicit_plus_hc'=False
INFO:tenpy.tools.params:MixedHofstadterLandauGauge_Pi_2: reading 'Lx'=2
INFO:tenpy.tools.params:MixedHofstadterLandauGauge_Pi_2: setting 'N_rings'=2
INFO:tenpy.tools.params:MixedHofstadterLandauGauge_Pi_2: reading 'xy_lattice'='Square'
INFO:tenpy.tools.params:MixedHofstadterLandauGauge_Pi_2: reading 'Ly'=6
INFO:tenpy.tools.params:MixedHofstadterLandauGauge_Pi_2: reading 'ring_order'=None
INFO:tenpy.tools.params:MixedHofstadterLandauGauge_Pi_2: reading 'conserve_k'=True
INFO:tenpy.tools.params:MixedHofstadterLandauGauge_Pi_2: reading 'bc_MPS'='infinite'
INFO:tenpy.tools.params:MixedHofstadterLandauGauge_Pi_2: reading 't'=-1
INFO:tenpy.tools.params:MixedHofstadterLandauGauge_Pi_2: reading 't2'=-0.25
INFO:tenpy.tools.params:MixedHofstadterLandauGauge_Pi_2: reading 'V1'=0.6
INFO:tenpy.tools.params:MixedHofstadterLandauGauge_Pi_2: reading 'phi_ext'=np.float64(0.4)
INFO:tenpy.tools.params:MixedHofstadterLandauGauge_Pi_2: reading 'sort_mpo_legs'=False
/home/t30/kna/ge54yin/Documents/MasterThesisFQHinTMDs/MPS_stuff/MPScalculations/.venv/lib/python3.12/site-packages/tenpy/tools/params.py:232: UserWarning: unused options for config MixedHofstadterLandauGauge_Pi_2:
['Delta', 'N_rings', 'Nsec', 'bc', 'chi_max', 'ktot', 'saveAll']
  warnings.warn(msg.format(keys=sorted(unused), name=self.name))
INFO:tenpy.tools.params:DMRG: reading 'active_sites'=2
INFO:tenpy.tools.params:DMRG: reading 'diag_method'='default'
INFO:tenpy.tools.params:DMRG: subconfig 'trunc_params'=Config(<5 options>, 'trunc_params')
INFO:tenpy.tools.params:DMRG: reading 'max_N_sites_per_ring'=18
INFO:tenpy.tools.params:DMRG: reading 'combine'=False
INFO:tenpy.tools.params:DMRG: subconfig 'lanczos_params'=Config(<9 options>, 'lanczos_params')
INFO:tenpy.tools.params:DMRG: reading 'chi_list'=None
INFO:tenpy.tools.params:DMRG: reading 'start_env'=1
INFO:tenpy.algorithms.mps_common:start environment_sweep
INFO:tenpy.tools.params:DMRG: reading 'N_sweeps_check'=10
INFO:tenpy.tools.params:DMRG: subconfig 'mixer_params'=Config(<3 options>, 'mixer_params')
INFO:tenpy.tools.params:DMRG: reading 'mixer'=None
INFO:tenpy.tools.params:DMRG: reading 'max_sweeps'=100
INFO:tenpy.tools.params:DMRG: reading 'max_hours'=8760
INFO:tenpy.tools.params:DMRG: reading 'P_tol_to_trunc'=0.05
INFO:tenpy.tools.params:DMRG: reading 'P_tol_min'=5.0000000000000004e-30
INFO:tenpy.tools.params:DMRG: reading 'P_tol_max'=0.0001
INFO:tenpy.tools.params:DMRG: reading 'E_tol_to_trunc'=None
INFO:tenpy.algorithms.dmrg:Running sweep with optimization
INFO:tenpy.tools.params:DMRG: reading 'max_N_for_ED'=400
INFO:tenpy.tools.params:DMRG: reading 'update_env'=5
INFO:tenpy.algorithms.mps_common:start environment_sweep
INFO:tenpy.algorithms.dmrg:checkpoint after sweep 10
energy=-0.7105532118635054, max S=3.3546003693955342, age=396, norm_err=4.9e-09
Current memory usage 718.2MB, wall time: 123.8s
Delta E = nan, Delta S = -1.7317e-04 (per sweep)
max trunc_err = 6.7509e-06, max E_trunc = 8.2965e-05
chi: [512, 512, 512, 512, 512, 512, 512, 512, 512, 512, 512, 512]
================================================================================
INFO:tenpy.algorithms.dmrg:Running sweep with optimization
INFO:tenpy.algorithms.mps_common:start environment_sweep
INFO:tenpy.algorithms.dmrg:checkpoint after sweep 20
energy=-0.7105531847111118, max S=3.3545821797859272, age=756, norm_err=6.3e-09
Current memory usage 718.2MB, wall time: 101.3s
Delta E = 2.7152e-09, Delta S = -1.5491e-06 (per sweep)
max trunc_err = 6.7344e-06, max E_trunc = 8.2744e-05
chi: [512, 512, 512, 512, 512, 512, 512, 512, 512, 512, 512, 512]
================================================================================
INFO:tenpy.tools.params:DMRG: reading 'max_E_err'=1e-08
INFO:tenpy.tools.params:DMRG: reading 'max_S_err'=1e-05
INFO:tenpy.tools.params:DMRG: reading 'norm_tol'=1e-05
INFO:tenpy.tools.params:DMRG: reading 'norm_tol_final'=1e-10
INFO:tenpy.tools.params:DMRG: reading 'norm_tol_iter'=5
WARNING:tenpy.algorithms.dmrg:final DMRG state not in canonical form up to norm_tol_final=1.00e-10: norm_err=6.28e-09, calling psi.canonical_form()
INFO:tenpy.algorithms.dmrg:TwoSiteDMRGEngine finished after 20 sweeps, max chi=512
INFO:tenpy.tools.params:DMRG: reading 'max_trunc_err'=0.0001
INFO:tenpy.tools.params:MixedHofstadterLandauGauge_Pi_2: reading 'explicit_plus_hc'=False
INFO:tenpy.tools.params:MixedHofstadterLandauGauge_Pi_2: reading 'Lx'=2
INFO:tenpy.tools.params:MixedHofstadterLandauGauge_Pi_2: setting 'N_rings'=2
INFO:tenpy.tools.params:MixedHofstadterLandauGauge_Pi_2: reading 'xy_lattice'='Square'
INFO:tenpy.tools.params:MixedHofstadterLandauGauge_Pi_2: reading 'Ly'=6
INFO:tenpy.tools.params:MixedHofstadterLandauGauge_Pi_2: reading 'ring_order'=None
INFO:tenpy.tools.params:MixedHofstadterLandauGauge_Pi_2: reading 'conserve_k'=True
INFO:tenpy.tools.params:MixedHofstadterLandauGauge_Pi_2: reading 'bc_MPS'='infinite'
INFO:tenpy.tools.params:MixedHofstadterLandauGauge_Pi_2: reading 't'=-1
INFO:tenpy.tools.params:MixedHofstadterLandauGauge_Pi_2: reading 't2'=-0.25
INFO:tenpy.tools.params:MixedHofstadterLandauGauge_Pi_2: reading 'V1'=0.6
INFO:tenpy.tools.params:MixedHofstadterLandauGauge_Pi_2: reading 'phi_ext'=np.float64(0.45)
INFO:tenpy.tools.params:MixedHofstadterLandauGauge_Pi_2: reading 'sort_mpo_legs'=False
/home/t30/kna/ge54yin/Documents/MasterThesisFQHinTMDs/MPS_stuff/MPScalculations/.venv/lib/python3.12/site-packages/tenpy/tools/params.py:232: UserWarning: unused options for config MixedHofstadterLandauGauge_Pi_2:
['Delta', 'N_rings', 'Nsec', 'bc', 'chi_max', 'ktot', 'saveAll']
  warnings.warn(msg.format(keys=sorted(unused), name=self.name))
INFO:tenpy.tools.params:DMRG: reading 'active_sites'=2
INFO:tenpy.tools.params:DMRG: reading 'diag_method'='default'
INFO:tenpy.tools.params:DMRG: subconfig 'trunc_params'=Config(<5 options>, 'trunc_params')
INFO:tenpy.tools.params:DMRG: reading 'max_N_sites_per_ring'=18
INFO:tenpy.tools.params:DMRG: reading 'combine'=False
INFO:tenpy.tools.params:DMRG: subconfig 'lanczos_params'=Config(<9 options>, 'lanczos_params')
INFO:tenpy.tools.params:DMRG: reading 'chi_list'=None
INFO:tenpy.tools.params:DMRG: reading 'start_env'=1
INFO:tenpy.algorithms.mps_common:start environment_sweep
INFO:tenpy.tools.params:DMRG: reading 'N_sweeps_check'=10
INFO:tenpy.tools.params:DMRG: subconfig 'mixer_params'=Config(<3 options>, 'mixer_params')
INFO:tenpy.tools.params:DMRG: reading 'mixer'=None
INFO:tenpy.tools.params:DMRG: reading 'max_sweeps'=100
INFO:tenpy.tools.params:DMRG: reading 'max_hours'=8760
INFO:tenpy.tools.params:DMRG: reading 'P_tol_to_trunc'=0.05
INFO:tenpy.tools.params:DMRG: reading 'P_tol_min'=5.0000000000000004e-30
INFO:tenpy.tools.params:DMRG: reading 'P_tol_max'=0.0001
INFO:tenpy.tools.params:DMRG: reading 'E_tol_to_trunc'=None
INFO:tenpy.algorithms.dmrg:Running sweep with optimization
INFO:tenpy.tools.params:DMRG: reading 'max_N_for_ED'=400
INFO:tenpy.tools.params:DMRG: reading 'update_env'=5
INFO:tenpy.algorithms.mps_common:start environment_sweep
INFO:tenpy.algorithms.dmrg:checkpoint after sweep 10
energy=-0.7105346218653187, max S=3.3612382635061544, age=396, norm_err=4.0e-09
Current memory usage 718.2MB, wall time: 123.8s
Delta E = nan, Delta S = -1.2253e-04 (per sweep)
max trunc_err = 6.7333e-06, max E_trunc = 8.3107e-05
chi: [512, 512, 512, 512, 512, 512, 512, 512, 512, 512, 512, 512]
================================================================================
INFO:tenpy.algorithms.dmrg:Running sweep with optimization
INFO:tenpy.algorithms.mps_common:start environment_sweep
INFO:tenpy.algorithms.dmrg:checkpoint after sweep 20
energy=-0.7105347476900382, max S=3.3612030834303424, age=756, norm_err=5.8e-09
Current memory usage 718.2MB, wall time: 101.5s
Delta E = -1.2582e-08, Delta S = -1.8462e-06 (per sweep)
max trunc_err = 6.8157e-06, max E_trunc = 8.4211e-05
chi: [512, 512, 512, 512, 512, 512, 512, 512, 512, 512, 512, 512]
================================================================================
INFO:tenpy.tools.params:DMRG: reading 'max_E_err'=1e-08
INFO:tenpy.tools.params:DMRG: reading 'max_S_err'=1e-05
INFO:tenpy.algorithms.dmrg:Running sweep with optimization
INFO:tenpy.algorithms.mps_common:start environment_sweep
INFO:tenpy.algorithms.dmrg:checkpoint after sweep 30
energy=-0.7105347503947664, max S=3.3612020968041687, age=1116, norm_err=6.0e-09
Current memory usage 718.2MB, wall time: 101.1s
Delta E = -2.7047e-10, Delta S = -6.0806e-08 (per sweep)
max trunc_err = 6.8166e-06, max E_trunc = 8.4227e-05
chi: [512, 512, 512, 512, 512, 512, 512, 512, 512, 512, 512, 512]
================================================================================
INFO:tenpy.tools.params:DMRG: reading 'norm_tol'=1e-05
INFO:tenpy.tools.params:DMRG: reading 'norm_tol_final'=1e-10
INFO:tenpy.tools.params:DMRG: reading 'norm_tol_iter'=5
WARNING:tenpy.algorithms.dmrg:final DMRG state not in canonical form up to norm_tol_final=1.00e-10: norm_err=5.96e-09, calling psi.canonical_form()
INFO:tenpy.algorithms.dmrg:TwoSiteDMRGEngine finished after 30 sweeps, max chi=512
INFO:tenpy.tools.params:DMRG: reading 'max_trunc_err'=0.0001
INFO:tenpy.tools.params:MixedHofstadterLandauGauge_Pi_2: reading 'explicit_plus_hc'=False
INFO:tenpy.tools.params:MixedHofstadterLandauGauge_Pi_2: reading 'Lx'=2
INFO:tenpy.tools.params:MixedHofstadterLandauGauge_Pi_2: setting 'N_rings'=2
INFO:tenpy.tools.params:MixedHofstadterLandauGauge_Pi_2: reading 'xy_lattice'='Square'
INFO:tenpy.tools.params:MixedHofstadterLandauGauge_Pi_2: reading 'Ly'=6
INFO:tenpy.tools.params:MixedHofstadterLandauGauge_Pi_2: reading 'ring_order'=None
INFO:tenpy.tools.params:MixedHofstadterLandauGauge_Pi_2: reading 'conserve_k'=True
INFO:tenpy.tools.params:MixedHofstadterLandauGauge_Pi_2: reading 'bc_MPS'='infinite'
INFO:tenpy.tools.params:MixedHofstadterLandauGauge_Pi_2: reading 't'=-1
INFO:tenpy.tools.params:MixedHofstadterLandauGauge_Pi_2: reading 't2'=-0.25
INFO:tenpy.tools.params:MixedHofstadterLandauGauge_Pi_2: reading 'V1'=0.6
INFO:tenpy.tools.params:MixedHofstadterLandauGauge_Pi_2: reading 'phi_ext'=np.float64(0.5)
INFO:tenpy.tools.params:MixedHofstadterLandauGauge_Pi_2: reading 'sort_mpo_legs'=False
/home/t30/kna/ge54yin/Documents/MasterThesisFQHinTMDs/MPS_stuff/MPScalculations/.venv/lib/python3.12/site-packages/tenpy/tools/params.py:232: UserWarning: unused options for config MixedHofstadterLandauGauge_Pi_2:
['Delta', 'N_rings', 'Nsec', 'bc', 'chi_max', 'ktot', 'saveAll']
  warnings.warn(msg.format(keys=sorted(unused), name=self.name))
INFO:tenpy.tools.params:DMRG: reading 'active_sites'=2
INFO:tenpy.tools.params:DMRG: reading 'diag_method'='default'
INFO:tenpy.tools.params:DMRG: subconfig 'trunc_params'=Config(<5 options>, 'trunc_params')
INFO:tenpy.tools.params:DMRG: reading 'max_N_sites_per_ring'=18
INFO:tenpy.tools.params:DMRG: reading 'combine'=False
INFO:tenpy.tools.params:DMRG: subconfig 'lanczos_params'=Config(<9 options>, 'lanczos_params')
INFO:tenpy.tools.params:DMRG: reading 'chi_list'=None
INFO:tenpy.tools.params:DMRG: reading 'start_env'=1
INFO:tenpy.algorithms.mps_common:start environment_sweep
INFO:tenpy.tools.params:DMRG: reading 'N_sweeps_check'=10
INFO:tenpy.tools.params:DMRG: subconfig 'mixer_params'=Config(<3 options>, 'mixer_params')
INFO:tenpy.tools.params:DMRG: reading 'mixer'=None
INFO:tenpy.tools.params:DMRG: reading 'max_sweeps'=100
INFO:tenpy.tools.params:DMRG: reading 'max_hours'=8760
INFO:tenpy.tools.params:DMRG: reading 'P_tol_to_trunc'=0.05
INFO:tenpy.tools.params:DMRG: reading 'P_tol_min'=5.0000000000000004e-30
INFO:tenpy.tools.params:DMRG: reading 'P_tol_max'=0.0001
INFO:tenpy.tools.params:DMRG: reading 'E_tol_to_trunc'=None
INFO:tenpy.algorithms.dmrg:Running sweep with optimization
INFO:tenpy.tools.params:DMRG: reading 'max_N_for_ED'=400
INFO:tenpy.tools.params:DMRG: reading 'update_env'=5
INFO:tenpy.algorithms.mps_common:start environment_sweep
INFO:tenpy.algorithms.dmrg:checkpoint after sweep 10
energy=-0.7105257559598476, max S=3.3655643003870237, age=396, norm_err=4.8e-09
Current memory usage 718.2MB, wall time: 122.5s
Delta E = nan, Delta S = -5.3715e-05 (per sweep)
max trunc_err = 6.8469e-06, max E_trunc = 8.5464e-05
chi: [512, 512, 512, 512, 512, 512, 512, 512, 512, 512, 512, 512]
================================================================================
INFO:tenpy.algorithms.dmrg:Running sweep with optimization
INFO:tenpy.algorithms.mps_common:start environment_sweep
INFO:tenpy.algorithms.dmrg:checkpoint after sweep 20
energy=-0.7105257547380811, max S=3.3655824682477125, age=756, norm_err=4.9e-09
Current memory usage 718.2MB, wall time: 100.5s
Delta E = 1.2218e-10, Delta S = 2.4103e-06 (per sweep)
max trunc_err = 6.8304e-06, max E_trunc = 8.5320e-05
chi: [512, 512, 512, 512, 512, 512, 512, 512, 512, 512, 512, 512]
================================================================================
INFO:tenpy.tools.params:DMRG: reading 'max_E_err'=1e-08
INFO:tenpy.tools.params:DMRG: reading 'max_S_err'=1e-05
INFO:tenpy.tools.params:DMRG: reading 'norm_tol'=1e-05
INFO:tenpy.tools.params:DMRG: reading 'norm_tol_final'=1e-10
INFO:tenpy.tools.params:DMRG: reading 'norm_tol_iter'=5
WARNING:tenpy.algorithms.dmrg:final DMRG state not in canonical form up to norm_tol_final=1.00e-10: norm_err=4.90e-09, calling psi.canonical_form()
INFO:tenpy.algorithms.dmrg:TwoSiteDMRGEngine finished after 20 sweeps, max chi=512
INFO:tenpy.tools.params:DMRG: reading 'max_trunc_err'=0.0001
INFO:tenpy.tools.params:MixedHofstadterLandauGauge_Pi_2: reading 'explicit_plus_hc'=False
INFO:tenpy.tools.params:MixedHofstadterLandauGauge_Pi_2: reading 'Lx'=2
INFO:tenpy.tools.params:MixedHofstadterLandauGauge_Pi_2: setting 'N_rings'=2
INFO:tenpy.tools.params:MixedHofstadterLandauGauge_Pi_2: reading 'xy_lattice'='Square'
INFO:tenpy.tools.params:MixedHofstadterLandauGauge_Pi_2: reading 'Ly'=6
INFO:tenpy.tools.params:MixedHofstadterLandauGauge_Pi_2: reading 'ring_order'=None
INFO:tenpy.tools.params:MixedHofstadterLandauGauge_Pi_2: reading 'conserve_k'=True
INFO:tenpy.tools.params:MixedHofstadterLandauGauge_Pi_2: reading 'bc_MPS'='infinite'
INFO:tenpy.tools.params:MixedHofstadterLandauGauge_Pi_2: reading 't'=-1
INFO:tenpy.tools.params:MixedHofstadterLandauGauge_Pi_2: reading 't2'=-0.25
INFO:tenpy.tools.params:MixedHofstadterLandauGauge_Pi_2: reading 'V1'=0.6
INFO:tenpy.tools.params:MixedHofstadterLandauGauge_Pi_2: reading 'phi_ext'=np.float64(0.55)
INFO:tenpy.tools.params:MixedHofstadterLandauGauge_Pi_2: reading 'sort_mpo_legs'=False
/home/t30/kna/ge54yin/Documents/MasterThesisFQHinTMDs/MPS_stuff/MPScalculations/.venv/lib/python3.12/site-packages/tenpy/tools/params.py:232: UserWarning: unused options for config MixedHofstadterLandauGauge_Pi_2:
['Delta', 'N_rings', 'Nsec', 'bc', 'chi_max', 'ktot', 'saveAll']
  warnings.warn(msg.format(keys=sorted(unused), name=self.name))
INFO:tenpy.tools.params:DMRG: reading 'active_sites'=2
INFO:tenpy.tools.params:DMRG: reading 'diag_method'='default'
INFO:tenpy.tools.params:DMRG: subconfig 'trunc_params'=Config(<5 options>, 'trunc_params')
INFO:tenpy.tools.params:DMRG: reading 'max_N_sites_per_ring'=18
INFO:tenpy.tools.params:DMRG: reading 'combine'=False
INFO:tenpy.tools.params:DMRG: subconfig 'lanczos_params'=Config(<9 options>, 'lanczos_params')
INFO:tenpy.tools.params:DMRG: reading 'chi_list'=None
INFO:tenpy.tools.params:DMRG: reading 'start_env'=1
INFO:tenpy.algorithms.mps_common:start environment_sweep
INFO:tenpy.tools.params:DMRG: reading 'N_sweeps_check'=10
INFO:tenpy.tools.params:DMRG: subconfig 'mixer_params'=Config(<3 options>, 'mixer_params')
INFO:tenpy.tools.params:DMRG: reading 'mixer'=None
INFO:tenpy.tools.params:DMRG: reading 'max_sweeps'=100
INFO:tenpy.tools.params:DMRG: reading 'max_hours'=8760
INFO:tenpy.tools.params:DMRG: reading 'P_tol_to_trunc'=0.05
INFO:tenpy.tools.params:DMRG: reading 'P_tol_min'=5.0000000000000004e-30
INFO:tenpy.tools.params:DMRG: reading 'P_tol_max'=0.0001
INFO:tenpy.tools.params:DMRG: reading 'E_tol_to_trunc'=None
INFO:tenpy.algorithms.dmrg:Running sweep with optimization
INFO:tenpy.tools.params:DMRG: reading 'max_N_for_ED'=400
INFO:tenpy.tools.params:DMRG: reading 'update_env'=5
INFO:tenpy.algorithms.mps_common:start environment_sweep
INFO:tenpy.algorithms.dmrg:checkpoint after sweep 10
energy=-0.7105280632849755, max S=3.3674342889049154, age=396, norm_err=3.4e-09
Current memory usage 718.2MB, wall time: 122.5s
Delta E = nan, Delta S = 1.7555e-06 (per sweep)
max trunc_err = 6.6978e-06, max E_trunc = 8.3491e-05
chi: [512, 512, 512, 512, 512, 512, 512, 512, 512, 512, 512, 512]
================================================================================
INFO:tenpy.algorithms.dmrg:Running sweep with optimization
INFO:tenpy.algorithms.mps_common:start environment_sweep
INFO:tenpy.algorithms.dmrg:checkpoint after sweep 20
energy=-0.7105281021579183, max S=3.3674481633049158, age=756, norm_err=4.3e-09
Current memory usage 718.2MB, wall time: 100.0s
Delta E = -3.8873e-09, Delta S = 6.5282e-07 (per sweep)
max trunc_err = 6.7253e-06, max E_trunc = 8.3952e-05
chi: [512, 512, 512, 512, 512, 512, 512, 512, 512, 512, 512, 512]
================================================================================
INFO:tenpy.tools.params:DMRG: reading 'max_E_err'=1e-08
INFO:tenpy.tools.params:DMRG: reading 'max_S_err'=1e-05
INFO:tenpy.tools.params:DMRG: reading 'norm_tol'=1e-05
INFO:tenpy.tools.params:DMRG: reading 'norm_tol_final'=1e-10
INFO:tenpy.tools.params:DMRG: reading 'norm_tol_iter'=5
WARNING:tenpy.algorithms.dmrg:final DMRG state not in canonical form up to norm_tol_final=1.00e-10: norm_err=4.31e-09, calling psi.canonical_form()
INFO:tenpy.algorithms.dmrg:TwoSiteDMRGEngine finished after 20 sweeps, max chi=512
INFO:tenpy.tools.params:DMRG: reading 'max_trunc_err'=0.0001
INFO:tenpy.tools.params:MixedHofstadterLandauGauge_Pi_2: reading 'explicit_plus_hc'=False
INFO:tenpy.tools.params:MixedHofstadterLandauGauge_Pi_2: reading 'Lx'=2
INFO:tenpy.tools.params:MixedHofstadterLandauGauge_Pi_2: setting 'N_rings'=2
INFO:tenpy.tools.params:MixedHofstadterLandauGauge_Pi_2: reading 'xy_lattice'='Square'
INFO:tenpy.tools.params:MixedHofstadterLandauGauge_Pi_2: reading 'Ly'=6
INFO:tenpy.tools.params:MixedHofstadterLandauGauge_Pi_2: reading 'ring_order'=None
INFO:tenpy.tools.params:MixedHofstadterLandauGauge_Pi_2: reading 'conserve_k'=True
INFO:tenpy.tools.params:MixedHofstadterLandauGauge_Pi_2: reading 'bc_MPS'='infinite'
INFO:tenpy.tools.params:MixedHofstadterLandauGauge_Pi_2: reading 't'=-1
INFO:tenpy.tools.params:MixedHofstadterLandauGauge_Pi_2: reading 't2'=-0.25
INFO:tenpy.tools.params:MixedHofstadterLandauGauge_Pi_2: reading 'V1'=0.6
INFO:tenpy.tools.params:MixedHofstadterLandauGauge_Pi_2: reading 'phi_ext'=np.float64(0.6000000000000001)
INFO:tenpy.tools.params:MixedHofstadterLandauGauge_Pi_2: reading 'sort_mpo_legs'=False
/home/t30/kna/ge54yin/Documents/MasterThesisFQHinTMDs/MPS_stuff/MPScalculations/.venv/lib/python3.12/site-packages/tenpy/tools/params.py:232: UserWarning: unused options for config MixedHofstadterLandauGauge_Pi_2:
['Delta', 'N_rings', 'Nsec', 'bc', 'chi_max', 'ktot', 'saveAll']
  warnings.warn(msg.format(keys=sorted(unused), name=self.name))
INFO:tenpy.tools.params:DMRG: reading 'active_sites'=2
INFO:tenpy.tools.params:DMRG: reading 'diag_method'='default'
INFO:tenpy.tools.params:DMRG: subconfig 'trunc_params'=Config(<5 options>, 'trunc_params')
INFO:tenpy.tools.params:DMRG: reading 'max_N_sites_per_ring'=18
INFO:tenpy.tools.params:DMRG: reading 'combine'=False
INFO:tenpy.tools.params:DMRG: subconfig 'lanczos_params'=Config(<9 options>, 'lanczos_params')
INFO:tenpy.tools.params:DMRG: reading 'chi_list'=None
INFO:tenpy.tools.params:DMRG: reading 'start_env'=1
INFO:tenpy.algorithms.mps_common:start environment_sweep
INFO:tenpy.tools.params:DMRG: reading 'N_sweeps_check'=10
INFO:tenpy.tools.params:DMRG: subconfig 'mixer_params'=Config(<3 options>, 'mixer_params')
INFO:tenpy.tools.params:DMRG: reading 'mixer'=None
INFO:tenpy.tools.params:DMRG: reading 'max_sweeps'=100
INFO:tenpy.tools.params:DMRG: reading 'max_hours'=8760
INFO:tenpy.tools.params:DMRG: reading 'P_tol_to_trunc'=0.05
INFO:tenpy.tools.params:DMRG: reading 'P_tol_min'=5.0000000000000004e-30
INFO:tenpy.tools.params:DMRG: reading 'P_tol_max'=0.0001
INFO:tenpy.tools.params:DMRG: reading 'E_tol_to_trunc'=None
INFO:tenpy.algorithms.dmrg:Running sweep with optimization
INFO:tenpy.tools.params:DMRG: reading 'max_N_for_ED'=400
INFO:tenpy.tools.params:DMRG: reading 'update_env'=5
INFO:tenpy.algorithms.mps_common:start environment_sweep
INFO:tenpy.algorithms.dmrg:checkpoint after sweep 10
energy=-0.7105422806353635, max S=3.3666873014542085, age=396, norm_err=2.8e-09
Current memory usage 718.2MB, wall time: 124.1s
Delta E = nan, Delta S = 6.7647e-05 (per sweep)
max trunc_err = 6.4778e-06, max E_trunc = 8.1530e-05
chi: [512, 512, 512, 512, 512, 512, 512, 512, 512, 512, 512, 512]
================================================================================
INFO:tenpy.algorithms.dmrg:Running sweep with optimization
INFO:tenpy.algorithms.mps_common:start environment_sweep
INFO:tenpy.algorithms.dmrg:checkpoint after sweep 20
energy=-0.7105423749427757, max S=3.3667384328868621, age=756, norm_err=2.7e-09
Current memory usage 718.2MB, wall time: 100.7s
Delta E = -9.4307e-09, Delta S = 5.3095e-06 (per sweep)
max trunc_err = 6.4488e-06, max E_trunc = 8.1165e-05
chi: [512, 512, 512, 512, 512, 512, 512, 512, 512, 512, 512, 512]
================================================================================
INFO:tenpy.tools.params:DMRG: reading 'max_E_err'=1e-08
INFO:tenpy.tools.params:DMRG: reading 'max_S_err'=1e-05
INFO:tenpy.tools.params:DMRG: reading 'norm_tol'=1e-05
INFO:tenpy.tools.params:DMRG: reading 'norm_tol_final'=1e-10
INFO:tenpy.tools.params:DMRG: reading 'norm_tol_iter'=5
WARNING:tenpy.algorithms.dmrg:final DMRG state not in canonical form up to norm_tol_final=1.00e-10: norm_err=2.67e-09, calling psi.canonical_form()
INFO:tenpy.algorithms.dmrg:TwoSiteDMRGEngine finished after 20 sweeps, max chi=512
INFO:tenpy.tools.params:DMRG: reading 'max_trunc_err'=0.0001
INFO:tenpy.tools.params:MixedHofstadterLandauGauge_Pi_2: reading 'explicit_plus_hc'=False
INFO:tenpy.tools.params:MixedHofstadterLandauGauge_Pi_2: reading 'Lx'=2
INFO:tenpy.tools.params:MixedHofstadterLandauGauge_Pi_2: setting 'N_rings'=2
INFO:tenpy.tools.params:MixedHofstadterLandauGauge_Pi_2: reading 'xy_lattice'='Square'
INFO:tenpy.tools.params:MixedHofstadterLandauGauge_Pi_2: reading 'Ly'=6
INFO:tenpy.tools.params:MixedHofstadterLandauGauge_Pi_2: reading 'ring_order'=None
INFO:tenpy.tools.params:MixedHofstadterLandauGauge_Pi_2: reading 'conserve_k'=True
INFO:tenpy.tools.params:MixedHofstadterLandauGauge_Pi_2: reading 'bc_MPS'='infinite'
INFO:tenpy.tools.params:MixedHofstadterLandauGauge_Pi_2: reading 't'=-1
INFO:tenpy.tools.params:MixedHofstadterLandauGauge_Pi_2: reading 't2'=-0.25
INFO:tenpy.tools.params:MixedHofstadterLandauGauge_Pi_2: reading 'V1'=0.6
INFO:tenpy.tools.params:MixedHofstadterLandauGauge_Pi_2: reading 'phi_ext'=np.float64(0.65)
INFO:tenpy.tools.params:MixedHofstadterLandauGauge_Pi_2: reading 'sort_mpo_legs'=False
/home/t30/kna/ge54yin/Documents/MasterThesisFQHinTMDs/MPS_stuff/MPScalculations/.venv/lib/python3.12/site-packages/tenpy/tools/params.py:232: UserWarning: unused options for config MixedHofstadterLandauGauge_Pi_2:
['Delta', 'N_rings', 'Nsec', 'bc', 'chi_max', 'ktot', 'saveAll']
  warnings.warn(msg.format(keys=sorted(unused), name=self.name))
INFO:tenpy.tools.params:DMRG: reading 'active_sites'=2
INFO:tenpy.tools.params:DMRG: reading 'diag_method'='default'
INFO:tenpy.tools.params:DMRG: subconfig 'trunc_params'=Config(<5 options>, 'trunc_params')
INFO:tenpy.tools.params:DMRG: reading 'max_N_sites_per_ring'=18
INFO:tenpy.tools.params:DMRG: reading 'combine'=False
INFO:tenpy.tools.params:DMRG: subconfig 'lanczos_params'=Config(<9 options>, 'lanczos_params')
INFO:tenpy.tools.params:DMRG: reading 'chi_list'=None
INFO:tenpy.tools.params:DMRG: reading 'start_env'=1
INFO:tenpy.algorithms.mps_common:start environment_sweep
INFO:tenpy.tools.params:DMRG: reading 'N_sweeps_check'=10
INFO:tenpy.tools.params:DMRG: subconfig 'mixer_params'=Config(<3 options>, 'mixer_params')
INFO:tenpy.tools.params:DMRG: reading 'mixer'=None
INFO:tenpy.tools.params:DMRG: reading 'max_sweeps'=100
INFO:tenpy.tools.params:DMRG: reading 'max_hours'=8760
INFO:tenpy.tools.params:DMRG: reading 'P_tol_to_trunc'=0.05
INFO:tenpy.tools.params:DMRG: reading 'P_tol_min'=5.0000000000000004e-30
INFO:tenpy.tools.params:DMRG: reading 'P_tol_max'=0.0001
INFO:tenpy.tools.params:DMRG: reading 'E_tol_to_trunc'=None
INFO:tenpy.algorithms.dmrg:Running sweep with optimization
INFO:tenpy.tools.params:DMRG: reading 'max_N_for_ED'=400
INFO:tenpy.tools.params:DMRG: reading 'update_env'=5
INFO:tenpy.algorithms.mps_common:start environment_sweep
INFO:tenpy.algorithms.dmrg:checkpoint after sweep 10
energy=-0.7105684628492028, max S=3.3631732553721108, age=396, norm_err=1.8e-09
Current memory usage 718.2MB, wall time: 124.6s
Delta E = nan, Delta S = 1.1087e-04 (per sweep)
max trunc_err = 6.4852e-06, max E_trunc = 8.2075e-05
chi: [512, 512, 512, 512, 512, 512, 512, 512, 512, 512, 512, 512]
================================================================================
INFO:tenpy.algorithms.dmrg:Running sweep with optimization
INFO:tenpy.algorithms.mps_common:start environment_sweep
INFO:tenpy.algorithms.dmrg:checkpoint after sweep 20
energy=-0.7105685688874104, max S=3.3631768068479380, age=756, norm_err=2.4e-09
Current memory usage 718.2MB, wall time: 100.8s
Delta E = -1.0604e-08, Delta S = 9.1579e-07 (per sweep)
max trunc_err = 6.4773e-06, max E_trunc = 8.2061e-05
chi: [512, 512, 512, 512, 512, 512, 512, 512, 512, 512, 512, 512]
================================================================================
INFO:tenpy.tools.params:DMRG: reading 'max_E_err'=1e-08
INFO:tenpy.tools.params:DMRG: reading 'max_S_err'=1e-05
INFO:tenpy.algorithms.dmrg:Running sweep with optimization
INFO:tenpy.algorithms.mps_common:start environment_sweep
INFO:tenpy.algorithms.dmrg:checkpoint after sweep 30
energy=-0.7105685850871595, max S=3.3631972252236828, age=1116, norm_err=2.4e-09
Current memory usage 718.2MB, wall time: 100.7s
Delta E = -1.6200e-09, Delta S = 2.8705e-06 (per sweep)
max trunc_err = 6.4813e-06, max E_trunc = 8.1992e-05
chi: [512, 512, 512, 512, 512, 512, 512, 512, 512, 512, 512, 512]
================================================================================
INFO:tenpy.tools.params:DMRG: reading 'norm_tol'=1e-05
INFO:tenpy.tools.params:DMRG: reading 'norm_tol_final'=1e-10
INFO:tenpy.tools.params:DMRG: reading 'norm_tol_iter'=5
WARNING:tenpy.algorithms.dmrg:final DMRG state not in canonical form up to norm_tol_final=1.00e-10: norm_err=2.38e-09, calling psi.canonical_form()
INFO:tenpy.algorithms.dmrg:TwoSiteDMRGEngine finished after 30 sweeps, max chi=512
INFO:tenpy.tools.params:DMRG: reading 'max_trunc_err'=0.0001
INFO:tenpy.tools.params:MixedHofstadterLandauGauge_Pi_2: reading 'explicit_plus_hc'=False
INFO:tenpy.tools.params:MixedHofstadterLandauGauge_Pi_2: reading 'Lx'=2
INFO:tenpy.tools.params:MixedHofstadterLandauGauge_Pi_2: setting 'N_rings'=2
INFO:tenpy.tools.params:MixedHofstadterLandauGauge_Pi_2: reading 'xy_lattice'='Square'
INFO:tenpy.tools.params:MixedHofstadterLandauGauge_Pi_2: reading 'Ly'=6
INFO:tenpy.tools.params:MixedHofstadterLandauGauge_Pi_2: reading 'ring_order'=None
INFO:tenpy.tools.params:MixedHofstadterLandauGauge_Pi_2: reading 'conserve_k'=True
INFO:tenpy.tools.params:MixedHofstadterLandauGauge_Pi_2: reading 'bc_MPS'='infinite'
INFO:tenpy.tools.params:MixedHofstadterLandauGauge_Pi_2: reading 't'=-1
INFO:tenpy.tools.params:MixedHofstadterLandauGauge_Pi_2: reading 't2'=-0.25
INFO:tenpy.tools.params:MixedHofstadterLandauGauge_Pi_2: reading 'V1'=0.6
INFO:tenpy.tools.params:MixedHofstadterLandauGauge_Pi_2: reading 'phi_ext'=np.float64(0.7000000000000001)
INFO:tenpy.tools.params:MixedHofstadterLandauGauge_Pi_2: reading 'sort_mpo_legs'=False
/home/t30/kna/ge54yin/Documents/MasterThesisFQHinTMDs/MPS_stuff/MPScalculations/.venv/lib/python3.12/site-packages/tenpy/tools/params.py:232: UserWarning: unused options for config MixedHofstadterLandauGauge_Pi_2:
['Delta', 'N_rings', 'Nsec', 'bc', 'chi_max', 'ktot', 'saveAll']
  warnings.warn(msg.format(keys=sorted(unused), name=self.name))
INFO:tenpy.tools.params:DMRG: reading 'active_sites'=2
INFO:tenpy.tools.params:DMRG: reading 'diag_method'='default'
INFO:tenpy.tools.params:DMRG: subconfig 'trunc_params'=Config(<5 options>, 'trunc_params')
INFO:tenpy.tools.params:DMRG: reading 'max_N_sites_per_ring'=18
INFO:tenpy.tools.params:DMRG: reading 'combine'=False
INFO:tenpy.tools.params:DMRG: subconfig 'lanczos_params'=Config(<9 options>, 'lanczos_params')
INFO:tenpy.tools.params:DMRG: reading 'chi_list'=None
INFO:tenpy.tools.params:DMRG: reading 'start_env'=1
INFO:tenpy.algorithms.mps_common:start environment_sweep
INFO:tenpy.tools.params:DMRG: reading 'N_sweeps_check'=10
INFO:tenpy.tools.params:DMRG: subconfig 'mixer_params'=Config(<3 options>, 'mixer_params')
INFO:tenpy.tools.params:DMRG: reading 'mixer'=None
INFO:tenpy.tools.params:DMRG: reading 'max_sweeps'=100
INFO:tenpy.tools.params:DMRG: reading 'max_hours'=8760
INFO:tenpy.tools.params:DMRG: reading 'P_tol_to_trunc'=0.05
INFO:tenpy.tools.params:DMRG: reading 'P_tol_min'=5.0000000000000004e-30
INFO:tenpy.tools.params:DMRG: reading 'P_tol_max'=0.0001
INFO:tenpy.tools.params:DMRG: reading 'E_tol_to_trunc'=None
INFO:tenpy.algorithms.dmrg:Running sweep with optimization
INFO:tenpy.tools.params:DMRG: reading 'max_N_for_ED'=400
INFO:tenpy.tools.params:DMRG: reading 'update_env'=5
INFO:tenpy.algorithms.mps_common:start environment_sweep
INFO:tenpy.algorithms.dmrg:checkpoint after sweep 10
energy=-0.7106056962239720, max S=3.3561444572034969, age=396, norm_err=1.5e-09
Current memory usage 718.2MB, wall time: 124.0s
Delta E = nan, Delta S = 8.8877e-05 (per sweep)
max trunc_err = 6.6238e-06, max E_trunc = 8.3112e-05
chi: [512, 512, 512, 512, 512, 512, 512, 512, 512, 512, 512, 512]
================================================================================
INFO:tenpy.algorithms.dmrg:Running sweep with optimization
INFO:tenpy.algorithms.mps_common:start environment_sweep
INFO:tenpy.algorithms.dmrg:checkpoint after sweep 20
energy=-0.7106056979812934, max S=3.3561652216282853, age=756, norm_err=1.6e-09
Current memory usage 718.2MB, wall time: 100.4s
Delta E = -1.7573e-10, Delta S = 2.2036e-06 (per sweep)
max trunc_err = 6.6207e-06, max E_trunc = 8.3052e-05
chi: [512, 512, 512, 512, 512, 512, 512, 512, 512, 512, 512, 512]
================================================================================
INFO:tenpy.tools.params:DMRG: reading 'max_E_err'=1e-08
INFO:tenpy.tools.params:DMRG: reading 'max_S_err'=1e-05
INFO:tenpy.tools.params:DMRG: reading 'norm_tol'=1e-05
INFO:tenpy.tools.params:DMRG: reading 'norm_tol_final'=1e-10
INFO:tenpy.tools.params:DMRG: reading 'norm_tol_iter'=5
WARNING:tenpy.algorithms.dmrg:final DMRG state not in canonical form up to norm_tol_final=1.00e-10: norm_err=1.60e-09, calling psi.canonical_form()
INFO:tenpy.algorithms.dmrg:TwoSiteDMRGEngine finished after 20 sweeps, max chi=512
INFO:tenpy.tools.params:DMRG: reading 'max_trunc_err'=0.0001
INFO:tenpy.tools.params:MixedHofstadterLandauGauge_Pi_2: reading 'explicit_plus_hc'=False
INFO:tenpy.tools.params:MixedHofstadterLandauGauge_Pi_2: reading 'Lx'=2
INFO:tenpy.tools.params:MixedHofstadterLandauGauge_Pi_2: setting 'N_rings'=2
INFO:tenpy.tools.params:MixedHofstadterLandauGauge_Pi_2: reading 'xy_lattice'='Square'
INFO:tenpy.tools.params:MixedHofstadterLandauGauge_Pi_2: reading 'Ly'=6
INFO:tenpy.tools.params:MixedHofstadterLandauGauge_Pi_2: reading 'ring_order'=None
INFO:tenpy.tools.params:MixedHofstadterLandauGauge_Pi_2: reading 'conserve_k'=True
INFO:tenpy.tools.params:MixedHofstadterLandauGauge_Pi_2: reading 'bc_MPS'='infinite'
INFO:tenpy.tools.params:MixedHofstadterLandauGauge_Pi_2: reading 't'=-1
INFO:tenpy.tools.params:MixedHofstadterLandauGauge_Pi_2: reading 't2'=-0.25
INFO:tenpy.tools.params:MixedHofstadterLandauGauge_Pi_2: reading 'V1'=0.6
INFO:tenpy.tools.params:MixedHofstadterLandauGauge_Pi_2: reading 'phi_ext'=np.float64(0.75)
INFO:tenpy.tools.params:MixedHofstadterLandauGauge_Pi_2: reading 'sort_mpo_legs'=False
/home/t30/kna/ge54yin/Documents/MasterThesisFQHinTMDs/MPS_stuff/MPScalculations/.venv/lib/python3.12/site-packages/tenpy/tools/params.py:232: UserWarning: unused options for config MixedHofstadterLandauGauge_Pi_2:
['Delta', 'N_rings', 'Nsec', 'bc', 'chi_max', 'ktot', 'saveAll']
  warnings.warn(msg.format(keys=sorted(unused), name=self.name))
INFO:tenpy.tools.params:DMRG: reading 'active_sites'=2
INFO:tenpy.tools.params:DMRG: reading 'diag_method'='default'
INFO:tenpy.tools.params:DMRG: subconfig 'trunc_params'=Config(<5 options>, 'trunc_params')
INFO:tenpy.tools.params:DMRG: reading 'max_N_sites_per_ring'=18
INFO:tenpy.tools.params:DMRG: reading 'combine'=False
INFO:tenpy.tools.params:DMRG: subconfig 'lanczos_params'=Config(<9 options>, 'lanczos_params')
INFO:tenpy.tools.params:DMRG: reading 'chi_list'=None
INFO:tenpy.tools.params:DMRG: reading 'start_env'=1
INFO:tenpy.algorithms.mps_common:start environment_sweep
INFO:tenpy.tools.params:DMRG: reading 'N_sweeps_check'=10
INFO:tenpy.tools.params:DMRG: subconfig 'mixer_params'=Config(<3 options>, 'mixer_params')
INFO:tenpy.tools.params:DMRG: reading 'mixer'=None
INFO:tenpy.tools.params:DMRG: reading 'max_sweeps'=100
INFO:tenpy.tools.params:DMRG: reading 'max_hours'=8760
INFO:tenpy.tools.params:DMRG: reading 'P_tol_to_trunc'=0.05
INFO:tenpy.tools.params:DMRG: reading 'P_tol_min'=5.0000000000000004e-30
INFO:tenpy.tools.params:DMRG: reading 'P_tol_max'=0.0001
INFO:tenpy.tools.params:DMRG: reading 'E_tol_to_trunc'=None
INFO:tenpy.algorithms.dmrg:Running sweep with optimization
INFO:tenpy.tools.params:DMRG: reading 'max_N_for_ED'=400
INFO:tenpy.tools.params:DMRG: reading 'update_env'=5
INFO:tenpy.algorithms.mps_common:start environment_sweep
INFO:tenpy.algorithms.dmrg:checkpoint after sweep 10
energy=-0.7106526828006542, max S=3.3455994549043919, age=396, norm_err=7.7e-10
Current memory usage 718.2MB, wall time: 128.2s
Delta E = nan, Delta S = 7.4508e-05 (per sweep)
max trunc_err = 6.6327e-06, max E_trunc = 8.3319e-05
chi: [512, 512, 512, 512, 512, 512, 512, 512, 512, 512, 512, 512]
================================================================================
INFO:tenpy.algorithms.dmrg:Running sweep with optimization
INFO:tenpy.algorithms.mps_common:start environment_sweep
INFO:tenpy.algorithms.dmrg:checkpoint after sweep 20
energy=-0.7106526560431282, max S=3.3456577177261924, age=756, norm_err=7.2e-10
Current memory usage 718.2MB, wall time: 186.4s
Delta E = 2.6758e-09, Delta S = 7.4444e-06 (per sweep)
max trunc_err = 6.6428e-06, max E_trunc = 8.3483e-05
chi: [512, 512, 512, 512, 512, 512, 512, 512, 512, 512, 512, 512]
================================================================================
INFO:tenpy.tools.params:DMRG: reading 'max_E_err'=1e-08
INFO:tenpy.tools.params:DMRG: reading 'max_S_err'=1e-05
INFO:tenpy.tools.params:DMRG: reading 'norm_tol'=1e-05
INFO:tenpy.tools.params:DMRG: reading 'norm_tol_final'=1e-10
INFO:tenpy.tools.params:DMRG: reading 'norm_tol_iter'=5
WARNING:tenpy.algorithms.dmrg:final DMRG state not in canonical form up to norm_tol_final=1.00e-10: norm_err=7.20e-10, calling psi.canonical_form()
INFO:tenpy.algorithms.dmrg:TwoSiteDMRGEngine finished after 20 sweeps, max chi=512
INFO:tenpy.tools.params:DMRG: reading 'max_trunc_err'=0.0001
INFO:tenpy.tools.params:MixedHofstadterLandauGauge_Pi_2: reading 'explicit_plus_hc'=False
INFO:tenpy.tools.params:MixedHofstadterLandauGauge_Pi_2: reading 'Lx'=2
INFO:tenpy.tools.params:MixedHofstadterLandauGauge_Pi_2: setting 'N_rings'=2
INFO:tenpy.tools.params:MixedHofstadterLandauGauge_Pi_2: reading 'xy_lattice'='Square'
INFO:tenpy.tools.params:MixedHofstadterLandauGauge_Pi_2: reading 'Ly'=6
INFO:tenpy.tools.params:MixedHofstadterLandauGauge_Pi_2: reading 'ring_order'=None
INFO:tenpy.tools.params:MixedHofstadterLandauGauge_Pi_2: reading 'conserve_k'=True
INFO:tenpy.tools.params:MixedHofstadterLandauGauge_Pi_2: reading 'bc_MPS'='infinite'
INFO:tenpy.tools.params:MixedHofstadterLandauGauge_Pi_2: reading 't'=-1
INFO:tenpy.tools.params:MixedHofstadterLandauGauge_Pi_2: reading 't2'=-0.25
INFO:tenpy.tools.params:MixedHofstadterLandauGauge_Pi_2: reading 'V1'=0.6
INFO:tenpy.tools.params:MixedHofstadterLandauGauge_Pi_2: reading 'phi_ext'=np.float64(0.8)
INFO:tenpy.tools.params:MixedHofstadterLandauGauge_Pi_2: reading 'sort_mpo_legs'=False
/home/t30/kna/ge54yin/Documents/MasterThesisFQHinTMDs/MPS_stuff/MPScalculations/.venv/lib/python3.12/site-packages/tenpy/tools/params.py:232: UserWarning: unused options for config MixedHofstadterLandauGauge_Pi_2:
['Delta', 'N_rings', 'Nsec', 'bc', 'chi_max', 'ktot', 'saveAll']
  warnings.warn(msg.format(keys=sorted(unused), name=self.name))
INFO:tenpy.tools.params:DMRG: reading 'active_sites'=2
INFO:tenpy.tools.params:DMRG: reading 'diag_method'='default'
INFO:tenpy.tools.params:DMRG: subconfig 'trunc_params'=Config(<5 options>, 'trunc_params')
INFO:tenpy.tools.params:DMRG: reading 'max_N_sites_per_ring'=18
INFO:tenpy.tools.params:DMRG: reading 'combine'=False
INFO:tenpy.tools.params:DMRG: subconfig 'lanczos_params'=Config(<9 options>, 'lanczos_params')
INFO:tenpy.tools.params:DMRG: reading 'chi_list'=None
INFO:tenpy.tools.params:DMRG: reading 'start_env'=1
INFO:tenpy.algorithms.mps_common:start environment_sweep
INFO:tenpy.tools.params:DMRG: reading 'N_sweeps_check'=10
INFO:tenpy.tools.params:DMRG: subconfig 'mixer_params'=Config(<3 options>, 'mixer_params')
INFO:tenpy.tools.params:DMRG: reading 'mixer'=None
INFO:tenpy.tools.params:DMRG: reading 'max_sweeps'=100
INFO:tenpy.tools.params:DMRG: reading 'max_hours'=8760
INFO:tenpy.tools.params:DMRG: reading 'P_tol_to_trunc'=0.05
INFO:tenpy.tools.params:DMRG: reading 'P_tol_min'=5.0000000000000004e-30
INFO:tenpy.tools.params:DMRG: reading 'P_tol_max'=0.0001
INFO:tenpy.tools.params:DMRG: reading 'E_tol_to_trunc'=None
INFO:tenpy.algorithms.dmrg:Running sweep with optimization
INFO:tenpy.tools.params:DMRG: reading 'max_N_for_ED'=400
INFO:tenpy.tools.params:DMRG: reading 'update_env'=5
INFO:tenpy.algorithms.mps_common:start environment_sweep
INFO:tenpy.algorithms.dmrg:checkpoint after sweep 10
energy=-0.7107072125839622, max S=3.3316019653973172, age=396, norm_err=1.9e-10
Current memory usage 718.2MB, wall time: 227.8s
Delta E = nan, Delta S = 5.6206e-05 (per sweep)
max trunc_err = 6.6225e-06, max E_trunc = 8.2716e-05
chi: [512, 512, 512, 512, 512, 512, 512, 512, 512, 512, 512, 512]
================================================================================
INFO:tenpy.algorithms.dmrg:Running sweep with optimization
INFO:tenpy.algorithms.mps_common:start environment_sweep
INFO:tenpy.algorithms.dmrg:checkpoint after sweep 20
energy=-0.7107072649130165, max S=3.3316463830842258, age=756, norm_err=3.5e-10
Current memory usage 718.2MB, wall time: 170.8s
Delta E = -5.2329e-09, Delta S = 5.6743e-06 (per sweep)
max trunc_err = 6.6101e-06, max E_trunc = 8.2532e-05
chi: [512, 512, 512, 512, 512, 512, 512, 512, 512, 512, 512, 512]
================================================================================
INFO:tenpy.tools.params:DMRG: reading 'max_E_err'=1e-08
INFO:tenpy.tools.params:DMRG: reading 'max_S_err'=1e-05
INFO:tenpy.tools.params:DMRG: reading 'norm_tol'=1e-05
INFO:tenpy.tools.params:DMRG: reading 'norm_tol_final'=1e-10
INFO:tenpy.tools.params:DMRG: reading 'norm_tol_iter'=5
WARNING:tenpy.algorithms.dmrg:final DMRG state not in canonical form up to norm_tol_final=1.00e-10: norm_err=3.47e-10, calling psi.canonical_form()
INFO:tenpy.algorithms.dmrg:TwoSiteDMRGEngine finished after 20 sweeps, max chi=512
INFO:tenpy.tools.params:DMRG: reading 'max_trunc_err'=0.0001
INFO:tenpy.tools.params:MixedHofstadterLandauGauge_Pi_2: reading 'explicit_plus_hc'=False
INFO:tenpy.tools.params:MixedHofstadterLandauGauge_Pi_2: reading 'Lx'=2
INFO:tenpy.tools.params:MixedHofstadterLandauGauge_Pi_2: setting 'N_rings'=2
INFO:tenpy.tools.params:MixedHofstadterLandauGauge_Pi_2: reading 'xy_lattice'='Square'
INFO:tenpy.tools.params:MixedHofstadterLandauGauge_Pi_2: reading 'Ly'=6
INFO:tenpy.tools.params:MixedHofstadterLandauGauge_Pi_2: reading 'ring_order'=None
INFO:tenpy.tools.params:MixedHofstadterLandauGauge_Pi_2: reading 'conserve_k'=True
INFO:tenpy.tools.params:MixedHofstadterLandauGauge_Pi_2: reading 'bc_MPS'='infinite'
INFO:tenpy.tools.params:MixedHofstadterLandauGauge_Pi_2: reading 't'=-1
INFO:tenpy.tools.params:MixedHofstadterLandauGauge_Pi_2: reading 't2'=-0.25
INFO:tenpy.tools.params:MixedHofstadterLandauGauge_Pi_2: reading 'V1'=0.6
INFO:tenpy.tools.params:MixedHofstadterLandauGauge_Pi_2: reading 'phi_ext'=np.float64(0.8500000000000001)
INFO:tenpy.tools.params:MixedHofstadterLandauGauge_Pi_2: reading 'sort_mpo_legs'=False
/home/t30/kna/ge54yin/Documents/MasterThesisFQHinTMDs/MPS_stuff/MPScalculations/.venv/lib/python3.12/site-packages/tenpy/tools/params.py:232: UserWarning: unused options for config MixedHofstadterLandauGauge_Pi_2:
['Delta', 'N_rings', 'Nsec', 'bc', 'chi_max', 'ktot', 'saveAll']
  warnings.warn(msg.format(keys=sorted(unused), name=self.name))
INFO:tenpy.tools.params:DMRG: reading 'active_sites'=2
INFO:tenpy.tools.params:DMRG: reading 'diag_method'='default'
INFO:tenpy.tools.params:DMRG: subconfig 'trunc_params'=Config(<5 options>, 'trunc_params')
INFO:tenpy.tools.params:DMRG: reading 'max_N_sites_per_ring'=18
INFO:tenpy.tools.params:DMRG: reading 'combine'=False
INFO:tenpy.tools.params:DMRG: subconfig 'lanczos_params'=Config(<9 options>, 'lanczos_params')
INFO:tenpy.tools.params:DMRG: reading 'chi_list'=None
INFO:tenpy.tools.params:DMRG: reading 'start_env'=1
INFO:tenpy.algorithms.mps_common:start environment_sweep
INFO:tenpy.tools.params:DMRG: reading 'N_sweeps_check'=10
INFO:tenpy.tools.params:DMRG: subconfig 'mixer_params'=Config(<3 options>, 'mixer_params')
INFO:tenpy.tools.params:DMRG: reading 'mixer'=None
INFO:tenpy.tools.params:DMRG: reading 'max_sweeps'=100
INFO:tenpy.tools.params:DMRG: reading 'max_hours'=8760
INFO:tenpy.tools.params:DMRG: reading 'P_tol_to_trunc'=0.05
INFO:tenpy.tools.params:DMRG: reading 'P_tol_min'=5.0000000000000004e-30
INFO:tenpy.tools.params:DMRG: reading 'P_tol_max'=0.0001
INFO:tenpy.tools.params:DMRG: reading 'E_tol_to_trunc'=None
INFO:tenpy.algorithms.dmrg:Running sweep with optimization
INFO:tenpy.tools.params:DMRG: reading 'max_N_for_ED'=400
INFO:tenpy.tools.params:DMRG: reading 'update_env'=5
INFO:tenpy.algorithms.mps_common:start environment_sweep
INFO:tenpy.algorithms.dmrg:checkpoint after sweep 10
energy=-0.7107667106433126, max S=3.3133195132587154, age=396, norm_err=9.5e-10
Current memory usage 718.2MB, wall time: 133.1s
Delta E = nan, Delta S = -5.9595e-05 (per sweep)
max trunc_err = 6.4863e-06, max E_trunc = 8.1316e-05
chi: [512, 512, 512, 512, 512, 512, 512, 512, 512, 512, 512, 512]
================================================================================
INFO:tenpy.algorithms.dmrg:Running sweep with optimization
INFO:tenpy.algorithms.mps_common:start environment_sweep
INFO:tenpy.algorithms.dmrg:checkpoint after sweep 20
energy=-0.7107667038869417, max S=3.3133665374747014, age=756, norm_err=1.1e-09
Current memory usage 718.2MB, wall time: 102.7s
Delta E = 6.7564e-10, Delta S = 4.5903e-06 (per sweep)
max trunc_err = 6.5047e-06, max E_trunc = 8.1518e-05
chi: [512, 512, 512, 512, 512, 512, 512, 512, 512, 512, 512, 512]
================================================================================
INFO:tenpy.tools.params:DMRG: reading 'max_E_err'=1e-08
INFO:tenpy.tools.params:DMRG: reading 'max_S_err'=1e-05
INFO:tenpy.tools.params:DMRG: reading 'norm_tol'=1e-05
INFO:tenpy.tools.params:DMRG: reading 'norm_tol_final'=1e-10
INFO:tenpy.tools.params:DMRG: reading 'norm_tol_iter'=5
WARNING:tenpy.algorithms.dmrg:final DMRG state not in canonical form up to norm_tol_final=1.00e-10: norm_err=1.08e-09, calling psi.canonical_form()
INFO:tenpy.algorithms.dmrg:TwoSiteDMRGEngine finished after 20 sweeps, max chi=512
INFO:tenpy.tools.params:DMRG: reading 'max_trunc_err'=0.0001
INFO:tenpy.tools.params:MixedHofstadterLandauGauge_Pi_2: reading 'explicit_plus_hc'=False
INFO:tenpy.tools.params:MixedHofstadterLandauGauge_Pi_2: reading 'Lx'=2
INFO:tenpy.tools.params:MixedHofstadterLandauGauge_Pi_2: setting 'N_rings'=2
INFO:tenpy.tools.params:MixedHofstadterLandauGauge_Pi_2: reading 'xy_lattice'='Square'
INFO:tenpy.tools.params:MixedHofstadterLandauGauge_Pi_2: reading 'Ly'=6
INFO:tenpy.tools.params:MixedHofstadterLandauGauge_Pi_2: reading 'ring_order'=None
INFO:tenpy.tools.params:MixedHofstadterLandauGauge_Pi_2: reading 'conserve_k'=True
INFO:tenpy.tools.params:MixedHofstadterLandauGauge_Pi_2: reading 'bc_MPS'='infinite'
INFO:tenpy.tools.params:MixedHofstadterLandauGauge_Pi_2: reading 't'=-1
INFO:tenpy.tools.params:MixedHofstadterLandauGauge_Pi_2: reading 't2'=-0.25
INFO:tenpy.tools.params:MixedHofstadterLandauGauge_Pi_2: reading 'V1'=0.6
INFO:tenpy.tools.params:MixedHofstadterLandauGauge_Pi_2: reading 'phi_ext'=np.float64(0.9)
INFO:tenpy.tools.params:MixedHofstadterLandauGauge_Pi_2: reading 'sort_mpo_legs'=False
/home/t30/kna/ge54yin/Documents/MasterThesisFQHinTMDs/MPS_stuff/MPScalculations/.venv/lib/python3.12/site-packages/tenpy/tools/params.py:232: UserWarning: unused options for config MixedHofstadterLandauGauge_Pi_2:
['Delta', 'N_rings', 'Nsec', 'bc', 'chi_max', 'ktot', 'saveAll']
  warnings.warn(msg.format(keys=sorted(unused), name=self.name))
INFO:tenpy.tools.params:DMRG: reading 'active_sites'=2
INFO:tenpy.tools.params:DMRG: reading 'diag_method'='default'
INFO:tenpy.tools.params:DMRG: subconfig 'trunc_params'=Config(<5 options>, 'trunc_params')
INFO:tenpy.tools.params:DMRG: reading 'max_N_sites_per_ring'=18
INFO:tenpy.tools.params:DMRG: reading 'combine'=False
INFO:tenpy.tools.params:DMRG: subconfig 'lanczos_params'=Config(<9 options>, 'lanczos_params')
INFO:tenpy.tools.params:DMRG: reading 'chi_list'=None
INFO:tenpy.tools.params:DMRG: reading 'start_env'=1
INFO:tenpy.algorithms.mps_common:start environment_sweep
INFO:tenpy.tools.params:DMRG: reading 'N_sweeps_check'=10
INFO:tenpy.tools.params:DMRG: subconfig 'mixer_params'=Config(<3 options>, 'mixer_params')
INFO:tenpy.tools.params:DMRG: reading 'mixer'=None
INFO:tenpy.tools.params:DMRG: reading 'max_sweeps'=100
INFO:tenpy.tools.params:DMRG: reading 'max_hours'=8760
INFO:tenpy.tools.params:DMRG: reading 'P_tol_to_trunc'=0.05
INFO:tenpy.tools.params:DMRG: reading 'P_tol_min'=5.0000000000000004e-30
INFO:tenpy.tools.params:DMRG: reading 'P_tol_max'=0.0001
INFO:tenpy.tools.params:DMRG: reading 'E_tol_to_trunc'=None
INFO:tenpy.algorithms.dmrg:Running sweep with optimization
INFO:tenpy.tools.params:DMRG: reading 'max_N_for_ED'=400
INFO:tenpy.tools.params:DMRG: reading 'update_env'=5
INFO:tenpy.algorithms.mps_common:start environment_sweep
INFO:tenpy.algorithms.dmrg:checkpoint after sweep 10
energy=-0.7108288273924188, max S=3.2909235054114911, age=396, norm_err=1.3e-09
Current memory usage 718.2MB, wall time: 119.9s
Delta E = nan, Delta S = -1.6393e-04 (per sweep)
max trunc_err = 6.6278e-06, max E_trunc = 8.3825e-05
chi: [512, 512, 512, 512, 512, 512, 512, 512, 512, 512, 512, 512]
================================================================================
INFO:tenpy.algorithms.dmrg:Running sweep with optimization
INFO:tenpy.algorithms.mps_common:start environment_sweep
INFO:tenpy.algorithms.dmrg:checkpoint after sweep 20
energy=-0.7108288078327595, max S=3.2909503944404292, age=756, norm_err=1.2e-09
Current memory usage 718.2MB, wall time: 88.8s
Delta E = 1.9560e-09, Delta S = 2.9932e-06 (per sweep)
max trunc_err = 6.6216e-06, max E_trunc = 8.3781e-05
chi: [512, 512, 512, 512, 512, 512, 512, 512, 512, 512, 512, 512]
================================================================================
INFO:tenpy.tools.params:DMRG: reading 'max_E_err'=1e-08
INFO:tenpy.tools.params:DMRG: reading 'max_S_err'=1e-05
INFO:tenpy.tools.params:DMRG: reading 'norm_tol'=1e-05
INFO:tenpy.tools.params:DMRG: reading 'norm_tol_final'=1e-10
INFO:tenpy.tools.params:DMRG: reading 'norm_tol_iter'=5
WARNING:tenpy.algorithms.dmrg:final DMRG state not in canonical form up to norm_tol_final=1.00e-10: norm_err=1.24e-09, calling psi.canonical_form()
INFO:tenpy.algorithms.dmrg:TwoSiteDMRGEngine finished after 20 sweeps, max chi=512
INFO:tenpy.tools.params:DMRG: reading 'max_trunc_err'=0.0001
INFO:tenpy.tools.params:MixedHofstadterLandauGauge_Pi_2: reading 'explicit_plus_hc'=False
INFO:tenpy.tools.params:MixedHofstadterLandauGauge_Pi_2: reading 'Lx'=2
INFO:tenpy.tools.params:MixedHofstadterLandauGauge_Pi_2: setting 'N_rings'=2
INFO:tenpy.tools.params:MixedHofstadterLandauGauge_Pi_2: reading 'xy_lattice'='Square'
INFO:tenpy.tools.params:MixedHofstadterLandauGauge_Pi_2: reading 'Ly'=6
INFO:tenpy.tools.params:MixedHofstadterLandauGauge_Pi_2: reading 'ring_order'=None
INFO:tenpy.tools.params:MixedHofstadterLandauGauge_Pi_2: reading 'conserve_k'=True
INFO:tenpy.tools.params:MixedHofstadterLandauGauge_Pi_2: reading 'bc_MPS'='infinite'
INFO:tenpy.tools.params:MixedHofstadterLandauGauge_Pi_2: reading 't'=-1
INFO:tenpy.tools.params:MixedHofstadterLandauGauge_Pi_2: reading 't2'=-0.25
INFO:tenpy.tools.params:MixedHofstadterLandauGauge_Pi_2: reading 'V1'=0.6
INFO:tenpy.tools.params:MixedHofstadterLandauGauge_Pi_2: reading 'phi_ext'=np.float64(0.9500000000000001)
INFO:tenpy.tools.params:MixedHofstadterLandauGauge_Pi_2: reading 'sort_mpo_legs'=False
/home/t30/kna/ge54yin/Documents/MasterThesisFQHinTMDs/MPS_stuff/MPScalculations/.venv/lib/python3.12/site-packages/tenpy/tools/params.py:232: UserWarning: unused options for config MixedHofstadterLandauGauge_Pi_2:
['Delta', 'N_rings', 'Nsec', 'bc', 'chi_max', 'ktot', 'saveAll']
  warnings.warn(msg.format(keys=sorted(unused), name=self.name))
INFO:tenpy.tools.params:DMRG: reading 'active_sites'=2
INFO:tenpy.tools.params:DMRG: reading 'diag_method'='default'
INFO:tenpy.tools.params:DMRG: subconfig 'trunc_params'=Config(<5 options>, 'trunc_params')
INFO:tenpy.tools.params:DMRG: reading 'max_N_sites_per_ring'=18
INFO:tenpy.tools.params:DMRG: reading 'combine'=False
INFO:tenpy.tools.params:DMRG: subconfig 'lanczos_params'=Config(<9 options>, 'lanczos_params')
INFO:tenpy.tools.params:DMRG: reading 'chi_list'=None
INFO:tenpy.tools.params:DMRG: reading 'start_env'=1
INFO:tenpy.algorithms.mps_common:start environment_sweep
INFO:tenpy.tools.params:DMRG: reading 'N_sweeps_check'=10
INFO:tenpy.tools.params:DMRG: subconfig 'mixer_params'=Config(<3 options>, 'mixer_params')
INFO:tenpy.tools.params:DMRG: reading 'mixer'=None
INFO:tenpy.tools.params:DMRG: reading 'max_sweeps'=100
INFO:tenpy.tools.params:DMRG: reading 'max_hours'=8760
INFO:tenpy.tools.params:DMRG: reading 'P_tol_to_trunc'=0.05
INFO:tenpy.tools.params:DMRG: reading 'P_tol_min'=5.0000000000000004e-30
INFO:tenpy.tools.params:DMRG: reading 'P_tol_max'=0.0001
INFO:tenpy.tools.params:DMRG: reading 'E_tol_to_trunc'=None
INFO:tenpy.algorithms.dmrg:Running sweep with optimization
INFO:tenpy.tools.params:DMRG: reading 'max_N_for_ED'=400
INFO:tenpy.tools.params:DMRG: reading 'update_env'=5
INFO:tenpy.algorithms.mps_common:start environment_sweep
INFO:tenpy.algorithms.dmrg:checkpoint after sweep 10
energy=-0.7108910302034085, max S=3.2643700446531287, age=396, norm_err=1.2e-09
Current memory usage 718.2MB, wall time: 109.6s
Delta E = nan, Delta S = -2.8502e-04 (per sweep)
max trunc_err = 6.3753e-06, max E_trunc = 8.0776e-05
chi: [512, 512, 512, 512, 512, 512, 512, 512, 512, 512, 512, 512]
================================================================================
INFO:tenpy.algorithms.dmrg:Running sweep with optimization
INFO:tenpy.algorithms.mps_common:start environment_sweep
INFO:tenpy.algorithms.dmrg:checkpoint after sweep 20
energy=-0.7108910334193723, max S=3.2644069583959068, age=756, norm_err=1.1e-09
Current memory usage 718.2MB, wall time: 88.9s
Delta E = -3.2160e-10, Delta S = 3.6595e-06 (per sweep)
max trunc_err = 6.3816e-06, max E_trunc = 8.0829e-05
chi: [512, 512, 512, 512, 512, 512, 512, 512, 512, 512, 512, 512]
================================================================================
INFO:tenpy.tools.params:DMRG: reading 'max_E_err'=1e-08
INFO:tenpy.tools.params:DMRG: reading 'max_S_err'=1e-05
INFO:tenpy.tools.params:DMRG: reading 'norm_tol'=1e-05
INFO:tenpy.tools.params:DMRG: reading 'norm_tol_final'=1e-10
INFO:tenpy.tools.params:DMRG: reading 'norm_tol_iter'=5
WARNING:tenpy.algorithms.dmrg:final DMRG state not in canonical form up to norm_tol_final=1.00e-10: norm_err=1.10e-09, calling psi.canonical_form()
INFO:tenpy.algorithms.dmrg:TwoSiteDMRGEngine finished after 20 sweeps, max chi=512
INFO:tenpy.tools.params:DMRG: reading 'max_trunc_err'=0.0001
INFO:tenpy.tools.params:MixedHofstadterLandauGauge_Pi_2: reading 'explicit_plus_hc'=False
INFO:tenpy.tools.params:MixedHofstadterLandauGauge_Pi_2: reading 'Lx'=2
INFO:tenpy.tools.params:MixedHofstadterLandauGauge_Pi_2: setting 'N_rings'=2
INFO:tenpy.tools.params:MixedHofstadterLandauGauge_Pi_2: reading 'xy_lattice'='Square'
INFO:tenpy.tools.params:MixedHofstadterLandauGauge_Pi_2: reading 'Ly'=6
INFO:tenpy.tools.params:MixedHofstadterLandauGauge_Pi_2: reading 'ring_order'=None
INFO:tenpy.tools.params:MixedHofstadterLandauGauge_Pi_2: reading 'conserve_k'=True
INFO:tenpy.tools.params:MixedHofstadterLandauGauge_Pi_2: reading 'bc_MPS'='infinite'
INFO:tenpy.tools.params:MixedHofstadterLandauGauge_Pi_2: reading 't'=-1
INFO:tenpy.tools.params:MixedHofstadterLandauGauge_Pi_2: reading 't2'=-0.25
INFO:tenpy.tools.params:MixedHofstadterLandauGauge_Pi_2: reading 'V1'=0.6
INFO:tenpy.tools.params:MixedHofstadterLandauGauge_Pi_2: reading 'phi_ext'=np.float64(1.0)
INFO:tenpy.tools.params:MixedHofstadterLandauGauge_Pi_2: reading 'sort_mpo_legs'=False
/home/t30/kna/ge54yin/Documents/MasterThesisFQHinTMDs/MPS_stuff/MPScalculations/.venv/lib/python3.12/site-packages/tenpy/tools/params.py:232: UserWarning: unused options for config MixedHofstadterLandauGauge_Pi_2:
['Delta', 'N_rings', 'Nsec', 'bc', 'chi_max', 'ktot', 'saveAll']
  warnings.warn(msg.format(keys=sorted(unused), name=self.name))
INFO:tenpy.tools.params:DMRG: reading 'active_sites'=2
INFO:tenpy.tools.params:DMRG: reading 'diag_method'='default'
INFO:tenpy.tools.params:DMRG: subconfig 'trunc_params'=Config(<5 options>, 'trunc_params')
INFO:tenpy.tools.params:DMRG: reading 'max_N_sites_per_ring'=18
INFO:tenpy.tools.params:DMRG: reading 'combine'=False
INFO:tenpy.tools.params:DMRG: subconfig 'lanczos_params'=Config(<9 options>, 'lanczos_params')
INFO:tenpy.tools.params:DMRG: reading 'chi_list'=None
INFO:tenpy.tools.params:DMRG: reading 'start_env'=1
INFO:tenpy.algorithms.mps_common:start environment_sweep
INFO:tenpy.tools.params:DMRG: reading 'N_sweeps_check'=10
INFO:tenpy.tools.params:DMRG: subconfig 'mixer_params'=Config(<3 options>, 'mixer_params')
INFO:tenpy.tools.params:DMRG: reading 'mixer'=None
INFO:tenpy.tools.params:DMRG: reading 'max_sweeps'=100
INFO:tenpy.tools.params:DMRG: reading 'max_hours'=8760
INFO:tenpy.tools.params:DMRG: reading 'P_tol_to_trunc'=0.05
INFO:tenpy.tools.params:DMRG: reading 'P_tol_min'=5.0000000000000004e-30
INFO:tenpy.tools.params:DMRG: reading 'P_tol_max'=0.0001
INFO:tenpy.tools.params:DMRG: reading 'E_tol_to_trunc'=None
INFO:tenpy.algorithms.dmrg:Running sweep with optimization
INFO:tenpy.tools.params:DMRG: reading 'max_N_for_ED'=400
INFO:tenpy.tools.params:DMRG: reading 'update_env'=5
INFO:tenpy.algorithms.mps_common:start environment_sweep
INFO:tenpy.algorithms.dmrg:checkpoint after sweep 10
energy=-0.7109530049983235, max S=3.2337741811009177, age=396, norm_err=1.2e-09
Current memory usage 718.2MB, wall time: 109.7s
Delta E = nan, Delta S = -4.0966e-04 (per sweep)
max trunc_err = 6.2218e-06, max E_trunc = 7.9639e-05
chi: [512, 512, 512, 512, 512, 512, 512, 512, 512, 512, 512, 512]
================================================================================
INFO:tenpy.algorithms.dmrg:Running sweep with optimization
INFO:tenpy.algorithms.mps_common:start environment_sweep
INFO:tenpy.algorithms.dmrg:checkpoint after sweep 20
energy=-0.7109530244103061, max S=3.2338164167770129, age=756, norm_err=1.3e-09
Current memory usage 718.2MB, wall time: 88.8s
Delta E = -1.9412e-09, Delta S = 4.7685e-06 (per sweep)
max trunc_err = 6.2448e-06, max E_trunc = 7.9900e-05
chi: [512, 512, 512, 512, 512, 512, 512, 512, 512, 512, 512, 512]
================================================================================
INFO:tenpy.tools.params:DMRG: reading 'max_E_err'=1e-08
INFO:tenpy.tools.params:DMRG: reading 'max_S_err'=1e-05
INFO:tenpy.tools.params:DMRG: reading 'norm_tol'=1e-05
INFO:tenpy.tools.params:DMRG: reading 'norm_tol_final'=1e-10
INFO:tenpy.tools.params:DMRG: reading 'norm_tol_iter'=5
WARNING:tenpy.algorithms.dmrg:final DMRG state not in canonical form up to norm_tol_final=1.00e-10: norm_err=1.30e-09, calling psi.canonical_form()
INFO:tenpy.algorithms.dmrg:TwoSiteDMRGEngine finished after 20 sweeps, max chi=512
INFO:tenpy.tools.params:DMRG: reading 'max_trunc_err'=0.0001
INFO:tenpy.tools.params:MixedHofstadterLandauGauge_Pi_2: reading 'explicit_plus_hc'=False
INFO:tenpy.tools.params:MixedHofstadterLandauGauge_Pi_2: reading 'Lx'=2
INFO:tenpy.tools.params:MixedHofstadterLandauGauge_Pi_2: setting 'N_rings'=2
INFO:tenpy.tools.params:MixedHofstadterLandauGauge_Pi_2: reading 'xy_lattice'='Square'
INFO:tenpy.tools.params:MixedHofstadterLandauGauge_Pi_2: reading 'Ly'=6
INFO:tenpy.tools.params:MixedHofstadterLandauGauge_Pi_2: reading 'ring_order'=None
INFO:tenpy.tools.params:MixedHofstadterLandauGauge_Pi_2: reading 'conserve_k'=True
INFO:tenpy.tools.params:MixedHofstadterLandauGauge_Pi_2: reading 'bc_MPS'='infinite'
INFO:tenpy.tools.params:MixedHofstadterLandauGauge_Pi_2: reading 't'=-1
INFO:tenpy.tools.params:MixedHofstadterLandauGauge_Pi_2: reading 't2'=-0.25
INFO:tenpy.tools.params:MixedHofstadterLandauGauge_Pi_2: reading 'V1'=0.6
INFO:tenpy.tools.params:MixedHofstadterLandauGauge_Pi_2: reading 'phi_ext'=np.float64(1.05)
INFO:tenpy.tools.params:MixedHofstadterLandauGauge_Pi_2: reading 'sort_mpo_legs'=False
/home/t30/kna/ge54yin/Documents/MasterThesisFQHinTMDs/MPS_stuff/MPScalculations/.venv/lib/python3.12/site-packages/tenpy/tools/params.py:232: UserWarning: unused options for config MixedHofstadterLandauGauge_Pi_2:
['Delta', 'N_rings', 'Nsec', 'bc', 'chi_max', 'ktot', 'saveAll']
  warnings.warn(msg.format(keys=sorted(unused), name=self.name))
INFO:tenpy.tools.params:DMRG: reading 'active_sites'=2
INFO:tenpy.tools.params:DMRG: reading 'diag_method'='default'
INFO:tenpy.tools.params:DMRG: subconfig 'trunc_params'=Config(<5 options>, 'trunc_params')
INFO:tenpy.tools.params:DMRG: reading 'max_N_sites_per_ring'=18
INFO:tenpy.tools.params:DMRG: reading 'combine'=False
INFO:tenpy.tools.params:DMRG: subconfig 'lanczos_params'=Config(<9 options>, 'lanczos_params')
INFO:tenpy.tools.params:DMRG: reading 'chi_list'=None
INFO:tenpy.tools.params:DMRG: reading 'start_env'=1
INFO:tenpy.algorithms.mps_common:start environment_sweep
INFO:tenpy.tools.params:DMRG: reading 'N_sweeps_check'=10
INFO:tenpy.tools.params:DMRG: subconfig 'mixer_params'=Config(<3 options>, 'mixer_params')
INFO:tenpy.tools.params:DMRG: reading 'mixer'=None
INFO:tenpy.tools.params:DMRG: reading 'max_sweeps'=100
INFO:tenpy.tools.params:DMRG: reading 'max_hours'=8760
INFO:tenpy.tools.params:DMRG: reading 'P_tol_to_trunc'=0.05
INFO:tenpy.tools.params:DMRG: reading 'P_tol_min'=5.0000000000000004e-30
INFO:tenpy.tools.params:DMRG: reading 'P_tol_max'=0.0001
INFO:tenpy.tools.params:DMRG: reading 'E_tol_to_trunc'=None
INFO:tenpy.algorithms.dmrg:Running sweep with optimization
INFO:tenpy.tools.params:DMRG: reading 'max_N_for_ED'=400
INFO:tenpy.tools.params:DMRG: reading 'update_env'=5
INFO:tenpy.algorithms.mps_common:start environment_sweep
INFO:tenpy.algorithms.dmrg:checkpoint after sweep 10
energy=-0.7110103766900195, max S=3.1993868440112951, age=396, norm_err=1.9e-09
Current memory usage 718.2MB, wall time: 107.8s
Delta E = nan, Delta S = -5.1621e-04 (per sweep)
max trunc_err = 6.1301e-06, max E_trunc = 7.7863e-05
chi: [512, 512, 512, 512, 512, 512, 512, 512, 512, 512, 512, 512]
================================================================================
INFO:tenpy.algorithms.dmrg:Running sweep with optimization
INFO:tenpy.algorithms.mps_common:start environment_sweep
INFO:tenpy.algorithms.dmrg:checkpoint after sweep 20
energy=-0.7110103853850896, max S=3.1994064594239044, age=756, norm_err=1.6e-09
Current memory usage 718.2MB, wall time: 89.1s
Delta E = -8.6951e-10, Delta S = 1.8483e-06 (per sweep)
max trunc_err = 6.1227e-06, max E_trunc = 7.7753e-05
chi: [512, 512, 512, 512, 512, 512, 512, 512, 512, 512, 512, 512]
================================================================================
INFO:tenpy.tools.params:DMRG: reading 'max_E_err'=1e-08
INFO:tenpy.tools.params:DMRG: reading 'max_S_err'=1e-05
INFO:tenpy.tools.params:DMRG: reading 'norm_tol'=1e-05
INFO:tenpy.tools.params:DMRG: reading 'norm_tol_final'=1e-10
INFO:tenpy.tools.params:DMRG: reading 'norm_tol_iter'=5
WARNING:tenpy.algorithms.dmrg:final DMRG state not in canonical form up to norm_tol_final=1.00e-10: norm_err=1.59e-09, calling psi.canonical_form()
INFO:tenpy.algorithms.dmrg:TwoSiteDMRGEngine finished after 20 sweeps, max chi=512
INFO:tenpy.tools.params:DMRG: reading 'max_trunc_err'=0.0001
INFO:tenpy.tools.params:MixedHofstadterLandauGauge_Pi_2: reading 'explicit_plus_hc'=False
INFO:tenpy.tools.params:MixedHofstadterLandauGauge_Pi_2: reading 'Lx'=2
INFO:tenpy.tools.params:MixedHofstadterLandauGauge_Pi_2: setting 'N_rings'=2
INFO:tenpy.tools.params:MixedHofstadterLandauGauge_Pi_2: reading 'xy_lattice'='Square'
INFO:tenpy.tools.params:MixedHofstadterLandauGauge_Pi_2: reading 'Ly'=6
INFO:tenpy.tools.params:MixedHofstadterLandauGauge_Pi_2: reading 'ring_order'=None
INFO:tenpy.tools.params:MixedHofstadterLandauGauge_Pi_2: reading 'conserve_k'=True
INFO:tenpy.tools.params:MixedHofstadterLandauGauge_Pi_2: reading 'bc_MPS'='infinite'
INFO:tenpy.tools.params:MixedHofstadterLandauGauge_Pi_2: reading 't'=-1
INFO:tenpy.tools.params:MixedHofstadterLandauGauge_Pi_2: reading 't2'=-0.25
INFO:tenpy.tools.params:MixedHofstadterLandauGauge_Pi_2: reading 'V1'=0.6
INFO:tenpy.tools.params:MixedHofstadterLandauGauge_Pi_2: reading 'phi_ext'=np.float64(1.1)
INFO:tenpy.tools.params:MixedHofstadterLandauGauge_Pi_2: reading 'sort_mpo_legs'=False
/home/t30/kna/ge54yin/Documents/MasterThesisFQHinTMDs/MPS_stuff/MPScalculations/.venv/lib/python3.12/site-packages/tenpy/tools/params.py:232: UserWarning: unused options for config MixedHofstadterLandauGauge_Pi_2:
['Delta', 'N_rings', 'Nsec', 'bc', 'chi_max', 'ktot', 'saveAll']
  warnings.warn(msg.format(keys=sorted(unused), name=self.name))
INFO:tenpy.tools.params:DMRG: reading 'active_sites'=2
INFO:tenpy.tools.params:DMRG: reading 'diag_method'='default'
INFO:tenpy.tools.params:DMRG: subconfig 'trunc_params'=Config(<5 options>, 'trunc_params')
INFO:tenpy.tools.params:DMRG: reading 'max_N_sites_per_ring'=18
INFO:tenpy.tools.params:DMRG: reading 'combine'=False
INFO:tenpy.tools.params:DMRG: subconfig 'lanczos_params'=Config(<9 options>, 'lanczos_params')
INFO:tenpy.tools.params:DMRG: reading 'chi_list'=None
INFO:tenpy.tools.params:DMRG: reading 'start_env'=1
INFO:tenpy.algorithms.mps_common:start environment_sweep
INFO:tenpy.tools.params:DMRG: reading 'N_sweeps_check'=10
INFO:tenpy.tools.params:DMRG: subconfig 'mixer_params'=Config(<3 options>, 'mixer_params')
INFO:tenpy.tools.params:DMRG: reading 'mixer'=None
INFO:tenpy.tools.params:DMRG: reading 'max_sweeps'=100
INFO:tenpy.tools.params:DMRG: reading 'max_hours'=8760
INFO:tenpy.tools.params:DMRG: reading 'P_tol_to_trunc'=0.05
INFO:tenpy.tools.params:DMRG: reading 'P_tol_min'=5.0000000000000004e-30
INFO:tenpy.tools.params:DMRG: reading 'P_tol_max'=0.0001
INFO:tenpy.tools.params:DMRG: reading 'E_tol_to_trunc'=None
INFO:tenpy.algorithms.dmrg:Running sweep with optimization
INFO:tenpy.tools.params:DMRG: reading 'max_N_for_ED'=400
INFO:tenpy.tools.params:DMRG: reading 'update_env'=5
INFO:tenpy.algorithms.mps_common:start environment_sweep
INFO:tenpy.algorithms.dmrg:checkpoint after sweep 10
energy=-0.7110631096637027, max S=3.1630531082430586, age=396, norm_err=1.3e-09
Current memory usage 718.2MB, wall time: 110.0s
Delta E = nan, Delta S = -6.3268e-04 (per sweep)
max trunc_err = 5.9525e-06, max E_trunc = 7.6047e-05
chi: [512, 512, 512, 512, 512, 512, 512, 512, 512, 512, 512, 512]
================================================================================
INFO:tenpy.algorithms.dmrg:Running sweep with optimization
INFO:tenpy.algorithms.mps_common:start environment_sweep
INFO:tenpy.algorithms.dmrg:checkpoint after sweep 20
energy=-0.7110631045004207, max S=3.1630520959313975, age=756, norm_err=1.2e-09
Current memory usage 718.2MB, wall time: 88.9s
Delta E = 5.1633e-10, Delta S = -3.1148e-08 (per sweep)
max trunc_err = 5.9608e-06, max E_trunc = 7.6159e-05
chi: [512, 512, 512, 512, 512, 512, 512, 512, 512, 512, 512, 512]
================================================================================
INFO:tenpy.tools.params:DMRG: reading 'max_E_err'=1e-08
INFO:tenpy.tools.params:DMRG: reading 'max_S_err'=1e-05
INFO:tenpy.tools.params:DMRG: reading 'norm_tol'=1e-05
INFO:tenpy.tools.params:DMRG: reading 'norm_tol_final'=1e-10
INFO:tenpy.tools.params:DMRG: reading 'norm_tol_iter'=5
WARNING:tenpy.algorithms.dmrg:final DMRG state not in canonical form up to norm_tol_final=1.00e-10: norm_err=1.24e-09, calling psi.canonical_form()
INFO:tenpy.algorithms.dmrg:TwoSiteDMRGEngine finished after 20 sweeps, max chi=512
INFO:tenpy.tools.params:DMRG: reading 'max_trunc_err'=0.0001
INFO:tenpy.tools.params:MixedHofstadterLandauGauge_Pi_2: reading 'explicit_plus_hc'=False
INFO:tenpy.tools.params:MixedHofstadterLandauGauge_Pi_2: reading 'Lx'=2
INFO:tenpy.tools.params:MixedHofstadterLandauGauge_Pi_2: setting 'N_rings'=2
INFO:tenpy.tools.params:MixedHofstadterLandauGauge_Pi_2: reading 'xy_lattice'='Square'
INFO:tenpy.tools.params:MixedHofstadterLandauGauge_Pi_2: reading 'Ly'=6
INFO:tenpy.tools.params:MixedHofstadterLandauGauge_Pi_2: reading 'ring_order'=None
INFO:tenpy.tools.params:MixedHofstadterLandauGauge_Pi_2: reading 'conserve_k'=True
INFO:tenpy.tools.params:MixedHofstadterLandauGauge_Pi_2: reading 'bc_MPS'='infinite'
INFO:tenpy.tools.params:MixedHofstadterLandauGauge_Pi_2: reading 't'=-1
INFO:tenpy.tools.params:MixedHofstadterLandauGauge_Pi_2: reading 't2'=-0.25
INFO:tenpy.tools.params:MixedHofstadterLandauGauge_Pi_2: reading 'V1'=0.6
INFO:tenpy.tools.params:MixedHofstadterLandauGauge_Pi_2: reading 'phi_ext'=np.float64(1.1500000000000001)
INFO:tenpy.tools.params:MixedHofstadterLandauGauge_Pi_2: reading 'sort_mpo_legs'=False
/home/t30/kna/ge54yin/Documents/MasterThesisFQHinTMDs/MPS_stuff/MPScalculations/.venv/lib/python3.12/site-packages/tenpy/tools/params.py:232: UserWarning: unused options for config MixedHofstadterLandauGauge_Pi_2:
['Delta', 'N_rings', 'Nsec', 'bc', 'chi_max', 'ktot', 'saveAll']
  warnings.warn(msg.format(keys=sorted(unused), name=self.name))
INFO:tenpy.tools.params:DMRG: reading 'active_sites'=2
INFO:tenpy.tools.params:DMRG: reading 'diag_method'='default'
INFO:tenpy.tools.params:DMRG: subconfig 'trunc_params'=Config(<5 options>, 'trunc_params')
INFO:tenpy.tools.params:DMRG: reading 'max_N_sites_per_ring'=18
INFO:tenpy.tools.params:DMRG: reading 'combine'=False
INFO:tenpy.tools.params:DMRG: subconfig 'lanczos_params'=Config(<9 options>, 'lanczos_params')
INFO:tenpy.tools.params:DMRG: reading 'chi_list'=None
INFO:tenpy.tools.params:DMRG: reading 'start_env'=1
INFO:tenpy.algorithms.mps_common:start environment_sweep
INFO:tenpy.tools.params:DMRG: reading 'N_sweeps_check'=10
INFO:tenpy.tools.params:DMRG: subconfig 'mixer_params'=Config(<3 options>, 'mixer_params')
INFO:tenpy.tools.params:DMRG: reading 'mixer'=None
INFO:tenpy.tools.params:DMRG: reading 'max_sweeps'=100
INFO:tenpy.tools.params:DMRG: reading 'max_hours'=8760
INFO:tenpy.tools.params:DMRG: reading 'P_tol_to_trunc'=0.05
INFO:tenpy.tools.params:DMRG: reading 'P_tol_min'=5.0000000000000004e-30
INFO:tenpy.tools.params:DMRG: reading 'P_tol_max'=0.0001
INFO:tenpy.tools.params:DMRG: reading 'E_tol_to_trunc'=None
INFO:tenpy.algorithms.dmrg:Running sweep with optimization
INFO:tenpy.tools.params:DMRG: reading 'max_N_for_ED'=400
INFO:tenpy.tools.params:DMRG: reading 'update_env'=5
INFO:tenpy.algorithms.mps_common:start environment_sweep
INFO:tenpy.algorithms.dmrg:checkpoint after sweep 10
energy=-0.7111097113373978, max S=3.1501586930312131, age=396, norm_err=1.2e-09
Current memory usage 718.2MB, wall time: 109.6s
Delta E = nan, Delta S = -6.9428e-04 (per sweep)
max trunc_err = 5.8952e-06, max E_trunc = 7.4198e-05
chi: [512, 512, 512, 512, 512, 512, 512, 512, 512, 512, 512, 512]
================================================================================
INFO:tenpy.algorithms.dmrg:Running sweep with optimization
INFO:tenpy.algorithms.mps_common:start environment_sweep
INFO:tenpy.algorithms.dmrg:checkpoint after sweep 20
energy=-0.7111097357041890, max S=3.1501734082563750, age=756, norm_err=1.0e-09
Current memory usage 718.2MB, wall time: 88.8s
Delta E = -2.4367e-09, Delta S = 2.8396e-06 (per sweep)
max trunc_err = 5.9269e-06, max E_trunc = 7.4525e-05
chi: [512, 512, 512, 512, 512, 512, 512, 512, 512, 512, 512, 512]
================================================================================
INFO:tenpy.tools.params:DMRG: reading 'max_E_err'=1e-08
INFO:tenpy.tools.params:DMRG: reading 'max_S_err'=1e-05
INFO:tenpy.tools.params:DMRG: reading 'norm_tol'=1e-05
INFO:tenpy.tools.params:DMRG: reading 'norm_tol_final'=1e-10
INFO:tenpy.tools.params:DMRG: reading 'norm_tol_iter'=5
WARNING:tenpy.algorithms.dmrg:final DMRG state not in canonical form up to norm_tol_final=1.00e-10: norm_err=1.03e-09, calling psi.canonical_form()
INFO:tenpy.algorithms.dmrg:TwoSiteDMRGEngine finished after 20 sweeps, max chi=512
INFO:tenpy.tools.params:DMRG: reading 'max_trunc_err'=0.0001
INFO:tenpy.tools.params:MixedHofstadterLandauGauge_Pi_2: reading 'explicit_plus_hc'=False
INFO:tenpy.tools.params:MixedHofstadterLandauGauge_Pi_2: reading 'Lx'=2
INFO:tenpy.tools.params:MixedHofstadterLandauGauge_Pi_2: setting 'N_rings'=2
INFO:tenpy.tools.params:MixedHofstadterLandauGauge_Pi_2: reading 'xy_lattice'='Square'
INFO:tenpy.tools.params:MixedHofstadterLandauGauge_Pi_2: reading 'Ly'=6
INFO:tenpy.tools.params:MixedHofstadterLandauGauge_Pi_2: reading 'ring_order'=None
INFO:tenpy.tools.params:MixedHofstadterLandauGauge_Pi_2: reading 'conserve_k'=True
INFO:tenpy.tools.params:MixedHofstadterLandauGauge_Pi_2: reading 'bc_MPS'='infinite'
INFO:tenpy.tools.params:MixedHofstadterLandauGauge_Pi_2: reading 't'=-1
INFO:tenpy.tools.params:MixedHofstadterLandauGauge_Pi_2: reading 't2'=-0.25
INFO:tenpy.tools.params:MixedHofstadterLandauGauge_Pi_2: reading 'V1'=0.6
INFO:tenpy.tools.params:MixedHofstadterLandauGauge_Pi_2: reading 'phi_ext'=np.float64(1.2000000000000002)
INFO:tenpy.tools.params:MixedHofstadterLandauGauge_Pi_2: reading 'sort_mpo_legs'=False
/home/t30/kna/ge54yin/Documents/MasterThesisFQHinTMDs/MPS_stuff/MPScalculations/.venv/lib/python3.12/site-packages/tenpy/tools/params.py:232: UserWarning: unused options for config MixedHofstadterLandauGauge_Pi_2:
['Delta', 'N_rings', 'Nsec', 'bc', 'chi_max', 'ktot', 'saveAll']
  warnings.warn(msg.format(keys=sorted(unused), name=self.name))
INFO:tenpy.tools.params:DMRG: reading 'active_sites'=2
INFO:tenpy.tools.params:DMRG: reading 'diag_method'='default'
INFO:tenpy.tools.params:DMRG: subconfig 'trunc_params'=Config(<5 options>, 'trunc_params')
INFO:tenpy.tools.params:DMRG: reading 'max_N_sites_per_ring'=18
INFO:tenpy.tools.params:DMRG: reading 'combine'=False
INFO:tenpy.tools.params:DMRG: subconfig 'lanczos_params'=Config(<9 options>, 'lanczos_params')
INFO:tenpy.tools.params:DMRG: reading 'chi_list'=None
INFO:tenpy.tools.params:DMRG: reading 'start_env'=1
INFO:tenpy.algorithms.mps_common:start environment_sweep
INFO:tenpy.tools.params:DMRG: reading 'N_sweeps_check'=10
INFO:tenpy.tools.params:DMRG: subconfig 'mixer_params'=Config(<3 options>, 'mixer_params')
INFO:tenpy.tools.params:DMRG: reading 'mixer'=None
INFO:tenpy.tools.params:DMRG: reading 'max_sweeps'=100
INFO:tenpy.tools.params:DMRG: reading 'max_hours'=8760
INFO:tenpy.tools.params:DMRG: reading 'P_tol_to_trunc'=0.05
INFO:tenpy.tools.params:DMRG: reading 'P_tol_min'=5.0000000000000004e-30
INFO:tenpy.tools.params:DMRG: reading 'P_tol_max'=0.0001
INFO:tenpy.tools.params:DMRG: reading 'E_tol_to_trunc'=None
INFO:tenpy.algorithms.dmrg:Running sweep with optimization
INFO:tenpy.tools.params:DMRG: reading 'max_N_for_ED'=400
INFO:tenpy.tools.params:DMRG: reading 'update_env'=5
INFO:tenpy.algorithms.mps_common:start environment_sweep
INFO:tenpy.algorithms.dmrg:checkpoint after sweep 10
energy=-0.7111501920817010, max S=3.1345938799755304, age=396, norm_err=1.5e-09
Current memory usage 718.2MB, wall time: 109.7s
Delta E = nan, Delta S = -7.4387e-04 (per sweep)
max trunc_err = 5.9004e-06, max E_trunc = 7.3936e-05
chi: [512, 512, 512, 512, 512, 512, 512, 512, 512, 512, 512, 512]
================================================================================
INFO:tenpy.algorithms.dmrg:Running sweep with optimization
INFO:tenpy.algorithms.mps_common:start environment_sweep
INFO:tenpy.algorithms.dmrg:checkpoint after sweep 20
energy=-0.7111502186425108, max S=3.1346004515877368, age=756, norm_err=1.2e-09
Current memory usage 718.2MB, wall time: 88.7s
Delta E = -2.6561e-09, Delta S = 1.9725e-06 (per sweep)
max trunc_err = 5.9126e-06, max E_trunc = 7.4033e-05
chi: [512, 512, 512, 512, 512, 512, 512, 512, 512, 512, 512, 512]
================================================================================
INFO:tenpy.tools.params:DMRG: reading 'max_E_err'=1e-08
INFO:tenpy.tools.params:DMRG: reading 'max_S_err'=1e-05
INFO:tenpy.tools.params:DMRG: reading 'norm_tol'=1e-05
INFO:tenpy.tools.params:DMRG: reading 'norm_tol_final'=1e-10
INFO:tenpy.tools.params:DMRG: reading 'norm_tol_iter'=5
WARNING:tenpy.algorithms.dmrg:final DMRG state not in canonical form up to norm_tol_final=1.00e-10: norm_err=1.23e-09, calling psi.canonical_form()
INFO:tenpy.algorithms.dmrg:TwoSiteDMRGEngine finished after 20 sweeps, max chi=512
INFO:tenpy.tools.params:DMRG: reading 'max_trunc_err'=0.0001
INFO:tenpy.tools.params:MixedHofstadterLandauGauge_Pi_2: reading 'explicit_plus_hc'=False
INFO:tenpy.tools.params:MixedHofstadterLandauGauge_Pi_2: reading 'Lx'=2
INFO:tenpy.tools.params:MixedHofstadterLandauGauge_Pi_2: setting 'N_rings'=2
INFO:tenpy.tools.params:MixedHofstadterLandauGauge_Pi_2: reading 'xy_lattice'='Square'
INFO:tenpy.tools.params:MixedHofstadterLandauGauge_Pi_2: reading 'Ly'=6
INFO:tenpy.tools.params:MixedHofstadterLandauGauge_Pi_2: reading 'ring_order'=None
INFO:tenpy.tools.params:MixedHofstadterLandauGauge_Pi_2: reading 'conserve_k'=True
INFO:tenpy.tools.params:MixedHofstadterLandauGauge_Pi_2: reading 'bc_MPS'='infinite'
INFO:tenpy.tools.params:MixedHofstadterLandauGauge_Pi_2: reading 't'=-1
INFO:tenpy.tools.params:MixedHofstadterLandauGauge_Pi_2: reading 't2'=-0.25
INFO:tenpy.tools.params:MixedHofstadterLandauGauge_Pi_2: reading 'V1'=0.6
INFO:tenpy.tools.params:MixedHofstadterLandauGauge_Pi_2: reading 'phi_ext'=np.float64(1.25)
INFO:tenpy.tools.params:MixedHofstadterLandauGauge_Pi_2: reading 'sort_mpo_legs'=False
/home/t30/kna/ge54yin/Documents/MasterThesisFQHinTMDs/MPS_stuff/MPScalculations/.venv/lib/python3.12/site-packages/tenpy/tools/params.py:232: UserWarning: unused options for config MixedHofstadterLandauGauge_Pi_2:
['Delta', 'N_rings', 'Nsec', 'bc', 'chi_max', 'ktot', 'saveAll']
  warnings.warn(msg.format(keys=sorted(unused), name=self.name))
INFO:tenpy.tools.params:DMRG: reading 'active_sites'=2
INFO:tenpy.tools.params:DMRG: reading 'diag_method'='default'
INFO:tenpy.tools.params:DMRG: subconfig 'trunc_params'=Config(<5 options>, 'trunc_params')
INFO:tenpy.tools.params:DMRG: reading 'max_N_sites_per_ring'=18
INFO:tenpy.tools.params:DMRG: reading 'combine'=False
INFO:tenpy.tools.params:DMRG: subconfig 'lanczos_params'=Config(<9 options>, 'lanczos_params')
INFO:tenpy.tools.params:DMRG: reading 'chi_list'=None
INFO:tenpy.tools.params:DMRG: reading 'start_env'=1
INFO:tenpy.algorithms.mps_common:start environment_sweep
INFO:tenpy.tools.params:DMRG: reading 'N_sweeps_check'=10
INFO:tenpy.tools.params:DMRG: subconfig 'mixer_params'=Config(<3 options>, 'mixer_params')
INFO:tenpy.tools.params:DMRG: reading 'mixer'=None
INFO:tenpy.tools.params:DMRG: reading 'max_sweeps'=100
INFO:tenpy.tools.params:DMRG: reading 'max_hours'=8760
INFO:tenpy.tools.params:DMRG: reading 'P_tol_to_trunc'=0.05
INFO:tenpy.tools.params:DMRG: reading 'P_tol_min'=5.0000000000000004e-30
INFO:tenpy.tools.params:DMRG: reading 'P_tol_max'=0.0001
INFO:tenpy.tools.params:DMRG: reading 'E_tol_to_trunc'=None
INFO:tenpy.algorithms.dmrg:Running sweep with optimization
INFO:tenpy.tools.params:DMRG: reading 'max_N_for_ED'=400
INFO:tenpy.tools.params:DMRG: reading 'update_env'=5
INFO:tenpy.algorithms.mps_common:start environment_sweep
INFO:tenpy.algorithms.dmrg:checkpoint after sweep 10
energy=-0.7111839925971495, max S=3.1169292501914669, age=396, norm_err=1.3e-09
Current memory usage 718.2MB, wall time: 109.7s
Delta E = nan, Delta S = -7.3751e-04 (per sweep)
max trunc_err = 5.8934e-06, max E_trunc = 7.3495e-05
chi: [512, 512, 512, 512, 512, 512, 512, 512, 512, 512, 512, 512]
================================================================================
INFO:tenpy.algorithms.dmrg:Running sweep with optimization
INFO:tenpy.algorithms.mps_common:start environment_sweep
INFO:tenpy.algorithms.dmrg:checkpoint after sweep 20
energy=-0.7111845172951803, max S=3.1170214178226838, age=756, norm_err=1.5e-09
Current memory usage 718.2MB, wall time: 88.4s
Delta E = -5.2470e-08, Delta S = 1.7065e-05 (per sweep)
max trunc_err = 5.8994e-06, max E_trunc = 7.3336e-05
chi: [512, 512, 512, 512, 512, 512, 512, 512, 512, 512, 512, 512]
================================================================================
INFO:tenpy.tools.params:DMRG: reading 'max_E_err'=1e-08
INFO:tenpy.tools.params:DMRG: reading 'max_S_err'=1e-05
INFO:tenpy.algorithms.dmrg:Running sweep with optimization
INFO:tenpy.algorithms.mps_common:start environment_sweep
INFO:tenpy.algorithms.dmrg:checkpoint after sweep 30
energy=-0.7111844925735985, max S=3.1170347982864763, age=1116, norm_err=1.1e-09
Current memory usage 718.2MB, wall time: 88.5s
Delta E = 2.4722e-09, Delta S = 1.9735e-06 (per sweep)
max trunc_err = 5.9060e-06, max E_trunc = 7.3356e-05
chi: [512, 512, 512, 512, 512, 512, 512, 512, 512, 512, 512, 512]
================================================================================
INFO:tenpy.tools.params:DMRG: reading 'norm_tol'=1e-05
INFO:tenpy.tools.params:DMRG: reading 'norm_tol_final'=1e-10
INFO:tenpy.tools.params:DMRG: reading 'norm_tol_iter'=5
WARNING:tenpy.algorithms.dmrg:final DMRG state not in canonical form up to norm_tol_final=1.00e-10: norm_err=1.06e-09, calling psi.canonical_form()
INFO:tenpy.algorithms.dmrg:TwoSiteDMRGEngine finished after 30 sweeps, max chi=512
INFO:tenpy.tools.params:DMRG: reading 'max_trunc_err'=0.0001
INFO:tenpy.tools.params:MixedHofstadterLandauGauge_Pi_2: reading 'explicit_plus_hc'=False
INFO:tenpy.tools.params:MixedHofstadterLandauGauge_Pi_2: reading 'Lx'=2
INFO:tenpy.tools.params:MixedHofstadterLandauGauge_Pi_2: setting 'N_rings'=2
INFO:tenpy.tools.params:MixedHofstadterLandauGauge_Pi_2: reading 'xy_lattice'='Square'
INFO:tenpy.tools.params:MixedHofstadterLandauGauge_Pi_2: reading 'Ly'=6
INFO:tenpy.tools.params:MixedHofstadterLandauGauge_Pi_2: reading 'ring_order'=None
INFO:tenpy.tools.params:MixedHofstadterLandauGauge_Pi_2: reading 'conserve_k'=True
INFO:tenpy.tools.params:MixedHofstadterLandauGauge_Pi_2: reading 'bc_MPS'='infinite'
INFO:tenpy.tools.params:MixedHofstadterLandauGauge_Pi_2: reading 't'=-1
INFO:tenpy.tools.params:MixedHofstadterLandauGauge_Pi_2: reading 't2'=-0.25
INFO:tenpy.tools.params:MixedHofstadterLandauGauge_Pi_2: reading 'V1'=0.6
INFO:tenpy.tools.params:MixedHofstadterLandauGauge_Pi_2: reading 'phi_ext'=np.float64(1.3)
INFO:tenpy.tools.params:MixedHofstadterLandauGauge_Pi_2: reading 'sort_mpo_legs'=False
/home/t30/kna/ge54yin/Documents/MasterThesisFQHinTMDs/MPS_stuff/MPScalculations/.venv/lib/python3.12/site-packages/tenpy/tools/params.py:232: UserWarning: unused options for config MixedHofstadterLandauGauge_Pi_2:
['Delta', 'N_rings', 'Nsec', 'bc', 'chi_max', 'ktot', 'saveAll']
  warnings.warn(msg.format(keys=sorted(unused), name=self.name))
INFO:tenpy.tools.params:DMRG: reading 'active_sites'=2
INFO:tenpy.tools.params:DMRG: reading 'diag_method'='default'
INFO:tenpy.tools.params:DMRG: subconfig 'trunc_params'=Config(<5 options>, 'trunc_params')
INFO:tenpy.tools.params:DMRG: reading 'max_N_sites_per_ring'=18
INFO:tenpy.tools.params:DMRG: reading 'combine'=False
INFO:tenpy.tools.params:DMRG: subconfig 'lanczos_params'=Config(<9 options>, 'lanczos_params')
INFO:tenpy.tools.params:DMRG: reading 'chi_list'=None
INFO:tenpy.tools.params:DMRG: reading 'start_env'=1
INFO:tenpy.algorithms.mps_common:start environment_sweep
INFO:tenpy.tools.params:DMRG: reading 'N_sweeps_check'=10
INFO:tenpy.tools.params:DMRG: subconfig 'mixer_params'=Config(<3 options>, 'mixer_params')
INFO:tenpy.tools.params:DMRG: reading 'mixer'=None
INFO:tenpy.tools.params:DMRG: reading 'max_sweeps'=100
INFO:tenpy.tools.params:DMRG: reading 'max_hours'=8760
INFO:tenpy.tools.params:DMRG: reading 'P_tol_to_trunc'=0.05
INFO:tenpy.tools.params:DMRG: reading 'P_tol_min'=5.0000000000000004e-30
INFO:tenpy.tools.params:DMRG: reading 'P_tol_max'=0.0001
INFO:tenpy.tools.params:DMRG: reading 'E_tol_to_trunc'=None
INFO:tenpy.algorithms.dmrg:Running sweep with optimization
INFO:tenpy.tools.params:DMRG: reading 'max_N_for_ED'=400
INFO:tenpy.tools.params:DMRG: reading 'update_env'=5
INFO:tenpy.algorithms.mps_common:start environment_sweep
INFO:tenpy.algorithms.dmrg:checkpoint after sweep 10
energy=-0.7112122565351058, max S=3.0977888590998708, age=396, norm_err=1.1e-09
Current memory usage 718.2MB, wall time: 108.4s
Delta E = nan, Delta S = -6.8713e-04 (per sweep)
max trunc_err = 5.9253e-06, max E_trunc = 7.4293e-05
chi: [512, 512, 512, 512, 512, 512, 512, 512, 512, 512, 512, 512]
================================================================================
INFO:tenpy.algorithms.dmrg:Running sweep with optimization
INFO:tenpy.algorithms.mps_common:start environment_sweep
INFO:tenpy.algorithms.dmrg:checkpoint after sweep 20
energy=-0.7112122878765584, max S=3.0978114603676015, age=756, norm_err=7.9e-10
Current memory usage 718.2MB, wall time: 87.5s
Delta E = -3.1341e-09, Delta S = 2.7552e-06 (per sweep)
max trunc_err = 5.9239e-06, max E_trunc = 7.4369e-05
chi: [512, 512, 512, 512, 512, 512, 512, 512, 512, 512, 512, 512]
================================================================================
INFO:tenpy.tools.params:DMRG: reading 'max_E_err'=1e-08
INFO:tenpy.tools.params:DMRG: reading 'max_S_err'=1e-05
INFO:tenpy.tools.params:DMRG: reading 'norm_tol'=1e-05
INFO:tenpy.tools.params:DMRG: reading 'norm_tol_final'=1e-10
INFO:tenpy.tools.params:DMRG: reading 'norm_tol_iter'=5
WARNING:tenpy.algorithms.dmrg:final DMRG state not in canonical form up to norm_tol_final=1.00e-10: norm_err=7.85e-10, calling psi.canonical_form()
INFO:tenpy.algorithms.dmrg:TwoSiteDMRGEngine finished after 20 sweeps, max chi=512
INFO:tenpy.tools.params:DMRG: reading 'max_trunc_err'=0.0001
INFO:tenpy.tools.params:MixedHofstadterLandauGauge_Pi_2: reading 'explicit_plus_hc'=False
INFO:tenpy.tools.params:MixedHofstadterLandauGauge_Pi_2: reading 'Lx'=2
INFO:tenpy.tools.params:MixedHofstadterLandauGauge_Pi_2: setting 'N_rings'=2
INFO:tenpy.tools.params:MixedHofstadterLandauGauge_Pi_2: reading 'xy_lattice'='Square'
INFO:tenpy.tools.params:MixedHofstadterLandauGauge_Pi_2: reading 'Ly'=6
INFO:tenpy.tools.params:MixedHofstadterLandauGauge_Pi_2: reading 'ring_order'=None
INFO:tenpy.tools.params:MixedHofstadterLandauGauge_Pi_2: reading 'conserve_k'=True
INFO:tenpy.tools.params:MixedHofstadterLandauGauge_Pi_2: reading 'bc_MPS'='infinite'
INFO:tenpy.tools.params:MixedHofstadterLandauGauge_Pi_2: reading 't'=-1
INFO:tenpy.tools.params:MixedHofstadterLandauGauge_Pi_2: reading 't2'=-0.25
INFO:tenpy.tools.params:MixedHofstadterLandauGauge_Pi_2: reading 'V1'=0.6
INFO:tenpy.tools.params:MixedHofstadterLandauGauge_Pi_2: reading 'phi_ext'=np.float64(1.35)
INFO:tenpy.tools.params:MixedHofstadterLandauGauge_Pi_2: reading 'sort_mpo_legs'=False
/home/t30/kna/ge54yin/Documents/MasterThesisFQHinTMDs/MPS_stuff/MPScalculations/.venv/lib/python3.12/site-packages/tenpy/tools/params.py:232: UserWarning: unused options for config MixedHofstadterLandauGauge_Pi_2:
['Delta', 'N_rings', 'Nsec', 'bc', 'chi_max', 'ktot', 'saveAll']
  warnings.warn(msg.format(keys=sorted(unused), name=self.name))
INFO:tenpy.tools.params:DMRG: reading 'active_sites'=2
INFO:tenpy.tools.params:DMRG: reading 'diag_method'='default'
INFO:tenpy.tools.params:DMRG: subconfig 'trunc_params'=Config(<5 options>, 'trunc_params')
INFO:tenpy.tools.params:DMRG: reading 'max_N_sites_per_ring'=18
INFO:tenpy.tools.params:DMRG: reading 'combine'=False
INFO:tenpy.tools.params:DMRG: subconfig 'lanczos_params'=Config(<9 options>, 'lanczos_params')
INFO:tenpy.tools.params:DMRG: reading 'chi_list'=None
INFO:tenpy.tools.params:DMRG: reading 'start_env'=1
INFO:tenpy.algorithms.mps_common:start environment_sweep
INFO:tenpy.tools.params:DMRG: reading 'N_sweeps_check'=10
INFO:tenpy.tools.params:DMRG: subconfig 'mixer_params'=Config(<3 options>, 'mixer_params')
INFO:tenpy.tools.params:DMRG: reading 'mixer'=None
INFO:tenpy.tools.params:DMRG: reading 'max_sweeps'=100
INFO:tenpy.tools.params:DMRG: reading 'max_hours'=8760
INFO:tenpy.tools.params:DMRG: reading 'P_tol_to_trunc'=0.05
INFO:tenpy.tools.params:DMRG: reading 'P_tol_min'=5.0000000000000004e-30
INFO:tenpy.tools.params:DMRG: reading 'P_tol_max'=0.0001
INFO:tenpy.tools.params:DMRG: reading 'E_tol_to_trunc'=None
INFO:tenpy.algorithms.dmrg:Running sweep with optimization
INFO:tenpy.tools.params:DMRG: reading 'max_N_for_ED'=400
INFO:tenpy.tools.params:DMRG: reading 'update_env'=5
INFO:tenpy.algorithms.mps_common:start environment_sweep
INFO:tenpy.algorithms.dmrg:checkpoint after sweep 10
energy=-0.7112339235937620, max S=3.0774947816007177, age=396, norm_err=4.0e-10
Current memory usage 718.2MB, wall time: 105.2s
Delta E = nan, Delta S = -5.9981e-04 (per sweep)
max trunc_err = 6.1145e-06, max E_trunc = 7.6388e-05
chi: [512, 512, 512, 512, 512, 512, 512, 512, 512, 512, 512, 512]
================================================================================
INFO:tenpy.algorithms.dmrg:Running sweep with optimization
INFO:tenpy.algorithms.mps_common:start environment_sweep
INFO:tenpy.algorithms.dmrg:checkpoint after sweep 20
energy=-0.7112339398768294, max S=3.0774982831181839, age=756, norm_err=4.7e-10
Current memory usage 718.2MB, wall time: 87.2s
Delta E = -1.6283e-09, Delta S = 6.2538e-08 (per sweep)
max trunc_err = 6.1047e-06, max E_trunc = 7.6256e-05
chi: [512, 512, 512, 512, 512, 512, 512, 512, 512, 512, 512, 512]
================================================================================
INFO:tenpy.tools.params:DMRG: reading 'max_E_err'=1e-08
INFO:tenpy.tools.params:DMRG: reading 'max_S_err'=1e-05
INFO:tenpy.tools.params:DMRG: reading 'norm_tol'=1e-05
INFO:tenpy.tools.params:DMRG: reading 'norm_tol_final'=1e-10
INFO:tenpy.tools.params:DMRG: reading 'norm_tol_iter'=5
WARNING:tenpy.algorithms.dmrg:final DMRG state not in canonical form up to norm_tol_final=1.00e-10: norm_err=4.75e-10, calling psi.canonical_form()
INFO:tenpy.algorithms.dmrg:TwoSiteDMRGEngine finished after 20 sweeps, max chi=512
INFO:tenpy.tools.params:DMRG: reading 'max_trunc_err'=0.0001
INFO:tenpy.tools.params:MixedHofstadterLandauGauge_Pi_2: reading 'explicit_plus_hc'=False
INFO:tenpy.tools.params:MixedHofstadterLandauGauge_Pi_2: reading 'Lx'=2
INFO:tenpy.tools.params:MixedHofstadterLandauGauge_Pi_2: setting 'N_rings'=2
INFO:tenpy.tools.params:MixedHofstadterLandauGauge_Pi_2: reading 'xy_lattice'='Square'
INFO:tenpy.tools.params:MixedHofstadterLandauGauge_Pi_2: reading 'Ly'=6
INFO:tenpy.tools.params:MixedHofstadterLandauGauge_Pi_2: reading 'ring_order'=None
INFO:tenpy.tools.params:MixedHofstadterLandauGauge_Pi_2: reading 'conserve_k'=True
INFO:tenpy.tools.params:MixedHofstadterLandauGauge_Pi_2: reading 'bc_MPS'='infinite'
INFO:tenpy.tools.params:MixedHofstadterLandauGauge_Pi_2: reading 't'=-1
INFO:tenpy.tools.params:MixedHofstadterLandauGauge_Pi_2: reading 't2'=-0.25
INFO:tenpy.tools.params:MixedHofstadterLandauGauge_Pi_2: reading 'V1'=0.6
INFO:tenpy.tools.params:MixedHofstadterLandauGauge_Pi_2: reading 'phi_ext'=np.float64(1.4000000000000001)
INFO:tenpy.tools.params:MixedHofstadterLandauGauge_Pi_2: reading 'sort_mpo_legs'=False
/home/t30/kna/ge54yin/Documents/MasterThesisFQHinTMDs/MPS_stuff/MPScalculations/.venv/lib/python3.12/site-packages/tenpy/tools/params.py:232: UserWarning: unused options for config MixedHofstadterLandauGauge_Pi_2:
['Delta', 'N_rings', 'Nsec', 'bc', 'chi_max', 'ktot', 'saveAll']
  warnings.warn(msg.format(keys=sorted(unused), name=self.name))
INFO:tenpy.tools.params:DMRG: reading 'active_sites'=2
INFO:tenpy.tools.params:DMRG: reading 'diag_method'='default'
INFO:tenpy.tools.params:DMRG: subconfig 'trunc_params'=Config(<5 options>, 'trunc_params')
INFO:tenpy.tools.params:DMRG: reading 'max_N_sites_per_ring'=18
INFO:tenpy.tools.params:DMRG: reading 'combine'=False
INFO:tenpy.tools.params:DMRG: subconfig 'lanczos_params'=Config(<9 options>, 'lanczos_params')
INFO:tenpy.tools.params:DMRG: reading 'chi_list'=None
INFO:tenpy.tools.params:DMRG: reading 'start_env'=1
INFO:tenpy.algorithms.mps_common:start environment_sweep
INFO:tenpy.tools.params:DMRG: reading 'N_sweeps_check'=10
INFO:tenpy.tools.params:DMRG: subconfig 'mixer_params'=Config(<3 options>, 'mixer_params')
INFO:tenpy.tools.params:DMRG: reading 'mixer'=None
INFO:tenpy.tools.params:DMRG: reading 'max_sweeps'=100
INFO:tenpy.tools.params:DMRG: reading 'max_hours'=8760
INFO:tenpy.tools.params:DMRG: reading 'P_tol_to_trunc'=0.05
INFO:tenpy.tools.params:DMRG: reading 'P_tol_min'=5.0000000000000004e-30
INFO:tenpy.tools.params:DMRG: reading 'P_tol_max'=0.0001
INFO:tenpy.tools.params:DMRG: reading 'E_tol_to_trunc'=None
INFO:tenpy.algorithms.dmrg:Running sweep with optimization
INFO:tenpy.tools.params:DMRG: reading 'max_N_for_ED'=400
INFO:tenpy.tools.params:DMRG: reading 'update_env'=5
INFO:tenpy.algorithms.mps_common:start environment_sweep
INFO:tenpy.algorithms.dmrg:checkpoint after sweep 10
energy=-0.7112492316081666, max S=3.0566893765434919, age=396, norm_err=5.4e-10
Current memory usage 718.2MB, wall time: 108.0s
Delta E = nan, Delta S = -4.6593e-04 (per sweep)
max trunc_err = 6.0214e-06, max E_trunc = 7.5271e-05
chi: [512, 512, 512, 512, 512, 512, 512, 512, 512, 512, 512, 512]
================================================================================
INFO:tenpy.algorithms.dmrg:Running sweep with optimization
INFO:tenpy.algorithms.mps_common:start environment_sweep
INFO:tenpy.algorithms.dmrg:checkpoint after sweep 20
energy=-0.7112492400851190, max S=3.0566692991843532, age=756, norm_err=4.0e-10
Current memory usage 718.2MB, wall time: 87.1s
Delta E = -8.4770e-10, Delta S = -9.1774e-07 (per sweep)
max trunc_err = 6.0068e-06, max E_trunc = 7.5147e-05
chi: [512, 512, 512, 512, 512, 512, 512, 512, 512, 512, 512, 512]
================================================================================
INFO:tenpy.tools.params:DMRG: reading 'max_E_err'=1e-08
INFO:tenpy.tools.params:DMRG: reading 'max_S_err'=1e-05
INFO:tenpy.tools.params:DMRG: reading 'norm_tol'=1e-05
INFO:tenpy.tools.params:DMRG: reading 'norm_tol_final'=1e-10
INFO:tenpy.tools.params:DMRG: reading 'norm_tol_iter'=5
WARNING:tenpy.algorithms.dmrg:final DMRG state not in canonical form up to norm_tol_final=1.00e-10: norm_err=3.99e-10, calling psi.canonical_form()
INFO:tenpy.algorithms.dmrg:TwoSiteDMRGEngine finished after 20 sweeps, max chi=512
INFO:tenpy.tools.params:DMRG: reading 'max_trunc_err'=0.0001
INFO:tenpy.tools.params:MixedHofstadterLandauGauge_Pi_2: reading 'explicit_plus_hc'=False
INFO:tenpy.tools.params:MixedHofstadterLandauGauge_Pi_2: reading 'Lx'=2
INFO:tenpy.tools.params:MixedHofstadterLandauGauge_Pi_2: setting 'N_rings'=2
INFO:tenpy.tools.params:MixedHofstadterLandauGauge_Pi_2: reading 'xy_lattice'='Square'
INFO:tenpy.tools.params:MixedHofstadterLandauGauge_Pi_2: reading 'Ly'=6
INFO:tenpy.tools.params:MixedHofstadterLandauGauge_Pi_2: reading 'ring_order'=None
INFO:tenpy.tools.params:MixedHofstadterLandauGauge_Pi_2: reading 'conserve_k'=True
INFO:tenpy.tools.params:MixedHofstadterLandauGauge_Pi_2: reading 'bc_MPS'='infinite'
INFO:tenpy.tools.params:MixedHofstadterLandauGauge_Pi_2: reading 't'=-1
INFO:tenpy.tools.params:MixedHofstadterLandauGauge_Pi_2: reading 't2'=-0.25
INFO:tenpy.tools.params:MixedHofstadterLandauGauge_Pi_2: reading 'V1'=0.6
INFO:tenpy.tools.params:MixedHofstadterLandauGauge_Pi_2: reading 'phi_ext'=np.float64(1.4500000000000002)
INFO:tenpy.tools.params:MixedHofstadterLandauGauge_Pi_2: reading 'sort_mpo_legs'=False
/home/t30/kna/ge54yin/Documents/MasterThesisFQHinTMDs/MPS_stuff/MPScalculations/.venv/lib/python3.12/site-packages/tenpy/tools/params.py:232: UserWarning: unused options for config MixedHofstadterLandauGauge_Pi_2:
['Delta', 'N_rings', 'Nsec', 'bc', 'chi_max', 'ktot', 'saveAll']
  warnings.warn(msg.format(keys=sorted(unused), name=self.name))
INFO:tenpy.tools.params:DMRG: reading 'active_sites'=2
INFO:tenpy.tools.params:DMRG: reading 'diag_method'='default'
INFO:tenpy.tools.params:DMRG: subconfig 'trunc_params'=Config(<5 options>, 'trunc_params')
INFO:tenpy.tools.params:DMRG: reading 'max_N_sites_per_ring'=18
INFO:tenpy.tools.params:DMRG: reading 'combine'=False
INFO:tenpy.tools.params:DMRG: subconfig 'lanczos_params'=Config(<9 options>, 'lanczos_params')
INFO:tenpy.tools.params:DMRG: reading 'chi_list'=None
INFO:tenpy.tools.params:DMRG: reading 'start_env'=1
INFO:tenpy.algorithms.mps_common:start environment_sweep
INFO:tenpy.tools.params:DMRG: reading 'N_sweeps_check'=10
INFO:tenpy.tools.params:DMRG: subconfig 'mixer_params'=Config(<3 options>, 'mixer_params')
INFO:tenpy.tools.params:DMRG: reading 'mixer'=None
INFO:tenpy.tools.params:DMRG: reading 'max_sweeps'=100
INFO:tenpy.tools.params:DMRG: reading 'max_hours'=8760
INFO:tenpy.tools.params:DMRG: reading 'P_tol_to_trunc'=0.05
INFO:tenpy.tools.params:DMRG: reading 'P_tol_min'=5.0000000000000004e-30
INFO:tenpy.tools.params:DMRG: reading 'P_tol_max'=0.0001
INFO:tenpy.tools.params:DMRG: reading 'E_tol_to_trunc'=None
INFO:tenpy.algorithms.dmrg:Running sweep with optimization
INFO:tenpy.tools.params:DMRG: reading 'max_N_for_ED'=400
INFO:tenpy.tools.params:DMRG: reading 'update_env'=5
INFO:tenpy.algorithms.mps_common:start environment_sweep
INFO:tenpy.algorithms.dmrg:checkpoint after sweep 10
energy=-0.7112591299648514, max S=3.0357920914603467, age=396, norm_err=2.9e-10
Current memory usage 718.2MB, wall time: 108.1s
Delta E = nan, Delta S = -3.0981e-04 (per sweep)
max trunc_err = 6.2136e-06, max E_trunc = 7.8227e-05
chi: [512, 512, 512, 512, 512, 512, 512, 512, 512, 512, 512, 512]
================================================================================
INFO:tenpy.algorithms.dmrg:Running sweep with optimization
INFO:tenpy.algorithms.mps_common:start environment_sweep
INFO:tenpy.algorithms.dmrg:checkpoint after sweep 20
energy=-0.7112591915957722, max S=3.0357809199439485, age=756, norm_err=4.5e-10
Current memory usage 718.2MB, wall time: 87.5s
Delta E = -6.1631e-09, Delta S = -1.1624e-06 (per sweep)
max trunc_err = 6.1850e-06, max E_trunc = 7.7678e-05
chi: [512, 512, 512, 512, 512, 512, 512, 512, 512, 512, 512, 512]
================================================================================
INFO:tenpy.tools.params:DMRG: reading 'max_E_err'=1e-08
INFO:tenpy.tools.params:DMRG: reading 'max_S_err'=1e-05
INFO:tenpy.tools.params:DMRG: reading 'norm_tol'=1e-05
INFO:tenpy.tools.params:DMRG: reading 'norm_tol_final'=1e-10
INFO:tenpy.tools.params:DMRG: reading 'norm_tol_iter'=5
WARNING:tenpy.algorithms.dmrg:final DMRG state not in canonical form up to norm_tol_final=1.00e-10: norm_err=4.51e-10, calling psi.canonical_form()
INFO:tenpy.algorithms.dmrg:TwoSiteDMRGEngine finished after 20 sweeps, max chi=512
INFO:tenpy.tools.params:DMRG: reading 'max_trunc_err'=0.0001
INFO:tenpy.tools.params:MixedHofstadterLandauGauge_Pi_2: reading 'explicit_plus_hc'=False
INFO:tenpy.tools.params:MixedHofstadterLandauGauge_Pi_2: reading 'Lx'=2
INFO:tenpy.tools.params:MixedHofstadterLandauGauge_Pi_2: setting 'N_rings'=2
INFO:tenpy.tools.params:MixedHofstadterLandauGauge_Pi_2: reading 'xy_lattice'='Square'
INFO:tenpy.tools.params:MixedHofstadterLandauGauge_Pi_2: reading 'Ly'=6
INFO:tenpy.tools.params:MixedHofstadterLandauGauge_Pi_2: reading 'ring_order'=None
INFO:tenpy.tools.params:MixedHofstadterLandauGauge_Pi_2: reading 'conserve_k'=True
INFO:tenpy.tools.params:MixedHofstadterLandauGauge_Pi_2: reading 'bc_MPS'='infinite'
INFO:tenpy.tools.params:MixedHofstadterLandauGauge_Pi_2: reading 't'=-1
INFO:tenpy.tools.params:MixedHofstadterLandauGauge_Pi_2: reading 't2'=-0.25
INFO:tenpy.tools.params:MixedHofstadterLandauGauge_Pi_2: reading 'V1'=0.6
INFO:tenpy.tools.params:MixedHofstadterLandauGauge_Pi_2: reading 'phi_ext'=np.float64(1.5)
INFO:tenpy.tools.params:MixedHofstadterLandauGauge_Pi_2: reading 'sort_mpo_legs'=False
/home/t30/kna/ge54yin/Documents/MasterThesisFQHinTMDs/MPS_stuff/MPScalculations/.venv/lib/python3.12/site-packages/tenpy/tools/params.py:232: UserWarning: unused options for config MixedHofstadterLandauGauge_Pi_2:
['Delta', 'N_rings', 'Nsec', 'bc', 'chi_max', 'ktot', 'saveAll']
  warnings.warn(msg.format(keys=sorted(unused), name=self.name))
INFO:tenpy.tools.params:DMRG: reading 'active_sites'=2
INFO:tenpy.tools.params:DMRG: reading 'diag_method'='default'
INFO:tenpy.tools.params:DMRG: subconfig 'trunc_params'=Config(<5 options>, 'trunc_params')
INFO:tenpy.tools.params:DMRG: reading 'max_N_sites_per_ring'=18
INFO:tenpy.tools.params:DMRG: reading 'combine'=False
INFO:tenpy.tools.params:DMRG: subconfig 'lanczos_params'=Config(<9 options>, 'lanczos_params')
INFO:tenpy.tools.params:DMRG: reading 'chi_list'=None
INFO:tenpy.tools.params:DMRG: reading 'start_env'=1
INFO:tenpy.algorithms.mps_common:start environment_sweep
INFO:tenpy.tools.params:DMRG: reading 'N_sweeps_check'=10
INFO:tenpy.tools.params:DMRG: subconfig 'mixer_params'=Config(<3 options>, 'mixer_params')
INFO:tenpy.tools.params:DMRG: reading 'mixer'=None
INFO:tenpy.tools.params:DMRG: reading 'max_sweeps'=100
INFO:tenpy.tools.params:DMRG: reading 'max_hours'=8760
INFO:tenpy.tools.params:DMRG: reading 'P_tol_to_trunc'=0.05
INFO:tenpy.tools.params:DMRG: reading 'P_tol_min'=5.0000000000000004e-30
INFO:tenpy.tools.params:DMRG: reading 'P_tol_max'=0.0001
INFO:tenpy.tools.params:DMRG: reading 'E_tol_to_trunc'=None
INFO:tenpy.algorithms.dmrg:Running sweep with optimization
INFO:tenpy.tools.params:DMRG: reading 'max_N_for_ED'=400
INFO:tenpy.tools.params:DMRG: reading 'update_env'=5
INFO:tenpy.algorithms.mps_common:start environment_sweep
INFO:tenpy.algorithms.dmrg:checkpoint after sweep 10
energy=-0.7112631762766242, max S=3.0154428678208056, age=396, norm_err=2.4e-10
Current memory usage 718.2MB, wall time: 108.0s
Delta E = nan, Delta S = -9.0751e-05 (per sweep)
max trunc_err = 6.0713e-06, max E_trunc = 7.6425e-05
chi: [512, 512, 512, 512, 512, 512, 512, 512, 512, 512, 512, 512]
================================================================================
INFO:tenpy.algorithms.dmrg:Running sweep with optimization
INFO:tenpy.algorithms.mps_common:start environment_sweep
INFO:tenpy.algorithms.dmrg:checkpoint after sweep 20
energy=-0.7112632299956232, max S=3.0154528980088657, age=756, norm_err=2.8e-10
Current memory usage 718.2MB, wall time: 87.3s
Delta E = -5.3719e-09, Delta S = 1.9524e-06 (per sweep)
max trunc_err = 6.0409e-06, max E_trunc = 7.6080e-05
chi: [512, 512, 512, 512, 512, 512, 512, 512, 512, 512, 512, 512]
================================================================================
INFO:tenpy.tools.params:DMRG: reading 'max_E_err'=1e-08
INFO:tenpy.tools.params:DMRG: reading 'max_S_err'=1e-05
INFO:tenpy.tools.params:DMRG: reading 'norm_tol'=1e-05
INFO:tenpy.tools.params:DMRG: reading 'norm_tol_final'=1e-10
INFO:tenpy.tools.params:DMRG: reading 'norm_tol_iter'=5
WARNING:tenpy.algorithms.dmrg:final DMRG state not in canonical form up to norm_tol_final=1.00e-10: norm_err=2.78e-10, calling psi.canonical_form()
INFO:tenpy.algorithms.dmrg:TwoSiteDMRGEngine finished after 20 sweeps, max chi=512
INFO:tenpy.tools.params:DMRG: reading 'max_trunc_err'=0.0001
INFO:tenpy.tools.params:MixedHofstadterLandauGauge_Pi_2: reading 'explicit_plus_hc'=False
INFO:tenpy.tools.params:MixedHofstadterLandauGauge_Pi_2: reading 'Lx'=2
INFO:tenpy.tools.params:MixedHofstadterLandauGauge_Pi_2: setting 'N_rings'=2
INFO:tenpy.tools.params:MixedHofstadterLandauGauge_Pi_2: reading 'xy_lattice'='Square'
INFO:tenpy.tools.params:MixedHofstadterLandauGauge_Pi_2: reading 'Ly'=6
INFO:tenpy.tools.params:MixedHofstadterLandauGauge_Pi_2: reading 'ring_order'=None
INFO:tenpy.tools.params:MixedHofstadterLandauGauge_Pi_2: reading 'conserve_k'=True
INFO:tenpy.tools.params:MixedHofstadterLandauGauge_Pi_2: reading 'bc_MPS'='infinite'
INFO:tenpy.tools.params:MixedHofstadterLandauGauge_Pi_2: reading 't'=-1
INFO:tenpy.tools.params:MixedHofstadterLandauGauge_Pi_2: reading 't2'=-0.25
INFO:tenpy.tools.params:MixedHofstadterLandauGauge_Pi_2: reading 'V1'=0.6
INFO:tenpy.tools.params:MixedHofstadterLandauGauge_Pi_2: reading 'phi_ext'=np.float64(1.55)
INFO:tenpy.tools.params:MixedHofstadterLandauGauge_Pi_2: reading 'sort_mpo_legs'=False
/home/t30/kna/ge54yin/Documents/MasterThesisFQHinTMDs/MPS_stuff/MPScalculations/.venv/lib/python3.12/site-packages/tenpy/tools/params.py:232: UserWarning: unused options for config MixedHofstadterLandauGauge_Pi_2:
['Delta', 'N_rings', 'Nsec', 'bc', 'chi_max', 'ktot', 'saveAll']
  warnings.warn(msg.format(keys=sorted(unused), name=self.name))
INFO:tenpy.tools.params:DMRG: reading 'active_sites'=2
INFO:tenpy.tools.params:DMRG: reading 'diag_method'='default'
INFO:tenpy.tools.params:DMRG: subconfig 'trunc_params'=Config(<5 options>, 'trunc_params')
INFO:tenpy.tools.params:DMRG: reading 'max_N_sites_per_ring'=18
INFO:tenpy.tools.params:DMRG: reading 'combine'=False
INFO:tenpy.tools.params:DMRG: subconfig 'lanczos_params'=Config(<9 options>, 'lanczos_params')
INFO:tenpy.tools.params:DMRG: reading 'chi_list'=None
INFO:tenpy.tools.params:DMRG: reading 'start_env'=1
INFO:tenpy.algorithms.mps_common:start environment_sweep
INFO:tenpy.tools.params:DMRG: reading 'N_sweeps_check'=10
INFO:tenpy.tools.params:DMRG: subconfig 'mixer_params'=Config(<3 options>, 'mixer_params')
INFO:tenpy.tools.params:DMRG: reading 'mixer'=None
INFO:tenpy.tools.params:DMRG: reading 'max_sweeps'=100
INFO:tenpy.tools.params:DMRG: reading 'max_hours'=8760
INFO:tenpy.tools.params:DMRG: reading 'P_tol_to_trunc'=0.05
INFO:tenpy.tools.params:DMRG: reading 'P_tol_min'=5.0000000000000004e-30
INFO:tenpy.tools.params:DMRG: reading 'P_tol_max'=0.0001
INFO:tenpy.tools.params:DMRG: reading 'E_tol_to_trunc'=None
INFO:tenpy.algorithms.dmrg:Running sweep with optimization
INFO:tenpy.tools.params:DMRG: reading 'max_N_for_ED'=400
INFO:tenpy.tools.params:DMRG: reading 'update_env'=5
INFO:tenpy.algorithms.mps_common:start environment_sweep
INFO:tenpy.algorithms.dmrg:checkpoint after sweep 10
energy=-0.7112605338707638, max S=2.9956156798068294, age=396, norm_err=2.4e-10
Current memory usage 718.2MB, wall time: 108.2s
Delta E = nan, Delta S = 8.6564e-05 (per sweep)
max trunc_err = 6.0848e-06, max E_trunc = 7.6865e-05
chi: [512, 512, 512, 512, 512, 512, 512, 512, 512, 512, 512, 512]
================================================================================
INFO:tenpy.algorithms.dmrg:Running sweep with optimization
INFO:tenpy.algorithms.mps_common:start environment_sweep
INFO:tenpy.algorithms.dmrg:checkpoint after sweep 20
energy=-0.7112605461470451, max S=2.9956355842432734, age=756, norm_err=1.6e-10
Current memory usage 718.2MB, wall time: 86.9s
Delta E = -1.2276e-09, Delta S = 1.6337e-06 (per sweep)
max trunc_err = 6.0774e-06, max E_trunc = 7.6799e-05
chi: [512, 512, 512, 512, 512, 512, 512, 512, 512, 512, 512, 512]
================================================================================
INFO:tenpy.tools.params:DMRG: reading 'max_E_err'=1e-08
INFO:tenpy.tools.params:DMRG: reading 'max_S_err'=1e-05
INFO:tenpy.tools.params:DMRG: reading 'norm_tol'=1e-05
INFO:tenpy.tools.params:DMRG: reading 'norm_tol_final'=1e-10
INFO:tenpy.tools.params:DMRG: reading 'norm_tol_iter'=5
WARNING:tenpy.algorithms.dmrg:final DMRG state not in canonical form up to norm_tol_final=1.00e-10: norm_err=1.57e-10, calling psi.canonical_form()
INFO:tenpy.algorithms.dmrg:TwoSiteDMRGEngine finished after 20 sweeps, max chi=512
INFO:tenpy.tools.params:DMRG: reading 'max_trunc_err'=0.0001
INFO:tenpy.tools.params:MixedHofstadterLandauGauge_Pi_2: reading 'explicit_plus_hc'=False
INFO:tenpy.tools.params:MixedHofstadterLandauGauge_Pi_2: reading 'Lx'=2
INFO:tenpy.tools.params:MixedHofstadterLandauGauge_Pi_2: setting 'N_rings'=2
INFO:tenpy.tools.params:MixedHofstadterLandauGauge_Pi_2: reading 'xy_lattice'='Square'
INFO:tenpy.tools.params:MixedHofstadterLandauGauge_Pi_2: reading 'Ly'=6
INFO:tenpy.tools.params:MixedHofstadterLandauGauge_Pi_2: reading 'ring_order'=None
INFO:tenpy.tools.params:MixedHofstadterLandauGauge_Pi_2: reading 'conserve_k'=True
INFO:tenpy.tools.params:MixedHofstadterLandauGauge_Pi_2: reading 'bc_MPS'='infinite'
INFO:tenpy.tools.params:MixedHofstadterLandauGauge_Pi_2: reading 't'=-1
INFO:tenpy.tools.params:MixedHofstadterLandauGauge_Pi_2: reading 't2'=-0.25
INFO:tenpy.tools.params:MixedHofstadterLandauGauge_Pi_2: reading 'V1'=0.6
INFO:tenpy.tools.params:MixedHofstadterLandauGauge_Pi_2: reading 'phi_ext'=np.float64(1.6)
INFO:tenpy.tools.params:MixedHofstadterLandauGauge_Pi_2: reading 'sort_mpo_legs'=False
/home/t30/kna/ge54yin/Documents/MasterThesisFQHinTMDs/MPS_stuff/MPScalculations/.venv/lib/python3.12/site-packages/tenpy/tools/params.py:232: UserWarning: unused options for config MixedHofstadterLandauGauge_Pi_2:
['Delta', 'N_rings', 'Nsec', 'bc', 'chi_max', 'ktot', 'saveAll']
  warnings.warn(msg.format(keys=sorted(unused), name=self.name))
INFO:tenpy.tools.params:DMRG: reading 'active_sites'=2
INFO:tenpy.tools.params:DMRG: reading 'diag_method'='default'
INFO:tenpy.tools.params:DMRG: subconfig 'trunc_params'=Config(<5 options>, 'trunc_params')
INFO:tenpy.tools.params:DMRG: reading 'max_N_sites_per_ring'=18
INFO:tenpy.tools.params:DMRG: reading 'combine'=False
INFO:tenpy.tools.params:DMRG: subconfig 'lanczos_params'=Config(<9 options>, 'lanczos_params')
INFO:tenpy.tools.params:DMRG: reading 'chi_list'=None
INFO:tenpy.tools.params:DMRG: reading 'start_env'=1
INFO:tenpy.algorithms.mps_common:start environment_sweep
INFO:tenpy.tools.params:DMRG: reading 'N_sweeps_check'=10
INFO:tenpy.tools.params:DMRG: subconfig 'mixer_params'=Config(<3 options>, 'mixer_params')
INFO:tenpy.tools.params:DMRG: reading 'mixer'=None
INFO:tenpy.tools.params:DMRG: reading 'max_sweeps'=100
INFO:tenpy.tools.params:DMRG: reading 'max_hours'=8760
INFO:tenpy.tools.params:DMRG: reading 'P_tol_to_trunc'=0.05
INFO:tenpy.tools.params:DMRG: reading 'P_tol_min'=5.0000000000000004e-30
INFO:tenpy.tools.params:DMRG: reading 'P_tol_max'=0.0001
INFO:tenpy.tools.params:DMRG: reading 'E_tol_to_trunc'=None
INFO:tenpy.algorithms.dmrg:Running sweep with optimization
INFO:tenpy.tools.params:DMRG: reading 'max_N_for_ED'=400
INFO:tenpy.tools.params:DMRG: reading 'update_env'=5
INFO:tenpy.algorithms.mps_common:start environment_sweep
INFO:tenpy.algorithms.dmrg:checkpoint after sweep 10
energy=-0.7112515887294629, max S=2.9762912126794703, age=396, norm_err=1.8e-10
Current memory usage 718.2MB, wall time: 106.4s
Delta E = nan, Delta S = 2.6041e-04 (per sweep)
max trunc_err = 6.0450e-06, max E_trunc = 7.6222e-05
chi: [512, 512, 512, 512, 512, 512, 512, 512, 512, 512, 512, 512]
================================================================================
INFO:tenpy.algorithms.dmrg:Running sweep with optimization
INFO:tenpy.algorithms.mps_common:start environment_sweep
INFO:tenpy.algorithms.dmrg:checkpoint after sweep 20
energy=-0.7112516076103409, max S=2.9762939467435880, age=756, norm_err=1.1e-10
Current memory usage 718.2MB, wall time: 86.8s
Delta E = -1.8881e-09, Delta S = 2.4002e-07 (per sweep)
max trunc_err = 6.0325e-06, max E_trunc = 7.6089e-05
chi: [512, 512, 512, 512, 512, 512, 512, 512, 512, 512, 512, 512]
================================================================================
INFO:tenpy.tools.params:DMRG: reading 'max_E_err'=1e-08
INFO:tenpy.tools.params:DMRG: reading 'max_S_err'=1e-05
INFO:tenpy.tools.params:DMRG: reading 'norm_tol'=1e-05
INFO:tenpy.tools.params:DMRG: reading 'norm_tol_final'=1e-10
INFO:tenpy.tools.params:DMRG: reading 'norm_tol_iter'=5
WARNING:tenpy.algorithms.dmrg:final DMRG state not in canonical form up to norm_tol_final=1.00e-10: norm_err=1.07e-10, calling psi.canonical_form()
INFO:tenpy.algorithms.dmrg:TwoSiteDMRGEngine finished after 20 sweeps, max chi=512
INFO:tenpy.tools.params:DMRG: reading 'max_trunc_err'=0.0001
INFO:tenpy.tools.params:MixedHofstadterLandauGauge_Pi_2: reading 'explicit_plus_hc'=False
INFO:tenpy.tools.params:MixedHofstadterLandauGauge_Pi_2: reading 'Lx'=2
INFO:tenpy.tools.params:MixedHofstadterLandauGauge_Pi_2: setting 'N_rings'=2
INFO:tenpy.tools.params:MixedHofstadterLandauGauge_Pi_2: reading 'xy_lattice'='Square'
INFO:tenpy.tools.params:MixedHofstadterLandauGauge_Pi_2: reading 'Ly'=6
INFO:tenpy.tools.params:MixedHofstadterLandauGauge_Pi_2: reading 'ring_order'=None
INFO:tenpy.tools.params:MixedHofstadterLandauGauge_Pi_2: reading 'conserve_k'=True
INFO:tenpy.tools.params:MixedHofstadterLandauGauge_Pi_2: reading 'bc_MPS'='infinite'
INFO:tenpy.tools.params:MixedHofstadterLandauGauge_Pi_2: reading 't'=-1
INFO:tenpy.tools.params:MixedHofstadterLandauGauge_Pi_2: reading 't2'=-0.25
INFO:tenpy.tools.params:MixedHofstadterLandauGauge_Pi_2: reading 'V1'=0.6
INFO:tenpy.tools.params:MixedHofstadterLandauGauge_Pi_2: reading 'phi_ext'=np.float64(1.6500000000000001)
INFO:tenpy.tools.params:MixedHofstadterLandauGauge_Pi_2: reading 'sort_mpo_legs'=False
/home/t30/kna/ge54yin/Documents/MasterThesisFQHinTMDs/MPS_stuff/MPScalculations/.venv/lib/python3.12/site-packages/tenpy/tools/params.py:232: UserWarning: unused options for config MixedHofstadterLandauGauge_Pi_2:
['Delta', 'N_rings', 'Nsec', 'bc', 'chi_max', 'ktot', 'saveAll']
  warnings.warn(msg.format(keys=sorted(unused), name=self.name))
INFO:tenpy.tools.params:DMRG: reading 'active_sites'=2
INFO:tenpy.tools.params:DMRG: reading 'diag_method'='default'
INFO:tenpy.tools.params:DMRG: subconfig 'trunc_params'=Config(<5 options>, 'trunc_params')
INFO:tenpy.tools.params:DMRG: reading 'max_N_sites_per_ring'=18
INFO:tenpy.tools.params:DMRG: reading 'combine'=False
INFO:tenpy.tools.params:DMRG: subconfig 'lanczos_params'=Config(<9 options>, 'lanczos_params')
INFO:tenpy.tools.params:DMRG: reading 'chi_list'=None
INFO:tenpy.tools.params:DMRG: reading 'start_env'=1
INFO:tenpy.algorithms.mps_common:start environment_sweep
INFO:tenpy.tools.params:DMRG: reading 'N_sweeps_check'=10
INFO:tenpy.tools.params:DMRG: subconfig 'mixer_params'=Config(<3 options>, 'mixer_params')
INFO:tenpy.tools.params:DMRG: reading 'mixer'=None
INFO:tenpy.tools.params:DMRG: reading 'max_sweeps'=100
INFO:tenpy.tools.params:DMRG: reading 'max_hours'=8760
INFO:tenpy.tools.params:DMRG: reading 'P_tol_to_trunc'=0.05
INFO:tenpy.tools.params:DMRG: reading 'P_tol_min'=5.0000000000000004e-30
INFO:tenpy.tools.params:DMRG: reading 'P_tol_max'=0.0001
INFO:tenpy.tools.params:DMRG: reading 'E_tol_to_trunc'=None
INFO:tenpy.algorithms.dmrg:Running sweep with optimization
INFO:tenpy.tools.params:DMRG: reading 'max_N_for_ED'=400
INFO:tenpy.tools.params:DMRG: reading 'update_env'=5
INFO:tenpy.algorithms.mps_common:start environment_sweep
INFO:tenpy.algorithms.dmrg:checkpoint after sweep 10
energy=-0.7112365449089069, max S=2.9573455226294296, age=396, norm_err=3.6e-10
Current memory usage 718.2MB, wall time: 107.4s
Delta E = nan, Delta S = 4.1585e-04 (per sweep)
max trunc_err = 5.8782e-06, max E_trunc = 7.3582e-05
chi: [512, 512, 512, 512, 512, 512, 512, 512, 512, 512, 512, 512]
================================================================================
INFO:tenpy.algorithms.dmrg:Running sweep with optimization
INFO:tenpy.algorithms.mps_common:start environment_sweep
INFO:tenpy.algorithms.dmrg:checkpoint after sweep 20
energy=-0.7112366111299906, max S=2.9573610191643827, age=756, norm_err=2.8e-10
Current memory usage 718.2MB, wall time: 86.4s
Delta E = -6.6221e-09, Delta S = 1.7270e-06 (per sweep)
max trunc_err = 5.9143e-06, max E_trunc = 7.4155e-05
chi: [512, 512, 512, 512, 512, 512, 512, 512, 512, 512, 512, 512]
================================================================================
INFO:tenpy.tools.params:DMRG: reading 'max_E_err'=1e-08
INFO:tenpy.tools.params:DMRG: reading 'max_S_err'=1e-05
INFO:tenpy.tools.params:DMRG: reading 'norm_tol'=1e-05
INFO:tenpy.tools.params:DMRG: reading 'norm_tol_final'=1e-10
INFO:tenpy.tools.params:DMRG: reading 'norm_tol_iter'=5
WARNING:tenpy.algorithms.dmrg:final DMRG state not in canonical form up to norm_tol_final=1.00e-10: norm_err=2.75e-10, calling psi.canonical_form()
INFO:tenpy.algorithms.dmrg:TwoSiteDMRGEngine finished after 20 sweeps, max chi=512
INFO:tenpy.tools.params:DMRG: reading 'max_trunc_err'=0.0001
INFO:tenpy.tools.params:MixedHofstadterLandauGauge_Pi_2: reading 'explicit_plus_hc'=False
INFO:tenpy.tools.params:MixedHofstadterLandauGauge_Pi_2: reading 'Lx'=2
INFO:tenpy.tools.params:MixedHofstadterLandauGauge_Pi_2: setting 'N_rings'=2
INFO:tenpy.tools.params:MixedHofstadterLandauGauge_Pi_2: reading 'xy_lattice'='Square'
INFO:tenpy.tools.params:MixedHofstadterLandauGauge_Pi_2: reading 'Ly'=6
INFO:tenpy.tools.params:MixedHofstadterLandauGauge_Pi_2: reading 'ring_order'=None
INFO:tenpy.tools.params:MixedHofstadterLandauGauge_Pi_2: reading 'conserve_k'=True
INFO:tenpy.tools.params:MixedHofstadterLandauGauge_Pi_2: reading 'bc_MPS'='infinite'
INFO:tenpy.tools.params:MixedHofstadterLandauGauge_Pi_2: reading 't'=-1
INFO:tenpy.tools.params:MixedHofstadterLandauGauge_Pi_2: reading 't2'=-0.25
INFO:tenpy.tools.params:MixedHofstadterLandauGauge_Pi_2: reading 'V1'=0.6
INFO:tenpy.tools.params:MixedHofstadterLandauGauge_Pi_2: reading 'phi_ext'=np.float64(1.7000000000000002)
INFO:tenpy.tools.params:MixedHofstadterLandauGauge_Pi_2: reading 'sort_mpo_legs'=False
/home/t30/kna/ge54yin/Documents/MasterThesisFQHinTMDs/MPS_stuff/MPScalculations/.venv/lib/python3.12/site-packages/tenpy/tools/params.py:232: UserWarning: unused options for config MixedHofstadterLandauGauge_Pi_2:
['Delta', 'N_rings', 'Nsec', 'bc', 'chi_max', 'ktot', 'saveAll']
  warnings.warn(msg.format(keys=sorted(unused), name=self.name))
INFO:tenpy.tools.params:DMRG: reading 'active_sites'=2
INFO:tenpy.tools.params:DMRG: reading 'diag_method'='default'
INFO:tenpy.tools.params:DMRG: subconfig 'trunc_params'=Config(<5 options>, 'trunc_params')
INFO:tenpy.tools.params:DMRG: reading 'max_N_sites_per_ring'=18
INFO:tenpy.tools.params:DMRG: reading 'combine'=False
INFO:tenpy.tools.params:DMRG: subconfig 'lanczos_params'=Config(<9 options>, 'lanczos_params')
INFO:tenpy.tools.params:DMRG: reading 'chi_list'=None
INFO:tenpy.tools.params:DMRG: reading 'start_env'=1
INFO:tenpy.algorithms.mps_common:start environment_sweep
INFO:tenpy.tools.params:DMRG: reading 'N_sweeps_check'=10
INFO:tenpy.tools.params:DMRG: subconfig 'mixer_params'=Config(<3 options>, 'mixer_params')
INFO:tenpy.tools.params:DMRG: reading 'mixer'=None
INFO:tenpy.tools.params:DMRG: reading 'max_sweeps'=100
INFO:tenpy.tools.params:DMRG: reading 'max_hours'=8760
INFO:tenpy.tools.params:DMRG: reading 'P_tol_to_trunc'=0.05
INFO:tenpy.tools.params:DMRG: reading 'P_tol_min'=5.0000000000000004e-30
INFO:tenpy.tools.params:DMRG: reading 'P_tol_max'=0.0001
INFO:tenpy.tools.params:DMRG: reading 'E_tol_to_trunc'=None
INFO:tenpy.algorithms.dmrg:Running sweep with optimization
INFO:tenpy.tools.params:DMRG: reading 'max_N_for_ED'=400
INFO:tenpy.tools.params:DMRG: reading 'update_env'=5
INFO:tenpy.algorithms.mps_common:start environment_sweep
INFO:tenpy.algorithms.dmrg:checkpoint after sweep 10
energy=-0.7112151079629001, max S=2.9388050783605397, age=396, norm_err=4.2e-10
Current memory usage 718.2MB, wall time: 106.9s
Delta E = nan, Delta S = 5.5047e-04 (per sweep)
max trunc_err = 5.9066e-06, max E_trunc = 7.4031e-05
chi: [512, 512, 512, 512, 512, 512, 512, 512, 512, 512, 512, 512]
================================================================================
INFO:tenpy.algorithms.dmrg:Running sweep with optimization
INFO:tenpy.algorithms.mps_common:start environment_sweep
INFO:tenpy.algorithms.dmrg:checkpoint after sweep 20
energy=-0.7112151207935872, max S=2.9388380995598937, age=756, norm_err=3.9e-10
Current memory usage 718.2MB, wall time: 86.5s
Delta E = -1.2831e-09, Delta S = 3.6549e-06 (per sweep)
max trunc_err = 5.8994e-06, max E_trunc = 7.3927e-05
chi: [512, 512, 512, 512, 512, 512, 512, 512, 512, 512, 512, 512]
================================================================================
INFO:tenpy.tools.params:DMRG: reading 'max_E_err'=1e-08
INFO:tenpy.tools.params:DMRG: reading 'max_S_err'=1e-05
INFO:tenpy.tools.params:DMRG: reading 'norm_tol'=1e-05
INFO:tenpy.tools.params:DMRG: reading 'norm_tol_final'=1e-10
INFO:tenpy.tools.params:DMRG: reading 'norm_tol_iter'=5
WARNING:tenpy.algorithms.dmrg:final DMRG state not in canonical form up to norm_tol_final=1.00e-10: norm_err=3.91e-10, calling psi.canonical_form()
INFO:tenpy.algorithms.dmrg:TwoSiteDMRGEngine finished after 20 sweeps, max chi=512
INFO:tenpy.tools.params:DMRG: reading 'max_trunc_err'=0.0001
INFO:tenpy.tools.params:MixedHofstadterLandauGauge_Pi_2: reading 'explicit_plus_hc'=False
INFO:tenpy.tools.params:MixedHofstadterLandauGauge_Pi_2: reading 'Lx'=2
INFO:tenpy.tools.params:MixedHofstadterLandauGauge_Pi_2: setting 'N_rings'=2
INFO:tenpy.tools.params:MixedHofstadterLandauGauge_Pi_2: reading 'xy_lattice'='Square'
INFO:tenpy.tools.params:MixedHofstadterLandauGauge_Pi_2: reading 'Ly'=6
INFO:tenpy.tools.params:MixedHofstadterLandauGauge_Pi_2: reading 'ring_order'=None
INFO:tenpy.tools.params:MixedHofstadterLandauGauge_Pi_2: reading 'conserve_k'=True
INFO:tenpy.tools.params:MixedHofstadterLandauGauge_Pi_2: reading 'bc_MPS'='infinite'
INFO:tenpy.tools.params:MixedHofstadterLandauGauge_Pi_2: reading 't'=-1
INFO:tenpy.tools.params:MixedHofstadterLandauGauge_Pi_2: reading 't2'=-0.25
INFO:tenpy.tools.params:MixedHofstadterLandauGauge_Pi_2: reading 'V1'=0.6
INFO:tenpy.tools.params:MixedHofstadterLandauGauge_Pi_2: reading 'phi_ext'=np.float64(1.75)
INFO:tenpy.tools.params:MixedHofstadterLandauGauge_Pi_2: reading 'sort_mpo_legs'=False
/home/t30/kna/ge54yin/Documents/MasterThesisFQHinTMDs/MPS_stuff/MPScalculations/.venv/lib/python3.12/site-packages/tenpy/tools/params.py:232: UserWarning: unused options for config MixedHofstadterLandauGauge_Pi_2:
['Delta', 'N_rings', 'Nsec', 'bc', 'chi_max', 'ktot', 'saveAll']
  warnings.warn(msg.format(keys=sorted(unused), name=self.name))
INFO:tenpy.tools.params:DMRG: reading 'active_sites'=2
INFO:tenpy.tools.params:DMRG: reading 'diag_method'='default'
INFO:tenpy.tools.params:DMRG: subconfig 'trunc_params'=Config(<5 options>, 'trunc_params')
INFO:tenpy.tools.params:DMRG: reading 'max_N_sites_per_ring'=18
INFO:tenpy.tools.params:DMRG: reading 'combine'=False
INFO:tenpy.tools.params:DMRG: subconfig 'lanczos_params'=Config(<9 options>, 'lanczos_params')
INFO:tenpy.tools.params:DMRG: reading 'chi_list'=None
INFO:tenpy.tools.params:DMRG: reading 'start_env'=1
INFO:tenpy.algorithms.mps_common:start environment_sweep
INFO:tenpy.tools.params:DMRG: reading 'N_sweeps_check'=10
INFO:tenpy.tools.params:DMRG: subconfig 'mixer_params'=Config(<3 options>, 'mixer_params')
INFO:tenpy.tools.params:DMRG: reading 'mixer'=None
INFO:tenpy.tools.params:DMRG: reading 'max_sweeps'=100
INFO:tenpy.tools.params:DMRG: reading 'max_hours'=8760
INFO:tenpy.tools.params:DMRG: reading 'P_tol_to_trunc'=0.05
INFO:tenpy.tools.params:DMRG: reading 'P_tol_min'=5.0000000000000004e-30
INFO:tenpy.tools.params:DMRG: reading 'P_tol_max'=0.0001
INFO:tenpy.tools.params:DMRG: reading 'E_tol_to_trunc'=None
INFO:tenpy.algorithms.dmrg:Running sweep with optimization
INFO:tenpy.tools.params:DMRG: reading 'max_N_for_ED'=400
INFO:tenpy.tools.params:DMRG: reading 'update_env'=5
INFO:tenpy.algorithms.mps_common:start environment_sweep
INFO:tenpy.algorithms.dmrg:checkpoint after sweep 10
energy=-0.7111873166924738, max S=2.9203352818925934, age=396, norm_err=4.1e-10
Current memory usage 718.2MB, wall time: 104.2s
Delta E = nan, Delta S = 6.5686e-04 (per sweep)
max trunc_err = 5.8907e-06, max E_trunc = 7.3311e-05
chi: [512, 512, 512, 512, 512, 512, 512, 512, 512, 512, 512, 512]
================================================================================
INFO:tenpy.algorithms.dmrg:Running sweep with optimization
INFO:tenpy.algorithms.mps_common:start environment_sweep
INFO:tenpy.algorithms.dmrg:checkpoint after sweep 20
energy=-0.7111873236105216, max S=2.9203528971676431, age=756, norm_err=4.5e-10
Current memory usage 718.2MB, wall time: 86.9s
Delta E = -6.9180e-10, Delta S = 1.4654e-06 (per sweep)
max trunc_err = 5.8659e-06, max E_trunc = 7.2966e-05
chi: [512, 512, 512, 512, 512, 512, 512, 512, 512, 512, 512, 512]
================================================================================
INFO:tenpy.tools.params:DMRG: reading 'max_E_err'=1e-08
INFO:tenpy.tools.params:DMRG: reading 'max_S_err'=1e-05
INFO:tenpy.tools.params:DMRG: reading 'norm_tol'=1e-05
INFO:tenpy.tools.params:DMRG: reading 'norm_tol_final'=1e-10
INFO:tenpy.tools.params:DMRG: reading 'norm_tol_iter'=5
WARNING:tenpy.algorithms.dmrg:final DMRG state not in canonical form up to norm_tol_final=1.00e-10: norm_err=4.50e-10, calling psi.canonical_form()
INFO:tenpy.algorithms.dmrg:TwoSiteDMRGEngine finished after 20 sweeps, max chi=512
INFO:tenpy.tools.params:DMRG: reading 'max_trunc_err'=0.0001
INFO:tenpy.tools.params:MixedHofstadterLandauGauge_Pi_2: reading 'explicit_plus_hc'=False
INFO:tenpy.tools.params:MixedHofstadterLandauGauge_Pi_2: reading 'Lx'=2
INFO:tenpy.tools.params:MixedHofstadterLandauGauge_Pi_2: setting 'N_rings'=2
INFO:tenpy.tools.params:MixedHofstadterLandauGauge_Pi_2: reading 'xy_lattice'='Square'
INFO:tenpy.tools.params:MixedHofstadterLandauGauge_Pi_2: reading 'Ly'=6
INFO:tenpy.tools.params:MixedHofstadterLandauGauge_Pi_2: reading 'ring_order'=None
INFO:tenpy.tools.params:MixedHofstadterLandauGauge_Pi_2: reading 'conserve_k'=True
INFO:tenpy.tools.params:MixedHofstadterLandauGauge_Pi_2: reading 'bc_MPS'='infinite'
INFO:tenpy.tools.params:MixedHofstadterLandauGauge_Pi_2: reading 't'=-1
INFO:tenpy.tools.params:MixedHofstadterLandauGauge_Pi_2: reading 't2'=-0.25
INFO:tenpy.tools.params:MixedHofstadterLandauGauge_Pi_2: reading 'V1'=0.6
INFO:tenpy.tools.params:MixedHofstadterLandauGauge_Pi_2: reading 'phi_ext'=np.float64(1.8)
INFO:tenpy.tools.params:MixedHofstadterLandauGauge_Pi_2: reading 'sort_mpo_legs'=False
/home/t30/kna/ge54yin/Documents/MasterThesisFQHinTMDs/MPS_stuff/MPScalculations/.venv/lib/python3.12/site-packages/tenpy/tools/params.py:232: UserWarning: unused options for config MixedHofstadterLandauGauge_Pi_2:
['Delta', 'N_rings', 'Nsec', 'bc', 'chi_max', 'ktot', 'saveAll']
  warnings.warn(msg.format(keys=sorted(unused), name=self.name))
INFO:tenpy.tools.params:DMRG: reading 'active_sites'=2
INFO:tenpy.tools.params:DMRG: reading 'diag_method'='default'
INFO:tenpy.tools.params:DMRG: subconfig 'trunc_params'=Config(<5 options>, 'trunc_params')
INFO:tenpy.tools.params:DMRG: reading 'max_N_sites_per_ring'=18
INFO:tenpy.tools.params:DMRG: reading 'combine'=False
INFO:tenpy.tools.params:DMRG: subconfig 'lanczos_params'=Config(<9 options>, 'lanczos_params')
INFO:tenpy.tools.params:DMRG: reading 'chi_list'=None
INFO:tenpy.tools.params:DMRG: reading 'start_env'=1
INFO:tenpy.algorithms.mps_common:start environment_sweep
INFO:tenpy.tools.params:DMRG: reading 'N_sweeps_check'=10
INFO:tenpy.tools.params:DMRG: subconfig 'mixer_params'=Config(<3 options>, 'mixer_params')
INFO:tenpy.tools.params:DMRG: reading 'mixer'=None
INFO:tenpy.tools.params:DMRG: reading 'max_sweeps'=100
INFO:tenpy.tools.params:DMRG: reading 'max_hours'=8760
INFO:tenpy.tools.params:DMRG: reading 'P_tol_to_trunc'=0.05
INFO:tenpy.tools.params:DMRG: reading 'P_tol_min'=5.0000000000000004e-30
INFO:tenpy.tools.params:DMRG: reading 'P_tol_max'=0.0001
INFO:tenpy.tools.params:DMRG: reading 'E_tol_to_trunc'=None
INFO:tenpy.algorithms.dmrg:Running sweep with optimization
INFO:tenpy.tools.params:DMRG: reading 'max_N_for_ED'=400
INFO:tenpy.tools.params:DMRG: reading 'update_env'=5
INFO:tenpy.algorithms.mps_common:start environment_sweep
INFO:tenpy.algorithms.dmrg:checkpoint after sweep 10
energy=-0.7111532051978529, max S=2.9016302539931189, age=396, norm_err=3.3e-10
Current memory usage 718.2MB, wall time: 107.8s
Delta E = nan, Delta S = 7.2482e-04 (per sweep)
max trunc_err = 5.6691e-06, max E_trunc = 7.0449e-05
chi: [512, 512, 512, 512, 512, 512, 512, 512, 512, 512, 512, 512]
================================================================================
INFO:tenpy.algorithms.dmrg:Running sweep with optimization
INFO:tenpy.algorithms.mps_common:start environment_sweep
INFO:tenpy.algorithms.dmrg:checkpoint after sweep 20
energy=-0.7111532095812928, max S=2.9016514000104432, age=756, norm_err=2.7e-10
Current memory usage 718.2MB, wall time: 87.1s
Delta E = -4.3834e-10, Delta S = 1.7707e-06 (per sweep)
max trunc_err = 5.6641e-06, max E_trunc = 7.0362e-05
chi: [512, 512, 512, 512, 512, 512, 512, 512, 512, 512, 512, 512]
================================================================================
INFO:tenpy.tools.params:DMRG: reading 'max_E_err'=1e-08
INFO:tenpy.tools.params:DMRG: reading 'max_S_err'=1e-05
INFO:tenpy.tools.params:DMRG: reading 'norm_tol'=1e-05
INFO:tenpy.tools.params:DMRG: reading 'norm_tol_final'=1e-10
INFO:tenpy.tools.params:DMRG: reading 'norm_tol_iter'=5
WARNING:tenpy.algorithms.dmrg:final DMRG state not in canonical form up to norm_tol_final=1.00e-10: norm_err=2.72e-10, calling psi.canonical_form()
INFO:tenpy.algorithms.dmrg:TwoSiteDMRGEngine finished after 20 sweeps, max chi=512
INFO:tenpy.tools.params:DMRG: reading 'max_trunc_err'=0.0001
INFO:tenpy.tools.params:MixedHofstadterLandauGauge_Pi_2: reading 'explicit_plus_hc'=False
INFO:tenpy.tools.params:MixedHofstadterLandauGauge_Pi_2: reading 'Lx'=2
INFO:tenpy.tools.params:MixedHofstadterLandauGauge_Pi_2: setting 'N_rings'=2
INFO:tenpy.tools.params:MixedHofstadterLandauGauge_Pi_2: reading 'xy_lattice'='Square'
INFO:tenpy.tools.params:MixedHofstadterLandauGauge_Pi_2: reading 'Ly'=6
INFO:tenpy.tools.params:MixedHofstadterLandauGauge_Pi_2: reading 'ring_order'=None
INFO:tenpy.tools.params:MixedHofstadterLandauGauge_Pi_2: reading 'conserve_k'=True
INFO:tenpy.tools.params:MixedHofstadterLandauGauge_Pi_2: reading 'bc_MPS'='infinite'
INFO:tenpy.tools.params:MixedHofstadterLandauGauge_Pi_2: reading 't'=-1
INFO:tenpy.tools.params:MixedHofstadterLandauGauge_Pi_2: reading 't2'=-0.25
INFO:tenpy.tools.params:MixedHofstadterLandauGauge_Pi_2: reading 'V1'=0.6
INFO:tenpy.tools.params:MixedHofstadterLandauGauge_Pi_2: reading 'phi_ext'=np.float64(1.85)
INFO:tenpy.tools.params:MixedHofstadterLandauGauge_Pi_2: reading 'sort_mpo_legs'=False
/home/t30/kna/ge54yin/Documents/MasterThesisFQHinTMDs/MPS_stuff/MPScalculations/.venv/lib/python3.12/site-packages/tenpy/tools/params.py:232: UserWarning: unused options for config MixedHofstadterLandauGauge_Pi_2:
['Delta', 'N_rings', 'Nsec', 'bc', 'chi_max', 'ktot', 'saveAll']
  warnings.warn(msg.format(keys=sorted(unused), name=self.name))
INFO:tenpy.tools.params:DMRG: reading 'active_sites'=2
INFO:tenpy.tools.params:DMRG: reading 'diag_method'='default'
INFO:tenpy.tools.params:DMRG: subconfig 'trunc_params'=Config(<5 options>, 'trunc_params')
INFO:tenpy.tools.params:DMRG: reading 'max_N_sites_per_ring'=18
INFO:tenpy.tools.params:DMRG: reading 'combine'=False
INFO:tenpy.tools.params:DMRG: subconfig 'lanczos_params'=Config(<9 options>, 'lanczos_params')
INFO:tenpy.tools.params:DMRG: reading 'chi_list'=None
INFO:tenpy.tools.params:DMRG: reading 'start_env'=1
INFO:tenpy.algorithms.mps_common:start environment_sweep
INFO:tenpy.tools.params:DMRG: reading 'N_sweeps_check'=10
INFO:tenpy.tools.params:DMRG: subconfig 'mixer_params'=Config(<3 options>, 'mixer_params')
INFO:tenpy.tools.params:DMRG: reading 'mixer'=None
INFO:tenpy.tools.params:DMRG: reading 'max_sweeps'=100
INFO:tenpy.tools.params:DMRG: reading 'max_hours'=8760
INFO:tenpy.tools.params:DMRG: reading 'P_tol_to_trunc'=0.05
INFO:tenpy.tools.params:DMRG: reading 'P_tol_min'=5.0000000000000004e-30
INFO:tenpy.tools.params:DMRG: reading 'P_tol_max'=0.0001
INFO:tenpy.tools.params:DMRG: reading 'E_tol_to_trunc'=None
INFO:tenpy.algorithms.dmrg:Running sweep with optimization
INFO:tenpy.tools.params:DMRG: reading 'max_N_for_ED'=400
INFO:tenpy.tools.params:DMRG: reading 'update_env'=5
INFO:tenpy.algorithms.mps_common:start environment_sweep
INFO:tenpy.algorithms.dmrg:checkpoint after sweep 10
energy=-0.7111164963379247, max S=2.8825884985418089, age=396, norm_err=2.2e-10
Current memory usage 721.8MB, wall time: 101.7s
Delta E = nan, Delta S = 7.4890e-04 (per sweep)
max trunc_err = 5.7701e-06, max E_trunc = 7.0537e-05
chi: [512, 512, 512, 512, 512, 512, 512, 512, 512, 512, 512, 512]
================================================================================
INFO:tenpy.algorithms.dmrg:Running sweep with optimization
INFO:tenpy.algorithms.mps_common:start environment_sweep
INFO:tenpy.algorithms.dmrg:checkpoint after sweep 20
energy=-0.7111165155986280, max S=2.8825699099751949, age=756, norm_err=2.3e-10
Current memory usage 721.8MB, wall time: 87.3s
Delta E = -1.9261e-09, Delta S = -2.0196e-06 (per sweep)
max trunc_err = 5.7900e-06, max E_trunc = 7.0722e-05
chi: [512, 512, 512, 512, 512, 512, 512, 512, 512, 512, 512, 512]
================================================================================
INFO:tenpy.tools.params:DMRG: reading 'max_E_err'=1e-08
INFO:tenpy.tools.params:DMRG: reading 'max_S_err'=1e-05
INFO:tenpy.tools.params:DMRG: reading 'norm_tol'=1e-05
INFO:tenpy.tools.params:DMRG: reading 'norm_tol_final'=1e-10
INFO:tenpy.tools.params:DMRG: reading 'norm_tol_iter'=5
WARNING:tenpy.algorithms.dmrg:final DMRG state not in canonical form up to norm_tol_final=1.00e-10: norm_err=2.26e-10, calling psi.canonical_form()
INFO:tenpy.algorithms.dmrg:TwoSiteDMRGEngine finished after 20 sweeps, max chi=512
INFO:tenpy.tools.params:DMRG: reading 'max_trunc_err'=0.0001
INFO:tenpy.tools.params:MixedHofstadterLandauGauge_Pi_2: reading 'explicit_plus_hc'=False
INFO:tenpy.tools.params:MixedHofstadterLandauGauge_Pi_2: reading 'Lx'=2
INFO:tenpy.tools.params:MixedHofstadterLandauGauge_Pi_2: setting 'N_rings'=2
INFO:tenpy.tools.params:MixedHofstadterLandauGauge_Pi_2: reading 'xy_lattice'='Square'
INFO:tenpy.tools.params:MixedHofstadterLandauGauge_Pi_2: reading 'Ly'=6
INFO:tenpy.tools.params:MixedHofstadterLandauGauge_Pi_2: reading 'ring_order'=None
INFO:tenpy.tools.params:MixedHofstadterLandauGauge_Pi_2: reading 'conserve_k'=True
INFO:tenpy.tools.params:MixedHofstadterLandauGauge_Pi_2: reading 'bc_MPS'='infinite'
INFO:tenpy.tools.params:MixedHofstadterLandauGauge_Pi_2: reading 't'=-1
INFO:tenpy.tools.params:MixedHofstadterLandauGauge_Pi_2: reading 't2'=-0.25
INFO:tenpy.tools.params:MixedHofstadterLandauGauge_Pi_2: reading 'V1'=0.6
INFO:tenpy.tools.params:MixedHofstadterLandauGauge_Pi_2: reading 'phi_ext'=np.float64(1.9000000000000001)
INFO:tenpy.tools.params:MixedHofstadterLandauGauge_Pi_2: reading 'sort_mpo_legs'=False
/home/t30/kna/ge54yin/Documents/MasterThesisFQHinTMDs/MPS_stuff/MPScalculations/.venv/lib/python3.12/site-packages/tenpy/tools/params.py:232: UserWarning: unused options for config MixedHofstadterLandauGauge_Pi_2:
['Delta', 'N_rings', 'Nsec', 'bc', 'chi_max', 'ktot', 'saveAll']
  warnings.warn(msg.format(keys=sorted(unused), name=self.name))
INFO:tenpy.tools.params:DMRG: reading 'active_sites'=2
INFO:tenpy.tools.params:DMRG: reading 'diag_method'='default'
INFO:tenpy.tools.params:DMRG: subconfig 'trunc_params'=Config(<5 options>, 'trunc_params')
INFO:tenpy.tools.params:DMRG: reading 'max_N_sites_per_ring'=18
INFO:tenpy.tools.params:DMRG: reading 'combine'=False
INFO:tenpy.tools.params:DMRG: subconfig 'lanczos_params'=Config(<9 options>, 'lanczos_params')
INFO:tenpy.tools.params:DMRG: reading 'chi_list'=None
INFO:tenpy.tools.params:DMRG: reading 'start_env'=1
INFO:tenpy.algorithms.mps_common:start environment_sweep
INFO:tenpy.tools.params:DMRG: reading 'N_sweeps_check'=10
INFO:tenpy.tools.params:DMRG: subconfig 'mixer_params'=Config(<3 options>, 'mixer_params')
INFO:tenpy.tools.params:DMRG: reading 'mixer'=None
INFO:tenpy.tools.params:DMRG: reading 'max_sweeps'=100
INFO:tenpy.tools.params:DMRG: reading 'max_hours'=8760
INFO:tenpy.tools.params:DMRG: reading 'P_tol_to_trunc'=0.05
INFO:tenpy.tools.params:DMRG: reading 'P_tol_min'=5.0000000000000004e-30
INFO:tenpy.tools.params:DMRG: reading 'P_tol_max'=0.0001
INFO:tenpy.tools.params:DMRG: reading 'E_tol_to_trunc'=None
INFO:tenpy.algorithms.dmrg:Running sweep with optimization
INFO:tenpy.tools.params:DMRG: reading 'max_N_for_ED'=400
INFO:tenpy.tools.params:DMRG: reading 'update_env'=5
INFO:tenpy.algorithms.mps_common:start environment_sweep
INFO:tenpy.algorithms.dmrg:checkpoint after sweep 10
energy=-0.7110705524747895, max S=2.8621279506370740, age=396, norm_err=2.8e-10
Current memory usage 721.8MB, wall time: 108.6s
Delta E = nan, Delta S = 7.0595e-04 (per sweep)
max trunc_err = 5.6363e-06, max E_trunc = 6.9091e-05
chi: [512, 512, 512, 512, 512, 512, 512, 512, 512, 512, 512, 512]
================================================================================
INFO:tenpy.algorithms.dmrg:Running sweep with optimization
INFO:tenpy.algorithms.mps_common:start environment_sweep
INFO:tenpy.algorithms.dmrg:checkpoint after sweep 20
energy=-0.7110705632980702, max S=2.8621430964150312, age=756, norm_err=2.0e-10
Current memory usage 721.8MB, wall time: 87.3s
Delta E = -1.0823e-09, Delta S = 1.5345e-06 (per sweep)
max trunc_err = 5.6288e-06, max E_trunc = 6.8987e-05
chi: [512, 512, 512, 512, 512, 512, 512, 512, 512, 512, 512, 512]
================================================================================
INFO:tenpy.tools.params:DMRG: reading 'max_E_err'=1e-08
INFO:tenpy.tools.params:DMRG: reading 'max_S_err'=1e-05
INFO:tenpy.tools.params:DMRG: reading 'norm_tol'=1e-05
INFO:tenpy.tools.params:DMRG: reading 'norm_tol_final'=1e-10
INFO:tenpy.tools.params:DMRG: reading 'norm_tol_iter'=5
WARNING:tenpy.algorithms.dmrg:final DMRG state not in canonical form up to norm_tol_final=1.00e-10: norm_err=2.05e-10, calling psi.canonical_form()
INFO:tenpy.algorithms.dmrg:TwoSiteDMRGEngine finished after 20 sweeps, max chi=512
INFO:tenpy.tools.params:DMRG: reading 'max_trunc_err'=0.0001
INFO:tenpy.tools.params:MixedHofstadterLandauGauge_Pi_2: reading 'explicit_plus_hc'=False
INFO:tenpy.tools.params:MixedHofstadterLandauGauge_Pi_2: reading 'Lx'=2
INFO:tenpy.tools.params:MixedHofstadterLandauGauge_Pi_2: setting 'N_rings'=2
INFO:tenpy.tools.params:MixedHofstadterLandauGauge_Pi_2: reading 'xy_lattice'='Square'
INFO:tenpy.tools.params:MixedHofstadterLandauGauge_Pi_2: reading 'Ly'=6
INFO:tenpy.tools.params:MixedHofstadterLandauGauge_Pi_2: reading 'ring_order'=None
INFO:tenpy.tools.params:MixedHofstadterLandauGauge_Pi_2: reading 'conserve_k'=True
INFO:tenpy.tools.params:MixedHofstadterLandauGauge_Pi_2: reading 'bc_MPS'='infinite'
INFO:tenpy.tools.params:MixedHofstadterLandauGauge_Pi_2: reading 't'=-1
INFO:tenpy.tools.params:MixedHofstadterLandauGauge_Pi_2: reading 't2'=-0.25
INFO:tenpy.tools.params:MixedHofstadterLandauGauge_Pi_2: reading 'V1'=0.6
INFO:tenpy.tools.params:MixedHofstadterLandauGauge_Pi_2: reading 'phi_ext'=np.float64(1.9500000000000002)
INFO:tenpy.tools.params:MixedHofstadterLandauGauge_Pi_2: reading 'sort_mpo_legs'=False
/home/t30/kna/ge54yin/Documents/MasterThesisFQHinTMDs/MPS_stuff/MPScalculations/.venv/lib/python3.12/site-packages/tenpy/tools/params.py:232: UserWarning: unused options for config MixedHofstadterLandauGauge_Pi_2:
['Delta', 'N_rings', 'Nsec', 'bc', 'chi_max', 'ktot', 'saveAll']
  warnings.warn(msg.format(keys=sorted(unused), name=self.name))
INFO:tenpy.tools.params:DMRG: reading 'active_sites'=2
INFO:tenpy.tools.params:DMRG: reading 'diag_method'='default'
INFO:tenpy.tools.params:DMRG: subconfig 'trunc_params'=Config(<5 options>, 'trunc_params')
INFO:tenpy.tools.params:DMRG: reading 'max_N_sites_per_ring'=18
INFO:tenpy.tools.params:DMRG: reading 'combine'=False
INFO:tenpy.tools.params:DMRG: subconfig 'lanczos_params'=Config(<9 options>, 'lanczos_params')
INFO:tenpy.tools.params:DMRG: reading 'chi_list'=None
INFO:tenpy.tools.params:DMRG: reading 'start_env'=1
INFO:tenpy.algorithms.mps_common:start environment_sweep
INFO:tenpy.tools.params:DMRG: reading 'N_sweeps_check'=10
INFO:tenpy.tools.params:DMRG: subconfig 'mixer_params'=Config(<3 options>, 'mixer_params')
INFO:tenpy.tools.params:DMRG: reading 'mixer'=None
INFO:tenpy.tools.params:DMRG: reading 'max_sweeps'=100
INFO:tenpy.tools.params:DMRG: reading 'max_hours'=8760
INFO:tenpy.tools.params:DMRG: reading 'P_tol_to_trunc'=0.05
INFO:tenpy.tools.params:DMRG: reading 'P_tol_min'=5.0000000000000004e-30
INFO:tenpy.tools.params:DMRG: reading 'P_tol_max'=0.0001
INFO:tenpy.tools.params:DMRG: reading 'E_tol_to_trunc'=None
INFO:tenpy.algorithms.dmrg:Running sweep with optimization
INFO:tenpy.tools.params:DMRG: reading 'max_N_for_ED'=400
INFO:tenpy.tools.params:DMRG: reading 'update_env'=5
INFO:tenpy.algorithms.mps_common:start environment_sweep
INFO:tenpy.algorithms.dmrg:checkpoint after sweep 10
energy=-0.7110190139540933, max S=2.8776732578828348, age=396, norm_err=4.3e-10
Current memory usage 721.8MB, wall time: 109.7s
Delta E = nan, Delta S = 6.4153e-04 (per sweep)
max trunc_err = 5.4986e-06, max E_trunc = 6.6533e-05
chi: [512, 512, 512, 512, 512, 512, 512, 512, 512, 512, 512, 512]
================================================================================
INFO:tenpy.algorithms.dmrg:Running sweep with optimization
INFO:tenpy.algorithms.mps_common:start environment_sweep
INFO:tenpy.algorithms.dmrg:checkpoint after sweep 20
energy=-0.7110190293231540, max S=2.8777000454132500, age=756, norm_err=3.4e-10
Current memory usage 721.8MB, wall time: 89.4s
Delta E = -1.5369e-09, Delta S = 2.9528e-06 (per sweep)
max trunc_err = 5.5028e-06, max E_trunc = 6.6596e-05
chi: [512, 512, 512, 512, 512, 512, 512, 512, 512, 512, 512, 512]
================================================================================
INFO:tenpy.tools.params:DMRG: reading 'max_E_err'=1e-08
INFO:tenpy.tools.params:DMRG: reading 'max_S_err'=1e-05
INFO:tenpy.tools.params:DMRG: reading 'norm_tol'=1e-05
INFO:tenpy.tools.params:DMRG: reading 'norm_tol_final'=1e-10
INFO:tenpy.tools.params:DMRG: reading 'norm_tol_iter'=5
WARNING:tenpy.algorithms.dmrg:final DMRG state not in canonical form up to norm_tol_final=1.00e-10: norm_err=3.44e-10, calling psi.canonical_form()
INFO:tenpy.algorithms.dmrg:TwoSiteDMRGEngine finished after 20 sweeps, max chi=512
INFO:tenpy.tools.params:DMRG: reading 'max_trunc_err'=0.0001
INFO:tenpy.tools.params:MixedHofstadterLandauGauge_Pi_2: reading 'explicit_plus_hc'=False
INFO:tenpy.tools.params:MixedHofstadterLandauGauge_Pi_2: reading 'Lx'=2
INFO:tenpy.tools.params:MixedHofstadterLandauGauge_Pi_2: setting 'N_rings'=2
INFO:tenpy.tools.params:MixedHofstadterLandauGauge_Pi_2: reading 'xy_lattice'='Square'
INFO:tenpy.tools.params:MixedHofstadterLandauGauge_Pi_2: reading 'Ly'=6
INFO:tenpy.tools.params:MixedHofstadterLandauGauge_Pi_2: reading 'ring_order'=None
INFO:tenpy.tools.params:MixedHofstadterLandauGauge_Pi_2: reading 'conserve_k'=True
INFO:tenpy.tools.params:MixedHofstadterLandauGauge_Pi_2: reading 'bc_MPS'='infinite'
INFO:tenpy.tools.params:MixedHofstadterLandauGauge_Pi_2: reading 't'=-1
INFO:tenpy.tools.params:MixedHofstadterLandauGauge_Pi_2: reading 't2'=-0.25
INFO:tenpy.tools.params:MixedHofstadterLandauGauge_Pi_2: reading 'V1'=0.6
INFO:tenpy.tools.params:MixedHofstadterLandauGauge_Pi_2: reading 'phi_ext'=np.float64(2.0)
INFO:tenpy.tools.params:MixedHofstadterLandauGauge_Pi_2: reading 'sort_mpo_legs'=False
/home/t30/kna/ge54yin/Documents/MasterThesisFQHinTMDs/MPS_stuff/MPScalculations/.venv/lib/python3.12/site-packages/tenpy/tools/params.py:232: UserWarning: unused options for config MixedHofstadterLandauGauge_Pi_2:
['Delta', 'N_rings', 'Nsec', 'bc', 'chi_max', 'ktot', 'saveAll']
  warnings.warn(msg.format(keys=sorted(unused), name=self.name))
INFO:tenpy.tools.params:DMRG: reading 'active_sites'=2
INFO:tenpy.tools.params:DMRG: reading 'diag_method'='default'
INFO:tenpy.tools.params:DMRG: subconfig 'trunc_params'=Config(<5 options>, 'trunc_params')
INFO:tenpy.tools.params:DMRG: reading 'max_N_sites_per_ring'=18
INFO:tenpy.tools.params:DMRG: reading 'combine'=False
INFO:tenpy.tools.params:DMRG: subconfig 'lanczos_params'=Config(<9 options>, 'lanczos_params')
INFO:tenpy.tools.params:DMRG: reading 'chi_list'=None
INFO:tenpy.tools.params:DMRG: reading 'start_env'=1
INFO:tenpy.algorithms.mps_common:start environment_sweep
INFO:tenpy.tools.params:DMRG: reading 'N_sweeps_check'=10
INFO:tenpy.tools.params:DMRG: subconfig 'mixer_params'=Config(<3 options>, 'mixer_params')
INFO:tenpy.tools.params:DMRG: reading 'mixer'=None
INFO:tenpy.tools.params:DMRG: reading 'max_sweeps'=100
INFO:tenpy.tools.params:DMRG: reading 'max_hours'=8760
INFO:tenpy.tools.params:DMRG: reading 'P_tol_to_trunc'=0.05
INFO:tenpy.tools.params:DMRG: reading 'P_tol_min'=5.0000000000000004e-30
INFO:tenpy.tools.params:DMRG: reading 'P_tol_max'=0.0001
INFO:tenpy.tools.params:DMRG: reading 'E_tol_to_trunc'=None
INFO:tenpy.algorithms.dmrg:Running sweep with optimization
INFO:tenpy.tools.params:DMRG: reading 'max_N_for_ED'=400
INFO:tenpy.tools.params:DMRG: reading 'update_env'=5
INFO:tenpy.algorithms.mps_common:start environment_sweep
INFO:tenpy.algorithms.dmrg:checkpoint after sweep 10
energy=-0.7109621046100708, max S=2.9167490878006674, age=396, norm_err=3.8e-10
Current memory usage 721.8MB, wall time: 109.6s
Delta E = nan, Delta S = 5.2525e-04 (per sweep)
max trunc_err = 5.3197e-06, max E_trunc = 6.5568e-05
chi: [512, 512, 512, 512, 512, 512, 512, 512, 512, 512, 512, 512]
================================================================================
INFO:tenpy.algorithms.dmrg:Running sweep with optimization
INFO:tenpy.algorithms.mps_common:start environment_sweep
INFO:tenpy.algorithms.dmrg:checkpoint after sweep 20
energy=-0.7109621059783061, max S=2.9167570119563289, age=756, norm_err=3.7e-10
Current memory usage 721.8MB, wall time: 89.3s
Delta E = -1.3682e-10, Delta S = 8.9585e-07 (per sweep)
max trunc_err = 5.3065e-06, max E_trunc = 6.5555e-05
chi: [512, 512, 512, 512, 512, 512, 512, 512, 512, 512, 512, 512]
================================================================================
INFO:tenpy.tools.params:DMRG: reading 'max_E_err'=1e-08
INFO:tenpy.tools.params:DMRG: reading 'max_S_err'=1e-05
INFO:tenpy.tools.params:DMRG: reading 'norm_tol'=1e-05
INFO:tenpy.tools.params:DMRG: reading 'norm_tol_final'=1e-10
INFO:tenpy.tools.params:DMRG: reading 'norm_tol_iter'=5
WARNING:tenpy.algorithms.dmrg:final DMRG state not in canonical form up to norm_tol_final=1.00e-10: norm_err=3.71e-10, calling psi.canonical_form()
INFO:tenpy.algorithms.dmrg:TwoSiteDMRGEngine finished after 20 sweeps, max chi=512
INFO:tenpy.tools.params:DMRG: reading 'max_trunc_err'=0.0001
INFO:tenpy.tools.params:MixedHofstadterLandauGauge_Pi_2: reading 'explicit_plus_hc'=False
INFO:tenpy.tools.params:MixedHofstadterLandauGauge_Pi_2: reading 'Lx'=2
INFO:tenpy.tools.params:MixedHofstadterLandauGauge_Pi_2: setting 'N_rings'=2
INFO:tenpy.tools.params:MixedHofstadterLandauGauge_Pi_2: reading 'xy_lattice'='Square'
INFO:tenpy.tools.params:MixedHofstadterLandauGauge_Pi_2: reading 'Ly'=6
INFO:tenpy.tools.params:MixedHofstadterLandauGauge_Pi_2: reading 'ring_order'=None
INFO:tenpy.tools.params:MixedHofstadterLandauGauge_Pi_2: reading 'conserve_k'=True
INFO:tenpy.tools.params:MixedHofstadterLandauGauge_Pi_2: reading 'bc_MPS'='infinite'
INFO:tenpy.tools.params:MixedHofstadterLandauGauge_Pi_2: reading 't'=-1
INFO:tenpy.tools.params:MixedHofstadterLandauGauge_Pi_2: reading 't2'=-0.25
INFO:tenpy.tools.params:MixedHofstadterLandauGauge_Pi_2: reading 'V1'=0.6
INFO:tenpy.tools.params:MixedHofstadterLandauGauge_Pi_2: reading 'phi_ext'=np.float64(2.0500000000000003)
INFO:tenpy.tools.params:MixedHofstadterLandauGauge_Pi_2: reading 'sort_mpo_legs'=False
/home/t30/kna/ge54yin/Documents/MasterThesisFQHinTMDs/MPS_stuff/MPScalculations/.venv/lib/python3.12/site-packages/tenpy/tools/params.py:232: UserWarning: unused options for config MixedHofstadterLandauGauge_Pi_2:
['Delta', 'N_rings', 'Nsec', 'bc', 'chi_max', 'ktot', 'saveAll']
  warnings.warn(msg.format(keys=sorted(unused), name=self.name))
INFO:tenpy.tools.params:DMRG: reading 'active_sites'=2
INFO:tenpy.tools.params:DMRG: reading 'diag_method'='default'
INFO:tenpy.tools.params:DMRG: subconfig 'trunc_params'=Config(<5 options>, 'trunc_params')
INFO:tenpy.tools.params:DMRG: reading 'max_N_sites_per_ring'=18
INFO:tenpy.tools.params:DMRG: reading 'combine'=False
INFO:tenpy.tools.params:DMRG: subconfig 'lanczos_params'=Config(<9 options>, 'lanczos_params')
INFO:tenpy.tools.params:DMRG: reading 'chi_list'=None
INFO:tenpy.tools.params:DMRG: reading 'start_env'=1
INFO:tenpy.algorithms.mps_common:start environment_sweep
INFO:tenpy.tools.params:DMRG: reading 'N_sweeps_check'=10
INFO:tenpy.tools.params:DMRG: subconfig 'mixer_params'=Config(<3 options>, 'mixer_params')
INFO:tenpy.tools.params:DMRG: reading 'mixer'=None
INFO:tenpy.tools.params:DMRG: reading 'max_sweeps'=100
INFO:tenpy.tools.params:DMRG: reading 'max_hours'=8760
INFO:tenpy.tools.params:DMRG: reading 'P_tol_to_trunc'=0.05
INFO:tenpy.tools.params:DMRG: reading 'P_tol_min'=5.0000000000000004e-30
INFO:tenpy.tools.params:DMRG: reading 'P_tol_max'=0.0001
INFO:tenpy.tools.params:DMRG: reading 'E_tol_to_trunc'=None
INFO:tenpy.algorithms.dmrg:Running sweep with optimization
INFO:tenpy.tools.params:DMRG: reading 'max_N_for_ED'=400
INFO:tenpy.tools.params:DMRG: reading 'update_env'=5
INFO:tenpy.algorithms.mps_common:start environment_sweep
INFO:tenpy.algorithms.dmrg:checkpoint after sweep 10
energy=-0.7109025329949313, max S=2.9529303650272603, age=396, norm_err=4.9e-10
Current memory usage 721.8MB, wall time: 110.3s
Delta E = nan, Delta S = 4.0344e-04 (per sweep)
max trunc_err = 5.5889e-06, max E_trunc = 6.9295e-05
chi: [512, 512, 512, 512, 512, 512, 512, 512, 512, 512, 512, 512]
================================================================================
INFO:tenpy.algorithms.dmrg:Running sweep with optimization
INFO:tenpy.algorithms.mps_common:start environment_sweep
INFO:tenpy.algorithms.dmrg:checkpoint after sweep 20
energy=-0.7109025362272897, max S=2.9529244060589779, age=756, norm_err=4.0e-10
Current memory usage 721.8MB, wall time: 89.4s
Delta E = -3.2324e-10, Delta S = -5.0699e-07 (per sweep)
max trunc_err = 5.5875e-06, max E_trunc = 6.9280e-05
chi: [512, 512, 512, 512, 512, 512, 512, 512, 512, 512, 512, 512]
================================================================================
INFO:tenpy.tools.params:DMRG: reading 'max_E_err'=1e-08
INFO:tenpy.tools.params:DMRG: reading 'max_S_err'=1e-05
INFO:tenpy.tools.params:DMRG: reading 'norm_tol'=1e-05
INFO:tenpy.tools.params:DMRG: reading 'norm_tol_final'=1e-10
INFO:tenpy.tools.params:DMRG: reading 'norm_tol_iter'=5
WARNING:tenpy.algorithms.dmrg:final DMRG state not in canonical form up to norm_tol_final=1.00e-10: norm_err=3.96e-10, calling psi.canonical_form()
INFO:tenpy.algorithms.dmrg:TwoSiteDMRGEngine finished after 20 sweeps, max chi=512
INFO:tenpy.tools.params:DMRG: reading 'max_trunc_err'=0.0001
INFO:tenpy.tools.params:MixedHofstadterLandauGauge_Pi_2: reading 'explicit_plus_hc'=False
INFO:tenpy.tools.params:MixedHofstadterLandauGauge_Pi_2: reading 'Lx'=2
INFO:tenpy.tools.params:MixedHofstadterLandauGauge_Pi_2: setting 'N_rings'=2
INFO:tenpy.tools.params:MixedHofstadterLandauGauge_Pi_2: reading 'xy_lattice'='Square'
INFO:tenpy.tools.params:MixedHofstadterLandauGauge_Pi_2: reading 'Ly'=6
INFO:tenpy.tools.params:MixedHofstadterLandauGauge_Pi_2: reading 'ring_order'=None
INFO:tenpy.tools.params:MixedHofstadterLandauGauge_Pi_2: reading 'conserve_k'=True
INFO:tenpy.tools.params:MixedHofstadterLandauGauge_Pi_2: reading 'bc_MPS'='infinite'
INFO:tenpy.tools.params:MixedHofstadterLandauGauge_Pi_2: reading 't'=-1
INFO:tenpy.tools.params:MixedHofstadterLandauGauge_Pi_2: reading 't2'=-0.25
INFO:tenpy.tools.params:MixedHofstadterLandauGauge_Pi_2: reading 'V1'=0.6
INFO:tenpy.tools.params:MixedHofstadterLandauGauge_Pi_2: reading 'phi_ext'=np.float64(2.1)
INFO:tenpy.tools.params:MixedHofstadterLandauGauge_Pi_2: reading 'sort_mpo_legs'=False
/home/t30/kna/ge54yin/Documents/MasterThesisFQHinTMDs/MPS_stuff/MPScalculations/.venv/lib/python3.12/site-packages/tenpy/tools/params.py:232: UserWarning: unused options for config MixedHofstadterLandauGauge_Pi_2:
['Delta', 'N_rings', 'Nsec', 'bc', 'chi_max', 'ktot', 'saveAll']
  warnings.warn(msg.format(keys=sorted(unused), name=self.name))
INFO:tenpy.tools.params:DMRG: reading 'active_sites'=2
INFO:tenpy.tools.params:DMRG: reading 'diag_method'='default'
INFO:tenpy.tools.params:DMRG: subconfig 'trunc_params'=Config(<5 options>, 'trunc_params')
INFO:tenpy.tools.params:DMRG: reading 'max_N_sites_per_ring'=18
INFO:tenpy.tools.params:DMRG: reading 'combine'=False
INFO:tenpy.tools.params:DMRG: subconfig 'lanczos_params'=Config(<9 options>, 'lanczos_params')
INFO:tenpy.tools.params:DMRG: reading 'chi_list'=None
INFO:tenpy.tools.params:DMRG: reading 'start_env'=1
INFO:tenpy.algorithms.mps_common:start environment_sweep
INFO:tenpy.tools.params:DMRG: reading 'N_sweeps_check'=10
INFO:tenpy.tools.params:DMRG: subconfig 'mixer_params'=Config(<3 options>, 'mixer_params')
INFO:tenpy.tools.params:DMRG: reading 'mixer'=None
INFO:tenpy.tools.params:DMRG: reading 'max_sweeps'=100
INFO:tenpy.tools.params:DMRG: reading 'max_hours'=8760
INFO:tenpy.tools.params:DMRG: reading 'P_tol_to_trunc'=0.05
INFO:tenpy.tools.params:DMRG: reading 'P_tol_min'=5.0000000000000004e-30
INFO:tenpy.tools.params:DMRG: reading 'P_tol_max'=0.0001
INFO:tenpy.tools.params:DMRG: reading 'E_tol_to_trunc'=None
INFO:tenpy.algorithms.dmrg:Running sweep with optimization
INFO:tenpy.tools.params:DMRG: reading 'max_N_for_ED'=400
INFO:tenpy.tools.params:DMRG: reading 'update_env'=5
INFO:tenpy.algorithms.mps_common:start environment_sweep
INFO:tenpy.algorithms.dmrg:checkpoint after sweep 10
energy=-0.7108402757891715, max S=2.9860240942032168, age=396, norm_err=4.3e-10
Current memory usage 721.8MB, wall time: 109.4s
Delta E = nan, Delta S = 2.7148e-04 (per sweep)
max trunc_err = 5.7788e-06, max E_trunc = 7.1365e-05
chi: [512, 512, 512, 512, 512, 512, 512, 512, 512, 512, 512, 512]
================================================================================
INFO:tenpy.algorithms.dmrg:Running sweep with optimization
INFO:tenpy.algorithms.mps_common:start environment_sweep
INFO:tenpy.algorithms.dmrg:checkpoint after sweep 20
energy=-0.7108403628126846, max S=2.9859733477555066, age=756, norm_err=5.5e-10
Current memory usage 721.8MB, wall time: 88.3s
Delta E = -8.7024e-09, Delta S = -5.2064e-06 (per sweep)
max trunc_err = 5.7574e-06, max E_trunc = 7.1131e-05
chi: [512, 512, 512, 512, 512, 512, 512, 512, 512, 512, 512, 512]
================================================================================
INFO:tenpy.tools.params:DMRG: reading 'max_E_err'=1e-08
INFO:tenpy.tools.params:DMRG: reading 'max_S_err'=1e-05
INFO:tenpy.tools.params:DMRG: reading 'norm_tol'=1e-05
INFO:tenpy.tools.params:DMRG: reading 'norm_tol_final'=1e-10
INFO:tenpy.tools.params:DMRG: reading 'norm_tol_iter'=5
WARNING:tenpy.algorithms.dmrg:final DMRG state not in canonical form up to norm_tol_final=1.00e-10: norm_err=5.46e-10, calling psi.canonical_form()
INFO:tenpy.algorithms.dmrg:TwoSiteDMRGEngine finished after 20 sweeps, max chi=512
INFO:tenpy.tools.params:DMRG: reading 'max_trunc_err'=0.0001
INFO:tenpy.tools.params:MixedHofstadterLandauGauge_Pi_2: reading 'explicit_plus_hc'=False
INFO:tenpy.tools.params:MixedHofstadterLandauGauge_Pi_2: reading 'Lx'=2
INFO:tenpy.tools.params:MixedHofstadterLandauGauge_Pi_2: setting 'N_rings'=2
INFO:tenpy.tools.params:MixedHofstadterLandauGauge_Pi_2: reading 'xy_lattice'='Square'
INFO:tenpy.tools.params:MixedHofstadterLandauGauge_Pi_2: reading 'Ly'=6
INFO:tenpy.tools.params:MixedHofstadterLandauGauge_Pi_2: reading 'ring_order'=None
INFO:tenpy.tools.params:MixedHofstadterLandauGauge_Pi_2: reading 'conserve_k'=True
INFO:tenpy.tools.params:MixedHofstadterLandauGauge_Pi_2: reading 'bc_MPS'='infinite'
INFO:tenpy.tools.params:MixedHofstadterLandauGauge_Pi_2: reading 't'=-1
INFO:tenpy.tools.params:MixedHofstadterLandauGauge_Pi_2: reading 't2'=-0.25
INFO:tenpy.tools.params:MixedHofstadterLandauGauge_Pi_2: reading 'V1'=0.6
INFO:tenpy.tools.params:MixedHofstadterLandauGauge_Pi_2: reading 'phi_ext'=np.float64(2.15)
INFO:tenpy.tools.params:MixedHofstadterLandauGauge_Pi_2: reading 'sort_mpo_legs'=False
/home/t30/kna/ge54yin/Documents/MasterThesisFQHinTMDs/MPS_stuff/MPScalculations/.venv/lib/python3.12/site-packages/tenpy/tools/params.py:232: UserWarning: unused options for config MixedHofstadterLandauGauge_Pi_2:
['Delta', 'N_rings', 'Nsec', 'bc', 'chi_max', 'ktot', 'saveAll']
  warnings.warn(msg.format(keys=sorted(unused), name=self.name))
INFO:tenpy.tools.params:DMRG: reading 'active_sites'=2
INFO:tenpy.tools.params:DMRG: reading 'diag_method'='default'
INFO:tenpy.tools.params:DMRG: subconfig 'trunc_params'=Config(<5 options>, 'trunc_params')
INFO:tenpy.tools.params:DMRG: reading 'max_N_sites_per_ring'=18
INFO:tenpy.tools.params:DMRG: reading 'combine'=False
INFO:tenpy.tools.params:DMRG: subconfig 'lanczos_params'=Config(<9 options>, 'lanczos_params')
INFO:tenpy.tools.params:DMRG: reading 'chi_list'=None
INFO:tenpy.tools.params:DMRG: reading 'start_env'=1
INFO:tenpy.algorithms.mps_common:start environment_sweep
INFO:tenpy.tools.params:DMRG: reading 'N_sweeps_check'=10
INFO:tenpy.tools.params:DMRG: subconfig 'mixer_params'=Config(<3 options>, 'mixer_params')
INFO:tenpy.tools.params:DMRG: reading 'mixer'=None
INFO:tenpy.tools.params:DMRG: reading 'max_sweeps'=100
INFO:tenpy.tools.params:DMRG: reading 'max_hours'=8760
INFO:tenpy.tools.params:DMRG: reading 'P_tol_to_trunc'=0.05
INFO:tenpy.tools.params:DMRG: reading 'P_tol_min'=5.0000000000000004e-30
INFO:tenpy.tools.params:DMRG: reading 'P_tol_max'=0.0001
INFO:tenpy.tools.params:DMRG: reading 'E_tol_to_trunc'=None
INFO:tenpy.algorithms.dmrg:Running sweep with optimization
INFO:tenpy.tools.params:DMRG: reading 'max_N_for_ED'=400
INFO:tenpy.tools.params:DMRG: reading 'update_env'=5
INFO:tenpy.algorithms.mps_common:start environment_sweep
INFO:tenpy.algorithms.dmrg:checkpoint after sweep 10
energy=-0.7107782092243013, max S=3.0157944725927273, age=396, norm_err=3.5e-10
Current memory usage 721.8MB, wall time: 108.0s
Delta E = nan, Delta S = 1.2413e-04 (per sweep)
max trunc_err = 5.8668e-06, max E_trunc = 7.2118e-05
chi: [512, 512, 512, 512, 512, 512, 512, 512, 512, 512, 512, 512]
================================================================================
INFO:tenpy.algorithms.dmrg:Running sweep with optimization
INFO:tenpy.algorithms.mps_common:start environment_sweep
INFO:tenpy.algorithms.dmrg:checkpoint after sweep 20
energy=-0.7107782380793187, max S=3.0157457685710680, age=756, norm_err=2.4e-10
Current memory usage 721.8MB, wall time: 87.0s
Delta E = -2.8855e-09, Delta S = -4.3061e-06 (per sweep)
max trunc_err = 5.8417e-06, max E_trunc = 7.1683e-05
chi: [512, 512, 512, 512, 512, 512, 512, 512, 512, 512, 512, 512]
================================================================================
INFO:tenpy.tools.params:DMRG: reading 'max_E_err'=1e-08
INFO:tenpy.tools.params:DMRG: reading 'max_S_err'=1e-05
INFO:tenpy.tools.params:DMRG: reading 'norm_tol'=1e-05
INFO:tenpy.tools.params:DMRG: reading 'norm_tol_final'=1e-10
INFO:tenpy.tools.params:DMRG: reading 'norm_tol_iter'=5
WARNING:tenpy.algorithms.dmrg:final DMRG state not in canonical form up to norm_tol_final=1.00e-10: norm_err=2.39e-10, calling psi.canonical_form()
INFO:tenpy.algorithms.dmrg:TwoSiteDMRGEngine finished after 20 sweeps, max chi=512
INFO:tenpy.tools.params:DMRG: reading 'max_trunc_err'=0.0001
INFO:tenpy.tools.params:MixedHofstadterLandauGauge_Pi_2: reading 'explicit_plus_hc'=False
INFO:tenpy.tools.params:MixedHofstadterLandauGauge_Pi_2: reading 'Lx'=2
INFO:tenpy.tools.params:MixedHofstadterLandauGauge_Pi_2: setting 'N_rings'=2
INFO:tenpy.tools.params:MixedHofstadterLandauGauge_Pi_2: reading 'xy_lattice'='Square'
INFO:tenpy.tools.params:MixedHofstadterLandauGauge_Pi_2: reading 'Ly'=6
INFO:tenpy.tools.params:MixedHofstadterLandauGauge_Pi_2: reading 'ring_order'=None
INFO:tenpy.tools.params:MixedHofstadterLandauGauge_Pi_2: reading 'conserve_k'=True
INFO:tenpy.tools.params:MixedHofstadterLandauGauge_Pi_2: reading 'bc_MPS'='infinite'
INFO:tenpy.tools.params:MixedHofstadterLandauGauge_Pi_2: reading 't'=-1
INFO:tenpy.tools.params:MixedHofstadterLandauGauge_Pi_2: reading 't2'=-0.25
INFO:tenpy.tools.params:MixedHofstadterLandauGauge_Pi_2: reading 'V1'=0.6
INFO:tenpy.tools.params:MixedHofstadterLandauGauge_Pi_2: reading 'phi_ext'=np.float64(2.2)
INFO:tenpy.tools.params:MixedHofstadterLandauGauge_Pi_2: reading 'sort_mpo_legs'=False
/home/t30/kna/ge54yin/Documents/MasterThesisFQHinTMDs/MPS_stuff/MPScalculations/.venv/lib/python3.12/site-packages/tenpy/tools/params.py:232: UserWarning: unused options for config MixedHofstadterLandauGauge_Pi_2:
['Delta', 'N_rings', 'Nsec', 'bc', 'chi_max', 'ktot', 'saveAll']
  warnings.warn(msg.format(keys=sorted(unused), name=self.name))
INFO:tenpy.tools.params:DMRG: reading 'active_sites'=2
INFO:tenpy.tools.params:DMRG: reading 'diag_method'='default'
INFO:tenpy.tools.params:DMRG: subconfig 'trunc_params'=Config(<5 options>, 'trunc_params')
INFO:tenpy.tools.params:DMRG: reading 'max_N_sites_per_ring'=18
INFO:tenpy.tools.params:DMRG: reading 'combine'=False
INFO:tenpy.tools.params:DMRG: subconfig 'lanczos_params'=Config(<9 options>, 'lanczos_params')
INFO:tenpy.tools.params:DMRG: reading 'chi_list'=None
INFO:tenpy.tools.params:DMRG: reading 'start_env'=1
INFO:tenpy.algorithms.mps_common:start environment_sweep
INFO:tenpy.tools.params:DMRG: reading 'N_sweeps_check'=10
INFO:tenpy.tools.params:DMRG: subconfig 'mixer_params'=Config(<3 options>, 'mixer_params')
INFO:tenpy.tools.params:DMRG: reading 'mixer'=None
INFO:tenpy.tools.params:DMRG: reading 'max_sweeps'=100
INFO:tenpy.tools.params:DMRG: reading 'max_hours'=8760
INFO:tenpy.tools.params:DMRG: reading 'P_tol_to_trunc'=0.05
INFO:tenpy.tools.params:DMRG: reading 'P_tol_min'=5.0000000000000004e-30
INFO:tenpy.tools.params:DMRG: reading 'P_tol_max'=0.0001
INFO:tenpy.tools.params:DMRG: reading 'E_tol_to_trunc'=None
INFO:tenpy.algorithms.dmrg:Running sweep with optimization
INFO:tenpy.tools.params:DMRG: reading 'max_N_for_ED'=400
INFO:tenpy.tools.params:DMRG: reading 'update_env'=5
INFO:tenpy.algorithms.mps_common:start environment_sweep
INFO:tenpy.algorithms.dmrg:checkpoint after sweep 10
energy=-0.7107182660737715, max S=3.0428763735295061, age=396, norm_err=4.8e-10
Current memory usage 721.8MB, wall time: 108.4s
Delta E = nan, Delta S = 3.8439e-05 (per sweep)
max trunc_err = 5.9636e-06, max E_trunc = 7.3025e-05
chi: [512, 512, 512, 512, 512, 512, 512, 512, 512, 512, 512, 512]
================================================================================
INFO:tenpy.algorithms.dmrg:Running sweep with optimization
INFO:tenpy.algorithms.mps_common:start environment_sweep
INFO:tenpy.algorithms.dmrg:checkpoint after sweep 20
energy=-0.7107182765857184, max S=3.0428725121642959, age=756, norm_err=3.6e-10
Current memory usage 721.8MB, wall time: 87.1s
Delta E = -1.0512e-09, Delta S = -7.4684e-08 (per sweep)
max trunc_err = 5.9336e-06, max E_trunc = 7.2639e-05
chi: [512, 512, 512, 512, 512, 512, 512, 512, 512, 512, 512, 512]
================================================================================
INFO:tenpy.tools.params:DMRG: reading 'max_E_err'=1e-08
INFO:tenpy.tools.params:DMRG: reading 'max_S_err'=1e-05
INFO:tenpy.tools.params:DMRG: reading 'norm_tol'=1e-05
INFO:tenpy.tools.params:DMRG: reading 'norm_tol_final'=1e-10
INFO:tenpy.tools.params:DMRG: reading 'norm_tol_iter'=5
WARNING:tenpy.algorithms.dmrg:final DMRG state not in canonical form up to norm_tol_final=1.00e-10: norm_err=3.56e-10, calling psi.canonical_form()
INFO:tenpy.algorithms.dmrg:TwoSiteDMRGEngine finished after 20 sweeps, max chi=512
INFO:tenpy.tools.params:DMRG: reading 'max_trunc_err'=0.0001
INFO:tenpy.tools.params:MixedHofstadterLandauGauge_Pi_2: reading 'explicit_plus_hc'=False
INFO:tenpy.tools.params:MixedHofstadterLandauGauge_Pi_2: reading 'Lx'=2
INFO:tenpy.tools.params:MixedHofstadterLandauGauge_Pi_2: setting 'N_rings'=2
INFO:tenpy.tools.params:MixedHofstadterLandauGauge_Pi_2: reading 'xy_lattice'='Square'
INFO:tenpy.tools.params:MixedHofstadterLandauGauge_Pi_2: reading 'Ly'=6
INFO:tenpy.tools.params:MixedHofstadterLandauGauge_Pi_2: reading 'ring_order'=None
INFO:tenpy.tools.params:MixedHofstadterLandauGauge_Pi_2: reading 'conserve_k'=True
INFO:tenpy.tools.params:MixedHofstadterLandauGauge_Pi_2: reading 'bc_MPS'='infinite'
INFO:tenpy.tools.params:MixedHofstadterLandauGauge_Pi_2: reading 't'=-1
INFO:tenpy.tools.params:MixedHofstadterLandauGauge_Pi_2: reading 't2'=-0.25
INFO:tenpy.tools.params:MixedHofstadterLandauGauge_Pi_2: reading 'V1'=0.6
INFO:tenpy.tools.params:MixedHofstadterLandauGauge_Pi_2: reading 'phi_ext'=np.float64(2.25)
INFO:tenpy.tools.params:MixedHofstadterLandauGauge_Pi_2: reading 'sort_mpo_legs'=False
/home/t30/kna/ge54yin/Documents/MasterThesisFQHinTMDs/MPS_stuff/MPScalculations/.venv/lib/python3.12/site-packages/tenpy/tools/params.py:232: UserWarning: unused options for config MixedHofstadterLandauGauge_Pi_2:
['Delta', 'N_rings', 'Nsec', 'bc', 'chi_max', 'ktot', 'saveAll']
  warnings.warn(msg.format(keys=sorted(unused), name=self.name))
INFO:tenpy.tools.params:DMRG: reading 'active_sites'=2
INFO:tenpy.tools.params:DMRG: reading 'diag_method'='default'
INFO:tenpy.tools.params:DMRG: subconfig 'trunc_params'=Config(<5 options>, 'trunc_params')
INFO:tenpy.tools.params:DMRG: reading 'max_N_sites_per_ring'=18
INFO:tenpy.tools.params:DMRG: reading 'combine'=False
INFO:tenpy.tools.params:DMRG: subconfig 'lanczos_params'=Config(<9 options>, 'lanczos_params')
INFO:tenpy.tools.params:DMRG: reading 'chi_list'=None
INFO:tenpy.tools.params:DMRG: reading 'start_env'=1
INFO:tenpy.algorithms.mps_common:start environment_sweep
INFO:tenpy.tools.params:DMRG: reading 'N_sweeps_check'=10
INFO:tenpy.tools.params:DMRG: subconfig 'mixer_params'=Config(<3 options>, 'mixer_params')
INFO:tenpy.tools.params:DMRG: reading 'mixer'=None
INFO:tenpy.tools.params:DMRG: reading 'max_sweeps'=100
INFO:tenpy.tools.params:DMRG: reading 'max_hours'=8760
INFO:tenpy.tools.params:DMRG: reading 'P_tol_to_trunc'=0.05
INFO:tenpy.tools.params:DMRG: reading 'P_tol_min'=5.0000000000000004e-30
INFO:tenpy.tools.params:DMRG: reading 'P_tol_max'=0.0001
INFO:tenpy.tools.params:DMRG: reading 'E_tol_to_trunc'=None
INFO:tenpy.algorithms.dmrg:Running sweep with optimization
INFO:tenpy.tools.params:DMRG: reading 'max_N_for_ED'=400
INFO:tenpy.tools.params:DMRG: reading 'update_env'=5
INFO:tenpy.algorithms.mps_common:start environment_sweep
INFO:tenpy.algorithms.dmrg:checkpoint after sweep 10
energy=-0.7106635757039138, max S=3.0670939491729459, age=396, norm_err=4.4e-10
Current memory usage 721.8MB, wall time: 107.1s
Delta E = nan, Delta S = -6.0894e-05 (per sweep)
max trunc_err = 6.0285e-06, max E_trunc = 7.2957e-05
chi: [512, 512, 512, 512, 512, 512, 512, 512, 512, 512, 512, 512]
================================================================================
INFO:tenpy.algorithms.dmrg:Running sweep with optimization
INFO:tenpy.algorithms.mps_common:start environment_sweep
INFO:tenpy.algorithms.dmrg:checkpoint after sweep 20
energy=-0.7106635896971530, max S=3.0670600884875583, age=756, norm_err=3.2e-10
Current memory usage 721.8MB, wall time: 87.0s
Delta E = -1.3993e-09, Delta S = -3.0861e-06 (per sweep)
max trunc_err = 6.0210e-06, max E_trunc = 7.2848e-05
chi: [512, 512, 512, 512, 512, 512, 512, 512, 512, 512, 512, 512]
================================================================================
INFO:tenpy.tools.params:DMRG: reading 'max_E_err'=1e-08
INFO:tenpy.tools.params:DMRG: reading 'max_S_err'=1e-05
INFO:tenpy.tools.params:DMRG: reading 'norm_tol'=1e-05
INFO:tenpy.tools.params:DMRG: reading 'norm_tol_final'=1e-10
INFO:tenpy.tools.params:DMRG: reading 'norm_tol_iter'=5
WARNING:tenpy.algorithms.dmrg:final DMRG state not in canonical form up to norm_tol_final=1.00e-10: norm_err=3.18e-10, calling psi.canonical_form()
INFO:tenpy.algorithms.dmrg:TwoSiteDMRGEngine finished after 20 sweeps, max chi=512
INFO:tenpy.tools.params:DMRG: reading 'max_trunc_err'=0.0001
INFO:tenpy.tools.params:MixedHofstadterLandauGauge_Pi_2: reading 'explicit_plus_hc'=False
INFO:tenpy.tools.params:MixedHofstadterLandauGauge_Pi_2: reading 'Lx'=2
INFO:tenpy.tools.params:MixedHofstadterLandauGauge_Pi_2: setting 'N_rings'=2
INFO:tenpy.tools.params:MixedHofstadterLandauGauge_Pi_2: reading 'xy_lattice'='Square'
INFO:tenpy.tools.params:MixedHofstadterLandauGauge_Pi_2: reading 'Ly'=6
INFO:tenpy.tools.params:MixedHofstadterLandauGauge_Pi_2: reading 'ring_order'=None
INFO:tenpy.tools.params:MixedHofstadterLandauGauge_Pi_2: reading 'conserve_k'=True
INFO:tenpy.tools.params:MixedHofstadterLandauGauge_Pi_2: reading 'bc_MPS'='infinite'
INFO:tenpy.tools.params:MixedHofstadterLandauGauge_Pi_2: reading 't'=-1
INFO:tenpy.tools.params:MixedHofstadterLandauGauge_Pi_2: reading 't2'=-0.25
INFO:tenpy.tools.params:MixedHofstadterLandauGauge_Pi_2: reading 'V1'=0.6
INFO:tenpy.tools.params:MixedHofstadterLandauGauge_Pi_2: reading 'phi_ext'=np.float64(2.3000000000000003)
INFO:tenpy.tools.params:MixedHofstadterLandauGauge_Pi_2: reading 'sort_mpo_legs'=False
/home/t30/kna/ge54yin/Documents/MasterThesisFQHinTMDs/MPS_stuff/MPScalculations/.venv/lib/python3.12/site-packages/tenpy/tools/params.py:232: UserWarning: unused options for config MixedHofstadterLandauGauge_Pi_2:
['Delta', 'N_rings', 'Nsec', 'bc', 'chi_max', 'ktot', 'saveAll']
  warnings.warn(msg.format(keys=sorted(unused), name=self.name))
INFO:tenpy.tools.params:DMRG: reading 'active_sites'=2
INFO:tenpy.tools.params:DMRG: reading 'diag_method'='default'
INFO:tenpy.tools.params:DMRG: subconfig 'trunc_params'=Config(<5 options>, 'trunc_params')
INFO:tenpy.tools.params:DMRG: reading 'max_N_sites_per_ring'=18
INFO:tenpy.tools.params:DMRG: reading 'combine'=False
INFO:tenpy.tools.params:DMRG: subconfig 'lanczos_params'=Config(<9 options>, 'lanczos_params')
INFO:tenpy.tools.params:DMRG: reading 'chi_list'=None
INFO:tenpy.tools.params:DMRG: reading 'start_env'=1
INFO:tenpy.algorithms.mps_common:start environment_sweep
INFO:tenpy.tools.params:DMRG: reading 'N_sweeps_check'=10
INFO:tenpy.tools.params:DMRG: subconfig 'mixer_params'=Config(<3 options>, 'mixer_params')
INFO:tenpy.tools.params:DMRG: reading 'mixer'=None
INFO:tenpy.tools.params:DMRG: reading 'max_sweeps'=100
INFO:tenpy.tools.params:DMRG: reading 'max_hours'=8760
INFO:tenpy.tools.params:DMRG: reading 'P_tol_to_trunc'=0.05
INFO:tenpy.tools.params:DMRG: reading 'P_tol_min'=5.0000000000000004e-30
INFO:tenpy.tools.params:DMRG: reading 'P_tol_max'=0.0001
INFO:tenpy.tools.params:DMRG: reading 'E_tol_to_trunc'=None
INFO:tenpy.algorithms.dmrg:Running sweep with optimization
INFO:tenpy.tools.params:DMRG: reading 'max_N_for_ED'=400
INFO:tenpy.tools.params:DMRG: reading 'update_env'=5
INFO:tenpy.algorithms.mps_common:start environment_sweep
INFO:tenpy.algorithms.dmrg:checkpoint after sweep 10
energy=-0.7106162040737161, max S=3.0888234365666616, age=396, norm_err=5.0e-10
Current memory usage 721.8MB, wall time: 108.3s
Delta E = nan, Delta S = -1.0851e-04 (per sweep)
max trunc_err = 5.9633e-06, max E_trunc = 7.0928e-05
chi: [512, 512, 512, 512, 512, 512, 512, 512, 512, 512, 512, 512]
================================================================================
INFO:tenpy.algorithms.dmrg:Running sweep with optimization
INFO:tenpy.algorithms.mps_common:start environment_sweep
INFO:tenpy.algorithms.dmrg:checkpoint after sweep 20
energy=-0.7106162668172639, max S=3.0887890254956383, age=756, norm_err=4.1e-10
Current memory usage 721.8MB, wall time: 86.7s
Delta E = -6.2744e-09, Delta S = -3.4224e-06 (per sweep)
max trunc_err = 5.9688e-06, max E_trunc = 7.0824e-05
chi: [512, 512, 512, 512, 512, 512, 512, 512, 512, 512, 512, 512]
================================================================================
INFO:tenpy.tools.params:DMRG: reading 'max_E_err'=1e-08
INFO:tenpy.tools.params:DMRG: reading 'max_S_err'=1e-05
INFO:tenpy.tools.params:DMRG: reading 'norm_tol'=1e-05
INFO:tenpy.tools.params:DMRG: reading 'norm_tol_final'=1e-10
INFO:tenpy.tools.params:DMRG: reading 'norm_tol_iter'=5
WARNING:tenpy.algorithms.dmrg:final DMRG state not in canonical form up to norm_tol_final=1.00e-10: norm_err=4.12e-10, calling psi.canonical_form()
INFO:tenpy.algorithms.dmrg:TwoSiteDMRGEngine finished after 20 sweeps, max chi=512
INFO:tenpy.tools.params:DMRG: reading 'max_trunc_err'=0.0001
INFO:tenpy.tools.params:MixedHofstadterLandauGauge_Pi_2: reading 'explicit_plus_hc'=False
INFO:tenpy.tools.params:MixedHofstadterLandauGauge_Pi_2: reading 'Lx'=2
INFO:tenpy.tools.params:MixedHofstadterLandauGauge_Pi_2: setting 'N_rings'=2
INFO:tenpy.tools.params:MixedHofstadterLandauGauge_Pi_2: reading 'xy_lattice'='Square'
INFO:tenpy.tools.params:MixedHofstadterLandauGauge_Pi_2: reading 'Ly'=6
INFO:tenpy.tools.params:MixedHofstadterLandauGauge_Pi_2: reading 'ring_order'=None
INFO:tenpy.tools.params:MixedHofstadterLandauGauge_Pi_2: reading 'conserve_k'=True
INFO:tenpy.tools.params:MixedHofstadterLandauGauge_Pi_2: reading 'bc_MPS'='infinite'
INFO:tenpy.tools.params:MixedHofstadterLandauGauge_Pi_2: reading 't'=-1
INFO:tenpy.tools.params:MixedHofstadterLandauGauge_Pi_2: reading 't2'=-0.25
INFO:tenpy.tools.params:MixedHofstadterLandauGauge_Pi_2: reading 'V1'=0.6
INFO:tenpy.tools.params:MixedHofstadterLandauGauge_Pi_2: reading 'phi_ext'=np.float64(2.35)
INFO:tenpy.tools.params:MixedHofstadterLandauGauge_Pi_2: reading 'sort_mpo_legs'=False
/home/t30/kna/ge54yin/Documents/MasterThesisFQHinTMDs/MPS_stuff/MPScalculations/.venv/lib/python3.12/site-packages/tenpy/tools/params.py:232: UserWarning: unused options for config MixedHofstadterLandauGauge_Pi_2:
['Delta', 'N_rings', 'Nsec', 'bc', 'chi_max', 'ktot', 'saveAll']
  warnings.warn(msg.format(keys=sorted(unused), name=self.name))
INFO:tenpy.tools.params:DMRG: reading 'active_sites'=2
INFO:tenpy.tools.params:DMRG: reading 'diag_method'='default'
INFO:tenpy.tools.params:DMRG: subconfig 'trunc_params'=Config(<5 options>, 'trunc_params')
INFO:tenpy.tools.params:DMRG: reading 'max_N_sites_per_ring'=18
INFO:tenpy.tools.params:DMRG: reading 'combine'=False
INFO:tenpy.tools.params:DMRG: subconfig 'lanczos_params'=Config(<9 options>, 'lanczos_params')
INFO:tenpy.tools.params:DMRG: reading 'chi_list'=None
INFO:tenpy.tools.params:DMRG: reading 'start_env'=1
INFO:tenpy.algorithms.mps_common:start environment_sweep
INFO:tenpy.tools.params:DMRG: reading 'N_sweeps_check'=10
INFO:tenpy.tools.params:DMRG: subconfig 'mixer_params'=Config(<3 options>, 'mixer_params')
INFO:tenpy.tools.params:DMRG: reading 'mixer'=None
INFO:tenpy.tools.params:DMRG: reading 'max_sweeps'=100
INFO:tenpy.tools.params:DMRG: reading 'max_hours'=8760
INFO:tenpy.tools.params:DMRG: reading 'P_tol_to_trunc'=0.05
INFO:tenpy.tools.params:DMRG: reading 'P_tol_min'=5.0000000000000004e-30
INFO:tenpy.tools.params:DMRG: reading 'P_tol_max'=0.0001
INFO:tenpy.tools.params:DMRG: reading 'E_tol_to_trunc'=None
INFO:tenpy.algorithms.dmrg:Running sweep with optimization
INFO:tenpy.tools.params:DMRG: reading 'max_N_for_ED'=400
INFO:tenpy.tools.params:DMRG: reading 'update_env'=5
INFO:tenpy.algorithms.mps_common:start environment_sweep
INFO:tenpy.algorithms.dmrg:checkpoint after sweep 10
energy=-0.7105787113983885, max S=3.1084837460237029, age=396, norm_err=5.0e-10
Current memory usage 721.8MB, wall time: 108.7s
Delta E = nan, Delta S = -1.0280e-04 (per sweep)
max trunc_err = 5.9235e-06, max E_trunc = 7.1489e-05
chi: [512, 512, 512, 512, 512, 512, 512, 512, 512, 512, 512, 512]
================================================================================
INFO:tenpy.algorithms.dmrg:Running sweep with optimization
INFO:tenpy.algorithms.mps_common:start environment_sweep
INFO:tenpy.algorithms.dmrg:checkpoint after sweep 20
energy=-0.7105787628663004, max S=3.1084575937282386, age=756, norm_err=2.5e-10
Current memory usage 721.8MB, wall time: 86.9s
Delta E = -5.1468e-09, Delta S = -2.3350e-06 (per sweep)
max trunc_err = 5.9051e-06, max E_trunc = 7.1317e-05
chi: [512, 512, 512, 512, 512, 512, 512, 512, 512, 512, 512, 512]
================================================================================
INFO:tenpy.tools.params:DMRG: reading 'max_E_err'=1e-08
INFO:tenpy.tools.params:DMRG: reading 'max_S_err'=1e-05
INFO:tenpy.tools.params:DMRG: reading 'norm_tol'=1e-05
INFO:tenpy.tools.params:DMRG: reading 'norm_tol_final'=1e-10
INFO:tenpy.tools.params:DMRG: reading 'norm_tol_iter'=5
WARNING:tenpy.algorithms.dmrg:final DMRG state not in canonical form up to norm_tol_final=1.00e-10: norm_err=2.51e-10, calling psi.canonical_form()
INFO:tenpy.algorithms.dmrg:TwoSiteDMRGEngine finished after 20 sweeps, max chi=512
INFO:tenpy.tools.params:DMRG: reading 'max_trunc_err'=0.0001
INFO:tenpy.tools.params:MixedHofstadterLandauGauge_Pi_2: reading 'explicit_plus_hc'=False
INFO:tenpy.tools.params:MixedHofstadterLandauGauge_Pi_2: reading 'Lx'=2
INFO:tenpy.tools.params:MixedHofstadterLandauGauge_Pi_2: setting 'N_rings'=2
INFO:tenpy.tools.params:MixedHofstadterLandauGauge_Pi_2: reading 'xy_lattice'='Square'
INFO:tenpy.tools.params:MixedHofstadterLandauGauge_Pi_2: reading 'Ly'=6
INFO:tenpy.tools.params:MixedHofstadterLandauGauge_Pi_2: reading 'ring_order'=None
INFO:tenpy.tools.params:MixedHofstadterLandauGauge_Pi_2: reading 'conserve_k'=True
INFO:tenpy.tools.params:MixedHofstadterLandauGauge_Pi_2: reading 'bc_MPS'='infinite'
INFO:tenpy.tools.params:MixedHofstadterLandauGauge_Pi_2: reading 't'=-1
INFO:tenpy.tools.params:MixedHofstadterLandauGauge_Pi_2: reading 't2'=-0.25
INFO:tenpy.tools.params:MixedHofstadterLandauGauge_Pi_2: reading 'V1'=0.6
INFO:tenpy.tools.params:MixedHofstadterLandauGauge_Pi_2: reading 'phi_ext'=np.float64(2.4000000000000004)
INFO:tenpy.tools.params:MixedHofstadterLandauGauge_Pi_2: reading 'sort_mpo_legs'=False
/home/t30/kna/ge54yin/Documents/MasterThesisFQHinTMDs/MPS_stuff/MPScalculations/.venv/lib/python3.12/site-packages/tenpy/tools/params.py:232: UserWarning: unused options for config MixedHofstadterLandauGauge_Pi_2:
['Delta', 'N_rings', 'Nsec', 'bc', 'chi_max', 'ktot', 'saveAll']
  warnings.warn(msg.format(keys=sorted(unused), name=self.name))
INFO:tenpy.tools.params:DMRG: reading 'active_sites'=2
INFO:tenpy.tools.params:DMRG: reading 'diag_method'='default'
INFO:tenpy.tools.params:DMRG: subconfig 'trunc_params'=Config(<5 options>, 'trunc_params')
INFO:tenpy.tools.params:DMRG: reading 'max_N_sites_per_ring'=18
INFO:tenpy.tools.params:DMRG: reading 'combine'=False
INFO:tenpy.tools.params:DMRG: subconfig 'lanczos_params'=Config(<9 options>, 'lanczos_params')
INFO:tenpy.tools.params:DMRG: reading 'chi_list'=None
INFO:tenpy.tools.params:DMRG: reading 'start_env'=1
INFO:tenpy.algorithms.mps_common:start environment_sweep
INFO:tenpy.tools.params:DMRG: reading 'N_sweeps_check'=10
INFO:tenpy.tools.params:DMRG: subconfig 'mixer_params'=Config(<3 options>, 'mixer_params')
INFO:tenpy.tools.params:DMRG: reading 'mixer'=None
INFO:tenpy.tools.params:DMRG: reading 'max_sweeps'=100
INFO:tenpy.tools.params:DMRG: reading 'max_hours'=8760
INFO:tenpy.tools.params:DMRG: reading 'P_tol_to_trunc'=0.05
INFO:tenpy.tools.params:DMRG: reading 'P_tol_min'=5.0000000000000004e-30
INFO:tenpy.tools.params:DMRG: reading 'P_tol_max'=0.0001
INFO:tenpy.tools.params:DMRG: reading 'E_tol_to_trunc'=None
INFO:tenpy.algorithms.dmrg:Running sweep with optimization
INFO:tenpy.tools.params:DMRG: reading 'max_N_for_ED'=400
INFO:tenpy.tools.params:DMRG: reading 'update_env'=5
INFO:tenpy.algorithms.mps_common:start environment_sweep
INFO:tenpy.algorithms.dmrg:checkpoint after sweep 10
energy=-0.7105521529739368, max S=3.1260387296188101, age=396, norm_err=1.1e-09
Current memory usage 721.8MB, wall time: 107.6s
Delta E = nan, Delta S = -1.0827e-04 (per sweep)
max trunc_err = 5.8090e-06, max E_trunc = 7.0189e-05
chi: [512, 512, 512, 512, 512, 512, 512, 512, 512, 512, 512, 512]
================================================================================
INFO:tenpy.algorithms.dmrg:Running sweep with optimization
INFO:tenpy.algorithms.mps_common:start environment_sweep
INFO:tenpy.algorithms.dmrg:checkpoint after sweep 20
energy=-0.7105522049338902, max S=3.1260278589315043, age=756, norm_err=5.4e-10
Current memory usage 721.8MB, wall time: 87.4s
Delta E = -5.1960e-09, Delta S = 4.0987e-07 (per sweep)
max trunc_err = 5.8071e-06, max E_trunc = 7.0212e-05
chi: [512, 512, 512, 512, 512, 512, 512, 512, 512, 512, 512, 512]
================================================================================
INFO:tenpy.tools.params:DMRG: reading 'max_E_err'=1e-08
INFO:tenpy.tools.params:DMRG: reading 'max_S_err'=1e-05
INFO:tenpy.tools.params:DMRG: reading 'norm_tol'=1e-05
INFO:tenpy.tools.params:DMRG: reading 'norm_tol_final'=1e-10
INFO:tenpy.tools.params:DMRG: reading 'norm_tol_iter'=5
WARNING:tenpy.algorithms.dmrg:final DMRG state not in canonical form up to norm_tol_final=1.00e-10: norm_err=5.38e-10, calling psi.canonical_form()
INFO:tenpy.algorithms.dmrg:TwoSiteDMRGEngine finished after 20 sweeps, max chi=512
INFO:tenpy.tools.params:DMRG: reading 'max_trunc_err'=0.0001
INFO:tenpy.tools.params:MixedHofstadterLandauGauge_Pi_2: reading 'explicit_plus_hc'=False
INFO:tenpy.tools.params:MixedHofstadterLandauGauge_Pi_2: reading 'Lx'=2
INFO:tenpy.tools.params:MixedHofstadterLandauGauge_Pi_2: setting 'N_rings'=2
INFO:tenpy.tools.params:MixedHofstadterLandauGauge_Pi_2: reading 'xy_lattice'='Square'
INFO:tenpy.tools.params:MixedHofstadterLandauGauge_Pi_2: reading 'Ly'=6
INFO:tenpy.tools.params:MixedHofstadterLandauGauge_Pi_2: reading 'ring_order'=None
INFO:tenpy.tools.params:MixedHofstadterLandauGauge_Pi_2: reading 'conserve_k'=True
INFO:tenpy.tools.params:MixedHofstadterLandauGauge_Pi_2: reading 'bc_MPS'='infinite'
INFO:tenpy.tools.params:MixedHofstadterLandauGauge_Pi_2: reading 't'=-1
INFO:tenpy.tools.params:MixedHofstadterLandauGauge_Pi_2: reading 't2'=-0.25
INFO:tenpy.tools.params:MixedHofstadterLandauGauge_Pi_2: reading 'V1'=0.6
INFO:tenpy.tools.params:MixedHofstadterLandauGauge_Pi_2: reading 'phi_ext'=np.float64(2.45)
INFO:tenpy.tools.params:MixedHofstadterLandauGauge_Pi_2: reading 'sort_mpo_legs'=False
/home/t30/kna/ge54yin/Documents/MasterThesisFQHinTMDs/MPS_stuff/MPScalculations/.venv/lib/python3.12/site-packages/tenpy/tools/params.py:232: UserWarning: unused options for config MixedHofstadterLandauGauge_Pi_2:
['Delta', 'N_rings', 'Nsec', 'bc', 'chi_max', 'ktot', 'saveAll']
  warnings.warn(msg.format(keys=sorted(unused), name=self.name))
INFO:tenpy.tools.params:DMRG: reading 'active_sites'=2
INFO:tenpy.tools.params:DMRG: reading 'diag_method'='default'
INFO:tenpy.tools.params:DMRG: subconfig 'trunc_params'=Config(<5 options>, 'trunc_params')
INFO:tenpy.tools.params:DMRG: reading 'max_N_sites_per_ring'=18
INFO:tenpy.tools.params:DMRG: reading 'combine'=False
INFO:tenpy.tools.params:DMRG: subconfig 'lanczos_params'=Config(<9 options>, 'lanczos_params')
INFO:tenpy.tools.params:DMRG: reading 'chi_list'=None
INFO:tenpy.tools.params:DMRG: reading 'start_env'=1
INFO:tenpy.algorithms.mps_common:start environment_sweep
INFO:tenpy.tools.params:DMRG: reading 'N_sweeps_check'=10
INFO:tenpy.tools.params:DMRG: subconfig 'mixer_params'=Config(<3 options>, 'mixer_params')
INFO:tenpy.tools.params:DMRG: reading 'mixer'=None
INFO:tenpy.tools.params:DMRG: reading 'max_sweeps'=100
INFO:tenpy.tools.params:DMRG: reading 'max_hours'=8760
INFO:tenpy.tools.params:DMRG: reading 'P_tol_to_trunc'=0.05
INFO:tenpy.tools.params:DMRG: reading 'P_tol_min'=5.0000000000000004e-30
INFO:tenpy.tools.params:DMRG: reading 'P_tol_max'=0.0001
INFO:tenpy.tools.params:DMRG: reading 'E_tol_to_trunc'=None
INFO:tenpy.algorithms.dmrg:Running sweep with optimization
INFO:tenpy.tools.params:DMRG: reading 'max_N_for_ED'=400
INFO:tenpy.tools.params:DMRG: reading 'update_env'=5
INFO:tenpy.algorithms.mps_common:start environment_sweep
INFO:tenpy.algorithms.dmrg:checkpoint after sweep 10
energy=-0.7105377287801341, max S=3.1418741138913360, age=396, norm_err=6.1e-10
Current memory usage 721.8MB, wall time: 108.2s
Delta E = nan, Delta S = -7.2022e-05 (per sweep)
max trunc_err = 5.9807e-06, max E_trunc = 7.3253e-05
chi: [512, 512, 512, 512, 512, 512, 512, 512, 512, 512, 512, 512]
================================================================================
INFO:tenpy.algorithms.dmrg:Running sweep with optimization
INFO:tenpy.algorithms.mps_common:start environment_sweep
INFO:tenpy.algorithms.dmrg:checkpoint after sweep 20
energy=-0.7105378009832842, max S=3.1418151726035282, age=756, norm_err=5.8e-10
Current memory usage 721.8MB, wall time: 87.0s
Delta E = -7.2203e-09, Delta S = -5.5859e-06 (per sweep)
max trunc_err = 5.9709e-06, max E_trunc = 7.3131e-05
chi: [512, 512, 512, 512, 512, 512, 512, 512, 512, 512, 512, 512]
================================================================================
INFO:tenpy.tools.params:DMRG: reading 'max_E_err'=1e-08
INFO:tenpy.tools.params:DMRG: reading 'max_S_err'=1e-05
INFO:tenpy.tools.params:DMRG: reading 'norm_tol'=1e-05
INFO:tenpy.tools.params:DMRG: reading 'norm_tol_final'=1e-10
INFO:tenpy.tools.params:DMRG: reading 'norm_tol_iter'=5
WARNING:tenpy.algorithms.dmrg:final DMRG state not in canonical form up to norm_tol_final=1.00e-10: norm_err=5.81e-10, calling psi.canonical_form()
INFO:tenpy.algorithms.dmrg:TwoSiteDMRGEngine finished after 20 sweeps, max chi=512
INFO:tenpy.tools.params:DMRG: reading 'max_trunc_err'=0.0001
INFO:tenpy.tools.params:MixedHofstadterLandauGauge_Pi_2: reading 'explicit_plus_hc'=False
INFO:tenpy.tools.params:MixedHofstadterLandauGauge_Pi_2: reading 'Lx'=2
INFO:tenpy.tools.params:MixedHofstadterLandauGauge_Pi_2: setting 'N_rings'=2
INFO:tenpy.tools.params:MixedHofstadterLandauGauge_Pi_2: reading 'xy_lattice'='Square'
INFO:tenpy.tools.params:MixedHofstadterLandauGauge_Pi_2: reading 'Ly'=6
INFO:tenpy.tools.params:MixedHofstadterLandauGauge_Pi_2: reading 'ring_order'=None
INFO:tenpy.tools.params:MixedHofstadterLandauGauge_Pi_2: reading 'conserve_k'=True
INFO:tenpy.tools.params:MixedHofstadterLandauGauge_Pi_2: reading 'bc_MPS'='infinite'
INFO:tenpy.tools.params:MixedHofstadterLandauGauge_Pi_2: reading 't'=-1
INFO:tenpy.tools.params:MixedHofstadterLandauGauge_Pi_2: reading 't2'=-0.25
INFO:tenpy.tools.params:MixedHofstadterLandauGauge_Pi_2: reading 'V1'=0.6
INFO:tenpy.tools.params:MixedHofstadterLandauGauge_Pi_2: reading 'phi_ext'=np.float64(2.5)
INFO:tenpy.tools.params:MixedHofstadterLandauGauge_Pi_2: reading 'sort_mpo_legs'=False
/home/t30/kna/ge54yin/Documents/MasterThesisFQHinTMDs/MPS_stuff/MPScalculations/.venv/lib/python3.12/site-packages/tenpy/tools/params.py:232: UserWarning: unused options for config MixedHofstadterLandauGauge_Pi_2:
['Delta', 'N_rings', 'Nsec', 'bc', 'chi_max', 'ktot', 'saveAll']
  warnings.warn(msg.format(keys=sorted(unused), name=self.name))
INFO:tenpy.tools.params:DMRG: reading 'active_sites'=2
INFO:tenpy.tools.params:DMRG: reading 'diag_method'='default'
INFO:tenpy.tools.params:DMRG: subconfig 'trunc_params'=Config(<5 options>, 'trunc_params')
INFO:tenpy.tools.params:DMRG: reading 'max_N_sites_per_ring'=18
INFO:tenpy.tools.params:DMRG: reading 'combine'=False
INFO:tenpy.tools.params:DMRG: subconfig 'lanczos_params'=Config(<9 options>, 'lanczos_params')
INFO:tenpy.tools.params:DMRG: reading 'chi_list'=None
INFO:tenpy.tools.params:DMRG: reading 'start_env'=1
INFO:tenpy.algorithms.mps_common:start environment_sweep
INFO:tenpy.tools.params:DMRG: reading 'N_sweeps_check'=10
INFO:tenpy.tools.params:DMRG: subconfig 'mixer_params'=Config(<3 options>, 'mixer_params')
INFO:tenpy.tools.params:DMRG: reading 'mixer'=None
INFO:tenpy.tools.params:DMRG: reading 'max_sweeps'=100
INFO:tenpy.tools.params:DMRG: reading 'max_hours'=8760
INFO:tenpy.tools.params:DMRG: reading 'P_tol_to_trunc'=0.05
INFO:tenpy.tools.params:DMRG: reading 'P_tol_min'=5.0000000000000004e-30
INFO:tenpy.tools.params:DMRG: reading 'P_tol_max'=0.0001
INFO:tenpy.tools.params:DMRG: reading 'E_tol_to_trunc'=None
INFO:tenpy.algorithms.dmrg:Running sweep with optimization
INFO:tenpy.tools.params:DMRG: reading 'max_N_for_ED'=400
INFO:tenpy.tools.params:DMRG: reading 'update_env'=5
INFO:tenpy.algorithms.mps_common:start environment_sweep
INFO:tenpy.algorithms.dmrg:checkpoint after sweep 10
energy=-0.7105347743733859, max S=3.1561777910044122, age=396, norm_err=2.0e-09
Current memory usage 721.8MB, wall time: 108.0s
Delta E = nan, Delta S = -1.2515e-05 (per sweep)
max trunc_err = 6.1609e-06, max E_trunc = 7.5302e-05
chi: [512, 512, 512, 512, 512, 512, 512, 512, 512, 512, 512, 512]
================================================================================
INFO:tenpy.algorithms.dmrg:Running sweep with optimization
INFO:tenpy.algorithms.mps_common:start environment_sweep
INFO:tenpy.algorithms.dmrg:checkpoint after sweep 20
energy=-0.7105347757865653, max S=3.1561636626483067, age=756, norm_err=1.2e-09
Current memory usage 721.8MB, wall time: 87.0s
Delta E = -1.4132e-10, Delta S = -6.2311e-07 (per sweep)
max trunc_err = 6.1592e-06, max E_trunc = 7.5289e-05
chi: [512, 512, 512, 512, 512, 512, 512, 512, 512, 512, 512, 512]
================================================================================
INFO:tenpy.tools.params:DMRG: reading 'max_E_err'=1e-08
INFO:tenpy.tools.params:DMRG: reading 'max_S_err'=1e-05
INFO:tenpy.tools.params:DMRG: reading 'norm_tol'=1e-05
INFO:tenpy.tools.params:DMRG: reading 'norm_tol_final'=1e-10
INFO:tenpy.tools.params:DMRG: reading 'norm_tol_iter'=5
WARNING:tenpy.algorithms.dmrg:final DMRG state not in canonical form up to norm_tol_final=1.00e-10: norm_err=1.24e-09, calling psi.canonical_form()
INFO:tenpy.algorithms.dmrg:TwoSiteDMRGEngine finished after 20 sweeps, max chi=512
INFO:tenpy.tools.params:DMRG: reading 'max_trunc_err'=0.0001
INFO:tenpy.tools.params:MixedHofstadterLandauGauge_Pi_2: reading 'explicit_plus_hc'=False
INFO:tenpy.tools.params:MixedHofstadterLandauGauge_Pi_2: reading 'Lx'=2
INFO:tenpy.tools.params:MixedHofstadterLandauGauge_Pi_2: setting 'N_rings'=2
INFO:tenpy.tools.params:MixedHofstadterLandauGauge_Pi_2: reading 'xy_lattice'='Square'
INFO:tenpy.tools.params:MixedHofstadterLandauGauge_Pi_2: reading 'Ly'=6
INFO:tenpy.tools.params:MixedHofstadterLandauGauge_Pi_2: reading 'ring_order'=None
INFO:tenpy.tools.params:MixedHofstadterLandauGauge_Pi_2: reading 'conserve_k'=True
INFO:tenpy.tools.params:MixedHofstadterLandauGauge_Pi_2: reading 'bc_MPS'='infinite'
INFO:tenpy.tools.params:MixedHofstadterLandauGauge_Pi_2: reading 't'=-1
INFO:tenpy.tools.params:MixedHofstadterLandauGauge_Pi_2: reading 't2'=-0.25
INFO:tenpy.tools.params:MixedHofstadterLandauGauge_Pi_2: reading 'V1'=0.6
INFO:tenpy.tools.params:MixedHofstadterLandauGauge_Pi_2: reading 'phi_ext'=np.float64(2.5500000000000003)
INFO:tenpy.tools.params:MixedHofstadterLandauGauge_Pi_2: reading 'sort_mpo_legs'=False
/home/t30/kna/ge54yin/Documents/MasterThesisFQHinTMDs/MPS_stuff/MPScalculations/.venv/lib/python3.12/site-packages/tenpy/tools/params.py:232: UserWarning: unused options for config MixedHofstadterLandauGauge_Pi_2:
['Delta', 'N_rings', 'Nsec', 'bc', 'chi_max', 'ktot', 'saveAll']
  warnings.warn(msg.format(keys=sorted(unused), name=self.name))
INFO:tenpy.tools.params:DMRG: reading 'active_sites'=2
INFO:tenpy.tools.params:DMRG: reading 'diag_method'='default'
INFO:tenpy.tools.params:DMRG: subconfig 'trunc_params'=Config(<5 options>, 'trunc_params')
INFO:tenpy.tools.params:DMRG: reading 'max_N_sites_per_ring'=18
INFO:tenpy.tools.params:DMRG: reading 'combine'=False
INFO:tenpy.tools.params:DMRG: subconfig 'lanczos_params'=Config(<9 options>, 'lanczos_params')
INFO:tenpy.tools.params:DMRG: reading 'chi_list'=None
INFO:tenpy.tools.params:DMRG: reading 'start_env'=1
INFO:tenpy.algorithms.mps_common:start environment_sweep
INFO:tenpy.tools.params:DMRG: reading 'N_sweeps_check'=10
INFO:tenpy.tools.params:DMRG: subconfig 'mixer_params'=Config(<3 options>, 'mixer_params')
INFO:tenpy.tools.params:DMRG: reading 'mixer'=None
INFO:tenpy.tools.params:DMRG: reading 'max_sweeps'=100
INFO:tenpy.tools.params:DMRG: reading 'max_hours'=8760
INFO:tenpy.tools.params:DMRG: reading 'P_tol_to_trunc'=0.05
INFO:tenpy.tools.params:DMRG: reading 'P_tol_min'=5.0000000000000004e-30
INFO:tenpy.tools.params:DMRG: reading 'P_tol_max'=0.0001
INFO:tenpy.tools.params:DMRG: reading 'E_tol_to_trunc'=None
INFO:tenpy.algorithms.dmrg:Running sweep with optimization
INFO:tenpy.tools.params:DMRG: reading 'max_N_for_ED'=400
INFO:tenpy.tools.params:DMRG: reading 'update_env'=5
INFO:tenpy.algorithms.mps_common:start environment_sweep
INFO:tenpy.algorithms.dmrg:checkpoint after sweep 10
energy=-0.7105431285494012, max S=3.1693143727402235, age=396, norm_err=6.3e-10
Current memory usage 721.8MB, wall time: 108.2s
Delta E = nan, Delta S = 7.2149e-05 (per sweep)
max trunc_err = 6.1324e-06, max E_trunc = 7.4821e-05
chi: [512, 512, 512, 512, 512, 512, 512, 512, 512, 512, 512, 512]
================================================================================
INFO:tenpy.algorithms.dmrg:Running sweep with optimization
INFO:tenpy.algorithms.mps_common:start environment_sweep
INFO:tenpy.algorithms.dmrg:checkpoint after sweep 20
energy=-0.7105431554732368, max S=3.1693479188897893, age=756, norm_err=9.7e-10
Current memory usage 721.8MB, wall time: 87.1s
Delta E = -2.6924e-09, Delta S = 4.5655e-06 (per sweep)
max trunc_err = 6.1172e-06, max E_trunc = 7.4744e-05
chi: [512, 512, 512, 512, 512, 512, 512, 512, 512, 512, 512, 512]
================================================================================
INFO:tenpy.tools.params:DMRG: reading 'max_E_err'=1e-08
INFO:tenpy.tools.params:DMRG: reading 'max_S_err'=1e-05
INFO:tenpy.tools.params:DMRG: reading 'norm_tol'=1e-05
INFO:tenpy.tools.params:DMRG: reading 'norm_tol_final'=1e-10
INFO:tenpy.tools.params:DMRG: reading 'norm_tol_iter'=5
WARNING:tenpy.algorithms.dmrg:final DMRG state not in canonical form up to norm_tol_final=1.00e-10: norm_err=9.74e-10, calling psi.canonical_form()
INFO:tenpy.algorithms.dmrg:TwoSiteDMRGEngine finished after 20 sweeps, max chi=512
INFO:tenpy.tools.params:DMRG: reading 'max_trunc_err'=0.0001
INFO:tenpy.tools.params:MixedHofstadterLandauGauge_Pi_2: reading 'explicit_plus_hc'=False
INFO:tenpy.tools.params:MixedHofstadterLandauGauge_Pi_2: reading 'Lx'=2
INFO:tenpy.tools.params:MixedHofstadterLandauGauge_Pi_2: setting 'N_rings'=2
INFO:tenpy.tools.params:MixedHofstadterLandauGauge_Pi_2: reading 'xy_lattice'='Square'
INFO:tenpy.tools.params:MixedHofstadterLandauGauge_Pi_2: reading 'Ly'=6
INFO:tenpy.tools.params:MixedHofstadterLandauGauge_Pi_2: reading 'ring_order'=None
INFO:tenpy.tools.params:MixedHofstadterLandauGauge_Pi_2: reading 'conserve_k'=True
INFO:tenpy.tools.params:MixedHofstadterLandauGauge_Pi_2: reading 'bc_MPS'='infinite'
INFO:tenpy.tools.params:MixedHofstadterLandauGauge_Pi_2: reading 't'=-1
INFO:tenpy.tools.params:MixedHofstadterLandauGauge_Pi_2: reading 't2'=-0.25
INFO:tenpy.tools.params:MixedHofstadterLandauGauge_Pi_2: reading 'V1'=0.6
INFO:tenpy.tools.params:MixedHofstadterLandauGauge_Pi_2: reading 'phi_ext'=np.float64(2.6)
INFO:tenpy.tools.params:MixedHofstadterLandauGauge_Pi_2: reading 'sort_mpo_legs'=False
/home/t30/kna/ge54yin/Documents/MasterThesisFQHinTMDs/MPS_stuff/MPScalculations/.venv/lib/python3.12/site-packages/tenpy/tools/params.py:232: UserWarning: unused options for config MixedHofstadterLandauGauge_Pi_2:
['Delta', 'N_rings', 'Nsec', 'bc', 'chi_max', 'ktot', 'saveAll']
  warnings.warn(msg.format(keys=sorted(unused), name=self.name))
INFO:tenpy.tools.params:DMRG: reading 'active_sites'=2
INFO:tenpy.tools.params:DMRG: reading 'diag_method'='default'
INFO:tenpy.tools.params:DMRG: subconfig 'trunc_params'=Config(<5 options>, 'trunc_params')
INFO:tenpy.tools.params:DMRG: reading 'max_N_sites_per_ring'=18
INFO:tenpy.tools.params:DMRG: reading 'combine'=False
INFO:tenpy.tools.params:DMRG: subconfig 'lanczos_params'=Config(<9 options>, 'lanczos_params')
INFO:tenpy.tools.params:DMRG: reading 'chi_list'=None
INFO:tenpy.tools.params:DMRG: reading 'start_env'=1
INFO:tenpy.algorithms.mps_common:start environment_sweep
INFO:tenpy.tools.params:DMRG: reading 'N_sweeps_check'=10
INFO:tenpy.tools.params:DMRG: subconfig 'mixer_params'=Config(<3 options>, 'mixer_params')
INFO:tenpy.tools.params:DMRG: reading 'mixer'=None
INFO:tenpy.tools.params:DMRG: reading 'max_sweeps'=100
INFO:tenpy.tools.params:DMRG: reading 'max_hours'=8760
INFO:tenpy.tools.params:DMRG: reading 'P_tol_to_trunc'=0.05
INFO:tenpy.tools.params:DMRG: reading 'P_tol_min'=5.0000000000000004e-30
INFO:tenpy.tools.params:DMRG: reading 'P_tol_max'=0.0001
INFO:tenpy.tools.params:DMRG: reading 'E_tol_to_trunc'=None
INFO:tenpy.algorithms.dmrg:Running sweep with optimization
INFO:tenpy.tools.params:DMRG: reading 'max_N_for_ED'=400
INFO:tenpy.tools.params:DMRG: reading 'update_env'=5
INFO:tenpy.algorithms.mps_common:start environment_sweep
INFO:tenpy.algorithms.dmrg:checkpoint after sweep 10
energy=-0.7105610224822030, max S=3.1811531070824772, age=396, norm_err=1.7e-09
Current memory usage 721.8MB, wall time: 108.1s
Delta E = nan, Delta S = 1.4687e-04 (per sweep)
max trunc_err = 6.1140e-06, max E_trunc = 7.4944e-05
chi: [512, 512, 512, 512, 512, 512, 512, 512, 512, 512, 512, 512]
================================================================================
INFO:tenpy.algorithms.dmrg:Running sweep with optimization
INFO:tenpy.algorithms.mps_common:start environment_sweep
INFO:tenpy.algorithms.dmrg:checkpoint after sweep 20
energy=-0.7105610177996718, max S=3.1811661633984314, age=756, norm_err=1.0e-09
Current memory usage 721.8MB, wall time: 87.1s
Delta E = 4.6825e-10, Delta S = 1.9513e-06 (per sweep)
max trunc_err = 6.1083e-06, max E_trunc = 7.4932e-05
chi: [512, 512, 512, 512, 512, 512, 512, 512, 512, 512, 512, 512]
================================================================================
INFO:tenpy.tools.params:DMRG: reading 'max_E_err'=1e-08
INFO:tenpy.tools.params:DMRG: reading 'max_S_err'=1e-05
INFO:tenpy.tools.params:DMRG: reading 'norm_tol'=1e-05
INFO:tenpy.tools.params:DMRG: reading 'norm_tol_final'=1e-10
INFO:tenpy.tools.params:DMRG: reading 'norm_tol_iter'=5
WARNING:tenpy.algorithms.dmrg:final DMRG state not in canonical form up to norm_tol_final=1.00e-10: norm_err=9.96e-10, calling psi.canonical_form()
INFO:tenpy.algorithms.dmrg:TwoSiteDMRGEngine finished after 20 sweeps, max chi=512
INFO:tenpy.tools.params:DMRG: reading 'max_trunc_err'=0.0001
INFO:tenpy.tools.params:MixedHofstadterLandauGauge_Pi_2: reading 'explicit_plus_hc'=False
INFO:tenpy.tools.params:MixedHofstadterLandauGauge_Pi_2: reading 'Lx'=2
INFO:tenpy.tools.params:MixedHofstadterLandauGauge_Pi_2: setting 'N_rings'=2
INFO:tenpy.tools.params:MixedHofstadterLandauGauge_Pi_2: reading 'xy_lattice'='Square'
INFO:tenpy.tools.params:MixedHofstadterLandauGauge_Pi_2: reading 'Ly'=6
INFO:tenpy.tools.params:MixedHofstadterLandauGauge_Pi_2: reading 'ring_order'=None
INFO:tenpy.tools.params:MixedHofstadterLandauGauge_Pi_2: reading 'conserve_k'=True
INFO:tenpy.tools.params:MixedHofstadterLandauGauge_Pi_2: reading 'bc_MPS'='infinite'
INFO:tenpy.tools.params:MixedHofstadterLandauGauge_Pi_2: reading 't'=-1
INFO:tenpy.tools.params:MixedHofstadterLandauGauge_Pi_2: reading 't2'=-0.25
INFO:tenpy.tools.params:MixedHofstadterLandauGauge_Pi_2: reading 'V1'=0.6
INFO:tenpy.tools.params:MixedHofstadterLandauGauge_Pi_2: reading 'phi_ext'=np.float64(2.6500000000000004)
INFO:tenpy.tools.params:MixedHofstadterLandauGauge_Pi_2: reading 'sort_mpo_legs'=False
/home/t30/kna/ge54yin/Documents/MasterThesisFQHinTMDs/MPS_stuff/MPScalculations/.venv/lib/python3.12/site-packages/tenpy/tools/params.py:232: UserWarning: unused options for config MixedHofstadterLandauGauge_Pi_2:
['Delta', 'N_rings', 'Nsec', 'bc', 'chi_max', 'ktot', 'saveAll']
  warnings.warn(msg.format(keys=sorted(unused), name=self.name))
INFO:tenpy.tools.params:DMRG: reading 'active_sites'=2
INFO:tenpy.tools.params:DMRG: reading 'diag_method'='default'
INFO:tenpy.tools.params:DMRG: subconfig 'trunc_params'=Config(<5 options>, 'trunc_params')
INFO:tenpy.tools.params:DMRG: reading 'max_N_sites_per_ring'=18
INFO:tenpy.tools.params:DMRG: reading 'combine'=False
INFO:tenpy.tools.params:DMRG: subconfig 'lanczos_params'=Config(<9 options>, 'lanczos_params')
INFO:tenpy.tools.params:DMRG: reading 'chi_list'=None
INFO:tenpy.tools.params:DMRG: reading 'start_env'=1
INFO:tenpy.algorithms.mps_common:start environment_sweep
INFO:tenpy.tools.params:DMRG: reading 'N_sweeps_check'=10
INFO:tenpy.tools.params:DMRG: subconfig 'mixer_params'=Config(<3 options>, 'mixer_params')
INFO:tenpy.tools.params:DMRG: reading 'mixer'=None
INFO:tenpy.tools.params:DMRG: reading 'max_sweeps'=100
INFO:tenpy.tools.params:DMRG: reading 'max_hours'=8760
INFO:tenpy.tools.params:DMRG: reading 'P_tol_to_trunc'=0.05
INFO:tenpy.tools.params:DMRG: reading 'P_tol_min'=5.0000000000000004e-30
INFO:tenpy.tools.params:DMRG: reading 'P_tol_max'=0.0001
INFO:tenpy.tools.params:DMRG: reading 'E_tol_to_trunc'=None
INFO:tenpy.algorithms.dmrg:Running sweep with optimization
INFO:tenpy.tools.params:DMRG: reading 'max_N_for_ED'=400
INFO:tenpy.tools.params:DMRG: reading 'update_env'=5
INFO:tenpy.algorithms.mps_common:start environment_sweep
INFO:tenpy.algorithms.dmrg:checkpoint after sweep 10
energy=-0.7105863705532869, max S=3.1915777706581125, age=396, norm_err=3.2e-09
Current memory usage 721.8MB, wall time: 104.3s
Delta E = nan, Delta S = 2.0101e-04 (per sweep)
max trunc_err = 5.9626e-06, max E_trunc = 7.3575e-05
chi: [512, 512, 512, 512, 512, 512, 512, 512, 512, 512, 512, 512]
================================================================================
INFO:tenpy.algorithms.dmrg:Running sweep with optimization
INFO:tenpy.algorithms.mps_common:start environment_sweep
INFO:tenpy.algorithms.dmrg:checkpoint after sweep 20
energy=-0.7105864089297995, max S=3.1916136393643395, age=756, norm_err=1.7e-09
Current memory usage 721.8MB, wall time: 86.5s
Delta E = -3.8377e-09, Delta S = 4.5597e-06 (per sweep)
max trunc_err = 5.8720e-06, max E_trunc = 7.2522e-05
chi: [512, 512, 512, 512, 512, 512, 512, 512, 512, 512, 512, 512]
================================================================================
INFO:tenpy.tools.params:DMRG: reading 'max_E_err'=1e-08
INFO:tenpy.tools.params:DMRG: reading 'max_S_err'=1e-05
INFO:tenpy.tools.params:DMRG: reading 'norm_tol'=1e-05
INFO:tenpy.tools.params:DMRG: reading 'norm_tol_final'=1e-10
INFO:tenpy.tools.params:DMRG: reading 'norm_tol_iter'=5
WARNING:tenpy.algorithms.dmrg:final DMRG state not in canonical form up to norm_tol_final=1.00e-10: norm_err=1.72e-09, calling psi.canonical_form()
INFO:tenpy.algorithms.dmrg:TwoSiteDMRGEngine finished after 20 sweeps, max chi=512
INFO:tenpy.tools.params:DMRG: reading 'max_trunc_err'=0.0001
INFO:tenpy.tools.params:MixedHofstadterLandauGauge_Pi_2: reading 'explicit_plus_hc'=False
INFO:tenpy.tools.params:MixedHofstadterLandauGauge_Pi_2: reading 'Lx'=2
INFO:tenpy.tools.params:MixedHofstadterLandauGauge_Pi_2: setting 'N_rings'=2
INFO:tenpy.tools.params:MixedHofstadterLandauGauge_Pi_2: reading 'xy_lattice'='Square'
INFO:tenpy.tools.params:MixedHofstadterLandauGauge_Pi_2: reading 'Ly'=6
INFO:tenpy.tools.params:MixedHofstadterLandauGauge_Pi_2: reading 'ring_order'=None
INFO:tenpy.tools.params:MixedHofstadterLandauGauge_Pi_2: reading 'conserve_k'=True
INFO:tenpy.tools.params:MixedHofstadterLandauGauge_Pi_2: reading 'bc_MPS'='infinite'
INFO:tenpy.tools.params:MixedHofstadterLandauGauge_Pi_2: reading 't'=-1
INFO:tenpy.tools.params:MixedHofstadterLandauGauge_Pi_2: reading 't2'=-0.25
INFO:tenpy.tools.params:MixedHofstadterLandauGauge_Pi_2: reading 'V1'=0.6
INFO:tenpy.tools.params:MixedHofstadterLandauGauge_Pi_2: reading 'phi_ext'=np.float64(2.7)
INFO:tenpy.tools.params:MixedHofstadterLandauGauge_Pi_2: reading 'sort_mpo_legs'=False
/home/t30/kna/ge54yin/Documents/MasterThesisFQHinTMDs/MPS_stuff/MPScalculations/.venv/lib/python3.12/site-packages/tenpy/tools/params.py:232: UserWarning: unused options for config MixedHofstadterLandauGauge_Pi_2:
['Delta', 'N_rings', 'Nsec', 'bc', 'chi_max', 'ktot', 'saveAll']
  warnings.warn(msg.format(keys=sorted(unused), name=self.name))
INFO:tenpy.tools.params:DMRG: reading 'active_sites'=2
INFO:tenpy.tools.params:DMRG: reading 'diag_method'='default'
INFO:tenpy.tools.params:DMRG: subconfig 'trunc_params'=Config(<5 options>, 'trunc_params')
INFO:tenpy.tools.params:DMRG: reading 'max_N_sites_per_ring'=18
INFO:tenpy.tools.params:DMRG: reading 'combine'=False
INFO:tenpy.tools.params:DMRG: subconfig 'lanczos_params'=Config(<9 options>, 'lanczos_params')
INFO:tenpy.tools.params:DMRG: reading 'chi_list'=None
INFO:tenpy.tools.params:DMRG: reading 'start_env'=1
INFO:tenpy.algorithms.mps_common:start environment_sweep
INFO:tenpy.tools.params:DMRG: reading 'N_sweeps_check'=10
INFO:tenpy.tools.params:DMRG: subconfig 'mixer_params'=Config(<3 options>, 'mixer_params')
INFO:tenpy.tools.params:DMRG: reading 'mixer'=None
INFO:tenpy.tools.params:DMRG: reading 'max_sweeps'=100
INFO:tenpy.tools.params:DMRG: reading 'max_hours'=8760
INFO:tenpy.tools.params:DMRG: reading 'P_tol_to_trunc'=0.05
INFO:tenpy.tools.params:DMRG: reading 'P_tol_min'=5.0000000000000004e-30
INFO:tenpy.tools.params:DMRG: reading 'P_tol_max'=0.0001
INFO:tenpy.tools.params:DMRG: reading 'E_tol_to_trunc'=None
INFO:tenpy.algorithms.dmrg:Running sweep with optimization
INFO:tenpy.tools.params:DMRG: reading 'max_N_for_ED'=400
INFO:tenpy.tools.params:DMRG: reading 'update_env'=5
INFO:tenpy.algorithms.mps_common:start environment_sweep
INFO:tenpy.algorithms.dmrg:checkpoint after sweep 10
energy=-0.7106163370526323, max S=3.2003995736083191, age=396, norm_err=7.2e-09
Current memory usage 721.8MB, wall time: 105.0s
Delta E = nan, Delta S = 2.3016e-04 (per sweep)
max trunc_err = 6.0360e-06, max E_trunc = 7.4586e-05
chi: [512, 512, 512, 512, 512, 512, 512, 512, 512, 512, 512, 512]
================================================================================
INFO:tenpy.algorithms.dmrg:Running sweep with optimization
INFO:tenpy.algorithms.mps_common:start environment_sweep
INFO:tenpy.algorithms.dmrg:checkpoint after sweep 20
energy=-0.7106163377400492, max S=3.2004014564295611, age=756, norm_err=2.2e-09
Current memory usage 721.8MB, wall time: 86.5s
Delta E = -6.8742e-11, Delta S = 1.3956e-06 (per sweep)
max trunc_err = 6.0357e-06, max E_trunc = 7.4606e-05
chi: [512, 512, 512, 512, 512, 512, 512, 512, 512, 512, 512, 512]
================================================================================
INFO:tenpy.tools.params:DMRG: reading 'max_E_err'=1e-08
INFO:tenpy.tools.params:DMRG: reading 'max_S_err'=1e-05
INFO:tenpy.tools.params:DMRG: reading 'norm_tol'=1e-05
INFO:tenpy.tools.params:DMRG: reading 'norm_tol_final'=1e-10
INFO:tenpy.tools.params:DMRG: reading 'norm_tol_iter'=5
WARNING:tenpy.algorithms.dmrg:final DMRG state not in canonical form up to norm_tol_final=1.00e-10: norm_err=2.17e-09, calling psi.canonical_form()
INFO:tenpy.algorithms.dmrg:TwoSiteDMRGEngine finished after 20 sweeps, max chi=512
INFO:tenpy.tools.params:DMRG: reading 'max_trunc_err'=0.0001
INFO:tenpy.tools.params:MixedHofstadterLandauGauge_Pi_2: reading 'explicit_plus_hc'=False
INFO:tenpy.tools.params:MixedHofstadterLandauGauge_Pi_2: reading 'Lx'=2
INFO:tenpy.tools.params:MixedHofstadterLandauGauge_Pi_2: setting 'N_rings'=2
INFO:tenpy.tools.params:MixedHofstadterLandauGauge_Pi_2: reading 'xy_lattice'='Square'
INFO:tenpy.tools.params:MixedHofstadterLandauGauge_Pi_2: reading 'Ly'=6
INFO:tenpy.tools.params:MixedHofstadterLandauGauge_Pi_2: reading 'ring_order'=None
INFO:tenpy.tools.params:MixedHofstadterLandauGauge_Pi_2: reading 'conserve_k'=True
INFO:tenpy.tools.params:MixedHofstadterLandauGauge_Pi_2: reading 'bc_MPS'='infinite'
INFO:tenpy.tools.params:MixedHofstadterLandauGauge_Pi_2: reading 't'=-1
INFO:tenpy.tools.params:MixedHofstadterLandauGauge_Pi_2: reading 't2'=-0.25
INFO:tenpy.tools.params:MixedHofstadterLandauGauge_Pi_2: reading 'V1'=0.6
INFO:tenpy.tools.params:MixedHofstadterLandauGauge_Pi_2: reading 'phi_ext'=np.float64(2.75)
INFO:tenpy.tools.params:MixedHofstadterLandauGauge_Pi_2: reading 'sort_mpo_legs'=False
/home/t30/kna/ge54yin/Documents/MasterThesisFQHinTMDs/MPS_stuff/MPScalculations/.venv/lib/python3.12/site-packages/tenpy/tools/params.py:232: UserWarning: unused options for config MixedHofstadterLandauGauge_Pi_2:
['Delta', 'N_rings', 'Nsec', 'bc', 'chi_max', 'ktot', 'saveAll']
  warnings.warn(msg.format(keys=sorted(unused), name=self.name))
INFO:tenpy.tools.params:DMRG: reading 'active_sites'=2
INFO:tenpy.tools.params:DMRG: reading 'diag_method'='default'
INFO:tenpy.tools.params:DMRG: subconfig 'trunc_params'=Config(<5 options>, 'trunc_params')
INFO:tenpy.tools.params:DMRG: reading 'max_N_sites_per_ring'=18
INFO:tenpy.tools.params:DMRG: reading 'combine'=False
INFO:tenpy.tools.params:DMRG: subconfig 'lanczos_params'=Config(<9 options>, 'lanczos_params')
INFO:tenpy.tools.params:DMRG: reading 'chi_list'=None
INFO:tenpy.tools.params:DMRG: reading 'start_env'=1
INFO:tenpy.algorithms.mps_common:start environment_sweep
INFO:tenpy.tools.params:DMRG: reading 'N_sweeps_check'=10
INFO:tenpy.tools.params:DMRG: subconfig 'mixer_params'=Config(<3 options>, 'mixer_params')
INFO:tenpy.tools.params:DMRG: reading 'mixer'=None
INFO:tenpy.tools.params:DMRG: reading 'max_sweeps'=100
INFO:tenpy.tools.params:DMRG: reading 'max_hours'=8760
INFO:tenpy.tools.params:DMRG: reading 'P_tol_to_trunc'=0.05
INFO:tenpy.tools.params:DMRG: reading 'P_tol_min'=5.0000000000000004e-30
INFO:tenpy.tools.params:DMRG: reading 'P_tol_max'=0.0001
INFO:tenpy.tools.params:DMRG: reading 'E_tol_to_trunc'=None
INFO:tenpy.algorithms.dmrg:Running sweep with optimization
INFO:tenpy.tools.params:DMRG: reading 'max_N_for_ED'=400
INFO:tenpy.tools.params:DMRG: reading 'update_env'=5
INFO:tenpy.algorithms.mps_common:start environment_sweep
INFO:tenpy.algorithms.dmrg:checkpoint after sweep 10
energy=-0.7106474670121775, max S=3.2073167716012301, age=396, norm_err=8.0e-09
Current memory usage 721.8MB, wall time: 108.5s
Delta E = nan, Delta S = 2.2882e-04 (per sweep)
max trunc_err = 6.0012e-06, max E_trunc = 7.4015e-05
chi: [512, 512, 512, 512, 512, 512, 512, 512, 512, 512, 512, 512]
================================================================================
INFO:tenpy.algorithms.dmrg:Running sweep with optimization
INFO:tenpy.algorithms.mps_common:start environment_sweep
INFO:tenpy.algorithms.dmrg:checkpoint after sweep 20
energy=-0.7106475608604654, max S=3.2073077872960241, age=756, norm_err=2.8e-09
Current memory usage 721.8MB, wall time: 88.9s
Delta E = -9.3848e-09, Delta S = -4.6130e-07 (per sweep)
max trunc_err = 5.9915e-06, max E_trunc = 7.3741e-05
chi: [512, 512, 512, 512, 512, 512, 512, 512, 512, 512, 512, 512]
================================================================================
INFO:tenpy.tools.params:DMRG: reading 'max_E_err'=1e-08
INFO:tenpy.tools.params:DMRG: reading 'max_S_err'=1e-05
INFO:tenpy.tools.params:DMRG: reading 'norm_tol'=1e-05
INFO:tenpy.tools.params:DMRG: reading 'norm_tol_final'=1e-10
INFO:tenpy.tools.params:DMRG: reading 'norm_tol_iter'=5
WARNING:tenpy.algorithms.dmrg:final DMRG state not in canonical form up to norm_tol_final=1.00e-10: norm_err=2.82e-09, calling psi.canonical_form()
INFO:tenpy.algorithms.dmrg:TwoSiteDMRGEngine finished after 20 sweeps, max chi=512
INFO:tenpy.tools.params:DMRG: reading 'max_trunc_err'=0.0001
INFO:tenpy.tools.params:MixedHofstadterLandauGauge_Pi_2: reading 'explicit_plus_hc'=False
INFO:tenpy.tools.params:MixedHofstadterLandauGauge_Pi_2: reading 'Lx'=2
INFO:tenpy.tools.params:MixedHofstadterLandauGauge_Pi_2: setting 'N_rings'=2
INFO:tenpy.tools.params:MixedHofstadterLandauGauge_Pi_2: reading 'xy_lattice'='Square'
INFO:tenpy.tools.params:MixedHofstadterLandauGauge_Pi_2: reading 'Ly'=6
INFO:tenpy.tools.params:MixedHofstadterLandauGauge_Pi_2: reading 'ring_order'=None
INFO:tenpy.tools.params:MixedHofstadterLandauGauge_Pi_2: reading 'conserve_k'=True
INFO:tenpy.tools.params:MixedHofstadterLandauGauge_Pi_2: reading 'bc_MPS'='infinite'
INFO:tenpy.tools.params:MixedHofstadterLandauGauge_Pi_2: reading 't'=-1
INFO:tenpy.tools.params:MixedHofstadterLandauGauge_Pi_2: reading 't2'=-0.25
INFO:tenpy.tools.params:MixedHofstadterLandauGauge_Pi_2: reading 'V1'=0.6
INFO:tenpy.tools.params:MixedHofstadterLandauGauge_Pi_2: reading 'phi_ext'=np.float64(2.8000000000000003)
INFO:tenpy.tools.params:MixedHofstadterLandauGauge_Pi_2: reading 'sort_mpo_legs'=False
/home/t30/kna/ge54yin/Documents/MasterThesisFQHinTMDs/MPS_stuff/MPScalculations/.venv/lib/python3.12/site-packages/tenpy/tools/params.py:232: UserWarning: unused options for config MixedHofstadterLandauGauge_Pi_2:
['Delta', 'N_rings', 'Nsec', 'bc', 'chi_max', 'ktot', 'saveAll']
  warnings.warn(msg.format(keys=sorted(unused), name=self.name))
INFO:tenpy.tools.params:DMRG: reading 'active_sites'=2
INFO:tenpy.tools.params:DMRG: reading 'diag_method'='default'
INFO:tenpy.tools.params:DMRG: subconfig 'trunc_params'=Config(<5 options>, 'trunc_params')
INFO:tenpy.tools.params:DMRG: reading 'max_N_sites_per_ring'=18
INFO:tenpy.tools.params:DMRG: reading 'combine'=False
INFO:tenpy.tools.params:DMRG: subconfig 'lanczos_params'=Config(<9 options>, 'lanczos_params')
INFO:tenpy.tools.params:DMRG: reading 'chi_list'=None
INFO:tenpy.tools.params:DMRG: reading 'start_env'=1
INFO:tenpy.algorithms.mps_common:start environment_sweep
INFO:tenpy.tools.params:DMRG: reading 'N_sweeps_check'=10
INFO:tenpy.tools.params:DMRG: subconfig 'mixer_params'=Config(<3 options>, 'mixer_params')
INFO:tenpy.tools.params:DMRG: reading 'mixer'=None
INFO:tenpy.tools.params:DMRG: reading 'max_sweeps'=100
INFO:tenpy.tools.params:DMRG: reading 'max_hours'=8760
INFO:tenpy.tools.params:DMRG: reading 'P_tol_to_trunc'=0.05
INFO:tenpy.tools.params:DMRG: reading 'P_tol_min'=5.0000000000000004e-30
INFO:tenpy.tools.params:DMRG: reading 'P_tol_max'=0.0001
INFO:tenpy.tools.params:DMRG: reading 'E_tol_to_trunc'=None
INFO:tenpy.algorithms.dmrg:Running sweep with optimization
INFO:tenpy.tools.params:DMRG: reading 'max_N_for_ED'=400
INFO:tenpy.tools.params:DMRG: reading 'update_env'=5
INFO:tenpy.algorithms.mps_common:start environment_sweep
INFO:tenpy.algorithms.dmrg:checkpoint after sweep 10
energy=-0.7106786162705040, max S=3.2123435680495476, age=396, norm_err=9.2e-09
Current memory usage 721.8MB, wall time: 108.1s
Delta E = nan, Delta S = 2.1920e-04 (per sweep)
max trunc_err = 6.2261e-06, max E_trunc = 7.7203e-05
chi: [512, 512, 512, 512, 512, 512, 512, 512, 512, 512, 512, 512]
================================================================================
INFO:tenpy.algorithms.dmrg:Running sweep with optimization
INFO:tenpy.algorithms.mps_common:start environment_sweep
INFO:tenpy.algorithms.dmrg:checkpoint after sweep 20
energy=-0.7106786223786136, max S=3.2123380570430133, age=756, norm_err=3.4e-09
Current memory usage 721.8MB, wall time: 88.8s
Delta E = -6.1081e-10, Delta S = 9.3103e-07 (per sweep)
max trunc_err = 6.2239e-06, max E_trunc = 7.7181e-05
chi: [512, 512, 512, 512, 512, 512, 512, 512, 512, 512, 512, 512]
================================================================================
INFO:tenpy.tools.params:DMRG: reading 'max_E_err'=1e-08
INFO:tenpy.tools.params:DMRG: reading 'max_S_err'=1e-05
INFO:tenpy.tools.params:DMRG: reading 'norm_tol'=1e-05
INFO:tenpy.tools.params:DMRG: reading 'norm_tol_final'=1e-10
INFO:tenpy.tools.params:DMRG: reading 'norm_tol_iter'=5
WARNING:tenpy.algorithms.dmrg:final DMRG state not in canonical form up to norm_tol_final=1.00e-10: norm_err=3.38e-09, calling psi.canonical_form()
INFO:tenpy.algorithms.dmrg:TwoSiteDMRGEngine finished after 20 sweeps, max chi=512
INFO:tenpy.tools.params:DMRG: reading 'max_trunc_err'=0.0001
INFO:tenpy.tools.params:MixedHofstadterLandauGauge_Pi_2: reading 'explicit_plus_hc'=False
INFO:tenpy.tools.params:MixedHofstadterLandauGauge_Pi_2: reading 'Lx'=2
INFO:tenpy.tools.params:MixedHofstadterLandauGauge_Pi_2: setting 'N_rings'=2
INFO:tenpy.tools.params:MixedHofstadterLandauGauge_Pi_2: reading 'xy_lattice'='Square'
INFO:tenpy.tools.params:MixedHofstadterLandauGauge_Pi_2: reading 'Ly'=6
INFO:tenpy.tools.params:MixedHofstadterLandauGauge_Pi_2: reading 'ring_order'=None
INFO:tenpy.tools.params:MixedHofstadterLandauGauge_Pi_2: reading 'conserve_k'=True
INFO:tenpy.tools.params:MixedHofstadterLandauGauge_Pi_2: reading 'bc_MPS'='infinite'
INFO:tenpy.tools.params:MixedHofstadterLandauGauge_Pi_2: reading 't'=-1
INFO:tenpy.tools.params:MixedHofstadterLandauGauge_Pi_2: reading 't2'=-0.25
INFO:tenpy.tools.params:MixedHofstadterLandauGauge_Pi_2: reading 'V1'=0.6
INFO:tenpy.tools.params:MixedHofstadterLandauGauge_Pi_2: reading 'phi_ext'=np.float64(2.85)
INFO:tenpy.tools.params:MixedHofstadterLandauGauge_Pi_2: reading 'sort_mpo_legs'=False
/home/t30/kna/ge54yin/Documents/MasterThesisFQHinTMDs/MPS_stuff/MPScalculations/.venv/lib/python3.12/site-packages/tenpy/tools/params.py:232: UserWarning: unused options for config MixedHofstadterLandauGauge_Pi_2:
['Delta', 'N_rings', 'Nsec', 'bc', 'chi_max', 'ktot', 'saveAll']
  warnings.warn(msg.format(keys=sorted(unused), name=self.name))
INFO:tenpy.tools.params:DMRG: reading 'active_sites'=2
INFO:tenpy.tools.params:DMRG: reading 'diag_method'='default'
INFO:tenpy.tools.params:DMRG: subconfig 'trunc_params'=Config(<5 options>, 'trunc_params')
INFO:tenpy.tools.params:DMRG: reading 'max_N_sites_per_ring'=18
INFO:tenpy.tools.params:DMRG: reading 'combine'=False
INFO:tenpy.tools.params:DMRG: subconfig 'lanczos_params'=Config(<9 options>, 'lanczos_params')
INFO:tenpy.tools.params:DMRG: reading 'chi_list'=None
INFO:tenpy.tools.params:DMRG: reading 'start_env'=1
INFO:tenpy.algorithms.mps_common:start environment_sweep
INFO:tenpy.tools.params:DMRG: reading 'N_sweeps_check'=10
INFO:tenpy.tools.params:DMRG: subconfig 'mixer_params'=Config(<3 options>, 'mixer_params')
INFO:tenpy.tools.params:DMRG: reading 'mixer'=None
INFO:tenpy.tools.params:DMRG: reading 'max_sweeps'=100
INFO:tenpy.tools.params:DMRG: reading 'max_hours'=8760
INFO:tenpy.tools.params:DMRG: reading 'P_tol_to_trunc'=0.05
INFO:tenpy.tools.params:DMRG: reading 'P_tol_min'=5.0000000000000004e-30
INFO:tenpy.tools.params:DMRG: reading 'P_tol_max'=0.0001
INFO:tenpy.tools.params:DMRG: reading 'E_tol_to_trunc'=None
INFO:tenpy.algorithms.dmrg:Running sweep with optimization
INFO:tenpy.tools.params:DMRG: reading 'max_N_for_ED'=400
INFO:tenpy.tools.params:DMRG: reading 'update_env'=5
INFO:tenpy.algorithms.mps_common:start environment_sweep
INFO:tenpy.algorithms.dmrg:checkpoint after sweep 10
energy=-0.7107054624005897, max S=3.2155006558203931, age=396, norm_err=1.0e-08
Current memory usage 721.8MB, wall time: 104.9s
Delta E = nan, Delta S = 2.1280e-04 (per sweep)
max trunc_err = 6.1854e-06, max E_trunc = 7.6577e-05
chi: [512, 512, 512, 512, 512, 512, 512, 512, 512, 512, 512, 512]
================================================================================
INFO:tenpy.algorithms.dmrg:Running sweep with optimization
INFO:tenpy.algorithms.mps_common:start environment_sweep
INFO:tenpy.algorithms.dmrg:checkpoint after sweep 20
energy=-0.7107054774800000, max S=3.2155054194792481, age=756, norm_err=4.0e-09
Current memory usage 721.8MB, wall time: 89.0s
Delta E = -1.5079e-09, Delta S = 2.2519e-06 (per sweep)
max trunc_err = 6.2053e-06, max E_trunc = 7.6834e-05
chi: [512, 512, 512, 512, 512, 512, 512, 512, 512, 512, 512, 512]
================================================================================
INFO:tenpy.tools.params:DMRG: reading 'max_E_err'=1e-08
INFO:tenpy.tools.params:DMRG: reading 'max_S_err'=1e-05
INFO:tenpy.tools.params:DMRG: reading 'norm_tol'=1e-05
INFO:tenpy.tools.params:DMRG: reading 'norm_tol_final'=1e-10
INFO:tenpy.tools.params:DMRG: reading 'norm_tol_iter'=5
WARNING:tenpy.algorithms.dmrg:final DMRG state not in canonical form up to norm_tol_final=1.00e-10: norm_err=3.98e-09, calling psi.canonical_form()
INFO:tenpy.algorithms.dmrg:TwoSiteDMRGEngine finished after 20 sweeps, max chi=512
INFO:tenpy.tools.params:DMRG: reading 'max_trunc_err'=0.0001
INFO:tenpy.tools.params:MixedHofstadterLandauGauge_Pi_2: reading 'explicit_plus_hc'=False
INFO:tenpy.tools.params:MixedHofstadterLandauGauge_Pi_2: reading 'Lx'=2
INFO:tenpy.tools.params:MixedHofstadterLandauGauge_Pi_2: setting 'N_rings'=2
INFO:tenpy.tools.params:MixedHofstadterLandauGauge_Pi_2: reading 'xy_lattice'='Square'
INFO:tenpy.tools.params:MixedHofstadterLandauGauge_Pi_2: reading 'Ly'=6
INFO:tenpy.tools.params:MixedHofstadterLandauGauge_Pi_2: reading 'ring_order'=None
INFO:tenpy.tools.params:MixedHofstadterLandauGauge_Pi_2: reading 'conserve_k'=True
INFO:tenpy.tools.params:MixedHofstadterLandauGauge_Pi_2: reading 'bc_MPS'='infinite'
INFO:tenpy.tools.params:MixedHofstadterLandauGauge_Pi_2: reading 't'=-1
INFO:tenpy.tools.params:MixedHofstadterLandauGauge_Pi_2: reading 't2'=-0.25
INFO:tenpy.tools.params:MixedHofstadterLandauGauge_Pi_2: reading 'V1'=0.6
INFO:tenpy.tools.params:MixedHofstadterLandauGauge_Pi_2: reading 'phi_ext'=np.float64(2.9000000000000004)
INFO:tenpy.tools.params:MixedHofstadterLandauGauge_Pi_2: reading 'sort_mpo_legs'=False
/home/t30/kna/ge54yin/Documents/MasterThesisFQHinTMDs/MPS_stuff/MPScalculations/.venv/lib/python3.12/site-packages/tenpy/tools/params.py:232: UserWarning: unused options for config MixedHofstadterLandauGauge_Pi_2:
['Delta', 'N_rings', 'Nsec', 'bc', 'chi_max', 'ktot', 'saveAll']
  warnings.warn(msg.format(keys=sorted(unused), name=self.name))
INFO:tenpy.tools.params:DMRG: reading 'active_sites'=2
INFO:tenpy.tools.params:DMRG: reading 'diag_method'='default'
INFO:tenpy.tools.params:DMRG: subconfig 'trunc_params'=Config(<5 options>, 'trunc_params')
INFO:tenpy.tools.params:DMRG: reading 'max_N_sites_per_ring'=18
INFO:tenpy.tools.params:DMRG: reading 'combine'=False
INFO:tenpy.tools.params:DMRG: subconfig 'lanczos_params'=Config(<9 options>, 'lanczos_params')
INFO:tenpy.tools.params:DMRG: reading 'chi_list'=None
INFO:tenpy.tools.params:DMRG: reading 'start_env'=1
INFO:tenpy.algorithms.mps_common:start environment_sweep
INFO:tenpy.tools.params:DMRG: reading 'N_sweeps_check'=10
INFO:tenpy.tools.params:DMRG: subconfig 'mixer_params'=Config(<3 options>, 'mixer_params')
INFO:tenpy.tools.params:DMRG: reading 'mixer'=None
INFO:tenpy.tools.params:DMRG: reading 'max_sweeps'=100
INFO:tenpy.tools.params:DMRG: reading 'max_hours'=8760
INFO:tenpy.tools.params:DMRG: reading 'P_tol_to_trunc'=0.05
INFO:tenpy.tools.params:DMRG: reading 'P_tol_min'=5.0000000000000004e-30
INFO:tenpy.tools.params:DMRG: reading 'P_tol_max'=0.0001
INFO:tenpy.tools.params:DMRG: reading 'E_tol_to_trunc'=None
INFO:tenpy.algorithms.dmrg:Running sweep with optimization
INFO:tenpy.tools.params:DMRG: reading 'max_N_for_ED'=400
INFO:tenpy.tools.params:DMRG: reading 'update_env'=5
INFO:tenpy.algorithms.mps_common:start environment_sweep
INFO:tenpy.algorithms.dmrg:checkpoint after sweep 10
energy=-0.7107261997222594, max S=3.2163503089443344, age=396, norm_err=1.4e-08
Current memory usage 721.8MB, wall time: 109.5s
Delta E = nan, Delta S = 1.5778e-04 (per sweep)
max trunc_err = 6.3736e-06, max E_trunc = 7.8776e-05
chi: [512, 512, 512, 512, 512, 512, 512, 512, 512, 512, 512, 512]
================================================================================
INFO:tenpy.algorithms.dmrg:Running sweep with optimization
INFO:tenpy.algorithms.mps_common:start environment_sweep
INFO:tenpy.algorithms.dmrg:checkpoint after sweep 20
energy=-0.7107262116184595, max S=3.2163243907686612, age=756, norm_err=4.5e-09
Current memory usage 721.8MB, wall time: 90.3s
Delta E = -1.1896e-09, Delta S = 6.2687e-07 (per sweep)
max trunc_err = 6.3743e-06, max E_trunc = 7.8824e-05
chi: [512, 512, 512, 512, 512, 512, 512, 512, 512, 512, 512, 512]
================================================================================
INFO:tenpy.tools.params:DMRG: reading 'max_E_err'=1e-08
INFO:tenpy.tools.params:DMRG: reading 'max_S_err'=1e-05
INFO:tenpy.tools.params:DMRG: reading 'norm_tol'=1e-05
INFO:tenpy.tools.params:DMRG: reading 'norm_tol_final'=1e-10
INFO:tenpy.tools.params:DMRG: reading 'norm_tol_iter'=5
WARNING:tenpy.algorithms.dmrg:final DMRG state not in canonical form up to norm_tol_final=1.00e-10: norm_err=4.52e-09, calling psi.canonical_form()
INFO:tenpy.algorithms.dmrg:TwoSiteDMRGEngine finished after 20 sweeps, max chi=512
INFO:tenpy.tools.params:DMRG: reading 'max_trunc_err'=0.0001
INFO:tenpy.tools.params:MixedHofstadterLandauGauge_Pi_2: reading 'explicit_plus_hc'=False
INFO:tenpy.tools.params:MixedHofstadterLandauGauge_Pi_2: reading 'Lx'=2
INFO:tenpy.tools.params:MixedHofstadterLandauGauge_Pi_2: setting 'N_rings'=2
INFO:tenpy.tools.params:MixedHofstadterLandauGauge_Pi_2: reading 'xy_lattice'='Square'
INFO:tenpy.tools.params:MixedHofstadterLandauGauge_Pi_2: reading 'Ly'=6
INFO:tenpy.tools.params:MixedHofstadterLandauGauge_Pi_2: reading 'ring_order'=None
INFO:tenpy.tools.params:MixedHofstadterLandauGauge_Pi_2: reading 'conserve_k'=True
INFO:tenpy.tools.params:MixedHofstadterLandauGauge_Pi_2: reading 'bc_MPS'='infinite'
INFO:tenpy.tools.params:MixedHofstadterLandauGauge_Pi_2: reading 't'=-1
INFO:tenpy.tools.params:MixedHofstadterLandauGauge_Pi_2: reading 't2'=-0.25
INFO:tenpy.tools.params:MixedHofstadterLandauGauge_Pi_2: reading 'V1'=0.6
INFO:tenpy.tools.params:MixedHofstadterLandauGauge_Pi_2: reading 'phi_ext'=np.float64(2.95)
INFO:tenpy.tools.params:MixedHofstadterLandauGauge_Pi_2: reading 'sort_mpo_legs'=False
/home/t30/kna/ge54yin/Documents/MasterThesisFQHinTMDs/MPS_stuff/MPScalculations/.venv/lib/python3.12/site-packages/tenpy/tools/params.py:232: UserWarning: unused options for config MixedHofstadterLandauGauge_Pi_2:
['Delta', 'N_rings', 'Nsec', 'bc', 'chi_max', 'ktot', 'saveAll']
  warnings.warn(msg.format(keys=sorted(unused), name=self.name))
INFO:tenpy.tools.params:DMRG: reading 'active_sites'=2
INFO:tenpy.tools.params:DMRG: reading 'diag_method'='default'
INFO:tenpy.tools.params:DMRG: subconfig 'trunc_params'=Config(<5 options>, 'trunc_params')
INFO:tenpy.tools.params:DMRG: reading 'max_N_sites_per_ring'=18
INFO:tenpy.tools.params:DMRG: reading 'combine'=False
INFO:tenpy.tools.params:DMRG: subconfig 'lanczos_params'=Config(<9 options>, 'lanczos_params')
INFO:tenpy.tools.params:DMRG: reading 'chi_list'=None
INFO:tenpy.tools.params:DMRG: reading 'start_env'=1
INFO:tenpy.algorithms.mps_common:start environment_sweep
INFO:tenpy.tools.params:DMRG: reading 'N_sweeps_check'=10
INFO:tenpy.tools.params:DMRG: subconfig 'mixer_params'=Config(<3 options>, 'mixer_params')
INFO:tenpy.tools.params:DMRG: reading 'mixer'=None
INFO:tenpy.tools.params:DMRG: reading 'max_sweeps'=100
INFO:tenpy.tools.params:DMRG: reading 'max_hours'=8760
INFO:tenpy.tools.params:DMRG: reading 'P_tol_to_trunc'=0.05
INFO:tenpy.tools.params:DMRG: reading 'P_tol_min'=5.0000000000000004e-30
INFO:tenpy.tools.params:DMRG: reading 'P_tol_max'=0.0001
INFO:tenpy.tools.params:DMRG: reading 'E_tol_to_trunc'=None
INFO:tenpy.algorithms.dmrg:Running sweep with optimization
INFO:tenpy.tools.params:DMRG: reading 'max_N_for_ED'=400
INFO:tenpy.tools.params:DMRG: reading 'update_env'=5
INFO:tenpy.algorithms.mps_common:start environment_sweep
INFO:tenpy.algorithms.dmrg:checkpoint after sweep 10
energy=-0.7107391100585924, max S=3.2148716383032747, age=396, norm_err=1.6e-08
Current memory usage 721.8MB, wall time: 101.2s
Delta E = nan, Delta S = 1.0374e-04 (per sweep)
max trunc_err = 6.3023e-06, max E_trunc = 7.8463e-05
chi: [512, 512, 512, 512, 512, 512, 512, 512, 512, 512, 512, 512]
================================================================================
INFO:tenpy.algorithms.dmrg:Running sweep with optimization
INFO:tenpy.algorithms.mps_common:start environment_sweep
INFO:tenpy.algorithms.dmrg:checkpoint after sweep 20
energy=-0.7107393205370395, max S=3.2149920951290332, age=756, norm_err=5.7e-09
Current memory usage 721.8MB, wall time: 86.7s
Delta E = -2.1048e-08, Delta S = 1.7228e-05 (per sweep)
max trunc_err = 6.2004e-06, max E_trunc = 7.7202e-05
chi: [512, 512, 512, 512, 512, 512, 512, 512, 512, 512, 512, 512]
================================================================================
INFO:tenpy.tools.params:DMRG: reading 'max_E_err'=1e-08
INFO:tenpy.tools.params:DMRG: reading 'max_S_err'=1e-05
INFO:tenpy.algorithms.dmrg:Running sweep with optimization
INFO:tenpy.algorithms.mps_common:start environment_sweep
INFO:tenpy.algorithms.dmrg:checkpoint after sweep 30
energy=-0.7107393455700096, max S=3.2150200692714037, age=1116, norm_err=4.5e-09
Current memory usage 721.8MB, wall time: 90.1s
Delta E = -2.5033e-09, Delta S = 4.5242e-06 (per sweep)
max trunc_err = 6.1705e-06, max E_trunc = 7.6779e-05
chi: [512, 512, 512, 512, 512, 512, 512, 512, 512, 512, 512, 512]
================================================================================
INFO:tenpy.tools.params:DMRG: reading 'norm_tol'=1e-05
INFO:tenpy.tools.params:DMRG: reading 'norm_tol_final'=1e-10
INFO:tenpy.tools.params:DMRG: reading 'norm_tol_iter'=5
WARNING:tenpy.algorithms.dmrg:final DMRG state not in canonical form up to norm_tol_final=1.00e-10: norm_err=4.50e-09, calling psi.canonical_form()
INFO:tenpy.algorithms.dmrg:TwoSiteDMRGEngine finished after 30 sweeps, max chi=512
INFO:tenpy.tools.params:DMRG: reading 'max_trunc_err'=0.0001
INFO:tenpy.tools.params:MixedHofstadterLandauGauge_Pi_2: reading 'explicit_plus_hc'=False
INFO:tenpy.tools.params:MixedHofstadterLandauGauge_Pi_2: reading 'Lx'=2
INFO:tenpy.tools.params:MixedHofstadterLandauGauge_Pi_2: setting 'N_rings'=2
INFO:tenpy.tools.params:MixedHofstadterLandauGauge_Pi_2: reading 'xy_lattice'='Square'
INFO:tenpy.tools.params:MixedHofstadterLandauGauge_Pi_2: reading 'Ly'=6
INFO:tenpy.tools.params:MixedHofstadterLandauGauge_Pi_2: reading 'ring_order'=None
INFO:tenpy.tools.params:MixedHofstadterLandauGauge_Pi_2: reading 'conserve_k'=True
INFO:tenpy.tools.params:MixedHofstadterLandauGauge_Pi_2: reading 'bc_MPS'='infinite'
INFO:tenpy.tools.params:MixedHofstadterLandauGauge_Pi_2: reading 't'=-1
INFO:tenpy.tools.params:MixedHofstadterLandauGauge_Pi_2: reading 't2'=-0.25
INFO:tenpy.tools.params:MixedHofstadterLandauGauge_Pi_2: reading 'V1'=0.6
INFO:tenpy.tools.params:MixedHofstadterLandauGauge_Pi_2: reading 'phi_ext'=np.float64(3.0)
INFO:tenpy.tools.params:MixedHofstadterLandauGauge_Pi_2: reading 'sort_mpo_legs'=False
/home/t30/kna/ge54yin/Documents/MasterThesisFQHinTMDs/MPS_stuff/MPScalculations/.venv/lib/python3.12/site-packages/tenpy/tools/params.py:232: UserWarning: unused options for config MixedHofstadterLandauGauge_Pi_2:
['Delta', 'N_rings', 'Nsec', 'bc', 'chi_max', 'ktot', 'saveAll']
  warnings.warn(msg.format(keys=sorted(unused), name=self.name))
INFO:tenpy.tools.params:DMRG: reading 'active_sites'=2
INFO:tenpy.tools.params:DMRG: reading 'diag_method'='default'
INFO:tenpy.tools.params:DMRG: subconfig 'trunc_params'=Config(<5 options>, 'trunc_params')
INFO:tenpy.tools.params:DMRG: reading 'max_N_sites_per_ring'=18
INFO:tenpy.tools.params:DMRG: reading 'combine'=False
INFO:tenpy.tools.params:DMRG: subconfig 'lanczos_params'=Config(<9 options>, 'lanczos_params')
INFO:tenpy.tools.params:DMRG: reading 'chi_list'=None
INFO:tenpy.tools.params:DMRG: reading 'start_env'=1
INFO:tenpy.algorithms.mps_common:start environment_sweep
INFO:tenpy.tools.params:DMRG: reading 'N_sweeps_check'=10
INFO:tenpy.tools.params:DMRG: subconfig 'mixer_params'=Config(<3 options>, 'mixer_params')
INFO:tenpy.tools.params:DMRG: reading 'mixer'=None
INFO:tenpy.tools.params:DMRG: reading 'max_sweeps'=100
INFO:tenpy.tools.params:DMRG: reading 'max_hours'=8760
INFO:tenpy.tools.params:DMRG: reading 'P_tol_to_trunc'=0.05
INFO:tenpy.tools.params:DMRG: reading 'P_tol_min'=5.0000000000000004e-30
INFO:tenpy.tools.params:DMRG: reading 'P_tol_max'=0.0001
INFO:tenpy.tools.params:DMRG: reading 'E_tol_to_trunc'=None
INFO:tenpy.algorithms.dmrg:Running sweep with optimization
INFO:tenpy.tools.params:DMRG: reading 'max_N_for_ED'=400
INFO:tenpy.tools.params:DMRG: reading 'update_env'=5
INFO:tenpy.algorithms.mps_common:start environment_sweep
INFO:tenpy.algorithms.dmrg:checkpoint after sweep 10
energy=-0.7107432845920485, max S=3.2180288825413852, age=396, norm_err=1.4e-08
Current memory usage 721.8MB, wall time: 109.4s
Delta E = nan, Delta S = 4.2318e-05 (per sweep)
max trunc_err = 6.1840e-06, max E_trunc = 7.7956e-05
chi: [512, 512, 512, 512, 512, 512, 512, 512, 512, 512, 512, 512]
================================================================================
INFO:tenpy.algorithms.dmrg:Running sweep with optimization
INFO:tenpy.algorithms.mps_common:start environment_sweep
INFO:tenpy.algorithms.dmrg:checkpoint after sweep 20
energy=-0.7107435980606690, max S=3.2180035542203198, age=756, norm_err=5.1e-09
Current memory usage 721.8MB, wall time: 88.9s
Delta E = -3.1347e-08, Delta S = -4.4089e-06 (per sweep)
max trunc_err = 6.1584e-06, max E_trunc = 7.7289e-05
chi: [512, 512, 512, 512, 512, 512, 512, 512, 512, 512, 512, 512]
================================================================================
INFO:tenpy.tools.params:DMRG: reading 'max_E_err'=1e-08
INFO:tenpy.tools.params:DMRG: reading 'max_S_err'=1e-05
INFO:tenpy.algorithms.dmrg:Running sweep with optimization
INFO:tenpy.algorithms.mps_common:start environment_sweep
INFO:tenpy.algorithms.dmrg:checkpoint after sweep 30
energy=-0.7107436619657742, max S=3.2180395142597531, age=1116, norm_err=4.2e-09
Current memory usage 721.8MB, wall time: 88.7s
Delta E = -6.3905e-09, Delta S = 3.9949e-06 (per sweep)
max trunc_err = 6.1627e-06, max E_trunc = 7.7057e-05
chi: [512, 512, 512, 512, 512, 512, 512, 512, 512, 512, 512, 512]
================================================================================
INFO:tenpy.tools.params:DMRG: reading 'norm_tol'=1e-05
INFO:tenpy.tools.params:DMRG: reading 'norm_tol_final'=1e-10
INFO:tenpy.tools.params:DMRG: reading 'norm_tol_iter'=5
WARNING:tenpy.algorithms.dmrg:final DMRG state not in canonical form up to norm_tol_final=1.00e-10: norm_err=4.19e-09, calling psi.canonical_form()
INFO:tenpy.algorithms.dmrg:TwoSiteDMRGEngine finished after 30 sweeps, max chi=512
INFO:tenpy.tools.params:DMRG: reading 'max_trunc_err'=0.0001
started simualtion
phi_ext = 0.00
started to simulate
{'bc_MPS': 'infinite', 'bc': ['periodic', 'periodic'], 'V1': 0.6, 't': -1, 't2': -0.25, 'Lx': 2, 'Ly': 6, 'chi_max': 512, 'Nsec': 4, 'ktot': np.int64(0), 'saveAll': False, 'Delta': 0, 'phi_ext': np.float64(0.0)}
4
[1.57079633 3.14159265 0.        ] 0
[-1.57079633  3.14159265  3.14159265] 1
[1.57079633 3.14159265 0.        ] 0
[-1.57079633  3.14159265  3.14159265] 1
[1.57079633 3.14159265 0.        ] 0
[-1.57079633  3.14159265  3.14159265] 1
[1.57079633 3.14159265 0.        ] 0
[-1.57079633  3.14159265  3.14159265] 1
[1.57079633 3.14159265 0.        ] 0
[-1.57079633  3.14159265  3.14159265] 1
[1.57079633 3.14159265 0.        ] 0
[-1.57079633  3.14159265  3.14159265] 1
created model
initial state [0 1 0 0 0 1 0 1 0 0 0 1]
momentum of initial state: 0 , particle number of initial state: 4
starting drmg run
E= -0.7107439513975938
max bond dimension= 512
[-0.99977387  3.11518995]
started to simulate
{'bc_MPS': 'infinite', 'bc': ['periodic', 'periodic'], 'V1': 0.6, 't': -1, 't2': -0.25, 'Lx': 2, 'Ly': 6, 'chi_max': 512, 'Nsec': 4, 'ktot': np.int64(0), 'saveAll': False, 'Delta': 0, 'phi_ext': np.float64(0.05), 'explicit_plus_hc': False, 'N_rings': 2, 'xy_lattice': 'Square', 'ring_order': None, 'conserve_k': True, 'sort_mpo_legs': False}
4
[1.57079633 3.14159265 0.        ] 0
[-1.57079633  3.14159265  3.14159265] 1
[1.57079633 3.14159265 0.        ] 0
[-1.57079633  3.14159265  3.14159265] 1
[1.57079633 3.14159265 0.        ] 0
[-1.57079633  3.14159265  3.14159265] 1
[1.57079633 3.14159265 0.        ] 0
[-1.57079633  3.14159265  3.14159265] 1
[1.57079633 3.14159265 0.        ] 0
[-1.57079633  3.14159265  3.14159265] 1
[1.57079633 3.14159265 0.        ] 0
[-1.57079633  3.14159265  3.14159265] 1
created model
loaded psi
momentum of initial state: 0 , particle number of initial state: 4
starting drmg run
E= -0.7107385029124581
max bond dimension= 512
[-0.96708068  3.14884964]
started to simulate
{'bc_MPS': 'infinite', 'bc': ['periodic', 'periodic'], 'V1': 0.6, 't': -1, 't2': -0.25, 'Lx': 2, 'Ly': 6, 'chi_max': 512, 'Nsec': 4, 'ktot': np.int64(0), 'saveAll': False, 'Delta': 0, 'phi_ext': np.float64(0.1), 'explicit_plus_hc': False, 'N_rings': 2, 'xy_lattice': 'Square', 'ring_order': None, 'conserve_k': True, 'sort_mpo_legs': False}
4
[1.57079633 3.14159265 0.        ] 0
[-1.57079633  3.14159265  3.14159265] 1
[1.57079633 3.14159265 0.        ] 0
[-1.57079633  3.14159265  3.14159265] 1
[1.57079633 3.14159265 0.        ] 0
[-1.57079633  3.14159265  3.14159265] 1
[1.57079633 3.14159265 0.        ] 0
[-1.57079633  3.14159265  3.14159265] 1
[1.57079633 3.14159265 0.        ] 0
[-1.57079633  3.14159265  3.14159265] 1
[1.57079633 3.14159265 0.        ] 0
[-1.57079633  3.14159265  3.14159265] 1
created model
loaded psi
momentum of initial state: 0 , particle number of initial state: 4
starting drmg run
E= -0.710724420154231
max bond dimension= 512
[-0.93438604  3.18143282]
started to simulate
{'bc_MPS': 'infinite', 'bc': ['periodic', 'periodic'], 'V1': 0.6, 't': -1, 't2': -0.25, 'Lx': 2, 'Ly': 6, 'chi_max': 512, 'Nsec': 4, 'ktot': np.int64(0), 'saveAll': False, 'Delta': 0, 'phi_ext': np.float64(0.15000000000000002), 'explicit_plus_hc': False, 'N_rings': 2, 'xy_lattice': 'Square', 'ring_order': None, 'conserve_k': True, 'sort_mpo_legs': False}
4
[1.57079633 3.14159265 0.        ] 0
[-1.57079633  3.14159265  3.14159265] 1
[1.57079633 3.14159265 0.        ] 0
[-1.57079633  3.14159265  3.14159265] 1
[1.57079633 3.14159265 0.        ] 0
[-1.57079633  3.14159265  3.14159265] 1
[1.57079633 3.14159265 0.        ] 0
[-1.57079633  3.14159265  3.14159265] 1
[1.57079633 3.14159265 0.        ] 0
[-1.57079633  3.14159265  3.14159265] 1
[1.57079633 3.14159265 0.        ] 0
[-1.57079633  3.14159265  3.14159265] 1
created model
loaded psi
momentum of initial state: 0 , particle number of initial state: 4
starting drmg run
E= -0.7107023320819508
max bond dimension= 512
[-0.90162913  3.21266462]
started to simulate
{'bc_MPS': 'infinite', 'bc': ['periodic', 'periodic'], 'V1': 0.6, 't': -1, 't2': -0.25, 'Lx': 2, 'Ly': 6, 'chi_max': 512, 'Nsec': 4, 'ktot': np.int64(0), 'saveAll': False, 'Delta': 0, 'phi_ext': np.float64(0.2), 'explicit_plus_hc': False, 'N_rings': 2, 'xy_lattice': 'Square', 'ring_order': None, 'conserve_k': True, 'sort_mpo_legs': False}
4
[1.57079633 3.14159265 0.        ] 0
[-1.57079633  3.14159265  3.14159265] 1
[1.57079633 3.14159265 0.        ] 0
[-1.57079633  3.14159265  3.14159265] 1
[1.57079633 3.14159265 0.        ] 0
[-1.57079633  3.14159265  3.14159265] 1
[1.57079633 3.14159265 0.        ] 0
[-1.57079633  3.14159265  3.14159265] 1
[1.57079633 3.14159265 0.        ] 0
[-1.57079633  3.14159265  3.14159265] 1
[1.57079633 3.14159265 0.        ] 0
[-1.57079633  3.14159265  3.14159265] 1
created model
loaded psi
momentum of initial state: 0 , particle number of initial state: 4
starting drmg run
E= -0.710674390008729
max bond dimension= 512
[-0.86874222  3.24265414]
started to simulate
{'bc_MPS': 'infinite', 'bc': ['periodic', 'periodic'], 'V1': 0.6, 't': -1, 't2': -0.25, 'Lx': 2, 'Ly': 6, 'chi_max': 512, 'Nsec': 4, 'ktot': np.int64(0), 'saveAll': False, 'Delta': 0, 'phi_ext': np.float64(0.25), 'explicit_plus_hc': False, 'N_rings': 2, 'xy_lattice': 'Square', 'ring_order': None, 'conserve_k': True, 'sort_mpo_legs': False}
4
[1.57079633 3.14159265 0.        ] 0
[-1.57079633  3.14159265  3.14159265] 1
[1.57079633 3.14159265 0.        ] 0
[-1.57079633  3.14159265  3.14159265] 1
[1.57079633 3.14159265 0.        ] 0
[-1.57079633  3.14159265  3.14159265] 1
[1.57079633 3.14159265 0.        ] 0
[-1.57079633  3.14159265  3.14159265] 1
[1.57079633 3.14159265 0.        ] 0
[-1.57079633  3.14159265  3.14159265] 1
[1.57079633 3.14159265 0.        ] 0
[-1.57079633  3.14159265  3.14159265] 1
created model
loaded psi
momentum of initial state: 0 , particle number of initial state: 4
starting drmg run
E= -0.710642725734497
max bond dimension= 512
[-0.83572714  3.27109102]
started to simulate
{'bc_MPS': 'infinite', 'bc': ['periodic', 'periodic'], 'V1': 0.6, 't': -1, 't2': -0.25, 'Lx': 2, 'Ly': 6, 'chi_max': 512, 'Nsec': 4, 'ktot': np.int64(0), 'saveAll': False, 'Delta': 0, 'phi_ext': np.float64(0.30000000000000004), 'explicit_plus_hc': False, 'N_rings': 2, 'xy_lattice': 'Square', 'ring_order': None, 'conserve_k': True, 'sort_mpo_legs': False}
4
[1.57079633 3.14159265 0.        ] 0
[-1.57079633  3.14159265  3.14159265] 1
[1.57079633 3.14159265 0.        ] 0
[-1.57079633  3.14159265  3.14159265] 1
[1.57079633 3.14159265 0.        ] 0
[-1.57079633  3.14159265  3.14159265] 1
[1.57079633 3.14159265 0.        ] 0
[-1.57079633  3.14159265  3.14159265] 1
[1.57079633 3.14159265 0.        ] 0
[-1.57079633  3.14159265  3.14159265] 1
[1.57079633 3.14159265 0.        ] 0
[-1.57079633  3.14159265  3.14159265] 1
created model
loaded psi
momentum of initial state: 0 , particle number of initial state: 4
starting drmg run
E= -0.7106101519795232
max bond dimension= 512
[-0.80252003  3.29777686]
started to simulate
{'bc_MPS': 'infinite', 'bc': ['periodic', 'periodic'], 'V1': 0.6, 't': -1, 't2': -0.25, 'Lx': 2, 'Ly': 6, 'chi_max': 512, 'Nsec': 4, 'ktot': np.int64(0), 'saveAll': False, 'Delta': 0, 'phi_ext': np.float64(0.35000000000000003), 'explicit_plus_hc': False, 'N_rings': 2, 'xy_lattice': 'Square', 'ring_order': None, 'conserve_k': True, 'sort_mpo_legs': False}
4
[1.57079633 3.14159265 0.        ] 0
[-1.57079633  3.14159265  3.14159265] 1
[1.57079633 3.14159265 0.        ] 0
[-1.57079633  3.14159265  3.14159265] 1
[1.57079633 3.14159265 0.        ] 0
[-1.57079633  3.14159265  3.14159265] 1
[1.57079633 3.14159265 0.        ] 0
[-1.57079633  3.14159265  3.14159265] 1
[1.57079633 3.14159265 0.        ] 0
[-1.57079633  3.14159265  3.14159265] 1
[1.57079633 3.14159265 0.        ] 0
[-1.57079633  3.14159265  3.14159265] 1
created model
loaded psi
momentum of initial state: 0 , particle number of initial state: 4
starting drmg run
E= -0.710579456519819
max bond dimension= 512
[-0.76905484  3.32254354]
started to simulate
{'bc_MPS': 'infinite', 'bc': ['periodic', 'periodic'], 'V1': 0.6, 't': -1, 't2': -0.25, 'Lx': 2, 'Ly': 6, 'chi_max': 512, 'Nsec': 4, 'ktot': np.int64(0), 'saveAll': False, 'Delta': 0, 'phi_ext': np.float64(0.4), 'explicit_plus_hc': False, 'N_rings': 2, 'xy_lattice': 'Square', 'ring_order': None, 'conserve_k': True, 'sort_mpo_legs': False}
4
[1.57079633 3.14159265 0.        ] 0
[-1.57079633  3.14159265  3.14159265] 1
[1.57079633 3.14159265 0.        ] 0
[-1.57079633  3.14159265  3.14159265] 1
[1.57079633 3.14159265 0.        ] 0
[-1.57079633  3.14159265  3.14159265] 1
[1.57079633 3.14159265 0.        ] 0
[-1.57079633  3.14159265  3.14159265] 1
[1.57079633 3.14159265 0.        ] 0
[-1.57079633  3.14159265  3.14159265] 1
[1.57079633 3.14159265 0.        ] 0
[-1.57079633  3.14159265  3.14159265] 1
created model
loaded psi
momentum of initial state: 0 , particle number of initial state: 4
starting drmg run
E= -0.7105531847111118
max bond dimension= 512
[-0.73543502  3.34537324]
started to simulate
{'bc_MPS': 'infinite', 'bc': ['periodic', 'periodic'], 'V1': 0.6, 't': -1, 't2': -0.25, 'Lx': 2, 'Ly': 6, 'chi_max': 512, 'Nsec': 4, 'ktot': np.int64(0), 'saveAll': False, 'Delta': 0, 'phi_ext': np.float64(0.45), 'explicit_plus_hc': False, 'N_rings': 2, 'xy_lattice': 'Square', 'ring_order': None, 'conserve_k': True, 'sort_mpo_legs': False}
4
[1.57079633 3.14159265 0.        ] 0
[-1.57079633  3.14159265  3.14159265] 1
[1.57079633 3.14159265 0.        ] 0
[-1.57079633  3.14159265  3.14159265] 1
[1.57079633 3.14159265 0.        ] 0
[-1.57079633  3.14159265  3.14159265] 1
[1.57079633 3.14159265 0.        ] 0
[-1.57079633  3.14159265  3.14159265] 1
[1.57079633 3.14159265 0.        ] 0
[-1.57079633  3.14159265  3.14159265] 1
[1.57079633 3.14159265 0.        ] 0
[-1.57079633  3.14159265  3.14159265] 1
created model
loaded psi
momentum of initial state: 0 , particle number of initial state: 4
starting drmg run
E= -0.7105347503947664
max bond dimension= 512
[-0.70146756  3.36588021]
started to simulate
{'bc_MPS': 'infinite', 'bc': ['periodic', 'periodic'], 'V1': 0.6, 't': -1, 't2': -0.25, 'Lx': 2, 'Ly': 6, 'chi_max': 512, 'Nsec': 4, 'ktot': np.int64(0), 'saveAll': False, 'Delta': 0, 'phi_ext': np.float64(0.5), 'explicit_plus_hc': False, 'N_rings': 2, 'xy_lattice': 'Square', 'ring_order': None, 'conserve_k': True, 'sort_mpo_legs': False}
4
[1.57079633 3.14159265 0.        ] 0
[-1.57079633  3.14159265  3.14159265] 1
[1.57079633 3.14159265 0.        ] 0
[-1.57079633  3.14159265  3.14159265] 1
[1.57079633 3.14159265 0.        ] 0
[-1.57079633  3.14159265  3.14159265] 1
[1.57079633 3.14159265 0.        ] 0
[-1.57079633  3.14159265  3.14159265] 1
[1.57079633 3.14159265 0.        ] 0
[-1.57079633  3.14159265  3.14159265] 1
[1.57079633 3.14159265 0.        ] 0
[-1.57079633  3.14159265  3.14159265] 1
created model
loaded psi
momentum of initial state: 0 , particle number of initial state: 4
starting drmg run
E= -0.7105257547380811
max bond dimension= 512
[-0.66721825  3.38399489]
started to simulate
{'bc_MPS': 'infinite', 'bc': ['periodic', 'periodic'], 'V1': 0.6, 't': -1, 't2': -0.25, 'Lx': 2, 'Ly': 6, 'chi_max': 512, 'Nsec': 4, 'ktot': np.int64(0), 'saveAll': False, 'Delta': 0, 'phi_ext': np.float64(0.55), 'explicit_plus_hc': False, 'N_rings': 2, 'xy_lattice': 'Square', 'ring_order': None, 'conserve_k': True, 'sort_mpo_legs': False}
4
[1.57079633 3.14159265 0.        ] 0
[-1.57079633  3.14159265  3.14159265] 1
[1.57079633 3.14159265 0.        ] 0
[-1.57079633  3.14159265  3.14159265] 1
[1.57079633 3.14159265 0.        ] 0
[-1.57079633  3.14159265  3.14159265] 1
[1.57079633 3.14159265 0.        ] 0
[-1.57079633  3.14159265  3.14159265] 1
[1.57079633 3.14159265 0.        ] 0
[-1.57079633  3.14159265  3.14159265] 1
[1.57079633 3.14159265 0.        ] 0
[-1.57079633  3.14159265  3.14159265] 1
created model
loaded psi
momentum of initial state: 0 , particle number of initial state: 4
starting drmg run
E= -0.7105281021579183
max bond dimension= 512
[-0.63273683  3.39984597]
started to simulate
{'bc_MPS': 'infinite', 'bc': ['periodic', 'periodic'], 'V1': 0.6, 't': -1, 't2': -0.25, 'Lx': 2, 'Ly': 6, 'chi_max': 512, 'Nsec': 4, 'ktot': np.int64(0), 'saveAll': False, 'Delta': 0, 'phi_ext': np.float64(0.6000000000000001), 'explicit_plus_hc': False, 'N_rings': 2, 'xy_lattice': 'Square', 'ring_order': None, 'conserve_k': True, 'sort_mpo_legs': False}
4
[1.57079633 3.14159265 0.        ] 0
[-1.57079633  3.14159265  3.14159265] 1
[1.57079633 3.14159265 0.        ] 0
[-1.57079633  3.14159265  3.14159265] 1
[1.57079633 3.14159265 0.        ] 0
[-1.57079633  3.14159265  3.14159265] 1
[1.57079633 3.14159265 0.        ] 0
[-1.57079633  3.14159265  3.14159265] 1
[1.57079633 3.14159265 0.        ] 0
[-1.57079633  3.14159265  3.14159265] 1
[1.57079633 3.14159265 0.        ] 0
[-1.57079633  3.14159265  3.14159265] 1
created model
loaded psi
momentum of initial state: 0 , particle number of initial state: 4
starting drmg run
E= -0.7105423749427757
max bond dimension= 512
[-0.59805284  3.41322443]
started to simulate
{'bc_MPS': 'infinite', 'bc': ['periodic', 'periodic'], 'V1': 0.6, 't': -1, 't2': -0.25, 'Lx': 2, 'Ly': 6, 'chi_max': 512, 'Nsec': 4, 'ktot': np.int64(0), 'saveAll': False, 'Delta': 0, 'phi_ext': np.float64(0.65), 'explicit_plus_hc': False, 'N_rings': 2, 'xy_lattice': 'Square', 'ring_order': None, 'conserve_k': True, 'sort_mpo_legs': False}
4
[1.57079633 3.14159265 0.        ] 0
[-1.57079633  3.14159265  3.14159265] 1
[1.57079633 3.14159265 0.        ] 0
[-1.57079633  3.14159265  3.14159265] 1
[1.57079633 3.14159265 0.        ] 0
[-1.57079633  3.14159265  3.14159265] 1
[1.57079633 3.14159265 0.        ] 0
[-1.57079633  3.14159265  3.14159265] 1
[1.57079633 3.14159265 0.        ] 0
[-1.57079633  3.14159265  3.14159265] 1
[1.57079633 3.14159265 0.        ] 0
[-1.57079633  3.14159265  3.14159265] 1
created model
loaded psi
momentum of initial state: 0 , particle number of initial state: 4
starting drmg run
E= -0.7105685850871595
max bond dimension= 512
[-0.56321959  3.42427134]
started to simulate
{'bc_MPS': 'infinite', 'bc': ['periodic', 'periodic'], 'V1': 0.6, 't': -1, 't2': -0.25, 'Lx': 2, 'Ly': 6, 'chi_max': 512, 'Nsec': 4, 'ktot': np.int64(0), 'saveAll': False, 'Delta': 0, 'phi_ext': np.float64(0.7000000000000001), 'explicit_plus_hc': False, 'N_rings': 2, 'xy_lattice': 'Square', 'ring_order': None, 'conserve_k': True, 'sort_mpo_legs': False}
4
[1.57079633 3.14159265 0.        ] 0
[-1.57079633  3.14159265  3.14159265] 1
[1.57079633 3.14159265 0.        ] 0
[-1.57079633  3.14159265  3.14159265] 1
[1.57079633 3.14159265 0.        ] 0
[-1.57079633  3.14159265  3.14159265] 1
[1.57079633 3.14159265 0.        ] 0
[-1.57079633  3.14159265  3.14159265] 1
[1.57079633 3.14159265 0.        ] 0
[-1.57079633  3.14159265  3.14159265] 1
[1.57079633 3.14159265 0.        ] 0
[-1.57079633  3.14159265  3.14159265] 1
created model
loaded psi
momentum of initial state: 0 , particle number of initial state: 4
starting drmg run
E= -0.7106056979812934
max bond dimension= 512
[-0.52831296  3.43323367]
started to simulate
{'bc_MPS': 'infinite', 'bc': ['periodic', 'periodic'], 'V1': 0.6, 't': -1, 't2': -0.25, 'Lx': 2, 'Ly': 6, 'chi_max': 512, 'Nsec': 4, 'ktot': np.int64(0), 'saveAll': False, 'Delta': 0, 'phi_ext': np.float64(0.75), 'explicit_plus_hc': False, 'N_rings': 2, 'xy_lattice': 'Square', 'ring_order': None, 'conserve_k': True, 'sort_mpo_legs': False}
4
[1.57079633 3.14159265 0.        ] 0
[-1.57079633  3.14159265  3.14159265] 1
[1.57079633 3.14159265 0.        ] 0
[-1.57079633  3.14159265  3.14159265] 1
[1.57079633 3.14159265 0.        ] 0
[-1.57079633  3.14159265  3.14159265] 1
[1.57079633 3.14159265 0.        ] 0
[-1.57079633  3.14159265  3.14159265] 1
[1.57079633 3.14159265 0.        ] 0
[-1.57079633  3.14159265  3.14159265] 1
[1.57079633 3.14159265 0.        ] 0
[-1.57079633  3.14159265  3.14159265] 1
created model
loaded psi
momentum of initial state: 0 , particle number of initial state: 4
starting drmg run
E= -0.7106526560431282
max bond dimension= 512
[-0.49330868  3.44007177]
started to simulate
{'bc_MPS': 'infinite', 'bc': ['periodic', 'periodic'], 'V1': 0.6, 't': -1, 't2': -0.25, 'Lx': 2, 'Ly': 6, 'chi_max': 512, 'Nsec': 4, 'ktot': np.int64(0), 'saveAll': False, 'Delta': 0, 'phi_ext': np.float64(0.8), 'explicit_plus_hc': False, 'N_rings': 2, 'xy_lattice': 'Square', 'ring_order': None, 'conserve_k': True, 'sort_mpo_legs': False}
4
[1.57079633 3.14159265 0.        ] 0
[-1.57079633  3.14159265  3.14159265] 1
[1.57079633 3.14159265 0.        ] 0
[-1.57079633  3.14159265  3.14159265] 1
[1.57079633 3.14159265 0.        ] 0
[-1.57079633  3.14159265  3.14159265] 1
[1.57079633 3.14159265 0.        ] 0
[-1.57079633  3.14159265  3.14159265] 1
[1.57079633 3.14159265 0.        ] 0
[-1.57079633  3.14159265  3.14159265] 1
[1.57079633 3.14159265 0.        ] 0
[-1.57079633  3.14159265  3.14159265] 1
created model
loaded psi
momentum of initial state: 0 , particle number of initial state: 4
starting drmg run
E= -0.7107072649130165
max bond dimension= 512
[-0.45818041  3.44490029]
started to simulate
{'bc_MPS': 'infinite', 'bc': ['periodic', 'periodic'], 'V1': 0.6, 't': -1, 't2': -0.25, 'Lx': 2, 'Ly': 6, 'chi_max': 512, 'Nsec': 4, 'ktot': np.int64(0), 'saveAll': False, 'Delta': 0, 'phi_ext': np.float64(0.8500000000000001), 'explicit_plus_hc': False, 'N_rings': 2, 'xy_lattice': 'Square', 'ring_order': None, 'conserve_k': True, 'sort_mpo_legs': False}
4
[1.57079633 3.14159265 0.        ] 0
[-1.57079633  3.14159265  3.14159265] 1
[1.57079633 3.14159265 0.        ] 0
[-1.57079633  3.14159265  3.14159265] 1
[1.57079633 3.14159265 0.        ] 0
[-1.57079633  3.14159265  3.14159265] 1
[1.57079633 3.14159265 0.        ] 0
[-1.57079633  3.14159265  3.14159265] 1
[1.57079633 3.14159265 0.        ] 0
[-1.57079633  3.14159265  3.14159265] 1
[1.57079633 3.14159265 0.        ] 0
[-1.57079633  3.14159265  3.14159265] 1
created model
loaded psi
momentum of initial state: 0 , particle number of initial state: 4
starting drmg run
E= -0.7107667038869417
max bond dimension= 512
[-0.42326414  3.44847684]
started to simulate
{'bc_MPS': 'infinite', 'bc': ['periodic', 'periodic'], 'V1': 0.6, 't': -1, 't2': -0.25, 'Lx': 2, 'Ly': 6, 'chi_max': 512, 'Nsec': 4, 'ktot': np.int64(0), 'saveAll': False, 'Delta': 0, 'phi_ext': np.float64(0.9), 'explicit_plus_hc': False, 'N_rings': 2, 'xy_lattice': 'Square', 'ring_order': None, 'conserve_k': True, 'sort_mpo_legs': False}
4
[1.57079633 3.14159265 0.        ] 0
[-1.57079633  3.14159265  3.14159265] 1
[1.57079633 3.14159265 0.        ] 0
[-1.57079633  3.14159265  3.14159265] 1
[1.57079633 3.14159265 0.        ] 0
[-1.57079633  3.14159265  3.14159265] 1
[1.57079633 3.14159265 0.        ] 0
[-1.57079633  3.14159265  3.14159265] 1
[1.57079633 3.14159265 0.        ] 0
[-1.57079633  3.14159265  3.14159265] 1
[1.57079633 3.14159265 0.        ] 0
[-1.57079633  3.14159265  3.14159265] 1
created model
loaded psi
momentum of initial state: 0 , particle number of initial state: 4
starting drmg run
E= -0.7108288078327595
max bond dimension= 512
[-0.38856379  3.45079373]
started to simulate
{'bc_MPS': 'infinite', 'bc': ['periodic', 'periodic'], 'V1': 0.6, 't': -1, 't2': -0.25, 'Lx': 2, 'Ly': 6, 'chi_max': 512, 'Nsec': 4, 'ktot': np.int64(0), 'saveAll': False, 'Delta': 0, 'phi_ext': np.float64(0.9500000000000001), 'explicit_plus_hc': False, 'N_rings': 2, 'xy_lattice': 'Square', 'ring_order': None, 'conserve_k': True, 'sort_mpo_legs': False}
4
[1.57079633 3.14159265 0.        ] 0
[-1.57079633  3.14159265  3.14159265] 1
[1.57079633 3.14159265 0.        ] 0
[-1.57079633  3.14159265  3.14159265] 1
[1.57079633 3.14159265 0.        ] 0
[-1.57079633  3.14159265  3.14159265] 1
[1.57079633 3.14159265 0.        ] 0
[-1.57079633  3.14159265  3.14159265] 1
[1.57079633 3.14159265 0.        ] 0
[-1.57079633  3.14159265  3.14159265] 1
[1.57079633 3.14159265 0.        ] 0
[-1.57079633  3.14159265  3.14159265] 1
created model
loaded psi
momentum of initial state: 0 , particle number of initial state: 4
starting drmg run
E= -0.7108910334193723
max bond dimension= 512
[-0.3541004   3.45216221]
started to simulate
{'bc_MPS': 'infinite', 'bc': ['periodic', 'periodic'], 'V1': 0.6, 't': -1, 't2': -0.25, 'Lx': 2, 'Ly': 6, 'chi_max': 512, 'Nsec': 4, 'ktot': np.int64(0), 'saveAll': False, 'Delta': 0, 'phi_ext': np.float64(1.0), 'explicit_plus_hc': False, 'N_rings': 2, 'xy_lattice': 'Square', 'ring_order': None, 'conserve_k': True, 'sort_mpo_legs': False}
4
[1.57079633 3.14159265 0.        ] 0
[-1.57079633  3.14159265  3.14159265] 1
[1.57079633 3.14159265 0.        ] 0
[-1.57079633  3.14159265  3.14159265] 1
[1.57079633 3.14159265 0.        ] 0
[-1.57079633  3.14159265  3.14159265] 1
[1.57079633 3.14159265 0.        ] 0
[-1.57079633  3.14159265  3.14159265] 1
[1.57079633 3.14159265 0.        ] 0
[-1.57079633  3.14159265  3.14159265] 1
[1.57079633 3.14159265 0.        ] 0
[-1.57079633  3.14159265  3.14159265] 1
created model
loaded psi
momentum of initial state: 0 , particle number of initial state: 4
starting drmg run
E= -0.7109530244103061
max bond dimension= 512
[-0.3197817   3.45289077]
started to simulate
{'bc_MPS': 'infinite', 'bc': ['periodic', 'periodic'], 'V1': 0.6, 't': -1, 't2': -0.25, 'Lx': 2, 'Ly': 6, 'chi_max': 512, 'Nsec': 4, 'ktot': np.int64(0), 'saveAll': False, 'Delta': 0, 'phi_ext': np.float64(1.05), 'explicit_plus_hc': False, 'N_rings': 2, 'xy_lattice': 'Square', 'ring_order': None, 'conserve_k': True, 'sort_mpo_legs': False}
4
[1.57079633 3.14159265 0.        ] 0
[-1.57079633  3.14159265  3.14159265] 1
[1.57079633 3.14159265 0.        ] 0
[-1.57079633  3.14159265  3.14159265] 1
[1.57079633 3.14159265 0.        ] 0
[-1.57079633  3.14159265  3.14159265] 1
[1.57079633 3.14159265 0.        ] 0
[-1.57079633  3.14159265  3.14159265] 1
[1.57079633 3.14159265 0.        ] 0
[-1.57079633  3.14159265  3.14159265] 1
[1.57079633 3.14159265 0.        ] 0
[-1.57079633  3.14159265  3.14159265] 1
created model
loaded psi
momentum of initial state: 0 , particle number of initial state: 4
starting drmg run
E= -0.7110103853850896
max bond dimension= 512
[-0.28599703  3.45323097]
started to simulate
{'bc_MPS': 'infinite', 'bc': ['periodic', 'periodic'], 'V1': 0.6, 't': -1, 't2': -0.25, 'Lx': 2, 'Ly': 6, 'chi_max': 512, 'Nsec': 4, 'ktot': np.int64(0), 'saveAll': False, 'Delta': 0, 'phi_ext': np.float64(1.1), 'explicit_plus_hc': False, 'N_rings': 2, 'xy_lattice': 'Square', 'ring_order': None, 'conserve_k': True, 'sort_mpo_legs': False}
4
[1.57079633 3.14159265 0.        ] 0
[-1.57079633  3.14159265  3.14159265] 1
[1.57079633 3.14159265 0.        ] 0
[-1.57079633  3.14159265  3.14159265] 1
[1.57079633 3.14159265 0.        ] 0
[-1.57079633  3.14159265  3.14159265] 1
[1.57079633 3.14159265 0.        ] 0
[-1.57079633  3.14159265  3.14159265] 1
[1.57079633 3.14159265 0.        ] 0
[-1.57079633  3.14159265  3.14159265] 1
[1.57079633 3.14159265 0.        ] 0
[-1.57079633  3.14159265  3.14159265] 1
created model
loaded psi
momentum of initial state: 0 , particle number of initial state: 4
starting drmg run
E= -0.7110631045004207
max bond dimension= 512
[-0.25261909  3.45338324]
started to simulate
{'bc_MPS': 'infinite', 'bc': ['periodic', 'periodic'], 'V1': 0.6, 't': -1, 't2': -0.25, 'Lx': 2, 'Ly': 6, 'chi_max': 512, 'Nsec': 4, 'ktot': np.int64(0), 'saveAll': False, 'Delta': 0, 'phi_ext': np.float64(1.1500000000000001), 'explicit_plus_hc': False, 'N_rings': 2, 'xy_lattice': 'Square', 'ring_order': None, 'conserve_k': True, 'sort_mpo_legs': False}
4
[1.57079633 3.14159265 0.        ] 0
[-1.57079633  3.14159265  3.14159265] 1
[1.57079633 3.14159265 0.        ] 0
[-1.57079633  3.14159265  3.14159265] 1
[1.57079633 3.14159265 0.        ] 0
[-1.57079633  3.14159265  3.14159265] 1
[1.57079633 3.14159265 0.        ] 0
[-1.57079633  3.14159265  3.14159265] 1
[1.57079633 3.14159265 0.        ] 0
[-1.57079633  3.14159265  3.14159265] 1
[1.57079633 3.14159265 0.        ] 0
[-1.57079633  3.14159265  3.14159265] 1
created model
loaded psi
momentum of initial state: 0 , particle number of initial state: 4
starting drmg run
E= -0.711109735704189
max bond dimension= 512
[-0.21971891  3.45330617]
started to simulate
{'bc_MPS': 'infinite', 'bc': ['periodic', 'periodic'], 'V1': 0.6, 't': -1, 't2': -0.25, 'Lx': 2, 'Ly': 6, 'chi_max': 512, 'Nsec': 4, 'ktot': np.int64(0), 'saveAll': False, 'Delta': 0, 'phi_ext': np.float64(1.2000000000000002), 'explicit_plus_hc': False, 'N_rings': 2, 'xy_lattice': 'Square', 'ring_order': None, 'conserve_k': True, 'sort_mpo_legs': False}
4
[1.57079633 3.14159265 0.        ] 0
[-1.57079633  3.14159265  3.14159265] 1
[1.57079633 3.14159265 0.        ] 0
[-1.57079633  3.14159265  3.14159265] 1
[1.57079633 3.14159265 0.        ] 0
[-1.57079633  3.14159265  3.14159265] 1
[1.57079633 3.14159265 0.        ] 0
[-1.57079633  3.14159265  3.14159265] 1
[1.57079633 3.14159265 0.        ] 0
[-1.57079633  3.14159265  3.14159265] 1
[1.57079633 3.14159265 0.        ] 0
[-1.57079633  3.14159265  3.14159265] 1
created model
loaded psi
momentum of initial state: 0 , particle number of initial state: 4
starting drmg run
E= -0.7111502186425108
max bond dimension= 512
[-0.18731364  3.45343747]
started to simulate
{'bc_MPS': 'infinite', 'bc': ['periodic', 'periodic'], 'V1': 0.6, 't': -1, 't2': -0.25, 'Lx': 2, 'Ly': 6, 'chi_max': 512, 'Nsec': 4, 'ktot': np.int64(0), 'saveAll': False, 'Delta': 0, 'phi_ext': np.float64(1.25), 'explicit_plus_hc': False, 'N_rings': 2, 'xy_lattice': 'Square', 'ring_order': None, 'conserve_k': True, 'sort_mpo_legs': False}
4
[1.57079633 3.14159265 0.        ] 0
[-1.57079633  3.14159265  3.14159265] 1
[1.57079633 3.14159265 0.        ] 0
[-1.57079633  3.14159265  3.14159265] 1
[1.57079633 3.14159265 0.        ] 0
[-1.57079633  3.14159265  3.14159265] 1
[1.57079633 3.14159265 0.        ] 0
[-1.57079633  3.14159265  3.14159265] 1
[1.57079633 3.14159265 0.        ] 0
[-1.57079633  3.14159265  3.14159265] 1
[1.57079633 3.14159265 0.        ] 0
[-1.57079633  3.14159265  3.14159265] 1
created model
loaded psi
momentum of initial state: 0 , particle number of initial state: 4
starting drmg run
E= -0.7111844925735985
max bond dimension= 512
[-0.15529197  3.4532973 ]
started to simulate
{'bc_MPS': 'infinite', 'bc': ['periodic', 'periodic'], 'V1': 0.6, 't': -1, 't2': -0.25, 'Lx': 2, 'Ly': 6, 'chi_max': 512, 'Nsec': 4, 'ktot': np.int64(0), 'saveAll': False, 'Delta': 0, 'phi_ext': np.float64(1.3), 'explicit_plus_hc': False, 'N_rings': 2, 'xy_lattice': 'Square', 'ring_order': None, 'conserve_k': True, 'sort_mpo_legs': False}
4
[1.57079633 3.14159265 0.        ] 0
[-1.57079633  3.14159265  3.14159265] 1
[1.57079633 3.14159265 0.        ] 0
[-1.57079633  3.14159265  3.14159265] 1
[1.57079633 3.14159265 0.        ] 0
[-1.57079633  3.14159265  3.14159265] 1
[1.57079633 3.14159265 0.        ] 0
[-1.57079633  3.14159265  3.14159265] 1
[1.57079633 3.14159265 0.        ] 0
[-1.57079633  3.14159265  3.14159265] 1
[1.57079633 3.14159265 0.        ] 0
[-1.57079633  3.14159265  3.14159265] 1
created model
loaded psi
momentum of initial state: 0 , particle number of initial state: 4
starting drmg run
E= -0.7112122878765584
max bond dimension= 512
[-0.12378224  3.45334117]
started to simulate
{'bc_MPS': 'infinite', 'bc': ['periodic', 'periodic'], 'V1': 0.6, 't': -1, 't2': -0.25, 'Lx': 2, 'Ly': 6, 'chi_max': 512, 'Nsec': 4, 'ktot': np.int64(0), 'saveAll': False, 'Delta': 0, 'phi_ext': np.float64(1.35), 'explicit_plus_hc': False, 'N_rings': 2, 'xy_lattice': 'Square', 'ring_order': None, 'conserve_k': True, 'sort_mpo_legs': False}
4
[1.57079633 3.14159265 0.        ] 0
[-1.57079633  3.14159265  3.14159265] 1
[1.57079633 3.14159265 0.        ] 0
[-1.57079633  3.14159265  3.14159265] 1
[1.57079633 3.14159265 0.        ] 0
[-1.57079633  3.14159265  3.14159265] 1
[1.57079633 3.14159265 0.        ] 0
[-1.57079633  3.14159265  3.14159265] 1
[1.57079633 3.14159265 0.        ] 0
[-1.57079633  3.14159265  3.14159265] 1
[1.57079633 3.14159265 0.        ] 0
[-1.57079633  3.14159265  3.14159265] 1
created model
loaded psi
momentum of initial state: 0 , particle number of initial state: 4
starting drmg run
E= -0.7112339398768294
max bond dimension= 512
[-0.09252992  3.45345514]
started to simulate
{'bc_MPS': 'infinite', 'bc': ['periodic', 'periodic'], 'V1': 0.6, 't': -1, 't2': -0.25, 'Lx': 2, 'Ly': 6, 'chi_max': 512, 'Nsec': 4, 'ktot': np.int64(0), 'saveAll': False, 'Delta': 0, 'phi_ext': np.float64(1.4000000000000001), 'explicit_plus_hc': False, 'N_rings': 2, 'xy_lattice': 'Square', 'ring_order': None, 'conserve_k': True, 'sort_mpo_legs': False}
4
[1.57079633 3.14159265 0.        ] 0
[-1.57079633  3.14159265  3.14159265] 1
[1.57079633 3.14159265 0.        ] 0
[-1.57079633  3.14159265  3.14159265] 1
[1.57079633 3.14159265 0.        ] 0
[-1.57079633  3.14159265  3.14159265] 1
[1.57079633 3.14159265 0.        ] 0
[-1.57079633  3.14159265  3.14159265] 1
[1.57079633 3.14159265 0.        ] 0
[-1.57079633  3.14159265  3.14159265] 1
[1.57079633 3.14159265 0.        ] 0
[-1.57079633  3.14159265  3.14159265] 1
created model
loaded psi
momentum of initial state: 0 , particle number of initial state: 4
starting drmg run
E= -0.711249240085119
max bond dimension= 512
[-0.06158655  3.45353536]
started to simulate
{'bc_MPS': 'infinite', 'bc': ['periodic', 'periodic'], 'V1': 0.6, 't': -1, 't2': -0.25, 'Lx': 2, 'Ly': 6, 'chi_max': 512, 'Nsec': 4, 'ktot': np.int64(0), 'saveAll': False, 'Delta': 0, 'phi_ext': np.float64(1.4500000000000002), 'explicit_plus_hc': False, 'N_rings': 2, 'xy_lattice': 'Square', 'ring_order': None, 'conserve_k': True, 'sort_mpo_legs': False}
4
[1.57079633 3.14159265 0.        ] 0
[-1.57079633  3.14159265  3.14159265] 1
[1.57079633 3.14159265 0.        ] 0
[-1.57079633  3.14159265  3.14159265] 1
[1.57079633 3.14159265 0.        ] 0
[-1.57079633  3.14159265  3.14159265] 1
[1.57079633 3.14159265 0.        ] 0
[-1.57079633  3.14159265  3.14159265] 1
[1.57079633 3.14159265 0.        ] 0
[-1.57079633  3.14159265  3.14159265] 1
[1.57079633 3.14159265 0.        ] 0
[-1.57079633  3.14159265  3.14159265] 1
created model
loaded psi
momentum of initial state: 0 , particle number of initial state: 4
starting drmg run
E= -0.7112591915957722
max bond dimension= 512
[-0.03074093  3.45366122]
started to simulate
{'bc_MPS': 'infinite', 'bc': ['periodic', 'periodic'], 'V1': 0.6, 't': -1, 't2': -0.25, 'Lx': 2, 'Ly': 6, 'chi_max': 512, 'Nsec': 4, 'ktot': np.int64(0), 'saveAll': False, 'Delta': 0, 'phi_ext': np.float64(1.5), 'explicit_plus_hc': False, 'N_rings': 2, 'xy_lattice': 'Square', 'ring_order': None, 'conserve_k': True, 'sort_mpo_legs': False}
4
[1.57079633 3.14159265 0.        ] 0
[-1.57079633  3.14159265  3.14159265] 1
[1.57079633 3.14159265 0.        ] 0
[-1.57079633  3.14159265  3.14159265] 1
[1.57079633 3.14159265 0.        ] 0
[-1.57079633  3.14159265  3.14159265] 1
[1.57079633 3.14159265 0.        ] 0
[-1.57079633  3.14159265  3.14159265] 1
[1.57079633 3.14159265 0.        ] 0
[-1.57079633  3.14159265  3.14159265] 1
[1.57079633 3.14159265 0.        ] 0
[-1.57079633  3.14159265  3.14159265] 1
created model
loaded psi
momentum of initial state: 0 , particle number of initial state: 4
starting drmg run
E= -0.7112632299956232
max bond dimension= 512
[5.99430343e-05 3.45344730e+00]
started to simulate
{'bc_MPS': 'infinite', 'bc': ['periodic', 'periodic'], 'V1': 0.6, 't': -1, 't2': -0.25, 'Lx': 2, 'Ly': 6, 'chi_max': 512, 'Nsec': 4, 'ktot': np.int64(0), 'saveAll': False, 'Delta': 0, 'phi_ext': np.float64(1.55), 'explicit_plus_hc': False, 'N_rings': 2, 'xy_lattice': 'Square', 'ring_order': None, 'conserve_k': True, 'sort_mpo_legs': False}
4
[1.57079633 3.14159265 0.        ] 0
[-1.57079633  3.14159265  3.14159265] 1
[1.57079633 3.14159265 0.        ] 0
[-1.57079633  3.14159265  3.14159265] 1
[1.57079633 3.14159265 0.        ] 0
[-1.57079633  3.14159265  3.14159265] 1
[1.57079633 3.14159265 0.        ] 0
[-1.57079633  3.14159265  3.14159265] 1
[1.57079633 3.14159265 0.        ] 0
[-1.57079633  3.14159265  3.14159265] 1
[1.57079633 3.14159265 0.        ] 0
[-1.57079633  3.14159265  3.14159265] 1
created model
loaded psi
momentum of initial state: 0 , particle number of initial state: 4
starting drmg run
E= -0.7112605461470451
max bond dimension= 512
[0.03074696 3.45329944]
started to simulate
{'bc_MPS': 'infinite', 'bc': ['periodic', 'periodic'], 'V1': 0.6, 't': -1, 't2': -0.25, 'Lx': 2, 'Ly': 6, 'chi_max': 512, 'Nsec': 4, 'ktot': np.int64(0), 'saveAll': False, 'Delta': 0, 'phi_ext': np.float64(1.6), 'explicit_plus_hc': False, 'N_rings': 2, 'xy_lattice': 'Square', 'ring_order': None, 'conserve_k': True, 'sort_mpo_legs': False}
4
[1.57079633 3.14159265 0.        ] 0
[-1.57079633  3.14159265  3.14159265] 1
[1.57079633 3.14159265 0.        ] 0
[-1.57079633  3.14159265  3.14159265] 1
[1.57079633 3.14159265 0.        ] 0
[-1.57079633  3.14159265  3.14159265] 1
[1.57079633 3.14159265 0.        ] 0
[-1.57079633  3.14159265  3.14159265] 1
[1.57079633 3.14159265 0.        ] 0
[-1.57079633  3.14159265  3.14159265] 1
[1.57079633 3.14159265 0.        ] 0
[-1.57079633  3.14159265  3.14159265] 1
created model
loaded psi
momentum of initial state: 0 , particle number of initial state: 4
starting drmg run
E= -0.7112516076103409
max bond dimension= 512
[0.06152004 3.45313422]
started to simulate
{'bc_MPS': 'infinite', 'bc': ['periodic', 'periodic'], 'V1': 0.6, 't': -1, 't2': -0.25, 'Lx': 2, 'Ly': 6, 'chi_max': 512, 'Nsec': 4, 'ktot': np.int64(0), 'saveAll': False, 'Delta': 0, 'phi_ext': np.float64(1.6500000000000001), 'explicit_plus_hc': False, 'N_rings': 2, 'xy_lattice': 'Square', 'ring_order': None, 'conserve_k': True, 'sort_mpo_legs': False}
4
[1.57079633 3.14159265 0.        ] 0
[-1.57079633  3.14159265  3.14159265] 1
[1.57079633 3.14159265 0.        ] 0
[-1.57079633  3.14159265  3.14159265] 1
[1.57079633 3.14159265 0.        ] 0
[-1.57079633  3.14159265  3.14159265] 1
[1.57079633 3.14159265 0.        ] 0
[-1.57079633  3.14159265  3.14159265] 1
[1.57079633 3.14159265 0.        ] 0
[-1.57079633  3.14159265  3.14159265] 1
[1.57079633 3.14159265 0.        ] 0
[-1.57079633  3.14159265  3.14159265] 1
created model
loaded psi
momentum of initial state: 0 , particle number of initial state: 4
starting drmg run
E= -0.7112366111299906
max bond dimension= 512
[0.09246634 3.45306393]
started to simulate
{'bc_MPS': 'infinite', 'bc': ['periodic', 'periodic'], 'V1': 0.6, 't': -1, 't2': -0.25, 'Lx': 2, 'Ly': 6, 'chi_max': 512, 'Nsec': 4, 'ktot': np.int64(0), 'saveAll': False, 'Delta': 0, 'phi_ext': np.float64(1.7000000000000002), 'explicit_plus_hc': False, 'N_rings': 2, 'xy_lattice': 'Square', 'ring_order': None, 'conserve_k': True, 'sort_mpo_legs': False}
4
[1.57079633 3.14159265 0.        ] 0
[-1.57079633  3.14159265  3.14159265] 1
[1.57079633 3.14159265 0.        ] 0
[-1.57079633  3.14159265  3.14159265] 1
[1.57079633 3.14159265 0.        ] 0
[-1.57079633  3.14159265  3.14159265] 1
[1.57079633 3.14159265 0.        ] 0
[-1.57079633  3.14159265  3.14159265] 1
[1.57079633 3.14159265 0.        ] 0
[-1.57079633  3.14159265  3.14159265] 1
[1.57079633 3.14159265 0.        ] 0
[-1.57079633  3.14159265  3.14159265] 1
created model
loaded psi
momentum of initial state: 0 , particle number of initial state: 4
starting drmg run
E= -0.7112151207935872
max bond dimension= 512
[0.12364793 3.45296688]
started to simulate
{'bc_MPS': 'infinite', 'bc': ['periodic', 'periodic'], 'V1': 0.6, 't': -1, 't2': -0.25, 'Lx': 2, 'Ly': 6, 'chi_max': 512, 'Nsec': 4, 'ktot': np.int64(0), 'saveAll': False, 'Delta': 0, 'phi_ext': np.float64(1.75), 'explicit_plus_hc': False, 'N_rings': 2, 'xy_lattice': 'Square', 'ring_order': None, 'conserve_k': True, 'sort_mpo_legs': False}
4
[1.57079633 3.14159265 0.        ] 0
[-1.57079633  3.14159265  3.14159265] 1
[1.57079633 3.14159265 0.        ] 0
[-1.57079633  3.14159265  3.14159265] 1
[1.57079633 3.14159265 0.        ] 0
[-1.57079633  3.14159265  3.14159265] 1
[1.57079633 3.14159265 0.        ] 0
[-1.57079633  3.14159265  3.14159265] 1
[1.57079633 3.14159265 0.        ] 0
[-1.57079633  3.14159265  3.14159265] 1
[1.57079633 3.14159265 0.        ] 0
[-1.57079633  3.14159265  3.14159265] 1
created model
loaded psi
momentum of initial state: 0 , particle number of initial state: 4
starting drmg run
E= -0.7111873236105216
max bond dimension= 512
[0.15515948 3.45279334]
started to simulate
{'bc_MPS': 'infinite', 'bc': ['periodic', 'periodic'], 'V1': 0.6, 't': -1, 't2': -0.25, 'Lx': 2, 'Ly': 6, 'chi_max': 512, 'Nsec': 4, 'ktot': np.int64(0), 'saveAll': False, 'Delta': 0, 'phi_ext': np.float64(1.8), 'explicit_plus_hc': False, 'N_rings': 2, 'xy_lattice': 'Square', 'ring_order': None, 'conserve_k': True, 'sort_mpo_legs': False}
4
[1.57079633 3.14159265 0.        ] 0
[-1.57079633  3.14159265  3.14159265] 1
[1.57079633 3.14159265 0.        ] 0
[-1.57079633  3.14159265  3.14159265] 1
[1.57079633 3.14159265 0.        ] 0
[-1.57079633  3.14159265  3.14159265] 1
[1.57079633 3.14159265 0.        ] 0
[-1.57079633  3.14159265  3.14159265] 1
[1.57079633 3.14159265 0.        ] 0
[-1.57079633  3.14159265  3.14159265] 1
[1.57079633 3.14159265 0.        ] 0
[-1.57079633  3.14159265  3.14159265] 1
created model
loaded psi
momentum of initial state: 0 , particle number of initial state: 4
starting drmg run
E= -0.7111532095812928
max bond dimension= 512
[0.18707796 3.45254506]
started to simulate
{'bc_MPS': 'infinite', 'bc': ['periodic', 'periodic'], 'V1': 0.6, 't': -1, 't2': -0.25, 'Lx': 2, 'Ly': 6, 'chi_max': 512, 'Nsec': 4, 'ktot': np.int64(0), 'saveAll': False, 'Delta': 0, 'phi_ext': np.float64(1.85), 'explicit_plus_hc': False, 'N_rings': 2, 'xy_lattice': 'Square', 'ring_order': None, 'conserve_k': True, 'sort_mpo_legs': False}
4
[1.57079633 3.14159265 0.        ] 0
[-1.57079633  3.14159265  3.14159265] 1
[1.57079633 3.14159265 0.        ] 0
[-1.57079633  3.14159265  3.14159265] 1
[1.57079633 3.14159265 0.        ] 0
[-1.57079633  3.14159265  3.14159265] 1
[1.57079633 3.14159265 0.        ] 0
[-1.57079633  3.14159265  3.14159265] 1
[1.57079633 3.14159265 0.        ] 0
[-1.57079633  3.14159265  3.14159265] 1
[1.57079633 3.14159265 0.        ] 0
[-1.57079633  3.14159265  3.14159265] 1
created model
loaded psi
momentum of initial state: 0 , particle number of initial state: 4
starting drmg run
E= -0.711116515598628
max bond dimension= 512
[0.21979885 3.45280827]
started to simulate
{'bc_MPS': 'infinite', 'bc': ['periodic', 'periodic'], 'V1': 0.6, 't': -1, 't2': -0.25, 'Lx': 2, 'Ly': 6, 'chi_max': 512, 'Nsec': 4, 'ktot': np.int64(0), 'saveAll': False, 'Delta': 0, 'phi_ext': np.float64(1.9000000000000001), 'explicit_plus_hc': False, 'N_rings': 2, 'xy_lattice': 'Square', 'ring_order': None, 'conserve_k': True, 'sort_mpo_legs': False}
4
[1.57079633 3.14159265 0.        ] 0
[-1.57079633  3.14159265  3.14159265] 1
[1.57079633 3.14159265 0.        ] 0
[-1.57079633  3.14159265  3.14159265] 1
[1.57079633 3.14159265 0.        ] 0
[-1.57079633  3.14159265  3.14159265] 1
[1.57079633 3.14159265 0.        ] 0
[-1.57079633  3.14159265  3.14159265] 1
[1.57079633 3.14159265 0.        ] 0
[-1.57079633  3.14159265  3.14159265] 1
[1.57079633 3.14159265 0.        ] 0
[-1.57079633  3.14159265  3.14159265] 1
created model
loaded psi
momentum of initial state: 0 , particle number of initial state: 4
starting drmg run
E= -0.7110705632980702
max bond dimension= 512
[0.25265123 3.45261542]
started to simulate
{'bc_MPS': 'infinite', 'bc': ['periodic', 'periodic'], 'V1': 0.6, 't': -1, 't2': -0.25, 'Lx': 2, 'Ly': 6, 'chi_max': 512, 'Nsec': 4, 'ktot': np.int64(0), 'saveAll': False, 'Delta': 0, 'phi_ext': np.float64(1.9500000000000002), 'explicit_plus_hc': False, 'N_rings': 2, 'xy_lattice': 'Square', 'ring_order': None, 'conserve_k': True, 'sort_mpo_legs': False}
4
[1.57079633 3.14159265 0.        ] 0
[-1.57079633  3.14159265  3.14159265] 1
[1.57079633 3.14159265 0.        ] 0
[-1.57079633  3.14159265  3.14159265] 1
[1.57079633 3.14159265 0.        ] 0
[-1.57079633  3.14159265  3.14159265] 1
[1.57079633 3.14159265 0.        ] 0
[-1.57079633  3.14159265  3.14159265] 1
[1.57079633 3.14159265 0.        ] 0
[-1.57079633  3.14159265  3.14159265] 1
[1.57079633 3.14159265 0.        ] 0
[-1.57079633  3.14159265  3.14159265] 1
created model
loaded psi
momentum of initial state: 0 , particle number of initial state: 4
starting drmg run
E= -0.711019029323154
max bond dimension= 512
[0.28598973 3.45229641]
started to simulate
{'bc_MPS': 'infinite', 'bc': ['periodic', 'periodic'], 'V1': 0.6, 't': -1, 't2': -0.25, 'Lx': 2, 'Ly': 6, 'chi_max': 512, 'Nsec': 4, 'ktot': np.int64(0), 'saveAll': False, 'Delta': 0, 'phi_ext': np.float64(2.0), 'explicit_plus_hc': False, 'N_rings': 2, 'xy_lattice': 'Square', 'ring_order': None, 'conserve_k': True, 'sort_mpo_legs': False}
4
[1.57079633 3.14159265 0.        ] 0
[-1.57079633  3.14159265  3.14159265] 1
[1.57079633 3.14159265 0.        ] 0
[-1.57079633  3.14159265  3.14159265] 1
[1.57079633 3.14159265 0.        ] 0
[-1.57079633  3.14159265  3.14159265] 1
[1.57079633 3.14159265 0.        ] 0
[-1.57079633  3.14159265  3.14159265] 1
[1.57079633 3.14159265 0.        ] 0
[-1.57079633  3.14159265  3.14159265] 1
[1.57079633 3.14159265 0.        ] 0
[-1.57079633  3.14159265  3.14159265] 1
created model
loaded psi
momentum of initial state: 0 , particle number of initial state: 4
starting drmg run
E= -0.7109621059783061
max bond dimension= 512
[0.3196835  3.45171267]
started to simulate
{'bc_MPS': 'infinite', 'bc': ['periodic', 'periodic'], 'V1': 0.6, 't': -1, 't2': -0.25, 'Lx': 2, 'Ly': 6, 'chi_max': 512, 'Nsec': 4, 'ktot': np.int64(0), 'saveAll': False, 'Delta': 0, 'phi_ext': np.float64(2.0500000000000003), 'explicit_plus_hc': False, 'N_rings': 2, 'xy_lattice': 'Square', 'ring_order': None, 'conserve_k': True, 'sort_mpo_legs': False}
4
[1.57079633 3.14159265 0.        ] 0
[-1.57079633  3.14159265  3.14159265] 1
[1.57079633 3.14159265 0.        ] 0
[-1.57079633  3.14159265  3.14159265] 1
[1.57079633 3.14159265 0.        ] 0
[-1.57079633  3.14159265  3.14159265] 1
[1.57079633 3.14159265 0.        ] 0
[-1.57079633  3.14159265  3.14159265] 1
[1.57079633 3.14159265 0.        ] 0
[-1.57079633  3.14159265  3.14159265] 1
[1.57079633 3.14159265 0.        ] 0
[-1.57079633  3.14159265  3.14159265] 1
created model
loaded psi
momentum of initial state: 0 , particle number of initial state: 4
starting drmg run
E= -0.7109025362272897
max bond dimension= 512
[0.35386953 3.4509692 ]
started to simulate
{'bc_MPS': 'infinite', 'bc': ['periodic', 'periodic'], 'V1': 0.6, 't': -1, 't2': -0.25, 'Lx': 2, 'Ly': 6, 'chi_max': 512, 'Nsec': 4, 'ktot': np.int64(0), 'saveAll': False, 'Delta': 0, 'phi_ext': np.float64(2.1), 'explicit_plus_hc': False, 'N_rings': 2, 'xy_lattice': 'Square', 'ring_order': None, 'conserve_k': True, 'sort_mpo_legs': False}
4
[1.57079633 3.14159265 0.        ] 0
[-1.57079633  3.14159265  3.14159265] 1
[1.57079633 3.14159265 0.        ] 0
[-1.57079633  3.14159265  3.14159265] 1
[1.57079633 3.14159265 0.        ] 0
[-1.57079633  3.14159265  3.14159265] 1
[1.57079633 3.14159265 0.        ] 0
[-1.57079633  3.14159265  3.14159265] 1
[1.57079633 3.14159265 0.        ] 0
[-1.57079633  3.14159265  3.14159265] 1
[1.57079633 3.14159265 0.        ] 0
[-1.57079633  3.14159265  3.14159265] 1
created model
loaded psi
momentum of initial state: 0 , particle number of initial state: 4
starting drmg run
E= -0.7108403628126846
max bond dimension= 512
[0.38844613 3.44971255]
started to simulate
{'bc_MPS': 'infinite', 'bc': ['periodic', 'periodic'], 'V1': 0.6, 't': -1, 't2': -0.25, 'Lx': 2, 'Ly': 6, 'chi_max': 512, 'Nsec': 4, 'ktot': np.int64(0), 'saveAll': False, 'Delta': 0, 'phi_ext': np.float64(2.15), 'explicit_plus_hc': False, 'N_rings': 2, 'xy_lattice': 'Square', 'ring_order': None, 'conserve_k': True, 'sort_mpo_legs': False}
4
[1.57079633 3.14159265 0.        ] 0
[-1.57079633  3.14159265  3.14159265] 1
[1.57079633 3.14159265 0.        ] 0
[-1.57079633  3.14159265  3.14159265] 1
[1.57079633 3.14159265 0.        ] 0
[-1.57079633  3.14159265  3.14159265] 1
[1.57079633 3.14159265 0.        ] 0
[-1.57079633  3.14159265  3.14159265] 1
[1.57079633 3.14159265 0.        ] 0
[-1.57079633  3.14159265  3.14159265] 1
[1.57079633 3.14159265 0.        ] 0
[-1.57079633  3.14159265  3.14159265] 1
created model
loaded psi
momentum of initial state: 0 , particle number of initial state: 4
starting drmg run
E= -0.7107782380793187
max bond dimension= 512
[0.42323779 3.4475734 ]
started to simulate
{'bc_MPS': 'infinite', 'bc': ['periodic', 'periodic'], 'V1': 0.6, 't': -1, 't2': -0.25, 'Lx': 2, 'Ly': 6, 'chi_max': 512, 'Nsec': 4, 'ktot': np.int64(0), 'saveAll': False, 'Delta': 0, 'phi_ext': np.float64(2.2), 'explicit_plus_hc': False, 'N_rings': 2, 'xy_lattice': 'Square', 'ring_order': None, 'conserve_k': True, 'sort_mpo_legs': False}
4
[1.57079633 3.14159265 0.        ] 0
[-1.57079633  3.14159265  3.14159265] 1
[1.57079633 3.14159265 0.        ] 0
[-1.57079633  3.14159265  3.14159265] 1
[1.57079633 3.14159265 0.        ] 0
[-1.57079633  3.14159265  3.14159265] 1
[1.57079633 3.14159265 0.        ] 0
[-1.57079633  3.14159265  3.14159265] 1
[1.57079633 3.14159265 0.        ] 0
[-1.57079633  3.14159265  3.14159265] 1
[1.57079633 3.14159265 0.        ] 0
[-1.57079633  3.14159265  3.14159265] 1
created model
loaded psi
momentum of initial state: 0 , particle number of initial state: 4
starting drmg run
E= -0.7107182765857184
max bond dimension= 512
[0.45806287 3.44400164]
started to simulate
{'bc_MPS': 'infinite', 'bc': ['periodic', 'periodic'], 'V1': 0.6, 't': -1, 't2': -0.25, 'Lx': 2, 'Ly': 6, 'chi_max': 512, 'Nsec': 4, 'ktot': np.int64(0), 'saveAll': False, 'Delta': 0, 'phi_ext': np.float64(2.25), 'explicit_plus_hc': False, 'N_rings': 2, 'xy_lattice': 'Square', 'ring_order': None, 'conserve_k': True, 'sort_mpo_legs': False}
4
[1.57079633 3.14159265 0.        ] 0
[-1.57079633  3.14159265  3.14159265] 1
[1.57079633 3.14159265 0.        ] 0
[-1.57079633  3.14159265  3.14159265] 1
[1.57079633 3.14159265 0.        ] 0
[-1.57079633  3.14159265  3.14159265] 1
[1.57079633 3.14159265 0.        ] 0
[-1.57079633  3.14159265  3.14159265] 1
[1.57079633 3.14159265 0.        ] 0
[-1.57079633  3.14159265  3.14159265] 1
[1.57079633 3.14159265 0.        ] 0
[-1.57079633  3.14159265  3.14159265] 1
created model
loaded psi
momentum of initial state: 0 , particle number of initial state: 4
starting drmg run
E= -0.710663589697153
max bond dimension= 512
[0.49306435 3.43922432]
started to simulate
{'bc_MPS': 'infinite', 'bc': ['periodic', 'periodic'], 'V1': 0.6, 't': -1, 't2': -0.25, 'Lx': 2, 'Ly': 6, 'chi_max': 512, 'Nsec': 4, 'ktot': np.int64(0), 'saveAll': False, 'Delta': 0, 'phi_ext': np.float64(2.3000000000000003), 'explicit_plus_hc': False, 'N_rings': 2, 'xy_lattice': 'Square', 'ring_order': None, 'conserve_k': True, 'sort_mpo_legs': False}
4
[1.57079633 3.14159265 0.        ] 0
[-1.57079633  3.14159265  3.14159265] 1
[1.57079633 3.14159265 0.        ] 0
[-1.57079633  3.14159265  3.14159265] 1
[1.57079633 3.14159265 0.        ] 0
[-1.57079633  3.14159265  3.14159265] 1
[1.57079633 3.14159265 0.        ] 0
[-1.57079633  3.14159265  3.14159265] 1
[1.57079633 3.14159265 0.        ] 0
[-1.57079633  3.14159265  3.14159265] 1
[1.57079633 3.14159265 0.        ] 0
[-1.57079633  3.14159265  3.14159265] 1
created model
loaded psi
momentum of initial state: 0 , particle number of initial state: 4
starting drmg run
E= -0.7106162668172639
max bond dimension= 512
[0.52812115 3.43257159]
started to simulate
{'bc_MPS': 'infinite', 'bc': ['periodic', 'periodic'], 'V1': 0.6, 't': -1, 't2': -0.25, 'Lx': 2, 'Ly': 6, 'chi_max': 512, 'Nsec': 4, 'ktot': np.int64(0), 'saveAll': False, 'Delta': 0, 'phi_ext': np.float64(2.35), 'explicit_plus_hc': False, 'N_rings': 2, 'xy_lattice': 'Square', 'ring_order': None, 'conserve_k': True, 'sort_mpo_legs': False}
4
[1.57079633 3.14159265 0.        ] 0
[-1.57079633  3.14159265  3.14159265] 1
[1.57079633 3.14159265 0.        ] 0
[-1.57079633  3.14159265  3.14159265] 1
[1.57079633 3.14159265 0.        ] 0
[-1.57079633  3.14159265  3.14159265] 1
[1.57079633 3.14159265 0.        ] 0
[-1.57079633  3.14159265  3.14159265] 1
[1.57079633 3.14159265 0.        ] 0
[-1.57079633  3.14159265  3.14159265] 1
[1.57079633 3.14159265 0.        ] 0
[-1.57079633  3.14159265  3.14159265] 1
created model
loaded psi
momentum of initial state: 0 , particle number of initial state: 4
starting drmg run
E= -0.7105787628663004
max bond dimension= 512
[0.56307182 3.42400555]
started to simulate
{'bc_MPS': 'infinite', 'bc': ['periodic', 'periodic'], 'V1': 0.6, 't': -1, 't2': -0.25, 'Lx': 2, 'Ly': 6, 'chi_max': 512, 'Nsec': 4, 'ktot': np.int64(0), 'saveAll': False, 'Delta': 0, 'phi_ext': np.float64(2.4000000000000004), 'explicit_plus_hc': False, 'N_rings': 2, 'xy_lattice': 'Square', 'ring_order': None, 'conserve_k': True, 'sort_mpo_legs': False}
4
[1.57079633 3.14159265 0.        ] 0
[-1.57079633  3.14159265  3.14159265] 1
[1.57079633 3.14159265 0.        ] 0
[-1.57079633  3.14159265  3.14159265] 1
[1.57079633 3.14159265 0.        ] 0
[-1.57079633  3.14159265  3.14159265] 1
[1.57079633 3.14159265 0.        ] 0
[-1.57079633  3.14159265  3.14159265] 1
[1.57079633 3.14159265 0.        ] 0
[-1.57079633  3.14159265  3.14159265] 1
[1.57079633 3.14159265 0.        ] 0
[-1.57079633  3.14159265  3.14159265] 1
created model
loaded psi
momentum of initial state: 0 , particle number of initial state: 4
starting drmg run
E= -0.7105522049338902
max bond dimension= 512
[0.59792249 3.41306326]
started to simulate
{'bc_MPS': 'infinite', 'bc': ['periodic', 'periodic'], 'V1': 0.6, 't': -1, 't2': -0.25, 'Lx': 2, 'Ly': 6, 'chi_max': 512, 'Nsec': 4, 'ktot': np.int64(0), 'saveAll': False, 'Delta': 0, 'phi_ext': np.float64(2.45), 'explicit_plus_hc': False, 'N_rings': 2, 'xy_lattice': 'Square', 'ring_order': None, 'conserve_k': True, 'sort_mpo_legs': False}
4
[1.57079633 3.14159265 0.        ] 0
[-1.57079633  3.14159265  3.14159265] 1
[1.57079633 3.14159265 0.        ] 0
[-1.57079633  3.14159265  3.14159265] 1
[1.57079633 3.14159265 0.        ] 0
[-1.57079633  3.14159265  3.14159265] 1
[1.57079633 3.14159265 0.        ] 0
[-1.57079633  3.14159265  3.14159265] 1
[1.57079633 3.14159265 0.        ] 0
[-1.57079633  3.14159265  3.14159265] 1
[1.57079633 3.14159265 0.        ] 0
[-1.57079633  3.14159265  3.14159265] 1
created model
loaded psi
momentum of initial state: 0 , particle number of initial state: 4
starting drmg run
E= -0.7105378009832842
max bond dimension= 512
[0.63258168 3.3998393 ]
started to simulate
{'bc_MPS': 'infinite', 'bc': ['periodic', 'periodic'], 'V1': 0.6, 't': -1, 't2': -0.25, 'Lx': 2, 'Ly': 6, 'chi_max': 512, 'Nsec': 4, 'ktot': np.int64(0), 'saveAll': False, 'Delta': 0, 'phi_ext': np.float64(2.5), 'explicit_plus_hc': False, 'N_rings': 2, 'xy_lattice': 'Square', 'ring_order': None, 'conserve_k': True, 'sort_mpo_legs': False}
4
[1.57079633 3.14159265 0.        ] 0
[-1.57079633  3.14159265  3.14159265] 1
[1.57079633 3.14159265 0.        ] 0
[-1.57079633  3.14159265  3.14159265] 1
[1.57079633 3.14159265 0.        ] 0
[-1.57079633  3.14159265  3.14159265] 1
[1.57079633 3.14159265 0.        ] 0
[-1.57079633  3.14159265  3.14159265] 1
[1.57079633 3.14159265 0.        ] 0
[-1.57079633  3.14159265  3.14159265] 1
[1.57079633 3.14159265 0.        ] 0
[-1.57079633  3.14159265  3.14159265] 1
created model
loaded psi
momentum of initial state: 0 , particle number of initial state: 4
starting drmg run
E= -0.7105347757865653
max bond dimension= 512
[0.66691667 3.3840015 ]
started to simulate
{'bc_MPS': 'infinite', 'bc': ['periodic', 'periodic'], 'V1': 0.6, 't': -1, 't2': -0.25, 'Lx': 2, 'Ly': 6, 'chi_max': 512, 'Nsec': 4, 'ktot': np.int64(0), 'saveAll': False, 'Delta': 0, 'phi_ext': np.float64(2.5500000000000003), 'explicit_plus_hc': False, 'N_rings': 2, 'xy_lattice': 'Square', 'ring_order': None, 'conserve_k': True, 'sort_mpo_legs': False}
4
[1.57079633 3.14159265 0.        ] 0
[-1.57079633  3.14159265  3.14159265] 1
[1.57079633 3.14159265 0.        ] 0
[-1.57079633  3.14159265  3.14159265] 1
[1.57079633 3.14159265 0.        ] 0
[-1.57079633  3.14159265  3.14159265] 1
[1.57079633 3.14159265 0.        ] 0
[-1.57079633  3.14159265  3.14159265] 1
[1.57079633 3.14159265 0.        ] 0
[-1.57079633  3.14159265  3.14159265] 1
[1.57079633 3.14159265 0.        ] 0
[-1.57079633  3.14159265  3.14159265] 1
created model
loaded psi
momentum of initial state: 0 , particle number of initial state: 4
starting drmg run
E= -0.7105431554732368
max bond dimension= 512
[0.7011131  3.36587282]
started to simulate
{'bc_MPS': 'infinite', 'bc': ['periodic', 'periodic'], 'V1': 0.6, 't': -1, 't2': -0.25, 'Lx': 2, 'Ly': 6, 'chi_max': 512, 'Nsec': 4, 'ktot': np.int64(0), 'saveAll': False, 'Delta': 0, 'phi_ext': np.float64(2.6), 'explicit_plus_hc': False, 'N_rings': 2, 'xy_lattice': 'Square', 'ring_order': None, 'conserve_k': True, 'sort_mpo_legs': False}
4
[1.57079633 3.14159265 0.        ] 0
[-1.57079633  3.14159265  3.14159265] 1
[1.57079633 3.14159265 0.        ] 0
[-1.57079633  3.14159265  3.14159265] 1
[1.57079633 3.14159265 0.        ] 0
[-1.57079633  3.14159265  3.14159265] 1
[1.57079633 3.14159265 0.        ] 0
[-1.57079633  3.14159265  3.14159265] 1
[1.57079633 3.14159265 0.        ] 0
[-1.57079633  3.14159265  3.14159265] 1
[1.57079633 3.14159265 0.        ] 0
[-1.57079633  3.14159265  3.14159265] 1
created model
loaded psi
momentum of initial state: 0 , particle number of initial state: 4
starting drmg run
E= -0.7105610177996718
max bond dimension= 512
[0.73496272 3.34530466]
started to simulate
{'bc_MPS': 'infinite', 'bc': ['periodic', 'periodic'], 'V1': 0.6, 't': -1, 't2': -0.25, 'Lx': 2, 'Ly': 6, 'chi_max': 512, 'Nsec': 4, 'ktot': np.int64(0), 'saveAll': False, 'Delta': 0, 'phi_ext': np.float64(2.6500000000000004), 'explicit_plus_hc': False, 'N_rings': 2, 'xy_lattice': 'Square', 'ring_order': None, 'conserve_k': True, 'sort_mpo_legs': False}
4
[1.57079633 3.14159265 0.        ] 0
[-1.57079633  3.14159265  3.14159265] 1
[1.57079633 3.14159265 0.        ] 0
[-1.57079633  3.14159265  3.14159265] 1
[1.57079633 3.14159265 0.        ] 0
[-1.57079633  3.14159265  3.14159265] 1
[1.57079633 3.14159265 0.        ] 0
[-1.57079633  3.14159265  3.14159265] 1
[1.57079633 3.14159265 0.        ] 0
[-1.57079633  3.14159265  3.14159265] 1
[1.57079633 3.14159265 0.        ] 0
[-1.57079633  3.14159265  3.14159265] 1
created model
loaded psi
momentum of initial state: 0 , particle number of initial state: 4
starting drmg run
E= -0.7105864089297995
max bond dimension= 512
[0.76862564 3.32253226]
started to simulate
{'bc_MPS': 'infinite', 'bc': ['periodic', 'periodic'], 'V1': 0.6, 't': -1, 't2': -0.25, 'Lx': 2, 'Ly': 6, 'chi_max': 512, 'Nsec': 4, 'ktot': np.int64(0), 'saveAll': False, 'Delta': 0, 'phi_ext': np.float64(2.7), 'explicit_plus_hc': False, 'N_rings': 2, 'xy_lattice': 'Square', 'ring_order': None, 'conserve_k': True, 'sort_mpo_legs': False}
4
[1.57079633 3.14159265 0.        ] 0
[-1.57079633  3.14159265  3.14159265] 1
[1.57079633 3.14159265 0.        ] 0
[-1.57079633  3.14159265  3.14159265] 1
[1.57079633 3.14159265 0.        ] 0
[-1.57079633  3.14159265  3.14159265] 1
[1.57079633 3.14159265 0.        ] 0
[-1.57079633  3.14159265  3.14159265] 1
[1.57079633 3.14159265 0.        ] 0
[-1.57079633  3.14159265  3.14159265] 1
[1.57079633 3.14159265 0.        ] 0
[-1.57079633  3.14159265  3.14159265] 1
created model
loaded psi
momentum of initial state: 0 , particle number of initial state: 4
starting drmg run
E= -0.7106163377400492
max bond dimension= 512
[0.80205353 3.29771601]
started to simulate
{'bc_MPS': 'infinite', 'bc': ['periodic', 'periodic'], 'V1': 0.6, 't': -1, 't2': -0.25, 'Lx': 2, 'Ly': 6, 'chi_max': 512, 'Nsec': 4, 'ktot': np.int64(0), 'saveAll': False, 'Delta': 0, 'phi_ext': np.float64(2.75), 'explicit_plus_hc': False, 'N_rings': 2, 'xy_lattice': 'Square', 'ring_order': None, 'conserve_k': True, 'sort_mpo_legs': False}
4
[1.57079633 3.14159265 0.        ] 0
[-1.57079633  3.14159265  3.14159265] 1
[1.57079633 3.14159265 0.        ] 0
[-1.57079633  3.14159265  3.14159265] 1
[1.57079633 3.14159265 0.        ] 0
[-1.57079633  3.14159265  3.14159265] 1
[1.57079633 3.14159265 0.        ] 0
[-1.57079633  3.14159265  3.14159265] 1
[1.57079633 3.14159265 0.        ] 0
[-1.57079633  3.14159265  3.14159265] 1
[1.57079633 3.14159265 0.        ] 0
[-1.57079633  3.14159265  3.14159265] 1
created model
loaded psi
momentum of initial state: 0 , particle number of initial state: 4
starting drmg run
E= -0.7106475608604654
max bond dimension= 512
[0.83525869 3.27099379]
started to simulate
{'bc_MPS': 'infinite', 'bc': ['periodic', 'periodic'], 'V1': 0.6, 't': -1, 't2': -0.25, 'Lx': 2, 'Ly': 6, 'chi_max': 512, 'Nsec': 4, 'ktot': np.int64(0), 'saveAll': False, 'Delta': 0, 'phi_ext': np.float64(2.8000000000000003), 'explicit_plus_hc': False, 'N_rings': 2, 'xy_lattice': 'Square', 'ring_order': None, 'conserve_k': True, 'sort_mpo_legs': False}
4
[1.57079633 3.14159265 0.        ] 0
[-1.57079633  3.14159265  3.14159265] 1
[1.57079633 3.14159265 0.        ] 0
[-1.57079633  3.14159265  3.14159265] 1
[1.57079633 3.14159265 0.        ] 0
[-1.57079633  3.14159265  3.14159265] 1
[1.57079633 3.14159265 0.        ] 0
[-1.57079633  3.14159265  3.14159265] 1
[1.57079633 3.14159265 0.        ] 0
[-1.57079633  3.14159265  3.14159265] 1
[1.57079633 3.14159265 0.        ] 0
[-1.57079633  3.14159265  3.14159265] 1
created model
loaded psi
momentum of initial state: 0 , particle number of initial state: 4
starting drmg run
E= -0.7106786223786136
max bond dimension= 512
[0.86838527 3.24286564]
started to simulate
{'bc_MPS': 'infinite', 'bc': ['periodic', 'periodic'], 'V1': 0.6, 't': -1, 't2': -0.25, 'Lx': 2, 'Ly': 6, 'chi_max': 512, 'Nsec': 4, 'ktot': np.int64(0), 'saveAll': False, 'Delta': 0, 'phi_ext': np.float64(2.85), 'explicit_plus_hc': False, 'N_rings': 2, 'xy_lattice': 'Square', 'ring_order': None, 'conserve_k': True, 'sort_mpo_legs': False}
4
[1.57079633 3.14159265 0.        ] 0
[-1.57079633  3.14159265  3.14159265] 1
[1.57079633 3.14159265 0.        ] 0
[-1.57079633  3.14159265  3.14159265] 1
[1.57079633 3.14159265 0.        ] 0
[-1.57079633  3.14159265  3.14159265] 1
[1.57079633 3.14159265 0.        ] 0
[-1.57079633  3.14159265  3.14159265] 1
[1.57079633 3.14159265 0.        ] 0
[-1.57079633  3.14159265  3.14159265] 1
[1.57079633 3.14159265 0.        ] 0
[-1.57079633  3.14159265  3.14159265] 1
created model
loaded psi
momentum of initial state: 0 , particle number of initial state: 4
starting drmg run
E= -0.71070547748
max bond dimension= 512
[0.90131299 3.21312804]
started to simulate
{'bc_MPS': 'infinite', 'bc': ['periodic', 'periodic'], 'V1': 0.6, 't': -1, 't2': -0.25, 'Lx': 2, 'Ly': 6, 'chi_max': 512, 'Nsec': 4, 'ktot': np.int64(0), 'saveAll': False, 'Delta': 0, 'phi_ext': np.float64(2.9000000000000004), 'explicit_plus_hc': False, 'N_rings': 2, 'xy_lattice': 'Square', 'ring_order': None, 'conserve_k': True, 'sort_mpo_legs': False}
4
[1.57079633 3.14159265 0.        ] 0
[-1.57079633  3.14159265  3.14159265] 1
[1.57079633 3.14159265 0.        ] 0
[-1.57079633  3.14159265  3.14159265] 1
[1.57079633 3.14159265 0.        ] 0
[-1.57079633  3.14159265  3.14159265] 1
[1.57079633 3.14159265 0.        ] 0
[-1.57079633  3.14159265  3.14159265] 1
[1.57079633 3.14159265 0.        ] 0
[-1.57079633  3.14159265  3.14159265] 1
[1.57079633 3.14159265 0.        ] 0
[-1.57079633  3.14159265  3.14159265] 1
created model
loaded psi
momentum of initial state: 0 , particle number of initial state: 4
starting drmg run
E= -0.7107262116184595
max bond dimension= 512
[0.93415923 3.18192619]
started to simulate
{'bc_MPS': 'infinite', 'bc': ['periodic', 'periodic'], 'V1': 0.6, 't': -1, 't2': -0.25, 'Lx': 2, 'Ly': 6, 'chi_max': 512, 'Nsec': 4, 'ktot': np.int64(0), 'saveAll': False, 'Delta': 0, 'phi_ext': np.float64(2.95), 'explicit_plus_hc': False, 'N_rings': 2, 'xy_lattice': 'Square', 'ring_order': None, 'conserve_k': True, 'sort_mpo_legs': False}
4
[1.57079633 3.14159265 0.        ] 0
[-1.57079633  3.14159265  3.14159265] 1
[1.57079633 3.14159265 0.        ] 0
[-1.57079633  3.14159265  3.14159265] 1
[1.57079633 3.14159265 0.        ] 0
[-1.57079633  3.14159265  3.14159265] 1
[1.57079633 3.14159265 0.        ] 0
[-1.57079633  3.14159265  3.14159265] 1
[1.57079633 3.14159265 0.        ] 0
[-1.57079633  3.14159265  3.14159265] 1
[1.57079633 3.14159265 0.        ] 0
[-1.57079633  3.14159265  3.14159265] 1
created model
loaded psi
momentum of initial state: 0 , particle number of initial state: 4
starting drmg run
E= -0.7107393455700096
max bond dimension= 512
[0.96692081 3.14939248]
started to simulate
{'bc_MPS': 'infinite', 'bc': ['periodic', 'periodic'], 'V1': 0.6, 't': -1, 't2': -0.25, 'Lx': 2, 'Ly': 6, 'chi_max': 512, 'Nsec': 4, 'ktot': np.int64(0), 'saveAll': False, 'Delta': 0, 'phi_ext': np.float64(3.0), 'explicit_plus_hc': False, 'N_rings': 2, 'xy_lattice': 'Square', 'ring_order': None, 'conserve_k': True, 'sort_mpo_legs': False}
4
[1.57079633 3.14159265 0.        ] 0
[-1.57079633  3.14159265  3.14159265] 1
[1.57079633 3.14159265 0.        ] 0
[-1.57079633  3.14159265  3.14159265] 1
[1.57079633 3.14159265 0.        ] 0
[-1.57079633  3.14159265  3.14159265] 1
[1.57079633 3.14159265 0.        ] 0
[-1.57079633  3.14159265  3.14159265] 1
[1.57079633 3.14159265 0.        ] 0
[-1.57079633  3.14159265  3.14159265] 1
[1.57079633 3.14159265 0.        ] 0
[-1.57079633  3.14159265  3.14159265] 1
created model
loaded psi
momentum of initial state: 0 , particle number of initial state: 4
starting drmg run
E= -0.7107436619657742
max bond dimension= 512
[0.99968003 3.11555062]
finished at Thu 23 Oct 21:48:44 CEST 2025
