Running task 7 specified in logfiles/cpump_ML_01.config.pkl on anderson14 at Sat 25 Oct 19:32:21 CEST 2025 with 6 threads
INFO:tenpy.tools.params:MixedHofstadterLandauGauge_Pi_2: reading 'Lx'=2
INFO:tenpy.tools.params:MixedHofstadterLandauGauge_Pi_2: setting 'N_rings'=2
INFO:tenpy.tools.params:MixedHofstadterLandauGauge_Pi_2: reading 'Ly'=3
INFO:tenpy.tools.params:MixedHofstadterLandauGauge_Pi_2: reading 'bc_MPS'='infinite'
INFO:tenpy.tools.params:MixedHofstadterLandauGauge_Pi_2: reading 't'=-1
INFO:tenpy.tools.params:MixedHofstadterLandauGauge_Pi_2: reading 't2'=-0.25
INFO:tenpy.tools.params:MixedHofstadterLandauGauge_Pi_2: reading 'V1'=0.6
INFO:tenpy.tools.params:MixedHofstadterLandauGauge_Pi_2: reading 'phi_ext'=np.float64(0.0)
/home/t30/kna/ge54yin/Documents/MasterThesisFQHinTMDs/MPS_stuff/MPScalculations/.venv/lib/python3.12/site-packages/tenpy/tools/params.py:232: UserWarning: unused options for config MixedHofstadterLandauGauge_Pi_2:
['Delta', 'N_rings', 'Nsec', 'bc', 'chi_max', 'ktot', 'saveAll']
  warnings.warn(msg.format(keys=sorted(unused), name=self.name))
INFO:tenpy.tools.params:DMRG: subconfig 'trunc_params'=Config(<1 options>, 'trunc_params')
INFO:tenpy.tools.params:DMRG: reading 'chi_list'={0: 256}
INFO:tenpy.algorithms.mps_common:start environment_sweep
INFO:tenpy.tools.params:trunc_params: reading 'chi_max'=256
INFO:tenpy.tools.params:DMRG: reading 'mixer'=True
INFO:tenpy.algorithms.mps_common:activate DensityMatrixMixer with initial amplitude 1e-05
INFO:tenpy.tools.params:DMRG: reading 'max_sweeps'=250
INFO:tenpy.algorithms.dmrg:Running sweep with optimization
INFO:tenpy.algorithms.mps_common:Setting chi_max=256
INFO:tenpy.algorithms.mps_common:activate DensityMatrixMixer with initial amplitude 1e-05
INFO:tenpy.algorithms.mps_common:start environment_sweep
INFO:tenpy.algorithms.dmrg:checkpoint after sweep 10
energy=-0.8855608032915683, max S=1.4214082061829683, age=198, norm_err=2.3e-10
Current memory usage 169.4MB, wall time: 23.7s
Delta E = nan, Delta S = 8.5517e-02 (per sweep)
max trunc_err = 5.3068e-12, max E_trunc = 4.3002e-11
chi: [256, 256, 256, 256, 256, 256]
================================================================================
INFO:tenpy.algorithms.dmrg:Running sweep with optimization
INFO:tenpy.algorithms.mps_common:start environment_sweep
INFO:tenpy.algorithms.dmrg:checkpoint after sweep 20
energy=-0.8855608033339593, max S=1.4214082075595522, age=378, norm_err=7.5e-11
Current memory usage 169.4MB, wall time: 16.0s
Delta E = -4.2391e-12, Delta S = -9.2096e-07 (per sweep)
max trunc_err = 2.0015e-12, max E_trunc = 2.0236e-11
chi: [256, 256, 256, 256, 256, 256]
================================================================================
INFO:tenpy.algorithms.mps_common:TwoSiteDMRGEngine: Convergence criterion reached with enabled mixer. Disable mixer and continue.
INFO:tenpy.algorithms.mps_common:deactivate DensityMatrixMixer with final amplitude 1.5624999999999996e-07
INFO:tenpy.algorithms.dmrg:Running sweep with optimization
INFO:tenpy.algorithms.mps_common:start environment_sweep
INFO:tenpy.algorithms.dmrg:checkpoint after sweep 30
energy=-0.8855608033550718, max S=1.4214082082582360, age=558, norm_err=4.0e-15
Current memory usage 169.4MB, wall time: 9.5s
Delta E = -2.1113e-12, Delta S = -1.3216e-07 (per sweep)
max trunc_err = 2.5549e-13, max E_trunc = 5.0022e-12
chi: [256, 256, 256, 256, 256, 256]
================================================================================
INFO:tenpy.algorithms.dmrg:TwoSiteDMRGEngine finished after 30 sweeps, max chi=256
INFO:tenpy.tools.params:MixedHofstadterLandauGauge_Pi_2: reading 'explicit_plus_hc'=False
INFO:tenpy.tools.params:MixedHofstadterLandauGauge_Pi_2: reading 'Lx'=2
INFO:tenpy.tools.params:MixedHofstadterLandauGauge_Pi_2: setting 'N_rings'=2
INFO:tenpy.tools.params:MixedHofstadterLandauGauge_Pi_2: reading 'xy_lattice'='Square'
INFO:tenpy.tools.params:MixedHofstadterLandauGauge_Pi_2: reading 'Ly'=3
INFO:tenpy.tools.params:MixedHofstadterLandauGauge_Pi_2: reading 'ring_order'=None
INFO:tenpy.tools.params:MixedHofstadterLandauGauge_Pi_2: reading 'conserve_k'=True
INFO:tenpy.tools.params:MixedHofstadterLandauGauge_Pi_2: reading 'bc_MPS'='infinite'
INFO:tenpy.tools.params:MixedHofstadterLandauGauge_Pi_2: reading 't'=-1
INFO:tenpy.tools.params:MixedHofstadterLandauGauge_Pi_2: reading 't2'=-0.25
INFO:tenpy.tools.params:MixedHofstadterLandauGauge_Pi_2: reading 'V1'=0.6
INFO:tenpy.tools.params:MixedHofstadterLandauGauge_Pi_2: reading 'phi_ext'=np.float64(0.05)
INFO:tenpy.tools.params:MixedHofstadterLandauGauge_Pi_2: reading 'sort_mpo_legs'=False
/home/t30/kna/ge54yin/Documents/MasterThesisFQHinTMDs/MPS_stuff/MPScalculations/.venv/lib/python3.12/site-packages/tenpy/tools/params.py:232: UserWarning: unused options for config MixedHofstadterLandauGauge_Pi_2:
['Delta', 'N_rings', 'Nsec', 'bc', 'chi_max', 'ktot', 'saveAll']
  warnings.warn(msg.format(keys=sorted(unused), name=self.name))
INFO:tenpy.tools.params:DMRG: subconfig 'trunc_params'=Config(<1 options>, 'trunc_params')
INFO:tenpy.algorithms.mps_common:start environment_sweep
INFO:tenpy.tools.params:trunc_params: reading 'chi_max'=256
INFO:tenpy.tools.params:DMRG: subconfig 'mixer_params'=Config(<1 options>, 'mixer_params')
INFO:tenpy.tools.params:DMRG: reading 'mixer'=None
INFO:tenpy.tools.params:DMRG: reading 'max_sweeps'=100
INFO:tenpy.algorithms.dmrg:Running sweep with optimization
INFO:tenpy.algorithms.mps_common:start environment_sweep
INFO:tenpy.algorithms.dmrg:checkpoint after sweep 10
energy=-0.8855673570400834, max S=1.4517847044401002, age=198, norm_err=4.0e-15
Current memory usage 195.1MB, wall time: 11.4s
Delta E = nan, Delta S = 4.6568e-07 (per sweep)
max trunc_err = 3.0456e-13, max E_trunc = 5.9259e-12
chi: [256, 256, 256, 256, 256, 256]
================================================================================
INFO:tenpy.algorithms.dmrg:Running sweep with optimization
INFO:tenpy.algorithms.mps_common:start environment_sweep
INFO:tenpy.algorithms.dmrg:checkpoint after sweep 20
energy=-0.8855673570399887, max S=1.4517847044295191, age=378, norm_err=3.8e-15
Current memory usage 195.1MB, wall time: 9.4s
Delta E = 9.4702e-15, Delta S = -1.1677e-12 (per sweep)
max trunc_err = 2.7412e-13, max E_trunc = 5.7980e-12
chi: [256, 256, 256, 256, 256, 256]
================================================================================
INFO:tenpy.algorithms.dmrg:TwoSiteDMRGEngine finished after 20 sweeps, max chi=256
INFO:tenpy.tools.params:MixedHofstadterLandauGauge_Pi_2: reading 'explicit_plus_hc'=False
INFO:tenpy.tools.params:MixedHofstadterLandauGauge_Pi_2: reading 'Lx'=2
INFO:tenpy.tools.params:MixedHofstadterLandauGauge_Pi_2: setting 'N_rings'=2
INFO:tenpy.tools.params:MixedHofstadterLandauGauge_Pi_2: reading 'xy_lattice'='Square'
INFO:tenpy.tools.params:MixedHofstadterLandauGauge_Pi_2: reading 'Ly'=3
INFO:tenpy.tools.params:MixedHofstadterLandauGauge_Pi_2: reading 'ring_order'=None
INFO:tenpy.tools.params:MixedHofstadterLandauGauge_Pi_2: reading 'conserve_k'=True
INFO:tenpy.tools.params:MixedHofstadterLandauGauge_Pi_2: reading 'bc_MPS'='infinite'
INFO:tenpy.tools.params:MixedHofstadterLandauGauge_Pi_2: reading 't'=-1
INFO:tenpy.tools.params:MixedHofstadterLandauGauge_Pi_2: reading 't2'=-0.25
INFO:tenpy.tools.params:MixedHofstadterLandauGauge_Pi_2: reading 'V1'=0.6
INFO:tenpy.tools.params:MixedHofstadterLandauGauge_Pi_2: reading 'phi_ext'=np.float64(0.1)
INFO:tenpy.tools.params:MixedHofstadterLandauGauge_Pi_2: reading 'sort_mpo_legs'=False
/home/t30/kna/ge54yin/Documents/MasterThesisFQHinTMDs/MPS_stuff/MPScalculations/.venv/lib/python3.12/site-packages/tenpy/tools/params.py:232: UserWarning: unused options for config MixedHofstadterLandauGauge_Pi_2:
['Delta', 'N_rings', 'Nsec', 'bc', 'chi_max', 'ktot', 'saveAll']
  warnings.warn(msg.format(keys=sorted(unused), name=self.name))
INFO:tenpy.tools.params:DMRG: reading 'active_sites'=2
INFO:tenpy.tools.params:DMRG: reading 'diag_method'='default'
INFO:tenpy.tools.params:DMRG: subconfig 'trunc_params'=Config(<5 options>, 'trunc_params')
INFO:tenpy.tools.params:DMRG: reading 'max_N_sites_per_ring'=18
INFO:tenpy.tools.params:DMRG: reading 'combine'=False
INFO:tenpy.tools.params:DMRG: subconfig 'lanczos_params'=Config(<9 options>, 'lanczos_params')
INFO:tenpy.tools.params:DMRG: reading 'chi_list'=None
INFO:tenpy.tools.params:DMRG: reading 'start_env'=1
INFO:tenpy.algorithms.mps_common:start environment_sweep
INFO:tenpy.tools.params:DMRG: reading 'N_sweeps_check'=10
INFO:tenpy.tools.params:DMRG: subconfig 'mixer_params'=Config(<3 options>, 'mixer_params')
INFO:tenpy.tools.params:DMRG: reading 'mixer'=None
INFO:tenpy.tools.params:DMRG: reading 'max_sweeps'=100
INFO:tenpy.tools.params:DMRG: reading 'max_hours'=8760
INFO:tenpy.tools.params:DMRG: reading 'P_tol_to_trunc'=0.05
INFO:tenpy.tools.params:DMRG: reading 'P_tol_min'=5.0000000000000004e-30
INFO:tenpy.tools.params:DMRG: reading 'P_tol_max'=0.0001
INFO:tenpy.tools.params:DMRG: reading 'E_tol_to_trunc'=None
INFO:tenpy.algorithms.dmrg:Running sweep with optimization
INFO:tenpy.tools.params:DMRG: reading 'max_N_for_ED'=400
INFO:tenpy.tools.params:DMRG: reading 'update_env'=5
INFO:tenpy.algorithms.mps_common:start environment_sweep
INFO:tenpy.algorithms.dmrg:checkpoint after sweep 10
energy=-0.8855845151447141, max S=1.4758159603079073, age=198, norm_err=3.9e-15
Current memory usage 200.9MB, wall time: 10.1s
Delta E = nan, Delta S = 3.5177e-06 (per sweep)
max trunc_err = 2.6114e-13, max E_trunc = 5.4570e-12
chi: [256, 256, 256, 256, 256, 256]
================================================================================
INFO:tenpy.algorithms.dmrg:Running sweep with optimization
INFO:tenpy.algorithms.mps_common:start environment_sweep
INFO:tenpy.algorithms.dmrg:checkpoint after sweep 20
energy=-0.8855845151446337, max S=1.4758159602968339, age=378, norm_err=4.1e-15
Current memory usage 200.9MB, wall time: 8.6s
Delta E = 8.0491e-15, Delta S = -2.3886e-13 (per sweep)
max trunc_err = 2.6114e-13, max E_trunc = 5.7980e-12
chi: [256, 256, 256, 256, 256, 256]
================================================================================
INFO:tenpy.tools.params:DMRG: reading 'max_E_err'=1e-08
INFO:tenpy.tools.params:DMRG: reading 'max_S_err'=1e-05
INFO:tenpy.tools.params:DMRG: reading 'norm_tol'=1e-05
INFO:tenpy.tools.params:DMRG: reading 'norm_tol_final'=1e-10
INFO:tenpy.tools.params:DMRG: reading 'norm_tol_iter'=5
INFO:tenpy.algorithms.dmrg:TwoSiteDMRGEngine finished after 20 sweeps, max chi=256
INFO:tenpy.tools.params:DMRG: reading 'max_trunc_err'=0.0001
INFO:tenpy.tools.params:MixedHofstadterLandauGauge_Pi_2: reading 'explicit_plus_hc'=False
INFO:tenpy.tools.params:MixedHofstadterLandauGauge_Pi_2: reading 'Lx'=2
INFO:tenpy.tools.params:MixedHofstadterLandauGauge_Pi_2: setting 'N_rings'=2
INFO:tenpy.tools.params:MixedHofstadterLandauGauge_Pi_2: reading 'xy_lattice'='Square'
INFO:tenpy.tools.params:MixedHofstadterLandauGauge_Pi_2: reading 'Ly'=3
INFO:tenpy.tools.params:MixedHofstadterLandauGauge_Pi_2: reading 'ring_order'=None
INFO:tenpy.tools.params:MixedHofstadterLandauGauge_Pi_2: reading 'conserve_k'=True
INFO:tenpy.tools.params:MixedHofstadterLandauGauge_Pi_2: reading 'bc_MPS'='infinite'
INFO:tenpy.tools.params:MixedHofstadterLandauGauge_Pi_2: reading 't'=-1
INFO:tenpy.tools.params:MixedHofstadterLandauGauge_Pi_2: reading 't2'=-0.25
INFO:tenpy.tools.params:MixedHofstadterLandauGauge_Pi_2: reading 'V1'=0.6
INFO:tenpy.tools.params:MixedHofstadterLandauGauge_Pi_2: reading 'phi_ext'=np.float64(0.15000000000000002)
INFO:tenpy.tools.params:MixedHofstadterLandauGauge_Pi_2: reading 'sort_mpo_legs'=False
/home/t30/kna/ge54yin/Documents/MasterThesisFQHinTMDs/MPS_stuff/MPScalculations/.venv/lib/python3.12/site-packages/tenpy/tools/params.py:232: UserWarning: unused options for config MixedHofstadterLandauGauge_Pi_2:
['Delta', 'N_rings', 'Nsec', 'bc', 'chi_max', 'ktot', 'saveAll']
  warnings.warn(msg.format(keys=sorted(unused), name=self.name))
INFO:tenpy.tools.params:DMRG: reading 'active_sites'=2
INFO:tenpy.tools.params:DMRG: reading 'diag_method'='default'
INFO:tenpy.tools.params:DMRG: subconfig 'trunc_params'=Config(<5 options>, 'trunc_params')
INFO:tenpy.tools.params:DMRG: reading 'max_N_sites_per_ring'=18
INFO:tenpy.tools.params:DMRG: reading 'combine'=False
INFO:tenpy.tools.params:DMRG: subconfig 'lanczos_params'=Config(<9 options>, 'lanczos_params')
INFO:tenpy.tools.params:DMRG: reading 'chi_list'=None
INFO:tenpy.tools.params:DMRG: reading 'start_env'=1
INFO:tenpy.algorithms.mps_common:start environment_sweep
INFO:tenpy.tools.params:DMRG: reading 'N_sweeps_check'=10
INFO:tenpy.tools.params:DMRG: subconfig 'mixer_params'=Config(<3 options>, 'mixer_params')
INFO:tenpy.tools.params:DMRG: reading 'mixer'=None
INFO:tenpy.tools.params:DMRG: reading 'max_sweeps'=100
INFO:tenpy.tools.params:DMRG: reading 'max_hours'=8760
INFO:tenpy.tools.params:DMRG: reading 'P_tol_to_trunc'=0.05
INFO:tenpy.tools.params:DMRG: reading 'P_tol_min'=5.0000000000000004e-30
INFO:tenpy.tools.params:DMRG: reading 'P_tol_max'=0.0001
INFO:tenpy.tools.params:DMRG: reading 'E_tol_to_trunc'=None
INFO:tenpy.algorithms.dmrg:Running sweep with optimization
INFO:tenpy.tools.params:DMRG: reading 'max_N_for_ED'=400
INFO:tenpy.tools.params:DMRG: reading 'update_env'=5
INFO:tenpy.algorithms.mps_common:start environment_sweep
INFO:tenpy.algorithms.dmrg:checkpoint after sweep 10
energy=-0.8856057243940777, max S=1.4932161640775332, age=198, norm_err=5.0e-15
Current memory usage 200.9MB, wall time: 10.1s
Delta E = nan, Delta S = 4.7323e-06 (per sweep)
max trunc_err = 2.6713e-13, max E_trunc = 5.4712e-12
chi: [256, 256, 256, 256, 256, 256]
================================================================================
INFO:tenpy.algorithms.dmrg:Running sweep with optimization
INFO:tenpy.algorithms.mps_common:start environment_sweep
INFO:tenpy.algorithms.dmrg:checkpoint after sweep 20
energy=-0.8856057243941583, max S=1.4932161640697044, age=378, norm_err=5.2e-15
Current memory usage 200.9MB, wall time: 9.0s
Delta E = -8.0602e-15, Delta S = -2.7152e-13 (per sweep)
max trunc_err = 2.6713e-13, max E_trunc = 5.4001e-12
chi: [256, 256, 256, 256, 256, 256]
================================================================================
INFO:tenpy.tools.params:DMRG: reading 'max_E_err'=1e-08
INFO:tenpy.tools.params:DMRG: reading 'max_S_err'=1e-05
INFO:tenpy.tools.params:DMRG: reading 'norm_tol'=1e-05
INFO:tenpy.tools.params:DMRG: reading 'norm_tol_final'=1e-10
INFO:tenpy.tools.params:DMRG: reading 'norm_tol_iter'=5
INFO:tenpy.algorithms.dmrg:TwoSiteDMRGEngine finished after 20 sweeps, max chi=256
INFO:tenpy.tools.params:DMRG: reading 'max_trunc_err'=0.0001
INFO:tenpy.tools.params:MixedHofstadterLandauGauge_Pi_2: reading 'explicit_plus_hc'=False
INFO:tenpy.tools.params:MixedHofstadterLandauGauge_Pi_2: reading 'Lx'=2
INFO:tenpy.tools.params:MixedHofstadterLandauGauge_Pi_2: setting 'N_rings'=2
INFO:tenpy.tools.params:MixedHofstadterLandauGauge_Pi_2: reading 'xy_lattice'='Square'
INFO:tenpy.tools.params:MixedHofstadterLandauGauge_Pi_2: reading 'Ly'=3
INFO:tenpy.tools.params:MixedHofstadterLandauGauge_Pi_2: reading 'ring_order'=None
INFO:tenpy.tools.params:MixedHofstadterLandauGauge_Pi_2: reading 'conserve_k'=True
INFO:tenpy.tools.params:MixedHofstadterLandauGauge_Pi_2: reading 'bc_MPS'='infinite'
INFO:tenpy.tools.params:MixedHofstadterLandauGauge_Pi_2: reading 't'=-1
INFO:tenpy.tools.params:MixedHofstadterLandauGauge_Pi_2: reading 't2'=-0.25
INFO:tenpy.tools.params:MixedHofstadterLandauGauge_Pi_2: reading 'V1'=0.6
INFO:tenpy.tools.params:MixedHofstadterLandauGauge_Pi_2: reading 'phi_ext'=np.float64(0.2)
INFO:tenpy.tools.params:MixedHofstadterLandauGauge_Pi_2: reading 'sort_mpo_legs'=False
/home/t30/kna/ge54yin/Documents/MasterThesisFQHinTMDs/MPS_stuff/MPScalculations/.venv/lib/python3.12/site-packages/tenpy/tools/params.py:232: UserWarning: unused options for config MixedHofstadterLandauGauge_Pi_2:
['Delta', 'N_rings', 'Nsec', 'bc', 'chi_max', 'ktot', 'saveAll']
  warnings.warn(msg.format(keys=sorted(unused), name=self.name))
INFO:tenpy.tools.params:DMRG: reading 'active_sites'=2
INFO:tenpy.tools.params:DMRG: reading 'diag_method'='default'
INFO:tenpy.tools.params:DMRG: subconfig 'trunc_params'=Config(<5 options>, 'trunc_params')
INFO:tenpy.tools.params:DMRG: reading 'max_N_sites_per_ring'=18
INFO:tenpy.tools.params:DMRG: reading 'combine'=False
INFO:tenpy.tools.params:DMRG: subconfig 'lanczos_params'=Config(<9 options>, 'lanczos_params')
INFO:tenpy.tools.params:DMRG: reading 'chi_list'=None
INFO:tenpy.tools.params:DMRG: reading 'start_env'=1
INFO:tenpy.algorithms.mps_common:start environment_sweep
INFO:tenpy.tools.params:DMRG: reading 'N_sweeps_check'=10
INFO:tenpy.tools.params:DMRG: subconfig 'mixer_params'=Config(<3 options>, 'mixer_params')
INFO:tenpy.tools.params:DMRG: reading 'mixer'=None
INFO:tenpy.tools.params:DMRG: reading 'max_sweeps'=100
INFO:tenpy.tools.params:DMRG: reading 'max_hours'=8760
INFO:tenpy.tools.params:DMRG: reading 'P_tol_to_trunc'=0.05
INFO:tenpy.tools.params:DMRG: reading 'P_tol_min'=5.0000000000000004e-30
INFO:tenpy.tools.params:DMRG: reading 'P_tol_max'=0.0001
INFO:tenpy.tools.params:DMRG: reading 'E_tol_to_trunc'=None
INFO:tenpy.algorithms.dmrg:Running sweep with optimization
INFO:tenpy.tools.params:DMRG: reading 'max_N_for_ED'=400
INFO:tenpy.tools.params:DMRG: reading 'update_env'=5
INFO:tenpy.algorithms.mps_common:start environment_sweep
INFO:tenpy.algorithms.dmrg:checkpoint after sweep 10
energy=-0.8856228835750622, max S=1.5037561028368538, age=198, norm_err=9.2e-15
Current memory usage 200.9MB, wall time: 10.4s
Delta E = nan, Delta S = 3.6550e-06 (per sweep)
max trunc_err = 3.3693e-13, max E_trunc = 6.5086e-12
chi: [256, 256, 256, 256, 256, 256]
================================================================================
INFO:tenpy.algorithms.dmrg:Running sweep with optimization
INFO:tenpy.algorithms.mps_common:start environment_sweep
INFO:tenpy.algorithms.dmrg:checkpoint after sweep 20
energy=-0.8856228835751239, max S=1.5037561028241804, age=378, norm_err=8.5e-15
Current memory usage 200.9MB, wall time: 9.4s
Delta E = -6.1617e-15, Delta S = -1.2138e-12 (per sweep)
max trunc_err = 2.9123e-13, max E_trunc = 6.3096e-12
chi: [256, 256, 256, 256, 256, 256]
================================================================================
INFO:tenpy.tools.params:DMRG: reading 'max_E_err'=1e-08
INFO:tenpy.tools.params:DMRG: reading 'max_S_err'=1e-05
INFO:tenpy.tools.params:DMRG: reading 'norm_tol'=1e-05
INFO:tenpy.tools.params:DMRG: reading 'norm_tol_final'=1e-10
INFO:tenpy.tools.params:DMRG: reading 'norm_tol_iter'=5
INFO:tenpy.algorithms.dmrg:TwoSiteDMRGEngine finished after 20 sweeps, max chi=256
INFO:tenpy.tools.params:DMRG: reading 'max_trunc_err'=0.0001
INFO:tenpy.tools.params:MixedHofstadterLandauGauge_Pi_2: reading 'explicit_plus_hc'=False
INFO:tenpy.tools.params:MixedHofstadterLandauGauge_Pi_2: reading 'Lx'=2
INFO:tenpy.tools.params:MixedHofstadterLandauGauge_Pi_2: setting 'N_rings'=2
INFO:tenpy.tools.params:MixedHofstadterLandauGauge_Pi_2: reading 'xy_lattice'='Square'
INFO:tenpy.tools.params:MixedHofstadterLandauGauge_Pi_2: reading 'Ly'=3
INFO:tenpy.tools.params:MixedHofstadterLandauGauge_Pi_2: reading 'ring_order'=None
INFO:tenpy.tools.params:MixedHofstadterLandauGauge_Pi_2: reading 'conserve_k'=True
INFO:tenpy.tools.params:MixedHofstadterLandauGauge_Pi_2: reading 'bc_MPS'='infinite'
INFO:tenpy.tools.params:MixedHofstadterLandauGauge_Pi_2: reading 't'=-1
INFO:tenpy.tools.params:MixedHofstadterLandauGauge_Pi_2: reading 't2'=-0.25
INFO:tenpy.tools.params:MixedHofstadterLandauGauge_Pi_2: reading 'V1'=0.6
INFO:tenpy.tools.params:MixedHofstadterLandauGauge_Pi_2: reading 'phi_ext'=np.float64(0.25)
INFO:tenpy.tools.params:MixedHofstadterLandauGauge_Pi_2: reading 'sort_mpo_legs'=False
/home/t30/kna/ge54yin/Documents/MasterThesisFQHinTMDs/MPS_stuff/MPScalculations/.venv/lib/python3.12/site-packages/tenpy/tools/params.py:232: UserWarning: unused options for config MixedHofstadterLandauGauge_Pi_2:
['Delta', 'N_rings', 'Nsec', 'bc', 'chi_max', 'ktot', 'saveAll']
  warnings.warn(msg.format(keys=sorted(unused), name=self.name))
INFO:tenpy.tools.params:DMRG: reading 'active_sites'=2
INFO:tenpy.tools.params:DMRG: reading 'diag_method'='default'
INFO:tenpy.tools.params:DMRG: subconfig 'trunc_params'=Config(<5 options>, 'trunc_params')
INFO:tenpy.tools.params:DMRG: reading 'max_N_sites_per_ring'=18
INFO:tenpy.tools.params:DMRG: reading 'combine'=False
INFO:tenpy.tools.params:DMRG: subconfig 'lanczos_params'=Config(<9 options>, 'lanczos_params')
INFO:tenpy.tools.params:DMRG: reading 'chi_list'=None
INFO:tenpy.tools.params:DMRG: reading 'start_env'=1
INFO:tenpy.algorithms.mps_common:start environment_sweep
INFO:tenpy.tools.params:DMRG: reading 'N_sweeps_check'=10
INFO:tenpy.tools.params:DMRG: subconfig 'mixer_params'=Config(<3 options>, 'mixer_params')
INFO:tenpy.tools.params:DMRG: reading 'mixer'=None
INFO:tenpy.tools.params:DMRG: reading 'max_sweeps'=100
INFO:tenpy.tools.params:DMRG: reading 'max_hours'=8760
INFO:tenpy.tools.params:DMRG: reading 'P_tol_to_trunc'=0.05
INFO:tenpy.tools.params:DMRG: reading 'P_tol_min'=5.0000000000000004e-30
INFO:tenpy.tools.params:DMRG: reading 'P_tol_max'=0.0001
INFO:tenpy.tools.params:DMRG: reading 'E_tol_to_trunc'=None
INFO:tenpy.algorithms.dmrg:Running sweep with optimization
INFO:tenpy.tools.params:DMRG: reading 'max_N_for_ED'=400
INFO:tenpy.tools.params:DMRG: reading 'update_env'=5
INFO:tenpy.algorithms.mps_common:start environment_sweep
INFO:tenpy.algorithms.dmrg:checkpoint after sweep 10
energy=-0.8856294379257079, max S=1.5072866782078334, age=198, norm_err=6.3e-15
Current memory usage 201.5MB, wall time: 10.9s
Delta E = nan, Delta S = 7.2772e-07 (per sweep)
max trunc_err = 2.9299e-13, max E_trunc = 6.0965e-12
chi: [256, 256, 256, 256, 256, 256]
================================================================================
INFO:tenpy.algorithms.dmrg:Running sweep with optimization
INFO:tenpy.algorithms.mps_common:start environment_sweep
INFO:tenpy.algorithms.dmrg:checkpoint after sweep 20
energy=-0.8856294379256487, max S=1.5072866782071810, age=378, norm_err=6.5e-15
Current memory usage 201.5MB, wall time: 9.3s
Delta E = 5.9175e-15, Delta S = -8.0824e-15 (per sweep)
max trunc_err = 2.9265e-13, max E_trunc = 6.1959e-12
chi: [256, 256, 256, 256, 256, 256]
================================================================================
INFO:tenpy.tools.params:DMRG: reading 'max_E_err'=1e-08
INFO:tenpy.tools.params:DMRG: reading 'max_S_err'=1e-05
INFO:tenpy.tools.params:DMRG: reading 'norm_tol'=1e-05
INFO:tenpy.tools.params:DMRG: reading 'norm_tol_final'=1e-10
INFO:tenpy.tools.params:DMRG: reading 'norm_tol_iter'=5
INFO:tenpy.algorithms.dmrg:TwoSiteDMRGEngine finished after 20 sweeps, max chi=256
INFO:tenpy.tools.params:DMRG: reading 'max_trunc_err'=0.0001
INFO:tenpy.tools.params:MixedHofstadterLandauGauge_Pi_2: reading 'explicit_plus_hc'=False
INFO:tenpy.tools.params:MixedHofstadterLandauGauge_Pi_2: reading 'Lx'=2
INFO:tenpy.tools.params:MixedHofstadterLandauGauge_Pi_2: setting 'N_rings'=2
INFO:tenpy.tools.params:MixedHofstadterLandauGauge_Pi_2: reading 'xy_lattice'='Square'
INFO:tenpy.tools.params:MixedHofstadterLandauGauge_Pi_2: reading 'Ly'=3
INFO:tenpy.tools.params:MixedHofstadterLandauGauge_Pi_2: reading 'ring_order'=None
INFO:tenpy.tools.params:MixedHofstadterLandauGauge_Pi_2: reading 'conserve_k'=True
INFO:tenpy.tools.params:MixedHofstadterLandauGauge_Pi_2: reading 'bc_MPS'='infinite'
INFO:tenpy.tools.params:MixedHofstadterLandauGauge_Pi_2: reading 't'=-1
INFO:tenpy.tools.params:MixedHofstadterLandauGauge_Pi_2: reading 't2'=-0.25
INFO:tenpy.tools.params:MixedHofstadterLandauGauge_Pi_2: reading 'V1'=0.6
INFO:tenpy.tools.params:MixedHofstadterLandauGauge_Pi_2: reading 'phi_ext'=np.float64(0.30000000000000004)
INFO:tenpy.tools.params:MixedHofstadterLandauGauge_Pi_2: reading 'sort_mpo_legs'=False
/home/t30/kna/ge54yin/Documents/MasterThesisFQHinTMDs/MPS_stuff/MPScalculations/.venv/lib/python3.12/site-packages/tenpy/tools/params.py:232: UserWarning: unused options for config MixedHofstadterLandauGauge_Pi_2:
['Delta', 'N_rings', 'Nsec', 'bc', 'chi_max', 'ktot', 'saveAll']
  warnings.warn(msg.format(keys=sorted(unused), name=self.name))
INFO:tenpy.tools.params:DMRG: reading 'active_sites'=2
INFO:tenpy.tools.params:DMRG: reading 'diag_method'='default'
INFO:tenpy.tools.params:DMRG: subconfig 'trunc_params'=Config(<5 options>, 'trunc_params')
INFO:tenpy.tools.params:DMRG: reading 'max_N_sites_per_ring'=18
INFO:tenpy.tools.params:DMRG: reading 'combine'=False
INFO:tenpy.tools.params:DMRG: subconfig 'lanczos_params'=Config(<9 options>, 'lanczos_params')
INFO:tenpy.tools.params:DMRG: reading 'chi_list'=None
INFO:tenpy.tools.params:DMRG: reading 'start_env'=1
INFO:tenpy.algorithms.mps_common:start environment_sweep
INFO:tenpy.tools.params:DMRG: reading 'N_sweeps_check'=10
INFO:tenpy.tools.params:DMRG: subconfig 'mixer_params'=Config(<3 options>, 'mixer_params')
INFO:tenpy.tools.params:DMRG: reading 'mixer'=None
INFO:tenpy.tools.params:DMRG: reading 'max_sweeps'=100
INFO:tenpy.tools.params:DMRG: reading 'max_hours'=8760
INFO:tenpy.tools.params:DMRG: reading 'P_tol_to_trunc'=0.05
INFO:tenpy.tools.params:DMRG: reading 'P_tol_min'=5.0000000000000004e-30
INFO:tenpy.tools.params:DMRG: reading 'P_tol_max'=0.0001
INFO:tenpy.tools.params:DMRG: reading 'E_tol_to_trunc'=None
INFO:tenpy.algorithms.dmrg:Running sweep with optimization
INFO:tenpy.tools.params:DMRG: reading 'max_N_for_ED'=400
INFO:tenpy.tools.params:DMRG: reading 'update_env'=5
INFO:tenpy.algorithms.mps_common:start environment_sweep
INFO:tenpy.algorithms.dmrg:checkpoint after sweep 10
energy=-0.8856228835754910, max S=1.5037561028256028, age=198, norm_err=5.9e-15
Current memory usage 201.5MB, wall time: 11.1s
Delta E = nan, Delta S = -2.8886e-06 (per sweep)
max trunc_err = 3.1003e-13, max E_trunc = 6.5512e-12
chi: [256, 256, 256, 256, 256, 256]
================================================================================
INFO:tenpy.algorithms.dmrg:Running sweep with optimization
INFO:tenpy.algorithms.mps_common:start environment_sweep
INFO:tenpy.algorithms.dmrg:checkpoint after sweep 20
energy=-0.8856228835754697, max S=1.5037561028289894, age=378, norm_err=6.3e-15
Current memory usage 201.5MB, wall time: 9.4s
Delta E = 2.1316e-15, Delta S = 9.6900e-14 (per sweep)
max trunc_err = 3.0956e-13, max E_trunc = 6.4801e-12
chi: [256, 256, 256, 256, 256, 256]
================================================================================
INFO:tenpy.tools.params:DMRG: reading 'max_E_err'=1e-08
INFO:tenpy.tools.params:DMRG: reading 'max_S_err'=1e-05
INFO:tenpy.tools.params:DMRG: reading 'norm_tol'=1e-05
INFO:tenpy.tools.params:DMRG: reading 'norm_tol_final'=1e-10
INFO:tenpy.tools.params:DMRG: reading 'norm_tol_iter'=5
INFO:tenpy.algorithms.dmrg:TwoSiteDMRGEngine finished after 20 sweeps, max chi=256
INFO:tenpy.tools.params:DMRG: reading 'max_trunc_err'=0.0001
INFO:tenpy.tools.params:MixedHofstadterLandauGauge_Pi_2: reading 'explicit_plus_hc'=False
INFO:tenpy.tools.params:MixedHofstadterLandauGauge_Pi_2: reading 'Lx'=2
INFO:tenpy.tools.params:MixedHofstadterLandauGauge_Pi_2: setting 'N_rings'=2
INFO:tenpy.tools.params:MixedHofstadterLandauGauge_Pi_2: reading 'xy_lattice'='Square'
INFO:tenpy.tools.params:MixedHofstadterLandauGauge_Pi_2: reading 'Ly'=3
INFO:tenpy.tools.params:MixedHofstadterLandauGauge_Pi_2: reading 'ring_order'=None
INFO:tenpy.tools.params:MixedHofstadterLandauGauge_Pi_2: reading 'conserve_k'=True
INFO:tenpy.tools.params:MixedHofstadterLandauGauge_Pi_2: reading 'bc_MPS'='infinite'
INFO:tenpy.tools.params:MixedHofstadterLandauGauge_Pi_2: reading 't'=-1
INFO:tenpy.tools.params:MixedHofstadterLandauGauge_Pi_2: reading 't2'=-0.25
INFO:tenpy.tools.params:MixedHofstadterLandauGauge_Pi_2: reading 'V1'=0.6
INFO:tenpy.tools.params:MixedHofstadterLandauGauge_Pi_2: reading 'phi_ext'=np.float64(0.35000000000000003)
INFO:tenpy.tools.params:MixedHofstadterLandauGauge_Pi_2: reading 'sort_mpo_legs'=False
/home/t30/kna/ge54yin/Documents/MasterThesisFQHinTMDs/MPS_stuff/MPScalculations/.venv/lib/python3.12/site-packages/tenpy/tools/params.py:232: UserWarning: unused options for config MixedHofstadterLandauGauge_Pi_2:
['Delta', 'N_rings', 'Nsec', 'bc', 'chi_max', 'ktot', 'saveAll']
  warnings.warn(msg.format(keys=sorted(unused), name=self.name))
INFO:tenpy.tools.params:DMRG: reading 'active_sites'=2
INFO:tenpy.tools.params:DMRG: reading 'diag_method'='default'
INFO:tenpy.tools.params:DMRG: subconfig 'trunc_params'=Config(<5 options>, 'trunc_params')
INFO:tenpy.tools.params:DMRG: reading 'max_N_sites_per_ring'=18
INFO:tenpy.tools.params:DMRG: reading 'combine'=False
INFO:tenpy.tools.params:DMRG: subconfig 'lanczos_params'=Config(<9 options>, 'lanczos_params')
INFO:tenpy.tools.params:DMRG: reading 'chi_list'=None
INFO:tenpy.tools.params:DMRG: reading 'start_env'=1
INFO:tenpy.algorithms.mps_common:start environment_sweep
INFO:tenpy.tools.params:DMRG: reading 'N_sweeps_check'=10
INFO:tenpy.tools.params:DMRG: subconfig 'mixer_params'=Config(<3 options>, 'mixer_params')
INFO:tenpy.tools.params:DMRG: reading 'mixer'=None
INFO:tenpy.tools.params:DMRG: reading 'max_sweeps'=100
INFO:tenpy.tools.params:DMRG: reading 'max_hours'=8760
INFO:tenpy.tools.params:DMRG: reading 'P_tol_to_trunc'=0.05
INFO:tenpy.tools.params:DMRG: reading 'P_tol_min'=5.0000000000000004e-30
INFO:tenpy.tools.params:DMRG: reading 'P_tol_max'=0.0001
INFO:tenpy.tools.params:DMRG: reading 'E_tol_to_trunc'=None
INFO:tenpy.algorithms.dmrg:Running sweep with optimization
INFO:tenpy.tools.params:DMRG: reading 'max_N_for_ED'=400
INFO:tenpy.tools.params:DMRG: reading 'update_env'=5
INFO:tenpy.algorithms.mps_common:start environment_sweep
INFO:tenpy.algorithms.dmrg:checkpoint after sweep 10
energy=-0.8856057243940990, max S=1.4932161640588257, age=198, norm_err=5.1e-15
Current memory usage 202.1MB, wall time: 10.2s
Delta E = nan, Delta S = -5.7589e-06 (per sweep)
max trunc_err = 3.0213e-13, max E_trunc = 6.0538e-12
chi: [256, 256, 256, 256, 256, 256]
================================================================================
INFO:tenpy.algorithms.dmrg:Running sweep with optimization
INFO:tenpy.algorithms.mps_common:start environment_sweep
INFO:tenpy.algorithms.dmrg:checkpoint after sweep 20
energy=-0.8856057243941109, max S=1.4932161640646675, age=378, norm_err=5.0e-15
Current memory usage 202.1MB, wall time: 9.3s
Delta E = -1.1879e-15, Delta S = 1.2932e-13 (per sweep)
max trunc_err = 3.0286e-13, max E_trunc = 6.0254e-12
chi: [256, 256, 256, 256, 256, 256]
================================================================================
INFO:tenpy.tools.params:DMRG: reading 'max_E_err'=1e-08
INFO:tenpy.tools.params:DMRG: reading 'max_S_err'=1e-05
INFO:tenpy.tools.params:DMRG: reading 'norm_tol'=1e-05
INFO:tenpy.tools.params:DMRG: reading 'norm_tol_final'=1e-10
INFO:tenpy.tools.params:DMRG: reading 'norm_tol_iter'=5
INFO:tenpy.algorithms.dmrg:TwoSiteDMRGEngine finished after 20 sweeps, max chi=256
INFO:tenpy.tools.params:DMRG: reading 'max_trunc_err'=0.0001
INFO:tenpy.tools.params:MixedHofstadterLandauGauge_Pi_2: reading 'explicit_plus_hc'=False
INFO:tenpy.tools.params:MixedHofstadterLandauGauge_Pi_2: reading 'Lx'=2
INFO:tenpy.tools.params:MixedHofstadterLandauGauge_Pi_2: setting 'N_rings'=2
INFO:tenpy.tools.params:MixedHofstadterLandauGauge_Pi_2: reading 'xy_lattice'='Square'
INFO:tenpy.tools.params:MixedHofstadterLandauGauge_Pi_2: reading 'Ly'=3
INFO:tenpy.tools.params:MixedHofstadterLandauGauge_Pi_2: reading 'ring_order'=None
INFO:tenpy.tools.params:MixedHofstadterLandauGauge_Pi_2: reading 'conserve_k'=True
INFO:tenpy.tools.params:MixedHofstadterLandauGauge_Pi_2: reading 'bc_MPS'='infinite'
INFO:tenpy.tools.params:MixedHofstadterLandauGauge_Pi_2: reading 't'=-1
INFO:tenpy.tools.params:MixedHofstadterLandauGauge_Pi_2: reading 't2'=-0.25
INFO:tenpy.tools.params:MixedHofstadterLandauGauge_Pi_2: reading 'V1'=0.6
INFO:tenpy.tools.params:MixedHofstadterLandauGauge_Pi_2: reading 'phi_ext'=np.float64(0.4)
INFO:tenpy.tools.params:MixedHofstadterLandauGauge_Pi_2: reading 'sort_mpo_legs'=False
/home/t30/kna/ge54yin/Documents/MasterThesisFQHinTMDs/MPS_stuff/MPScalculations/.venv/lib/python3.12/site-packages/tenpy/tools/params.py:232: UserWarning: unused options for config MixedHofstadterLandauGauge_Pi_2:
['Delta', 'N_rings', 'Nsec', 'bc', 'chi_max', 'ktot', 'saveAll']
  warnings.warn(msg.format(keys=sorted(unused), name=self.name))
INFO:tenpy.tools.params:DMRG: reading 'active_sites'=2
INFO:tenpy.tools.params:DMRG: reading 'diag_method'='default'
INFO:tenpy.tools.params:DMRG: subconfig 'trunc_params'=Config(<5 options>, 'trunc_params')
INFO:tenpy.tools.params:DMRG: reading 'max_N_sites_per_ring'=18
INFO:tenpy.tools.params:DMRG: reading 'combine'=False
INFO:tenpy.tools.params:DMRG: subconfig 'lanczos_params'=Config(<9 options>, 'lanczos_params')
INFO:tenpy.tools.params:DMRG: reading 'chi_list'=None
INFO:tenpy.tools.params:DMRG: reading 'start_env'=1
INFO:tenpy.algorithms.mps_common:start environment_sweep
INFO:tenpy.tools.params:DMRG: reading 'N_sweeps_check'=10
INFO:tenpy.tools.params:DMRG: subconfig 'mixer_params'=Config(<3 options>, 'mixer_params')
INFO:tenpy.tools.params:DMRG: reading 'mixer'=None
INFO:tenpy.tools.params:DMRG: reading 'max_sweeps'=100
INFO:tenpy.tools.params:DMRG: reading 'max_hours'=8760
INFO:tenpy.tools.params:DMRG: reading 'P_tol_to_trunc'=0.05
INFO:tenpy.tools.params:DMRG: reading 'P_tol_min'=5.0000000000000004e-30
INFO:tenpy.tools.params:DMRG: reading 'P_tol_max'=0.0001
INFO:tenpy.tools.params:DMRG: reading 'E_tol_to_trunc'=None
INFO:tenpy.algorithms.dmrg:Running sweep with optimization
INFO:tenpy.tools.params:DMRG: reading 'max_N_for_ED'=400
INFO:tenpy.tools.params:DMRG: reading 'update_env'=5
INFO:tenpy.algorithms.mps_common:start environment_sweep
INFO:tenpy.algorithms.dmrg:checkpoint after sweep 10
energy=-0.8855845151444891, max S=1.4758159602799508, age=198, norm_err=5.0e-15
Current memory usage 202.1MB, wall time: 11.0s
Delta E = nan, Delta S = -6.7194e-06 (per sweep)
max trunc_err = 2.9233e-13, max E_trunc = 6.0965e-12
chi: [256, 256, 256, 256, 256, 256]
================================================================================
INFO:tenpy.algorithms.dmrg:Running sweep with optimization
INFO:tenpy.algorithms.mps_common:start environment_sweep
INFO:tenpy.algorithms.dmrg:checkpoint after sweep 20
energy=-0.8855845151445436, max S=1.4758159602858141, age=378, norm_err=6.2e-15
Current memory usage 202.1MB, wall time: 9.5s
Delta E = -5.4512e-15, Delta S = 1.6753e-14 (per sweep)
max trunc_err = 2.9222e-13, max E_trunc = 6.0822e-12
chi: [256, 256, 256, 256, 256, 256]
================================================================================
INFO:tenpy.tools.params:DMRG: reading 'max_E_err'=1e-08
INFO:tenpy.tools.params:DMRG: reading 'max_S_err'=1e-05
INFO:tenpy.tools.params:DMRG: reading 'norm_tol'=1e-05
INFO:tenpy.tools.params:DMRG: reading 'norm_tol_final'=1e-10
INFO:tenpy.tools.params:DMRG: reading 'norm_tol_iter'=5
INFO:tenpy.algorithms.dmrg:TwoSiteDMRGEngine finished after 20 sweeps, max chi=256
INFO:tenpy.tools.params:DMRG: reading 'max_trunc_err'=0.0001
INFO:tenpy.tools.params:MixedHofstadterLandauGauge_Pi_2: reading 'explicit_plus_hc'=False
INFO:tenpy.tools.params:MixedHofstadterLandauGauge_Pi_2: reading 'Lx'=2
INFO:tenpy.tools.params:MixedHofstadterLandauGauge_Pi_2: setting 'N_rings'=2
INFO:tenpy.tools.params:MixedHofstadterLandauGauge_Pi_2: reading 'xy_lattice'='Square'
INFO:tenpy.tools.params:MixedHofstadterLandauGauge_Pi_2: reading 'Ly'=3
INFO:tenpy.tools.params:MixedHofstadterLandauGauge_Pi_2: reading 'ring_order'=None
INFO:tenpy.tools.params:MixedHofstadterLandauGauge_Pi_2: reading 'conserve_k'=True
INFO:tenpy.tools.params:MixedHofstadterLandauGauge_Pi_2: reading 'bc_MPS'='infinite'
INFO:tenpy.tools.params:MixedHofstadterLandauGauge_Pi_2: reading 't'=-1
INFO:tenpy.tools.params:MixedHofstadterLandauGauge_Pi_2: reading 't2'=-0.25
INFO:tenpy.tools.params:MixedHofstadterLandauGauge_Pi_2: reading 'V1'=0.6
INFO:tenpy.tools.params:MixedHofstadterLandauGauge_Pi_2: reading 'phi_ext'=np.float64(0.45)
INFO:tenpy.tools.params:MixedHofstadterLandauGauge_Pi_2: reading 'sort_mpo_legs'=False
/home/t30/kna/ge54yin/Documents/MasterThesisFQHinTMDs/MPS_stuff/MPScalculations/.venv/lib/python3.12/site-packages/tenpy/tools/params.py:232: UserWarning: unused options for config MixedHofstadterLandauGauge_Pi_2:
['Delta', 'N_rings', 'Nsec', 'bc', 'chi_max', 'ktot', 'saveAll']
  warnings.warn(msg.format(keys=sorted(unused), name=self.name))
INFO:tenpy.tools.params:DMRG: reading 'active_sites'=2
INFO:tenpy.tools.params:DMRG: reading 'diag_method'='default'
INFO:tenpy.tools.params:DMRG: subconfig 'trunc_params'=Config(<5 options>, 'trunc_params')
INFO:tenpy.tools.params:DMRG: reading 'max_N_sites_per_ring'=18
INFO:tenpy.tools.params:DMRG: reading 'combine'=False
INFO:tenpy.tools.params:DMRG: subconfig 'lanczos_params'=Config(<9 options>, 'lanczos_params')
INFO:tenpy.tools.params:DMRG: reading 'chi_list'=None
INFO:tenpy.tools.params:DMRG: reading 'start_env'=1
INFO:tenpy.algorithms.mps_common:start environment_sweep
INFO:tenpy.tools.params:DMRG: reading 'N_sweeps_check'=10
INFO:tenpy.tools.params:DMRG: subconfig 'mixer_params'=Config(<3 options>, 'mixer_params')
INFO:tenpy.tools.params:DMRG: reading 'mixer'=None
INFO:tenpy.tools.params:DMRG: reading 'max_sweeps'=100
INFO:tenpy.tools.params:DMRG: reading 'max_hours'=8760
INFO:tenpy.tools.params:DMRG: reading 'P_tol_to_trunc'=0.05
INFO:tenpy.tools.params:DMRG: reading 'P_tol_min'=5.0000000000000004e-30
INFO:tenpy.tools.params:DMRG: reading 'P_tol_max'=0.0001
INFO:tenpy.tools.params:DMRG: reading 'E_tol_to_trunc'=None
INFO:tenpy.algorithms.dmrg:Running sweep with optimization
INFO:tenpy.tools.params:DMRG: reading 'max_N_for_ED'=400
INFO:tenpy.tools.params:DMRG: reading 'update_env'=5
INFO:tenpy.algorithms.mps_common:start environment_sweep
INFO:tenpy.algorithms.dmrg:checkpoint after sweep 10
energy=-0.8855673570400006, max S=1.4517847044215690, age=198, norm_err=4.9e-15
Current memory usage 202.1MB, wall time: 11.0s
Delta E = nan, Delta S = -5.3231e-06 (per sweep)
max trunc_err = 2.9396e-13, max E_trunc = 5.9686e-12
chi: [256, 256, 256, 256, 256, 256]
================================================================================
INFO:tenpy.algorithms.dmrg:Running sweep with optimization
INFO:tenpy.algorithms.mps_common:start environment_sweep
INFO:tenpy.algorithms.dmrg:checkpoint after sweep 20
energy=-0.8855673570399508, max S=1.4517847044280385, age=378, norm_err=4.4e-15
Current memory usage 202.1MB, wall time: 9.4s
Delta E = 4.9738e-15, Delta S = -9.8921e-14 (per sweep)
max trunc_err = 2.9395e-13, max E_trunc = 6.4233e-12
chi: [256, 256, 256, 256, 256, 256]
================================================================================
INFO:tenpy.tools.params:DMRG: reading 'max_E_err'=1e-08
INFO:tenpy.tools.params:DMRG: reading 'max_S_err'=1e-05
INFO:tenpy.tools.params:DMRG: reading 'norm_tol'=1e-05
INFO:tenpy.tools.params:DMRG: reading 'norm_tol_final'=1e-10
INFO:tenpy.tools.params:DMRG: reading 'norm_tol_iter'=5
INFO:tenpy.algorithms.dmrg:TwoSiteDMRGEngine finished after 20 sweeps, max chi=256
INFO:tenpy.tools.params:DMRG: reading 'max_trunc_err'=0.0001
INFO:tenpy.tools.params:MixedHofstadterLandauGauge_Pi_2: reading 'explicit_plus_hc'=False
INFO:tenpy.tools.params:MixedHofstadterLandauGauge_Pi_2: reading 'Lx'=2
INFO:tenpy.tools.params:MixedHofstadterLandauGauge_Pi_2: setting 'N_rings'=2
INFO:tenpy.tools.params:MixedHofstadterLandauGauge_Pi_2: reading 'xy_lattice'='Square'
INFO:tenpy.tools.params:MixedHofstadterLandauGauge_Pi_2: reading 'Ly'=3
INFO:tenpy.tools.params:MixedHofstadterLandauGauge_Pi_2: reading 'ring_order'=None
INFO:tenpy.tools.params:MixedHofstadterLandauGauge_Pi_2: reading 'conserve_k'=True
INFO:tenpy.tools.params:MixedHofstadterLandauGauge_Pi_2: reading 'bc_MPS'='infinite'
INFO:tenpy.tools.params:MixedHofstadterLandauGauge_Pi_2: reading 't'=-1
INFO:tenpy.tools.params:MixedHofstadterLandauGauge_Pi_2: reading 't2'=-0.25
INFO:tenpy.tools.params:MixedHofstadterLandauGauge_Pi_2: reading 'V1'=0.6
INFO:tenpy.tools.params:MixedHofstadterLandauGauge_Pi_2: reading 'phi_ext'=np.float64(0.5)
INFO:tenpy.tools.params:MixedHofstadterLandauGauge_Pi_2: reading 'sort_mpo_legs'=False
/home/t30/kna/ge54yin/Documents/MasterThesisFQHinTMDs/MPS_stuff/MPScalculations/.venv/lib/python3.12/site-packages/tenpy/tools/params.py:232: UserWarning: unused options for config MixedHofstadterLandauGauge_Pi_2:
['Delta', 'N_rings', 'Nsec', 'bc', 'chi_max', 'ktot', 'saveAll']
  warnings.warn(msg.format(keys=sorted(unused), name=self.name))
INFO:tenpy.tools.params:DMRG: reading 'active_sites'=2
INFO:tenpy.tools.params:DMRG: reading 'diag_method'='default'
INFO:tenpy.tools.params:DMRG: subconfig 'trunc_params'=Config(<5 options>, 'trunc_params')
INFO:tenpy.tools.params:DMRG: reading 'max_N_sites_per_ring'=18
INFO:tenpy.tools.params:DMRG: reading 'combine'=False
INFO:tenpy.tools.params:DMRG: subconfig 'lanczos_params'=Config(<9 options>, 'lanczos_params')
INFO:tenpy.tools.params:DMRG: reading 'chi_list'=None
INFO:tenpy.tools.params:DMRG: reading 'start_env'=1
INFO:tenpy.algorithms.mps_common:start environment_sweep
INFO:tenpy.tools.params:DMRG: reading 'N_sweeps_check'=10
INFO:tenpy.tools.params:DMRG: subconfig 'mixer_params'=Config(<3 options>, 'mixer_params')
INFO:tenpy.tools.params:DMRG: reading 'mixer'=None
INFO:tenpy.tools.params:DMRG: reading 'max_sweeps'=100
INFO:tenpy.tools.params:DMRG: reading 'max_hours'=8760
INFO:tenpy.tools.params:DMRG: reading 'P_tol_to_trunc'=0.05
INFO:tenpy.tools.params:DMRG: reading 'P_tol_min'=5.0000000000000004e-30
INFO:tenpy.tools.params:DMRG: reading 'P_tol_max'=0.0001
INFO:tenpy.tools.params:DMRG: reading 'E_tol_to_trunc'=None
INFO:tenpy.algorithms.dmrg:Running sweep with optimization
INFO:tenpy.tools.params:DMRG: reading 'max_N_for_ED'=400
INFO:tenpy.tools.params:DMRG: reading 'update_env'=5
INFO:tenpy.algorithms.mps_common:start environment_sweep
INFO:tenpy.algorithms.dmrg:checkpoint after sweep 10
energy=-0.8855608033547023, max S=1.4214082082506703, age=198, norm_err=4.5e-15
Current memory usage 202.1MB, wall time: 10.1s
Delta E = nan, Delta S = -2.0177e-06 (per sweep)
max trunc_err = 2.6478e-13, max E_trunc = 5.4285e-12
chi: [256, 256, 256, 256, 256, 256]
================================================================================
INFO:tenpy.algorithms.dmrg:Running sweep with optimization
INFO:tenpy.algorithms.mps_common:start environment_sweep
INFO:tenpy.algorithms.dmrg:checkpoint after sweep 20
energy=-0.8855608033547213, max S=1.4214082082445783, age=378, norm_err=4.5e-15
Current memory usage 202.1MB, wall time: 8.7s
Delta E = -1.8985e-15, Delta S = 5.7222e-13 (per sweep)
max trunc_err = 2.6478e-13, max E_trunc = 5.5138e-12
chi: [256, 256, 256, 256, 256, 256]
================================================================================
INFO:tenpy.tools.params:DMRG: reading 'max_E_err'=1e-08
INFO:tenpy.tools.params:DMRG: reading 'max_S_err'=1e-05
INFO:tenpy.tools.params:DMRG: reading 'norm_tol'=1e-05
INFO:tenpy.tools.params:DMRG: reading 'norm_tol_final'=1e-10
INFO:tenpy.tools.params:DMRG: reading 'norm_tol_iter'=5
INFO:tenpy.algorithms.dmrg:TwoSiteDMRGEngine finished after 20 sweeps, max chi=256
INFO:tenpy.tools.params:DMRG: reading 'max_trunc_err'=0.0001
INFO:tenpy.tools.params:MixedHofstadterLandauGauge_Pi_2: reading 'explicit_plus_hc'=False
INFO:tenpy.tools.params:MixedHofstadterLandauGauge_Pi_2: reading 'Lx'=2
INFO:tenpy.tools.params:MixedHofstadterLandauGauge_Pi_2: setting 'N_rings'=2
INFO:tenpy.tools.params:MixedHofstadterLandauGauge_Pi_2: reading 'xy_lattice'='Square'
INFO:tenpy.tools.params:MixedHofstadterLandauGauge_Pi_2: reading 'Ly'=3
INFO:tenpy.tools.params:MixedHofstadterLandauGauge_Pi_2: reading 'ring_order'=None
INFO:tenpy.tools.params:MixedHofstadterLandauGauge_Pi_2: reading 'conserve_k'=True
INFO:tenpy.tools.params:MixedHofstadterLandauGauge_Pi_2: reading 'bc_MPS'='infinite'
INFO:tenpy.tools.params:MixedHofstadterLandauGauge_Pi_2: reading 't'=-1
INFO:tenpy.tools.params:MixedHofstadterLandauGauge_Pi_2: reading 't2'=-0.25
INFO:tenpy.tools.params:MixedHofstadterLandauGauge_Pi_2: reading 'V1'=0.6
INFO:tenpy.tools.params:MixedHofstadterLandauGauge_Pi_2: reading 'phi_ext'=np.float64(0.55)
INFO:tenpy.tools.params:MixedHofstadterLandauGauge_Pi_2: reading 'sort_mpo_legs'=False
/home/t30/kna/ge54yin/Documents/MasterThesisFQHinTMDs/MPS_stuff/MPScalculations/.venv/lib/python3.12/site-packages/tenpy/tools/params.py:232: UserWarning: unused options for config MixedHofstadterLandauGauge_Pi_2:
['Delta', 'N_rings', 'Nsec', 'bc', 'chi_max', 'ktot', 'saveAll']
  warnings.warn(msg.format(keys=sorted(unused), name=self.name))
INFO:tenpy.tools.params:DMRG: reading 'active_sites'=2
INFO:tenpy.tools.params:DMRG: reading 'diag_method'='default'
INFO:tenpy.tools.params:DMRG: subconfig 'trunc_params'=Config(<5 options>, 'trunc_params')
INFO:tenpy.tools.params:DMRG: reading 'max_N_sites_per_ring'=18
INFO:tenpy.tools.params:DMRG: reading 'combine'=False
INFO:tenpy.tools.params:DMRG: subconfig 'lanczos_params'=Config(<9 options>, 'lanczos_params')
INFO:tenpy.tools.params:DMRG: reading 'chi_list'=None
INFO:tenpy.tools.params:DMRG: reading 'start_env'=1
INFO:tenpy.algorithms.mps_common:start environment_sweep
INFO:tenpy.tools.params:DMRG: reading 'N_sweeps_check'=10
INFO:tenpy.tools.params:DMRG: subconfig 'mixer_params'=Config(<3 options>, 'mixer_params')
INFO:tenpy.tools.params:DMRG: reading 'mixer'=None
INFO:tenpy.tools.params:DMRG: reading 'max_sweeps'=100
INFO:tenpy.tools.params:DMRG: reading 'max_hours'=8760
INFO:tenpy.tools.params:DMRG: reading 'P_tol_to_trunc'=0.05
INFO:tenpy.tools.params:DMRG: reading 'P_tol_min'=5.0000000000000004e-30
INFO:tenpy.tools.params:DMRG: reading 'P_tol_max'=0.0001
INFO:tenpy.tools.params:DMRG: reading 'E_tol_to_trunc'=None
INFO:tenpy.algorithms.dmrg:Running sweep with optimization
INFO:tenpy.tools.params:DMRG: reading 'max_N_for_ED'=400
INFO:tenpy.tools.params:DMRG: reading 'update_env'=5
INFO:tenpy.algorithms.mps_common:start environment_sweep
INFO:tenpy.algorithms.dmrg:checkpoint after sweep 10
energy=-0.8855673570399082, max S=1.4517847044243362, age=198, norm_err=4.3e-15
Current memory usage 202.1MB, wall time: 10.1s
Delta E = nan, Delta S = 2.0177e-06 (per sweep)
max trunc_err = 2.9369e-13, max E_trunc = 6.0396e-12
chi: [256, 256, 256, 256, 256, 256]
================================================================================
INFO:tenpy.algorithms.dmrg:Running sweep with optimization
INFO:tenpy.algorithms.mps_common:start environment_sweep
INFO:tenpy.algorithms.dmrg:checkpoint after sweep 20
energy=-0.8855673570399366, max S=1.4517847044261940, age=378, norm_err=4.1e-15
Current memory usage 202.1MB, wall time: 8.7s
Delta E = -2.8422e-15, Delta S = 6.7265e-13 (per sweep)
max trunc_err = 2.9369e-13, max E_trunc = 5.6843e-12
chi: [256, 256, 256, 256, 256, 256]
================================================================================
INFO:tenpy.tools.params:DMRG: reading 'max_E_err'=1e-08
INFO:tenpy.tools.params:DMRG: reading 'max_S_err'=1e-05
INFO:tenpy.tools.params:DMRG: reading 'norm_tol'=1e-05
INFO:tenpy.tools.params:DMRG: reading 'norm_tol_final'=1e-10
INFO:tenpy.tools.params:DMRG: reading 'norm_tol_iter'=5
INFO:tenpy.algorithms.dmrg:TwoSiteDMRGEngine finished after 20 sweeps, max chi=256
INFO:tenpy.tools.params:DMRG: reading 'max_trunc_err'=0.0001
INFO:tenpy.tools.params:MixedHofstadterLandauGauge_Pi_2: reading 'explicit_plus_hc'=False
INFO:tenpy.tools.params:MixedHofstadterLandauGauge_Pi_2: reading 'Lx'=2
INFO:tenpy.tools.params:MixedHofstadterLandauGauge_Pi_2: setting 'N_rings'=2
INFO:tenpy.tools.params:MixedHofstadterLandauGauge_Pi_2: reading 'xy_lattice'='Square'
INFO:tenpy.tools.params:MixedHofstadterLandauGauge_Pi_2: reading 'Ly'=3
INFO:tenpy.tools.params:MixedHofstadterLandauGauge_Pi_2: reading 'ring_order'=None
INFO:tenpy.tools.params:MixedHofstadterLandauGauge_Pi_2: reading 'conserve_k'=True
INFO:tenpy.tools.params:MixedHofstadterLandauGauge_Pi_2: reading 'bc_MPS'='infinite'
INFO:tenpy.tools.params:MixedHofstadterLandauGauge_Pi_2: reading 't'=-1
INFO:tenpy.tools.params:MixedHofstadterLandauGauge_Pi_2: reading 't2'=-0.25
INFO:tenpy.tools.params:MixedHofstadterLandauGauge_Pi_2: reading 'V1'=0.6
INFO:tenpy.tools.params:MixedHofstadterLandauGauge_Pi_2: reading 'phi_ext'=np.float64(0.6000000000000001)
INFO:tenpy.tools.params:MixedHofstadterLandauGauge_Pi_2: reading 'sort_mpo_legs'=False
/home/t30/kna/ge54yin/Documents/MasterThesisFQHinTMDs/MPS_stuff/MPScalculations/.venv/lib/python3.12/site-packages/tenpy/tools/params.py:232: UserWarning: unused options for config MixedHofstadterLandauGauge_Pi_2:
['Delta', 'N_rings', 'Nsec', 'bc', 'chi_max', 'ktot', 'saveAll']
  warnings.warn(msg.format(keys=sorted(unused), name=self.name))
INFO:tenpy.tools.params:DMRG: reading 'active_sites'=2
INFO:tenpy.tools.params:DMRG: reading 'diag_method'='default'
INFO:tenpy.tools.params:DMRG: subconfig 'trunc_params'=Config(<5 options>, 'trunc_params')
INFO:tenpy.tools.params:DMRG: reading 'max_N_sites_per_ring'=18
INFO:tenpy.tools.params:DMRG: reading 'combine'=False
INFO:tenpy.tools.params:DMRG: subconfig 'lanczos_params'=Config(<9 options>, 'lanczos_params')
INFO:tenpy.tools.params:DMRG: reading 'chi_list'=None
INFO:tenpy.tools.params:DMRG: reading 'start_env'=1
INFO:tenpy.algorithms.mps_common:start environment_sweep
INFO:tenpy.tools.params:DMRG: reading 'N_sweeps_check'=10
INFO:tenpy.tools.params:DMRG: subconfig 'mixer_params'=Config(<3 options>, 'mixer_params')
INFO:tenpy.tools.params:DMRG: reading 'mixer'=None
INFO:tenpy.tools.params:DMRG: reading 'max_sweeps'=100
INFO:tenpy.tools.params:DMRG: reading 'max_hours'=8760
INFO:tenpy.tools.params:DMRG: reading 'P_tol_to_trunc'=0.05
INFO:tenpy.tools.params:DMRG: reading 'P_tol_min'=5.0000000000000004e-30
INFO:tenpy.tools.params:DMRG: reading 'P_tol_max'=0.0001
INFO:tenpy.tools.params:DMRG: reading 'E_tol_to_trunc'=None
INFO:tenpy.algorithms.dmrg:Running sweep with optimization
INFO:tenpy.tools.params:DMRG: reading 'max_N_for_ED'=400
INFO:tenpy.tools.params:DMRG: reading 'update_env'=5
INFO:tenpy.algorithms.mps_common:start environment_sweep
INFO:tenpy.algorithms.dmrg:checkpoint after sweep 10
energy=-0.8855845151440013, max S=1.4758159602856393, age=198, norm_err=4.4e-15
Current memory usage 202.1MB, wall time: 10.1s
Delta E = nan, Delta S = 5.3231e-06 (per sweep)
max trunc_err = 2.9844e-13, max E_trunc = 6.0538e-12
chi: [256, 256, 256, 256, 256, 256]
================================================================================
INFO:tenpy.algorithms.dmrg:Running sweep with optimization
INFO:tenpy.algorithms.mps_common:start environment_sweep
INFO:tenpy.algorithms.dmrg:checkpoint after sweep 20
energy=-0.8855845151439942, max S=1.4758159602822887, age=378, norm_err=4.9e-15
Current memory usage 202.1MB, wall time: 8.7s
Delta E = 7.1054e-16, Delta S = 3.2143e-13 (per sweep)
max trunc_err = 2.9320e-13, max E_trunc = 5.9686e-12
chi: [256, 256, 256, 256, 256, 256]
================================================================================
INFO:tenpy.tools.params:DMRG: reading 'max_E_err'=1e-08
INFO:tenpy.tools.params:DMRG: reading 'max_S_err'=1e-05
INFO:tenpy.tools.params:DMRG: reading 'norm_tol'=1e-05
INFO:tenpy.tools.params:DMRG: reading 'norm_tol_final'=1e-10
INFO:tenpy.tools.params:DMRG: reading 'norm_tol_iter'=5
INFO:tenpy.algorithms.dmrg:TwoSiteDMRGEngine finished after 20 sweeps, max chi=256
INFO:tenpy.tools.params:DMRG: reading 'max_trunc_err'=0.0001
INFO:tenpy.tools.params:MixedHofstadterLandauGauge_Pi_2: reading 'explicit_plus_hc'=False
INFO:tenpy.tools.params:MixedHofstadterLandauGauge_Pi_2: reading 'Lx'=2
INFO:tenpy.tools.params:MixedHofstadterLandauGauge_Pi_2: setting 'N_rings'=2
INFO:tenpy.tools.params:MixedHofstadterLandauGauge_Pi_2: reading 'xy_lattice'='Square'
INFO:tenpy.tools.params:MixedHofstadterLandauGauge_Pi_2: reading 'Ly'=3
INFO:tenpy.tools.params:MixedHofstadterLandauGauge_Pi_2: reading 'ring_order'=None
INFO:tenpy.tools.params:MixedHofstadterLandauGauge_Pi_2: reading 'conserve_k'=True
INFO:tenpy.tools.params:MixedHofstadterLandauGauge_Pi_2: reading 'bc_MPS'='infinite'
INFO:tenpy.tools.params:MixedHofstadterLandauGauge_Pi_2: reading 't'=-1
INFO:tenpy.tools.params:MixedHofstadterLandauGauge_Pi_2: reading 't2'=-0.25
INFO:tenpy.tools.params:MixedHofstadterLandauGauge_Pi_2: reading 'V1'=0.6
INFO:tenpy.tools.params:MixedHofstadterLandauGauge_Pi_2: reading 'phi_ext'=np.float64(0.65)
INFO:tenpy.tools.params:MixedHofstadterLandauGauge_Pi_2: reading 'sort_mpo_legs'=False
/home/t30/kna/ge54yin/Documents/MasterThesisFQHinTMDs/MPS_stuff/MPScalculations/.venv/lib/python3.12/site-packages/tenpy/tools/params.py:232: UserWarning: unused options for config MixedHofstadterLandauGauge_Pi_2:
['Delta', 'N_rings', 'Nsec', 'bc', 'chi_max', 'ktot', 'saveAll']
  warnings.warn(msg.format(keys=sorted(unused), name=self.name))
INFO:tenpy.tools.params:DMRG: reading 'active_sites'=2
INFO:tenpy.tools.params:DMRG: reading 'diag_method'='default'
INFO:tenpy.tools.params:DMRG: subconfig 'trunc_params'=Config(<5 options>, 'trunc_params')
INFO:tenpy.tools.params:DMRG: reading 'max_N_sites_per_ring'=18
INFO:tenpy.tools.params:DMRG: reading 'combine'=False
INFO:tenpy.tools.params:DMRG: subconfig 'lanczos_params'=Config(<9 options>, 'lanczos_params')
INFO:tenpy.tools.params:DMRG: reading 'chi_list'=None
INFO:tenpy.tools.params:DMRG: reading 'start_env'=1
INFO:tenpy.algorithms.mps_common:start environment_sweep
INFO:tenpy.tools.params:DMRG: reading 'N_sweeps_check'=10
INFO:tenpy.tools.params:DMRG: subconfig 'mixer_params'=Config(<3 options>, 'mixer_params')
INFO:tenpy.tools.params:DMRG: reading 'mixer'=None
INFO:tenpy.tools.params:DMRG: reading 'max_sweeps'=100
INFO:tenpy.tools.params:DMRG: reading 'max_hours'=8760
INFO:tenpy.tools.params:DMRG: reading 'P_tol_to_trunc'=0.05
INFO:tenpy.tools.params:DMRG: reading 'P_tol_min'=5.0000000000000004e-30
INFO:tenpy.tools.params:DMRG: reading 'P_tol_max'=0.0001
INFO:tenpy.tools.params:DMRG: reading 'E_tol_to_trunc'=None
INFO:tenpy.algorithms.dmrg:Running sweep with optimization
INFO:tenpy.tools.params:DMRG: reading 'max_N_for_ED'=400
INFO:tenpy.tools.params:DMRG: reading 'update_env'=5
INFO:tenpy.algorithms.mps_common:start environment_sweep
INFO:tenpy.algorithms.dmrg:checkpoint after sweep 10
energy=-0.8856057243942601, max S=1.4932161640756609, age=198, norm_err=5.2e-15
Current memory usage 202.1MB, wall time: 10.2s
Delta E = nan, Delta S = 6.7194e-06 (per sweep)
max trunc_err = 2.9790e-13, max E_trunc = 5.9259e-12
chi: [256, 256, 256, 256, 256, 256]
================================================================================
INFO:tenpy.algorithms.dmrg:Running sweep with optimization
INFO:tenpy.algorithms.mps_common:start environment_sweep
INFO:tenpy.algorithms.dmrg:checkpoint after sweep 20
energy=-0.8856057243943004, max S=1.4932161640629089, age=378, norm_err=5.1e-15
Current memory usage 202.1MB, wall time: 8.8s
Delta E = -4.0301e-15, Delta S = -4.3846e-13 (per sweep)
max trunc_err = 2.9762e-13, max E_trunc = 5.7980e-12
chi: [256, 256, 256, 256, 256, 256]
================================================================================
INFO:tenpy.tools.params:DMRG: reading 'max_E_err'=1e-08
INFO:tenpy.tools.params:DMRG: reading 'max_S_err'=1e-05
INFO:tenpy.tools.params:DMRG: reading 'norm_tol'=1e-05
INFO:tenpy.tools.params:DMRG: reading 'norm_tol_final'=1e-10
INFO:tenpy.tools.params:DMRG: reading 'norm_tol_iter'=5
INFO:tenpy.algorithms.dmrg:TwoSiteDMRGEngine finished after 20 sweeps, max chi=256
INFO:tenpy.tools.params:DMRG: reading 'max_trunc_err'=0.0001
INFO:tenpy.tools.params:MixedHofstadterLandauGauge_Pi_2: reading 'explicit_plus_hc'=False
INFO:tenpy.tools.params:MixedHofstadterLandauGauge_Pi_2: reading 'Lx'=2
INFO:tenpy.tools.params:MixedHofstadterLandauGauge_Pi_2: setting 'N_rings'=2
INFO:tenpy.tools.params:MixedHofstadterLandauGauge_Pi_2: reading 'xy_lattice'='Square'
INFO:tenpy.tools.params:MixedHofstadterLandauGauge_Pi_2: reading 'Ly'=3
INFO:tenpy.tools.params:MixedHofstadterLandauGauge_Pi_2: reading 'ring_order'=None
INFO:tenpy.tools.params:MixedHofstadterLandauGauge_Pi_2: reading 'conserve_k'=True
INFO:tenpy.tools.params:MixedHofstadterLandauGauge_Pi_2: reading 'bc_MPS'='infinite'
INFO:tenpy.tools.params:MixedHofstadterLandauGauge_Pi_2: reading 't'=-1
INFO:tenpy.tools.params:MixedHofstadterLandauGauge_Pi_2: reading 't2'=-0.25
INFO:tenpy.tools.params:MixedHofstadterLandauGauge_Pi_2: reading 'V1'=0.6
INFO:tenpy.tools.params:MixedHofstadterLandauGauge_Pi_2: reading 'phi_ext'=np.float64(0.7000000000000001)
INFO:tenpy.tools.params:MixedHofstadterLandauGauge_Pi_2: reading 'sort_mpo_legs'=False
/home/t30/kna/ge54yin/Documents/MasterThesisFQHinTMDs/MPS_stuff/MPScalculations/.venv/lib/python3.12/site-packages/tenpy/tools/params.py:232: UserWarning: unused options for config MixedHofstadterLandauGauge_Pi_2:
['Delta', 'N_rings', 'Nsec', 'bc', 'chi_max', 'ktot', 'saveAll']
  warnings.warn(msg.format(keys=sorted(unused), name=self.name))
INFO:tenpy.tools.params:DMRG: reading 'active_sites'=2
INFO:tenpy.tools.params:DMRG: reading 'diag_method'='default'
INFO:tenpy.tools.params:DMRG: subconfig 'trunc_params'=Config(<5 options>, 'trunc_params')
INFO:tenpy.tools.params:DMRG: reading 'max_N_sites_per_ring'=18
INFO:tenpy.tools.params:DMRG: reading 'combine'=False
INFO:tenpy.tools.params:DMRG: subconfig 'lanczos_params'=Config(<9 options>, 'lanczos_params')
INFO:tenpy.tools.params:DMRG: reading 'chi_list'=None
INFO:tenpy.tools.params:DMRG: reading 'start_env'=1
INFO:tenpy.algorithms.mps_common:start environment_sweep
INFO:tenpy.tools.params:DMRG: reading 'N_sweeps_check'=10
INFO:tenpy.tools.params:DMRG: subconfig 'mixer_params'=Config(<3 options>, 'mixer_params')
INFO:tenpy.tools.params:DMRG: reading 'mixer'=None
INFO:tenpy.tools.params:DMRG: reading 'max_sweeps'=100
INFO:tenpy.tools.params:DMRG: reading 'max_hours'=8760
INFO:tenpy.tools.params:DMRG: reading 'P_tol_to_trunc'=0.05
INFO:tenpy.tools.params:DMRG: reading 'P_tol_min'=5.0000000000000004e-30
INFO:tenpy.tools.params:DMRG: reading 'P_tol_max'=0.0001
INFO:tenpy.tools.params:DMRG: reading 'E_tol_to_trunc'=None
INFO:tenpy.algorithms.dmrg:Running sweep with optimization
INFO:tenpy.tools.params:DMRG: reading 'max_N_for_ED'=400
INFO:tenpy.tools.params:DMRG: reading 'update_env'=5
INFO:tenpy.algorithms.mps_common:start environment_sweep
INFO:tenpy.algorithms.dmrg:checkpoint after sweep 10
energy=-0.8856228835752233, max S=1.5037561028397060, age=198, norm_err=1.4e-14
Current memory usage 202.1MB, wall time: 10.3s
Delta E = nan, Delta S = 5.7589e-06 (per sweep)
max trunc_err = 3.0650e-13, max E_trunc = 6.5654e-12
chi: [256, 256, 256, 256, 256, 256]
================================================================================
INFO:tenpy.algorithms.dmrg:Running sweep with optimization
INFO:tenpy.algorithms.mps_common:start environment_sweep
INFO:tenpy.algorithms.dmrg:checkpoint after sweep 20
energy=-0.8856228835751475, max S=1.5037561028310096, age=378, norm_err=1.4e-14
Current memory usage 202.1MB, wall time: 9.4s
Delta E = 7.5828e-15, Delta S = -2.9843e-13 (per sweep)
max trunc_err = 3.0650e-13, max E_trunc = 6.3096e-12
chi: [256, 256, 256, 256, 256, 256]
================================================================================
INFO:tenpy.tools.params:DMRG: reading 'max_E_err'=1e-08
INFO:tenpy.tools.params:DMRG: reading 'max_S_err'=1e-05
INFO:tenpy.tools.params:DMRG: reading 'norm_tol'=1e-05
INFO:tenpy.tools.params:DMRG: reading 'norm_tol_final'=1e-10
INFO:tenpy.tools.params:DMRG: reading 'norm_tol_iter'=5
INFO:tenpy.algorithms.dmrg:TwoSiteDMRGEngine finished after 20 sweeps, max chi=256
INFO:tenpy.tools.params:DMRG: reading 'max_trunc_err'=0.0001
INFO:tenpy.tools.params:MixedHofstadterLandauGauge_Pi_2: reading 'explicit_plus_hc'=False
INFO:tenpy.tools.params:MixedHofstadterLandauGauge_Pi_2: reading 'Lx'=2
INFO:tenpy.tools.params:MixedHofstadterLandauGauge_Pi_2: setting 'N_rings'=2
INFO:tenpy.tools.params:MixedHofstadterLandauGauge_Pi_2: reading 'xy_lattice'='Square'
INFO:tenpy.tools.params:MixedHofstadterLandauGauge_Pi_2: reading 'Ly'=3
INFO:tenpy.tools.params:MixedHofstadterLandauGauge_Pi_2: reading 'ring_order'=None
INFO:tenpy.tools.params:MixedHofstadterLandauGauge_Pi_2: reading 'conserve_k'=True
INFO:tenpy.tools.params:MixedHofstadterLandauGauge_Pi_2: reading 'bc_MPS'='infinite'
INFO:tenpy.tools.params:MixedHofstadterLandauGauge_Pi_2: reading 't'=-1
INFO:tenpy.tools.params:MixedHofstadterLandauGauge_Pi_2: reading 't2'=-0.25
INFO:tenpy.tools.params:MixedHofstadterLandauGauge_Pi_2: reading 'V1'=0.6
INFO:tenpy.tools.params:MixedHofstadterLandauGauge_Pi_2: reading 'phi_ext'=np.float64(0.75)
INFO:tenpy.tools.params:MixedHofstadterLandauGauge_Pi_2: reading 'sort_mpo_legs'=False
/home/t30/kna/ge54yin/Documents/MasterThesisFQHinTMDs/MPS_stuff/MPScalculations/.venv/lib/python3.12/site-packages/tenpy/tools/params.py:232: UserWarning: unused options for config MixedHofstadterLandauGauge_Pi_2:
['Delta', 'N_rings', 'Nsec', 'bc', 'chi_max', 'ktot', 'saveAll']
  warnings.warn(msg.format(keys=sorted(unused), name=self.name))
INFO:tenpy.tools.params:DMRG: reading 'active_sites'=2
INFO:tenpy.tools.params:DMRG: reading 'diag_method'='default'
INFO:tenpy.tools.params:DMRG: subconfig 'trunc_params'=Config(<5 options>, 'trunc_params')
INFO:tenpy.tools.params:DMRG: reading 'max_N_sites_per_ring'=18
INFO:tenpy.tools.params:DMRG: reading 'combine'=False
INFO:tenpy.tools.params:DMRG: subconfig 'lanczos_params'=Config(<9 options>, 'lanczos_params')
INFO:tenpy.tools.params:DMRG: reading 'chi_list'=None
INFO:tenpy.tools.params:DMRG: reading 'start_env'=1
INFO:tenpy.algorithms.mps_common:start environment_sweep
INFO:tenpy.tools.params:DMRG: reading 'N_sweeps_check'=10
INFO:tenpy.tools.params:DMRG: subconfig 'mixer_params'=Config(<3 options>, 'mixer_params')
INFO:tenpy.tools.params:DMRG: reading 'mixer'=None
INFO:tenpy.tools.params:DMRG: reading 'max_sweeps'=100
INFO:tenpy.tools.params:DMRG: reading 'max_hours'=8760
INFO:tenpy.tools.params:DMRG: reading 'P_tol_to_trunc'=0.05
INFO:tenpy.tools.params:DMRG: reading 'P_tol_min'=5.0000000000000004e-30
INFO:tenpy.tools.params:DMRG: reading 'P_tol_max'=0.0001
INFO:tenpy.tools.params:DMRG: reading 'E_tol_to_trunc'=None
INFO:tenpy.algorithms.dmrg:Running sweep with optimization
INFO:tenpy.tools.params:DMRG: reading 'max_N_for_ED'=400
INFO:tenpy.tools.params:DMRG: reading 'update_env'=5
INFO:tenpy.algorithms.mps_common:start environment_sweep
INFO:tenpy.algorithms.dmrg:checkpoint after sweep 10
energy=-0.8856294379260868, max S=1.5072866782319936, age=198, norm_err=1.4e-14
Current memory usage 202.3MB, wall time: 10.9s
Delta E = nan, Delta S = 2.8886e-06 (per sweep)
max trunc_err = 3.1163e-13, max E_trunc = 6.4944e-12
chi: [256, 256, 256, 256, 256, 256]
================================================================================
INFO:tenpy.algorithms.dmrg:Running sweep with optimization
INFO:tenpy.algorithms.mps_common:start environment_sweep
INFO:tenpy.algorithms.dmrg:checkpoint after sweep 20
energy=-0.8856294379261082, max S=1.5072866782278105, age=378, norm_err=1.4e-14
Current memory usage 202.3MB, wall time: 9.4s
Delta E = -2.1316e-15, Delta S = -1.5409e-13 (per sweep)
max trunc_err = 3.1146e-13, max E_trunc = 6.8781e-12
chi: [256, 256, 256, 256, 256, 256]
================================================================================
INFO:tenpy.tools.params:DMRG: reading 'max_E_err'=1e-08
INFO:tenpy.tools.params:DMRG: reading 'max_S_err'=1e-05
INFO:tenpy.tools.params:DMRG: reading 'norm_tol'=1e-05
INFO:tenpy.tools.params:DMRG: reading 'norm_tol_final'=1e-10
INFO:tenpy.tools.params:DMRG: reading 'norm_tol_iter'=5
INFO:tenpy.algorithms.dmrg:TwoSiteDMRGEngine finished after 20 sweeps, max chi=256
INFO:tenpy.tools.params:DMRG: reading 'max_trunc_err'=0.0001
INFO:tenpy.tools.params:MixedHofstadterLandauGauge_Pi_2: reading 'explicit_plus_hc'=False
INFO:tenpy.tools.params:MixedHofstadterLandauGauge_Pi_2: reading 'Lx'=2
INFO:tenpy.tools.params:MixedHofstadterLandauGauge_Pi_2: setting 'N_rings'=2
INFO:tenpy.tools.params:MixedHofstadterLandauGauge_Pi_2: reading 'xy_lattice'='Square'
INFO:tenpy.tools.params:MixedHofstadterLandauGauge_Pi_2: reading 'Ly'=3
INFO:tenpy.tools.params:MixedHofstadterLandauGauge_Pi_2: reading 'ring_order'=None
INFO:tenpy.tools.params:MixedHofstadterLandauGauge_Pi_2: reading 'conserve_k'=True
INFO:tenpy.tools.params:MixedHofstadterLandauGauge_Pi_2: reading 'bc_MPS'='infinite'
INFO:tenpy.tools.params:MixedHofstadterLandauGauge_Pi_2: reading 't'=-1
INFO:tenpy.tools.params:MixedHofstadterLandauGauge_Pi_2: reading 't2'=-0.25
INFO:tenpy.tools.params:MixedHofstadterLandauGauge_Pi_2: reading 'V1'=0.6
INFO:tenpy.tools.params:MixedHofstadterLandauGauge_Pi_2: reading 'phi_ext'=np.float64(0.8)
INFO:tenpy.tools.params:MixedHofstadterLandauGauge_Pi_2: reading 'sort_mpo_legs'=False
/home/t30/kna/ge54yin/Documents/MasterThesisFQHinTMDs/MPS_stuff/MPScalculations/.venv/lib/python3.12/site-packages/tenpy/tools/params.py:232: UserWarning: unused options for config MixedHofstadterLandauGauge_Pi_2:
['Delta', 'N_rings', 'Nsec', 'bc', 'chi_max', 'ktot', 'saveAll']
  warnings.warn(msg.format(keys=sorted(unused), name=self.name))
INFO:tenpy.tools.params:DMRG: reading 'active_sites'=2
INFO:tenpy.tools.params:DMRG: reading 'diag_method'='default'
INFO:tenpy.tools.params:DMRG: subconfig 'trunc_params'=Config(<5 options>, 'trunc_params')
INFO:tenpy.tools.params:DMRG: reading 'max_N_sites_per_ring'=18
INFO:tenpy.tools.params:DMRG: reading 'combine'=False
INFO:tenpy.tools.params:DMRG: subconfig 'lanczos_params'=Config(<9 options>, 'lanczos_params')
INFO:tenpy.tools.params:DMRG: reading 'chi_list'=None
INFO:tenpy.tools.params:DMRG: reading 'start_env'=1
INFO:tenpy.algorithms.mps_common:start environment_sweep
INFO:tenpy.tools.params:DMRG: reading 'N_sweeps_check'=10
INFO:tenpy.tools.params:DMRG: subconfig 'mixer_params'=Config(<3 options>, 'mixer_params')
INFO:tenpy.tools.params:DMRG: reading 'mixer'=None
INFO:tenpy.tools.params:DMRG: reading 'max_sweeps'=100
INFO:tenpy.tools.params:DMRG: reading 'max_hours'=8760
INFO:tenpy.tools.params:DMRG: reading 'P_tol_to_trunc'=0.05
INFO:tenpy.tools.params:DMRG: reading 'P_tol_min'=5.0000000000000004e-30
INFO:tenpy.tools.params:DMRG: reading 'P_tol_max'=0.0001
INFO:tenpy.tools.params:DMRG: reading 'E_tol_to_trunc'=None
INFO:tenpy.algorithms.dmrg:Running sweep with optimization
INFO:tenpy.tools.params:DMRG: reading 'max_N_for_ED'=400
INFO:tenpy.tools.params:DMRG: reading 'update_env'=5
INFO:tenpy.algorithms.mps_common:start environment_sweep
INFO:tenpy.algorithms.dmrg:checkpoint after sweep 10
energy=-0.8856228835753536, max S=1.5037561028346509, age=198, norm_err=7.4e-15
Current memory usage 202.3MB, wall time: 10.2s
Delta E = nan, Delta S = -7.2772e-07 (per sweep)
max trunc_err = 3.0838e-13, max E_trunc = 6.7075e-12
chi: [256, 256, 256, 256, 256, 256]
================================================================================
INFO:tenpy.algorithms.dmrg:Running sweep with optimization
INFO:tenpy.algorithms.mps_common:start environment_sweep
INFO:tenpy.algorithms.dmrg:checkpoint after sweep 20
energy=-0.8856228835753134, max S=1.5037561028299764, age=378, norm_err=7.3e-15
Current memory usage 202.3MB, wall time: 8.8s
Delta E = 4.0190e-15, Delta S = -2.8935e-13 (per sweep)
max trunc_err = 3.0816e-13, max E_trunc = 7.1054e-12
chi: [256, 256, 256, 256, 256, 256]
================================================================================
INFO:tenpy.tools.params:DMRG: reading 'max_E_err'=1e-08
INFO:tenpy.tools.params:DMRG: reading 'max_S_err'=1e-05
INFO:tenpy.tools.params:DMRG: reading 'norm_tol'=1e-05
INFO:tenpy.tools.params:DMRG: reading 'norm_tol_final'=1e-10
INFO:tenpy.tools.params:DMRG: reading 'norm_tol_iter'=5
INFO:tenpy.algorithms.dmrg:TwoSiteDMRGEngine finished after 20 sweeps, max chi=256
INFO:tenpy.tools.params:DMRG: reading 'max_trunc_err'=0.0001
INFO:tenpy.tools.params:MixedHofstadterLandauGauge_Pi_2: reading 'explicit_plus_hc'=False
INFO:tenpy.tools.params:MixedHofstadterLandauGauge_Pi_2: reading 'Lx'=2
INFO:tenpy.tools.params:MixedHofstadterLandauGauge_Pi_2: setting 'N_rings'=2
INFO:tenpy.tools.params:MixedHofstadterLandauGauge_Pi_2: reading 'xy_lattice'='Square'
INFO:tenpy.tools.params:MixedHofstadterLandauGauge_Pi_2: reading 'Ly'=3
INFO:tenpy.tools.params:MixedHofstadterLandauGauge_Pi_2: reading 'ring_order'=None
INFO:tenpy.tools.params:MixedHofstadterLandauGauge_Pi_2: reading 'conserve_k'=True
INFO:tenpy.tools.params:MixedHofstadterLandauGauge_Pi_2: reading 'bc_MPS'='infinite'
INFO:tenpy.tools.params:MixedHofstadterLandauGauge_Pi_2: reading 't'=-1
INFO:tenpy.tools.params:MixedHofstadterLandauGauge_Pi_2: reading 't2'=-0.25
INFO:tenpy.tools.params:MixedHofstadterLandauGauge_Pi_2: reading 'V1'=0.6
INFO:tenpy.tools.params:MixedHofstadterLandauGauge_Pi_2: reading 'phi_ext'=np.float64(0.8500000000000001)
INFO:tenpy.tools.params:MixedHofstadterLandauGauge_Pi_2: reading 'sort_mpo_legs'=False
/home/t30/kna/ge54yin/Documents/MasterThesisFQHinTMDs/MPS_stuff/MPScalculations/.venv/lib/python3.12/site-packages/tenpy/tools/params.py:232: UserWarning: unused options for config MixedHofstadterLandauGauge_Pi_2:
['Delta', 'N_rings', 'Nsec', 'bc', 'chi_max', 'ktot', 'saveAll']
  warnings.warn(msg.format(keys=sorted(unused), name=self.name))
INFO:tenpy.tools.params:DMRG: reading 'active_sites'=2
INFO:tenpy.tools.params:DMRG: reading 'diag_method'='default'
INFO:tenpy.tools.params:DMRG: subconfig 'trunc_params'=Config(<5 options>, 'trunc_params')
INFO:tenpy.tools.params:DMRG: reading 'max_N_sites_per_ring'=18
INFO:tenpy.tools.params:DMRG: reading 'combine'=False
INFO:tenpy.tools.params:DMRG: subconfig 'lanczos_params'=Config(<9 options>, 'lanczos_params')
INFO:tenpy.tools.params:DMRG: reading 'chi_list'=None
INFO:tenpy.tools.params:DMRG: reading 'start_env'=1
INFO:tenpy.algorithms.mps_common:start environment_sweep
INFO:tenpy.tools.params:DMRG: reading 'N_sweeps_check'=10
INFO:tenpy.tools.params:DMRG: subconfig 'mixer_params'=Config(<3 options>, 'mixer_params')
INFO:tenpy.tools.params:DMRG: reading 'mixer'=None
INFO:tenpy.tools.params:DMRG: reading 'max_sweeps'=100
INFO:tenpy.tools.params:DMRG: reading 'max_hours'=8760
INFO:tenpy.tools.params:DMRG: reading 'P_tol_to_trunc'=0.05
INFO:tenpy.tools.params:DMRG: reading 'P_tol_min'=5.0000000000000004e-30
INFO:tenpy.tools.params:DMRG: reading 'P_tol_max'=0.0001
INFO:tenpy.tools.params:DMRG: reading 'E_tol_to_trunc'=None
INFO:tenpy.algorithms.dmrg:Running sweep with optimization
INFO:tenpy.tools.params:DMRG: reading 'max_N_for_ED'=400
INFO:tenpy.tools.params:DMRG: reading 'update_env'=5
INFO:tenpy.algorithms.mps_common:start environment_sweep
INFO:tenpy.algorithms.dmrg:checkpoint after sweep 10
energy=-0.8856057243956812, max S=1.4932161640812902, age=198, norm_err=7.4e-15
Current memory usage 202.5MB, wall time: 11.1s
Delta E = nan, Delta S = -3.6550e-06 (per sweep)
max trunc_err = 3.0464e-13, max E_trunc = 6.4801e-12
chi: [256, 256, 256, 256, 256, 256]
================================================================================
INFO:tenpy.algorithms.dmrg:Running sweep with optimization
INFO:tenpy.algorithms.mps_common:start environment_sweep
INFO:tenpy.algorithms.dmrg:checkpoint after sweep 20
energy=-0.8856057243957357, max S=1.4932161640793635, age=378, norm_err=7.5e-15
Current memory usage 202.5MB, wall time: 9.5s
Delta E = -5.4512e-15, Delta S = -3.1988e-13 (per sweep)
max trunc_err = 3.0464e-13, max E_trunc = 6.2528e-12
chi: [256, 256, 256, 256, 256, 256]
================================================================================
INFO:tenpy.tools.params:DMRG: reading 'max_E_err'=1e-08
INFO:tenpy.tools.params:DMRG: reading 'max_S_err'=1e-05
INFO:tenpy.tools.params:DMRG: reading 'norm_tol'=1e-05
INFO:tenpy.tools.params:DMRG: reading 'norm_tol_final'=1e-10
INFO:tenpy.tools.params:DMRG: reading 'norm_tol_iter'=5
INFO:tenpy.algorithms.dmrg:TwoSiteDMRGEngine finished after 20 sweeps, max chi=256
INFO:tenpy.tools.params:DMRG: reading 'max_trunc_err'=0.0001
INFO:tenpy.tools.params:MixedHofstadterLandauGauge_Pi_2: reading 'explicit_plus_hc'=False
INFO:tenpy.tools.params:MixedHofstadterLandauGauge_Pi_2: reading 'Lx'=2
INFO:tenpy.tools.params:MixedHofstadterLandauGauge_Pi_2: setting 'N_rings'=2
INFO:tenpy.tools.params:MixedHofstadterLandauGauge_Pi_2: reading 'xy_lattice'='Square'
INFO:tenpy.tools.params:MixedHofstadterLandauGauge_Pi_2: reading 'Ly'=3
INFO:tenpy.tools.params:MixedHofstadterLandauGauge_Pi_2: reading 'ring_order'=None
INFO:tenpy.tools.params:MixedHofstadterLandauGauge_Pi_2: reading 'conserve_k'=True
INFO:tenpy.tools.params:MixedHofstadterLandauGauge_Pi_2: reading 'bc_MPS'='infinite'
INFO:tenpy.tools.params:MixedHofstadterLandauGauge_Pi_2: reading 't'=-1
INFO:tenpy.tools.params:MixedHofstadterLandauGauge_Pi_2: reading 't2'=-0.25
INFO:tenpy.tools.params:MixedHofstadterLandauGauge_Pi_2: reading 'V1'=0.6
INFO:tenpy.tools.params:MixedHofstadterLandauGauge_Pi_2: reading 'phi_ext'=np.float64(0.9)
INFO:tenpy.tools.params:MixedHofstadterLandauGauge_Pi_2: reading 'sort_mpo_legs'=False
/home/t30/kna/ge54yin/Documents/MasterThesisFQHinTMDs/MPS_stuff/MPScalculations/.venv/lib/python3.12/site-packages/tenpy/tools/params.py:232: UserWarning: unused options for config MixedHofstadterLandauGauge_Pi_2:
['Delta', 'N_rings', 'Nsec', 'bc', 'chi_max', 'ktot', 'saveAll']
  warnings.warn(msg.format(keys=sorted(unused), name=self.name))
INFO:tenpy.tools.params:DMRG: reading 'active_sites'=2
INFO:tenpy.tools.params:DMRG: reading 'diag_method'='default'
INFO:tenpy.tools.params:DMRG: subconfig 'trunc_params'=Config(<5 options>, 'trunc_params')
INFO:tenpy.tools.params:DMRG: reading 'max_N_sites_per_ring'=18
INFO:tenpy.tools.params:DMRG: reading 'combine'=False
INFO:tenpy.tools.params:DMRG: subconfig 'lanczos_params'=Config(<9 options>, 'lanczos_params')
INFO:tenpy.tools.params:DMRG: reading 'chi_list'=None
INFO:tenpy.tools.params:DMRG: reading 'start_env'=1
INFO:tenpy.algorithms.mps_common:start environment_sweep
INFO:tenpy.tools.params:DMRG: reading 'N_sweeps_check'=10
INFO:tenpy.tools.params:DMRG: subconfig 'mixer_params'=Config(<3 options>, 'mixer_params')
INFO:tenpy.tools.params:DMRG: reading 'mixer'=None
INFO:tenpy.tools.params:DMRG: reading 'max_sweeps'=100
INFO:tenpy.tools.params:DMRG: reading 'max_hours'=8760
INFO:tenpy.tools.params:DMRG: reading 'P_tol_to_trunc'=0.05
INFO:tenpy.tools.params:DMRG: reading 'P_tol_min'=5.0000000000000004e-30
INFO:tenpy.tools.params:DMRG: reading 'P_tol_max'=0.0001
INFO:tenpy.tools.params:DMRG: reading 'E_tol_to_trunc'=None
INFO:tenpy.algorithms.dmrg:Running sweep with optimization
INFO:tenpy.tools.params:DMRG: reading 'max_N_for_ED'=400
INFO:tenpy.tools.params:DMRG: reading 'update_env'=5
INFO:tenpy.algorithms.mps_common:start environment_sweep
INFO:tenpy.algorithms.dmrg:checkpoint after sweep 10
energy=-0.8855845151446999, max S=1.4758159603060739, age=198, norm_err=1.1e-14
Current memory usage 202.5MB, wall time: 10.3s
Delta E = nan, Delta S = -4.7323e-06 (per sweep)
max trunc_err = 2.8266e-13, max E_trunc = 5.8122e-12
chi: [256, 256, 256, 256, 256, 256]
================================================================================
INFO:tenpy.algorithms.dmrg:Running sweep with optimization
INFO:tenpy.algorithms.mps_common:start environment_sweep
INFO:tenpy.algorithms.dmrg:checkpoint after sweep 20
energy=-0.8855845151446241, max S=1.4758159603025658, age=378, norm_err=1.1e-14
Current memory usage 202.5MB, wall time: 8.8s
Delta E = 7.5828e-15, Delta S = -2.7889e-13 (per sweep)
max trunc_err = 2.8266e-13, max E_trunc = 6.0254e-12
chi: [256, 256, 256, 256, 256, 256]
================================================================================
INFO:tenpy.tools.params:DMRG: reading 'max_E_err'=1e-08
INFO:tenpy.tools.params:DMRG: reading 'max_S_err'=1e-05
INFO:tenpy.tools.params:DMRG: reading 'norm_tol'=1e-05
INFO:tenpy.tools.params:DMRG: reading 'norm_tol_final'=1e-10
INFO:tenpy.tools.params:DMRG: reading 'norm_tol_iter'=5
INFO:tenpy.algorithms.dmrg:TwoSiteDMRGEngine finished after 20 sweeps, max chi=256
INFO:tenpy.tools.params:DMRG: reading 'max_trunc_err'=0.0001
INFO:tenpy.tools.params:MixedHofstadterLandauGauge_Pi_2: reading 'explicit_plus_hc'=False
INFO:tenpy.tools.params:MixedHofstadterLandauGauge_Pi_2: reading 'Lx'=2
INFO:tenpy.tools.params:MixedHofstadterLandauGauge_Pi_2: setting 'N_rings'=2
INFO:tenpy.tools.params:MixedHofstadterLandauGauge_Pi_2: reading 'xy_lattice'='Square'
INFO:tenpy.tools.params:MixedHofstadterLandauGauge_Pi_2: reading 'Ly'=3
INFO:tenpy.tools.params:MixedHofstadterLandauGauge_Pi_2: reading 'ring_order'=None
INFO:tenpy.tools.params:MixedHofstadterLandauGauge_Pi_2: reading 'conserve_k'=True
INFO:tenpy.tools.params:MixedHofstadterLandauGauge_Pi_2: reading 'bc_MPS'='infinite'
INFO:tenpy.tools.params:MixedHofstadterLandauGauge_Pi_2: reading 't'=-1
INFO:tenpy.tools.params:MixedHofstadterLandauGauge_Pi_2: reading 't2'=-0.25
INFO:tenpy.tools.params:MixedHofstadterLandauGauge_Pi_2: reading 'V1'=0.6
INFO:tenpy.tools.params:MixedHofstadterLandauGauge_Pi_2: reading 'phi_ext'=np.float64(0.9500000000000001)
INFO:tenpy.tools.params:MixedHofstadterLandauGauge_Pi_2: reading 'sort_mpo_legs'=False
/home/t30/kna/ge54yin/Documents/MasterThesisFQHinTMDs/MPS_stuff/MPScalculations/.venv/lib/python3.12/site-packages/tenpy/tools/params.py:232: UserWarning: unused options for config MixedHofstadterLandauGauge_Pi_2:
['Delta', 'N_rings', 'Nsec', 'bc', 'chi_max', 'ktot', 'saveAll']
  warnings.warn(msg.format(keys=sorted(unused), name=self.name))
INFO:tenpy.tools.params:DMRG: reading 'active_sites'=2
INFO:tenpy.tools.params:DMRG: reading 'diag_method'='default'
INFO:tenpy.tools.params:DMRG: subconfig 'trunc_params'=Config(<5 options>, 'trunc_params')
INFO:tenpy.tools.params:DMRG: reading 'max_N_sites_per_ring'=18
INFO:tenpy.tools.params:DMRG: reading 'combine'=False
INFO:tenpy.tools.params:DMRG: subconfig 'lanczos_params'=Config(<9 options>, 'lanczos_params')
INFO:tenpy.tools.params:DMRG: reading 'chi_list'=None
INFO:tenpy.tools.params:DMRG: reading 'start_env'=1
INFO:tenpy.algorithms.mps_common:start environment_sweep
INFO:tenpy.tools.params:DMRG: reading 'N_sweeps_check'=10
INFO:tenpy.tools.params:DMRG: subconfig 'mixer_params'=Config(<3 options>, 'mixer_params')
INFO:tenpy.tools.params:DMRG: reading 'mixer'=None
INFO:tenpy.tools.params:DMRG: reading 'max_sweeps'=100
INFO:tenpy.tools.params:DMRG: reading 'max_hours'=8760
INFO:tenpy.tools.params:DMRG: reading 'P_tol_to_trunc'=0.05
INFO:tenpy.tools.params:DMRG: reading 'P_tol_min'=5.0000000000000004e-30
INFO:tenpy.tools.params:DMRG: reading 'P_tol_max'=0.0001
INFO:tenpy.tools.params:DMRG: reading 'E_tol_to_trunc'=None
INFO:tenpy.algorithms.dmrg:Running sweep with optimization
INFO:tenpy.tools.params:DMRG: reading 'max_N_for_ED'=400
INFO:tenpy.tools.params:DMRG: reading 'update_env'=5
INFO:tenpy.algorithms.mps_common:start environment_sweep
INFO:tenpy.algorithms.dmrg:checkpoint after sweep 10
energy=-0.8855673570403013, max S=1.4517847044399699, age=198, norm_err=1.4e-14
Current memory usage 202.9MB, wall time: 10.2s
Delta E = nan, Delta S = -3.5177e-06 (per sweep)
max trunc_err = 2.7211e-13, max E_trunc = 5.7412e-12
chi: [256, 256, 256, 256, 256, 256]
================================================================================
INFO:tenpy.algorithms.dmrg:Running sweep with optimization
INFO:tenpy.algorithms.mps_common:start environment_sweep
INFO:tenpy.algorithms.dmrg:checkpoint after sweep 20
energy=-0.8855673570403582, max S=1.4517847044352150, age=378, norm_err=1.4e-14
Current memory usage 202.9MB, wall time: 8.8s
Delta E = -5.6843e-15, Delta S = -5.5094e-13 (per sweep)
max trunc_err = 2.7212e-13, max E_trunc = 4.9454e-12
chi: [256, 256, 256, 256, 256, 256]
================================================================================
INFO:tenpy.tools.params:DMRG: reading 'max_E_err'=1e-08
INFO:tenpy.tools.params:DMRG: reading 'max_S_err'=1e-05
INFO:tenpy.tools.params:DMRG: reading 'norm_tol'=1e-05
INFO:tenpy.tools.params:DMRG: reading 'norm_tol_final'=1e-10
INFO:tenpy.tools.params:DMRG: reading 'norm_tol_iter'=5
INFO:tenpy.algorithms.dmrg:TwoSiteDMRGEngine finished after 20 sweeps, max chi=256
INFO:tenpy.tools.params:DMRG: reading 'max_trunc_err'=0.0001
INFO:tenpy.tools.params:MixedHofstadterLandauGauge_Pi_2: reading 'explicit_plus_hc'=False
INFO:tenpy.tools.params:MixedHofstadterLandauGauge_Pi_2: reading 'Lx'=2
INFO:tenpy.tools.params:MixedHofstadterLandauGauge_Pi_2: setting 'N_rings'=2
INFO:tenpy.tools.params:MixedHofstadterLandauGauge_Pi_2: reading 'xy_lattice'='Square'
INFO:tenpy.tools.params:MixedHofstadterLandauGauge_Pi_2: reading 'Ly'=3
INFO:tenpy.tools.params:MixedHofstadterLandauGauge_Pi_2: reading 'ring_order'=None
INFO:tenpy.tools.params:MixedHofstadterLandauGauge_Pi_2: reading 'conserve_k'=True
INFO:tenpy.tools.params:MixedHofstadterLandauGauge_Pi_2: reading 'bc_MPS'='infinite'
INFO:tenpy.tools.params:MixedHofstadterLandauGauge_Pi_2: reading 't'=-1
INFO:tenpy.tools.params:MixedHofstadterLandauGauge_Pi_2: reading 't2'=-0.25
INFO:tenpy.tools.params:MixedHofstadterLandauGauge_Pi_2: reading 'V1'=0.6
INFO:tenpy.tools.params:MixedHofstadterLandauGauge_Pi_2: reading 'phi_ext'=np.float64(1.0)
INFO:tenpy.tools.params:MixedHofstadterLandauGauge_Pi_2: reading 'sort_mpo_legs'=False
/home/t30/kna/ge54yin/Documents/MasterThesisFQHinTMDs/MPS_stuff/MPScalculations/.venv/lib/python3.12/site-packages/tenpy/tools/params.py:232: UserWarning: unused options for config MixedHofstadterLandauGauge_Pi_2:
['Delta', 'N_rings', 'Nsec', 'bc', 'chi_max', 'ktot', 'saveAll']
  warnings.warn(msg.format(keys=sorted(unused), name=self.name))
INFO:tenpy.tools.params:DMRG: reading 'active_sites'=2
INFO:tenpy.tools.params:DMRG: reading 'diag_method'='default'
INFO:tenpy.tools.params:DMRG: subconfig 'trunc_params'=Config(<5 options>, 'trunc_params')
INFO:tenpy.tools.params:DMRG: reading 'max_N_sites_per_ring'=18
INFO:tenpy.tools.params:DMRG: reading 'combine'=False
INFO:tenpy.tools.params:DMRG: subconfig 'lanczos_params'=Config(<9 options>, 'lanczos_params')
INFO:tenpy.tools.params:DMRG: reading 'chi_list'=None
INFO:tenpy.tools.params:DMRG: reading 'start_env'=1
INFO:tenpy.algorithms.mps_common:start environment_sweep
INFO:tenpy.tools.params:DMRG: reading 'N_sweeps_check'=10
INFO:tenpy.tools.params:DMRG: subconfig 'mixer_params'=Config(<3 options>, 'mixer_params')
INFO:tenpy.tools.params:DMRG: reading 'mixer'=None
INFO:tenpy.tools.params:DMRG: reading 'max_sweeps'=100
INFO:tenpy.tools.params:DMRG: reading 'max_hours'=8760
INFO:tenpy.tools.params:DMRG: reading 'P_tol_to_trunc'=0.05
INFO:tenpy.tools.params:DMRG: reading 'P_tol_min'=5.0000000000000004e-30
INFO:tenpy.tools.params:DMRG: reading 'P_tol_max'=0.0001
INFO:tenpy.tools.params:DMRG: reading 'E_tol_to_trunc'=None
INFO:tenpy.algorithms.dmrg:Running sweep with optimization
INFO:tenpy.tools.params:DMRG: reading 'max_N_for_ED'=400
INFO:tenpy.tools.params:DMRG: reading 'update_env'=5
INFO:tenpy.algorithms.mps_common:start environment_sweep
INFO:tenpy.algorithms.dmrg:checkpoint after sweep 10
energy=-0.8855608033550956, max S=1.4214082082554136, age=198, norm_err=1.6e-14
Current memory usage 202.9MB, wall time: 10.2s
Delta E = nan, Delta S = -4.6568e-07 (per sweep)
max trunc_err = 2.5539e-13, max E_trunc = 5.1870e-12
chi: [256, 256, 256, 256, 256, 256]
================================================================================
INFO:tenpy.algorithms.dmrg:Running sweep with optimization
INFO:tenpy.algorithms.mps_common:start environment_sweep
INFO:tenpy.algorithms.dmrg:checkpoint after sweep 20
energy=-0.8855608033550150, max S=1.4214082082577761, age=378, norm_err=1.5e-14
Current memory usage 202.9MB, wall time: 8.8s
Delta E = 8.0602e-15, Delta S = -1.9917e-13 (per sweep)
max trunc_err = 2.5543e-13, max E_trunc = 5.0022e-12
chi: [256, 256, 256, 256, 256, 256]
================================================================================
INFO:tenpy.tools.params:DMRG: reading 'max_E_err'=1e-08
INFO:tenpy.tools.params:DMRG: reading 'max_S_err'=1e-05
INFO:tenpy.tools.params:DMRG: reading 'norm_tol'=1e-05
INFO:tenpy.tools.params:DMRG: reading 'norm_tol_final'=1e-10
INFO:tenpy.tools.params:DMRG: reading 'norm_tol_iter'=5
INFO:tenpy.algorithms.dmrg:TwoSiteDMRGEngine finished after 20 sweeps, max chi=256
INFO:tenpy.tools.params:DMRG: reading 'max_trunc_err'=0.0001
INFO:tenpy.tools.params:MixedHofstadterLandauGauge_Pi_2: reading 'explicit_plus_hc'=False
INFO:tenpy.tools.params:MixedHofstadterLandauGauge_Pi_2: reading 'Lx'=2
INFO:tenpy.tools.params:MixedHofstadterLandauGauge_Pi_2: setting 'N_rings'=2
INFO:tenpy.tools.params:MixedHofstadterLandauGauge_Pi_2: reading 'xy_lattice'='Square'
INFO:tenpy.tools.params:MixedHofstadterLandauGauge_Pi_2: reading 'Ly'=3
INFO:tenpy.tools.params:MixedHofstadterLandauGauge_Pi_2: reading 'ring_order'=None
INFO:tenpy.tools.params:MixedHofstadterLandauGauge_Pi_2: reading 'conserve_k'=True
INFO:tenpy.tools.params:MixedHofstadterLandauGauge_Pi_2: reading 'bc_MPS'='infinite'
INFO:tenpy.tools.params:MixedHofstadterLandauGauge_Pi_2: reading 't'=-1
INFO:tenpy.tools.params:MixedHofstadterLandauGauge_Pi_2: reading 't2'=-0.25
INFO:tenpy.tools.params:MixedHofstadterLandauGauge_Pi_2: reading 'V1'=0.6
INFO:tenpy.tools.params:MixedHofstadterLandauGauge_Pi_2: reading 'phi_ext'=np.float64(1.05)
INFO:tenpy.tools.params:MixedHofstadterLandauGauge_Pi_2: reading 'sort_mpo_legs'=False
/home/t30/kna/ge54yin/Documents/MasterThesisFQHinTMDs/MPS_stuff/MPScalculations/.venv/lib/python3.12/site-packages/tenpy/tools/params.py:232: UserWarning: unused options for config MixedHofstadterLandauGauge_Pi_2:
['Delta', 'N_rings', 'Nsec', 'bc', 'chi_max', 'ktot', 'saveAll']
  warnings.warn(msg.format(keys=sorted(unused), name=self.name))
INFO:tenpy.tools.params:DMRG: reading 'active_sites'=2
INFO:tenpy.tools.params:DMRG: reading 'diag_method'='default'
INFO:tenpy.tools.params:DMRG: subconfig 'trunc_params'=Config(<5 options>, 'trunc_params')
INFO:tenpy.tools.params:DMRG: reading 'max_N_sites_per_ring'=18
INFO:tenpy.tools.params:DMRG: reading 'combine'=False
INFO:tenpy.tools.params:DMRG: subconfig 'lanczos_params'=Config(<9 options>, 'lanczos_params')
INFO:tenpy.tools.params:DMRG: reading 'chi_list'=None
INFO:tenpy.tools.params:DMRG: reading 'start_env'=1
INFO:tenpy.algorithms.mps_common:start environment_sweep
INFO:tenpy.tools.params:DMRG: reading 'N_sweeps_check'=10
INFO:tenpy.tools.params:DMRG: subconfig 'mixer_params'=Config(<3 options>, 'mixer_params')
INFO:tenpy.tools.params:DMRG: reading 'mixer'=None
INFO:tenpy.tools.params:DMRG: reading 'max_sweeps'=100
INFO:tenpy.tools.params:DMRG: reading 'max_hours'=8760
INFO:tenpy.tools.params:DMRG: reading 'P_tol_to_trunc'=0.05
INFO:tenpy.tools.params:DMRG: reading 'P_tol_min'=5.0000000000000004e-30
INFO:tenpy.tools.params:DMRG: reading 'P_tol_max'=0.0001
INFO:tenpy.tools.params:DMRG: reading 'E_tol_to_trunc'=None
INFO:tenpy.algorithms.dmrg:Running sweep with optimization
INFO:tenpy.tools.params:DMRG: reading 'max_N_for_ED'=400
INFO:tenpy.tools.params:DMRG: reading 'update_env'=5
INFO:tenpy.algorithms.mps_common:start environment_sweep
INFO:tenpy.algorithms.dmrg:checkpoint after sweep 10
energy=-0.8855673570404837, max S=1.3850058737023261, age=198, norm_err=6.2e-15
Current memory usage 203.5MB, wall time: 10.2s
Delta E = nan, Delta S = 3.2388e-06 (per sweep)
max trunc_err = 2.3810e-13, max E_trunc = 4.7748e-12
chi: [256, 256, 256, 256, 256, 256]
================================================================================
INFO:tenpy.algorithms.dmrg:Running sweep with optimization
INFO:tenpy.algorithms.mps_common:start environment_sweep
INFO:tenpy.algorithms.dmrg:checkpoint after sweep 20
energy=-0.8855673570404624, max S=1.3850058737175484, age=378, norm_err=6.3e-15
Current memory usage 203.5MB, wall time: 8.8s
Delta E = 2.1316e-15, Delta S = 3.5362e-13 (per sweep)
max trunc_err = 2.3810e-13, max E_trunc = 5.2864e-12
chi: [256, 256, 256, 256, 256, 256]
================================================================================
INFO:tenpy.tools.params:DMRG: reading 'max_E_err'=1e-08
INFO:tenpy.tools.params:DMRG: reading 'max_S_err'=1e-05
INFO:tenpy.tools.params:DMRG: reading 'norm_tol'=1e-05
INFO:tenpy.tools.params:DMRG: reading 'norm_tol_final'=1e-10
INFO:tenpy.tools.params:DMRG: reading 'norm_tol_iter'=5
INFO:tenpy.algorithms.dmrg:TwoSiteDMRGEngine finished after 20 sweeps, max chi=256
INFO:tenpy.tools.params:DMRG: reading 'max_trunc_err'=0.0001
INFO:tenpy.tools.params:MixedHofstadterLandauGauge_Pi_2: reading 'explicit_plus_hc'=False
INFO:tenpy.tools.params:MixedHofstadterLandauGauge_Pi_2: reading 'Lx'=2
INFO:tenpy.tools.params:MixedHofstadterLandauGauge_Pi_2: setting 'N_rings'=2
INFO:tenpy.tools.params:MixedHofstadterLandauGauge_Pi_2: reading 'xy_lattice'='Square'
INFO:tenpy.tools.params:MixedHofstadterLandauGauge_Pi_2: reading 'Ly'=3
INFO:tenpy.tools.params:MixedHofstadterLandauGauge_Pi_2: reading 'ring_order'=None
INFO:tenpy.tools.params:MixedHofstadterLandauGauge_Pi_2: reading 'conserve_k'=True
INFO:tenpy.tools.params:MixedHofstadterLandauGauge_Pi_2: reading 'bc_MPS'='infinite'
INFO:tenpy.tools.params:MixedHofstadterLandauGauge_Pi_2: reading 't'=-1
INFO:tenpy.tools.params:MixedHofstadterLandauGauge_Pi_2: reading 't2'=-0.25
INFO:tenpy.tools.params:MixedHofstadterLandauGauge_Pi_2: reading 'V1'=0.6
INFO:tenpy.tools.params:MixedHofstadterLandauGauge_Pi_2: reading 'phi_ext'=np.float64(1.1)
INFO:tenpy.tools.params:MixedHofstadterLandauGauge_Pi_2: reading 'sort_mpo_legs'=False
/home/t30/kna/ge54yin/Documents/MasterThesisFQHinTMDs/MPS_stuff/MPScalculations/.venv/lib/python3.12/site-packages/tenpy/tools/params.py:232: UserWarning: unused options for config MixedHofstadterLandauGauge_Pi_2:
['Delta', 'N_rings', 'Nsec', 'bc', 'chi_max', 'ktot', 'saveAll']
  warnings.warn(msg.format(keys=sorted(unused), name=self.name))
INFO:tenpy.tools.params:DMRG: reading 'active_sites'=2
INFO:tenpy.tools.params:DMRG: reading 'diag_method'='default'
INFO:tenpy.tools.params:DMRG: subconfig 'trunc_params'=Config(<5 options>, 'trunc_params')
INFO:tenpy.tools.params:DMRG: reading 'max_N_sites_per_ring'=18
INFO:tenpy.tools.params:DMRG: reading 'combine'=False
INFO:tenpy.tools.params:DMRG: subconfig 'lanczos_params'=Config(<9 options>, 'lanczos_params')
INFO:tenpy.tools.params:DMRG: reading 'chi_list'=None
INFO:tenpy.tools.params:DMRG: reading 'start_env'=1
INFO:tenpy.algorithms.mps_common:start environment_sweep
INFO:tenpy.tools.params:DMRG: reading 'N_sweeps_check'=10
INFO:tenpy.tools.params:DMRG: subconfig 'mixer_params'=Config(<3 options>, 'mixer_params')
INFO:tenpy.tools.params:DMRG: reading 'mixer'=None
INFO:tenpy.tools.params:DMRG: reading 'max_sweeps'=100
INFO:tenpy.tools.params:DMRG: reading 'max_hours'=8760
INFO:tenpy.tools.params:DMRG: reading 'P_tol_to_trunc'=0.05
INFO:tenpy.tools.params:DMRG: reading 'P_tol_min'=5.0000000000000004e-30
INFO:tenpy.tools.params:DMRG: reading 'P_tol_max'=0.0001
INFO:tenpy.tools.params:DMRG: reading 'E_tol_to_trunc'=None
INFO:tenpy.algorithms.dmrg:Running sweep with optimization
INFO:tenpy.tools.params:DMRG: reading 'max_N_for_ED'=400
INFO:tenpy.tools.params:DMRG: reading 'update_env'=5
INFO:tenpy.algorithms.mps_common:start environment_sweep
INFO:tenpy.algorithms.dmrg:checkpoint after sweep 10
energy=-0.8855845151449439, max S=1.3429154423018268, age=198, norm_err=6.4e-15
Current memory usage 203.6MB, wall time: 10.3s
Delta E = nan, Delta S = 6.1332e-06 (per sweep)
max trunc_err = 2.3183e-13, max E_trunc = 4.9596e-12
chi: [256, 256, 256, 256, 256, 256]
================================================================================
INFO:tenpy.algorithms.dmrg:Running sweep with optimization
INFO:tenpy.algorithms.mps_common:start environment_sweep
INFO:tenpy.algorithms.dmrg:checkpoint after sweep 20
energy=-0.8855845151449699, max S=1.3429154423099485, age=378, norm_err=6.3e-15
Current memory usage 203.6MB, wall time: 8.8s
Delta E = -2.6090e-15, Delta S = 5.9575e-14 (per sweep)
max trunc_err = 2.3179e-13, max E_trunc = 5.0591e-12
chi: [256, 256, 256, 256, 256, 256]
================================================================================
INFO:tenpy.tools.params:DMRG: reading 'max_E_err'=1e-08
INFO:tenpy.tools.params:DMRG: reading 'max_S_err'=1e-05
INFO:tenpy.tools.params:DMRG: reading 'norm_tol'=1e-05
INFO:tenpy.tools.params:DMRG: reading 'norm_tol_final'=1e-10
INFO:tenpy.tools.params:DMRG: reading 'norm_tol_iter'=5
INFO:tenpy.algorithms.dmrg:TwoSiteDMRGEngine finished after 20 sweeps, max chi=256
INFO:tenpy.tools.params:DMRG: reading 'max_trunc_err'=0.0001
INFO:tenpy.tools.params:MixedHofstadterLandauGauge_Pi_2: reading 'explicit_plus_hc'=False
INFO:tenpy.tools.params:MixedHofstadterLandauGauge_Pi_2: reading 'Lx'=2
INFO:tenpy.tools.params:MixedHofstadterLandauGauge_Pi_2: setting 'N_rings'=2
INFO:tenpy.tools.params:MixedHofstadterLandauGauge_Pi_2: reading 'xy_lattice'='Square'
INFO:tenpy.tools.params:MixedHofstadterLandauGauge_Pi_2: reading 'Ly'=3
INFO:tenpy.tools.params:MixedHofstadterLandauGauge_Pi_2: reading 'ring_order'=None
INFO:tenpy.tools.params:MixedHofstadterLandauGauge_Pi_2: reading 'conserve_k'=True
INFO:tenpy.tools.params:MixedHofstadterLandauGauge_Pi_2: reading 'bc_MPS'='infinite'
INFO:tenpy.tools.params:MixedHofstadterLandauGauge_Pi_2: reading 't'=-1
INFO:tenpy.tools.params:MixedHofstadterLandauGauge_Pi_2: reading 't2'=-0.25
INFO:tenpy.tools.params:MixedHofstadterLandauGauge_Pi_2: reading 'V1'=0.6
INFO:tenpy.tools.params:MixedHofstadterLandauGauge_Pi_2: reading 'phi_ext'=np.float64(1.1500000000000001)
INFO:tenpy.tools.params:MixedHofstadterLandauGauge_Pi_2: reading 'sort_mpo_legs'=False
/home/t30/kna/ge54yin/Documents/MasterThesisFQHinTMDs/MPS_stuff/MPScalculations/.venv/lib/python3.12/site-packages/tenpy/tools/params.py:232: UserWarning: unused options for config MixedHofstadterLandauGauge_Pi_2:
['Delta', 'N_rings', 'Nsec', 'bc', 'chi_max', 'ktot', 'saveAll']
  warnings.warn(msg.format(keys=sorted(unused), name=self.name))
INFO:tenpy.tools.params:DMRG: reading 'active_sites'=2
INFO:tenpy.tools.params:DMRG: reading 'diag_method'='default'
INFO:tenpy.tools.params:DMRG: subconfig 'trunc_params'=Config(<5 options>, 'trunc_params')
INFO:tenpy.tools.params:DMRG: reading 'max_N_sites_per_ring'=18
INFO:tenpy.tools.params:DMRG: reading 'combine'=False
INFO:tenpy.tools.params:DMRG: subconfig 'lanczos_params'=Config(<9 options>, 'lanczos_params')
INFO:tenpy.tools.params:DMRG: reading 'chi_list'=None
INFO:tenpy.tools.params:DMRG: reading 'start_env'=1
INFO:tenpy.algorithms.mps_common:start environment_sweep
INFO:tenpy.tools.params:DMRG: reading 'N_sweeps_check'=10
INFO:tenpy.tools.params:DMRG: subconfig 'mixer_params'=Config(<3 options>, 'mixer_params')
INFO:tenpy.tools.params:DMRG: reading 'mixer'=None
INFO:tenpy.tools.params:DMRG: reading 'max_sweeps'=100
INFO:tenpy.tools.params:DMRG: reading 'max_hours'=8760
INFO:tenpy.tools.params:DMRG: reading 'P_tol_to_trunc'=0.05
INFO:tenpy.tools.params:DMRG: reading 'P_tol_min'=5.0000000000000004e-30
INFO:tenpy.tools.params:DMRG: reading 'P_tol_max'=0.0001
INFO:tenpy.tools.params:DMRG: reading 'E_tol_to_trunc'=None
INFO:tenpy.algorithms.dmrg:Running sweep with optimization
INFO:tenpy.tools.params:DMRG: reading 'max_N_for_ED'=400
INFO:tenpy.tools.params:DMRG: reading 'update_env'=5
INFO:tenpy.algorithms.mps_common:start environment_sweep
INFO:tenpy.algorithms.dmrg:checkpoint after sweep 10
energy=-0.8856057243945301, max S=1.2954907655196761, age=198, norm_err=8.1e-15
Current memory usage 203.6MB, wall time: 10.3s
Delta E = nan, Delta S = 7.0436e-06 (per sweep)
max trunc_err = 2.1692e-13, max E_trunc = 4.7748e-12
chi: [256, 256, 256, 256, 256, 256]
================================================================================
INFO:tenpy.algorithms.dmrg:Running sweep with optimization
INFO:tenpy.algorithms.mps_common:start environment_sweep
INFO:tenpy.algorithms.dmrg:checkpoint after sweep 20
energy=-0.8856057243945799, max S=1.2954907655283776, age=378, norm_err=8.1e-15
Current memory usage 203.6MB, wall time: 8.8s
Delta E = -4.9738e-15, Delta S = 3.9357e-14 (per sweep)
max trunc_err = 2.1692e-13, max E_trunc = 4.8317e-12
chi: [256, 256, 256, 256, 256, 256]
================================================================================
INFO:tenpy.tools.params:DMRG: reading 'max_E_err'=1e-08
INFO:tenpy.tools.params:DMRG: reading 'max_S_err'=1e-05
INFO:tenpy.tools.params:DMRG: reading 'norm_tol'=1e-05
INFO:tenpy.tools.params:DMRG: reading 'norm_tol_final'=1e-10
INFO:tenpy.tools.params:DMRG: reading 'norm_tol_iter'=5
INFO:tenpy.algorithms.dmrg:TwoSiteDMRGEngine finished after 20 sweeps, max chi=256
INFO:tenpy.tools.params:DMRG: reading 'max_trunc_err'=0.0001
INFO:tenpy.tools.params:MixedHofstadterLandauGauge_Pi_2: reading 'explicit_plus_hc'=False
INFO:tenpy.tools.params:MixedHofstadterLandauGauge_Pi_2: reading 'Lx'=2
INFO:tenpy.tools.params:MixedHofstadterLandauGauge_Pi_2: setting 'N_rings'=2
INFO:tenpy.tools.params:MixedHofstadterLandauGauge_Pi_2: reading 'xy_lattice'='Square'
INFO:tenpy.tools.params:MixedHofstadterLandauGauge_Pi_2: reading 'Ly'=3
INFO:tenpy.tools.params:MixedHofstadterLandauGauge_Pi_2: reading 'ring_order'=None
INFO:tenpy.tools.params:MixedHofstadterLandauGauge_Pi_2: reading 'conserve_k'=True
INFO:tenpy.tools.params:MixedHofstadterLandauGauge_Pi_2: reading 'bc_MPS'='infinite'
INFO:tenpy.tools.params:MixedHofstadterLandauGauge_Pi_2: reading 't'=-1
INFO:tenpy.tools.params:MixedHofstadterLandauGauge_Pi_2: reading 't2'=-0.25
INFO:tenpy.tools.params:MixedHofstadterLandauGauge_Pi_2: reading 'V1'=0.6
INFO:tenpy.tools.params:MixedHofstadterLandauGauge_Pi_2: reading 'phi_ext'=np.float64(1.2000000000000002)
INFO:tenpy.tools.params:MixedHofstadterLandauGauge_Pi_2: reading 'sort_mpo_legs'=False
/home/t30/kna/ge54yin/Documents/MasterThesisFQHinTMDs/MPS_stuff/MPScalculations/.venv/lib/python3.12/site-packages/tenpy/tools/params.py:232: UserWarning: unused options for config MixedHofstadterLandauGauge_Pi_2:
['Delta', 'N_rings', 'Nsec', 'bc', 'chi_max', 'ktot', 'saveAll']
  warnings.warn(msg.format(keys=sorted(unused), name=self.name))
INFO:tenpy.tools.params:DMRG: reading 'active_sites'=2
INFO:tenpy.tools.params:DMRG: reading 'diag_method'='default'
INFO:tenpy.tools.params:DMRG: subconfig 'trunc_params'=Config(<5 options>, 'trunc_params')
INFO:tenpy.tools.params:DMRG: reading 'max_N_sites_per_ring'=18
INFO:tenpy.tools.params:DMRG: reading 'combine'=False
INFO:tenpy.tools.params:DMRG: subconfig 'lanczos_params'=Config(<9 options>, 'lanczos_params')
INFO:tenpy.tools.params:DMRG: reading 'chi_list'=None
INFO:tenpy.tools.params:DMRG: reading 'start_env'=1
INFO:tenpy.algorithms.mps_common:start environment_sweep
INFO:tenpy.tools.params:DMRG: reading 'N_sweeps_check'=10
INFO:tenpy.tools.params:DMRG: subconfig 'mixer_params'=Config(<3 options>, 'mixer_params')
INFO:tenpy.tools.params:DMRG: reading 'mixer'=None
INFO:tenpy.tools.params:DMRG: reading 'max_sweeps'=100
INFO:tenpy.tools.params:DMRG: reading 'max_hours'=8760
INFO:tenpy.tools.params:DMRG: reading 'P_tol_to_trunc'=0.05
INFO:tenpy.tools.params:DMRG: reading 'P_tol_min'=5.0000000000000004e-30
INFO:tenpy.tools.params:DMRG: reading 'P_tol_max'=0.0001
INFO:tenpy.tools.params:DMRG: reading 'E_tol_to_trunc'=None
INFO:tenpy.algorithms.dmrg:Running sweep with optimization
INFO:tenpy.tools.params:DMRG: reading 'max_N_for_ED'=400
INFO:tenpy.tools.params:DMRG: reading 'update_env'=5
INFO:tenpy.algorithms.mps_common:start environment_sweep
INFO:tenpy.algorithms.dmrg:checkpoint after sweep 10
energy=-0.8856228835755644, max S=1.2431139283800512, age=198, norm_err=1.5e-14
Current memory usage 203.6MB, wall time: 10.3s
Delta E = nan, Delta S = 5.5383e-06 (per sweep)
max trunc_err = 2.2890e-13, max E_trunc = 4.5191e-12
chi: [256, 256, 256, 256, 256, 256]
================================================================================
INFO:tenpy.algorithms.dmrg:Running sweep with optimization
INFO:tenpy.algorithms.mps_common:start environment_sweep
INFO:tenpy.algorithms.dmrg:checkpoint after sweep 20
energy=-0.8856228835755644, max S=1.2431139283842301, age=378, norm_err=1.4e-14
Current memory usage 203.6MB, wall time: 8.8s
Delta E = 0.0000e+00, Delta S = -4.8028e-14 (per sweep)
max trunc_err = 2.2890e-13, max E_trunc = 4.7180e-12
chi: [256, 256, 256, 256, 256, 256]
================================================================================
INFO:tenpy.tools.params:DMRG: reading 'max_E_err'=1e-08
INFO:tenpy.tools.params:DMRG: reading 'max_S_err'=1e-05
INFO:tenpy.tools.params:DMRG: reading 'norm_tol'=1e-05
INFO:tenpy.tools.params:DMRG: reading 'norm_tol_final'=1e-10
INFO:tenpy.tools.params:DMRG: reading 'norm_tol_iter'=5
INFO:tenpy.algorithms.dmrg:TwoSiteDMRGEngine finished after 20 sweeps, max chi=256
INFO:tenpy.tools.params:DMRG: reading 'max_trunc_err'=0.0001
INFO:tenpy.tools.params:MixedHofstadterLandauGauge_Pi_2: reading 'explicit_plus_hc'=False
INFO:tenpy.tools.params:MixedHofstadterLandauGauge_Pi_2: reading 'Lx'=2
INFO:tenpy.tools.params:MixedHofstadterLandauGauge_Pi_2: setting 'N_rings'=2
INFO:tenpy.tools.params:MixedHofstadterLandauGauge_Pi_2: reading 'xy_lattice'='Square'
INFO:tenpy.tools.params:MixedHofstadterLandauGauge_Pi_2: reading 'Ly'=3
INFO:tenpy.tools.params:MixedHofstadterLandauGauge_Pi_2: reading 'ring_order'=None
INFO:tenpy.tools.params:MixedHofstadterLandauGauge_Pi_2: reading 'conserve_k'=True
INFO:tenpy.tools.params:MixedHofstadterLandauGauge_Pi_2: reading 'bc_MPS'='infinite'
INFO:tenpy.tools.params:MixedHofstadterLandauGauge_Pi_2: reading 't'=-1
INFO:tenpy.tools.params:MixedHofstadterLandauGauge_Pi_2: reading 't2'=-0.25
INFO:tenpy.tools.params:MixedHofstadterLandauGauge_Pi_2: reading 'V1'=0.6
INFO:tenpy.tools.params:MixedHofstadterLandauGauge_Pi_2: reading 'phi_ext'=np.float64(1.25)
INFO:tenpy.tools.params:MixedHofstadterLandauGauge_Pi_2: reading 'sort_mpo_legs'=False
/home/t30/kna/ge54yin/Documents/MasterThesisFQHinTMDs/MPS_stuff/MPScalculations/.venv/lib/python3.12/site-packages/tenpy/tools/params.py:232: UserWarning: unused options for config MixedHofstadterLandauGauge_Pi_2:
['Delta', 'N_rings', 'Nsec', 'bc', 'chi_max', 'ktot', 'saveAll']
  warnings.warn(msg.format(keys=sorted(unused), name=self.name))
INFO:tenpy.tools.params:DMRG: reading 'active_sites'=2
INFO:tenpy.tools.params:DMRG: reading 'diag_method'='default'
INFO:tenpy.tools.params:DMRG: subconfig 'trunc_params'=Config(<5 options>, 'trunc_params')
INFO:tenpy.tools.params:DMRG: reading 'max_N_sites_per_ring'=18
INFO:tenpy.tools.params:DMRG: reading 'combine'=False
INFO:tenpy.tools.params:DMRG: subconfig 'lanczos_params'=Config(<9 options>, 'lanczos_params')
INFO:tenpy.tools.params:DMRG: reading 'chi_list'=None
INFO:tenpy.tools.params:DMRG: reading 'start_env'=1
INFO:tenpy.algorithms.mps_common:start environment_sweep
INFO:tenpy.tools.params:DMRG: reading 'N_sweeps_check'=10
INFO:tenpy.tools.params:DMRG: subconfig 'mixer_params'=Config(<3 options>, 'mixer_params')
INFO:tenpy.tools.params:DMRG: reading 'mixer'=None
INFO:tenpy.tools.params:DMRG: reading 'max_sweeps'=100
INFO:tenpy.tools.params:DMRG: reading 'max_hours'=8760
INFO:tenpy.tools.params:DMRG: reading 'P_tol_to_trunc'=0.05
INFO:tenpy.tools.params:DMRG: reading 'P_tol_min'=5.0000000000000004e-30
INFO:tenpy.tools.params:DMRG: reading 'P_tol_max'=0.0001
INFO:tenpy.tools.params:DMRG: reading 'E_tol_to_trunc'=None
INFO:tenpy.algorithms.dmrg:Running sweep with optimization
INFO:tenpy.tools.params:DMRG: reading 'max_N_for_ED'=400
INFO:tenpy.tools.params:DMRG: reading 'update_env'=5
INFO:tenpy.algorithms.mps_common:start environment_sweep
INFO:tenpy.algorithms.dmrg:checkpoint after sweep 10
energy=-0.8856294379264398, max S=1.1862185699421541, age=198, norm_err=3.8e-15
Current memory usage 204.1MB, wall time: 10.9s
Delta E = nan, Delta S = 2.0924e-06 (per sweep)
max trunc_err = 2.3067e-13, max E_trunc = 4.6612e-12
chi: [256, 256, 256, 256, 256, 256]
================================================================================
INFO:tenpy.algorithms.dmrg:Running sweep with optimization
INFO:tenpy.algorithms.mps_common:start environment_sweep
INFO:tenpy.algorithms.dmrg:checkpoint after sweep 20
energy=-0.8856294379264114, max S=1.1862185699383339, age=378, norm_err=4.5e-15
Current memory usage 204.1MB, wall time: 9.3s
Delta E = 2.8422e-15, Delta S = -3.1530e-15 (per sweep)
max trunc_err = 2.3065e-13, max E_trunc = 5.0022e-12
chi: [256, 256, 256, 256, 256, 256]
================================================================================
INFO:tenpy.tools.params:DMRG: reading 'max_E_err'=1e-08
INFO:tenpy.tools.params:DMRG: reading 'max_S_err'=1e-05
INFO:tenpy.tools.params:DMRG: reading 'norm_tol'=1e-05
INFO:tenpy.tools.params:DMRG: reading 'norm_tol_final'=1e-10
INFO:tenpy.tools.params:DMRG: reading 'norm_tol_iter'=5
INFO:tenpy.algorithms.dmrg:TwoSiteDMRGEngine finished after 20 sweeps, max chi=256
INFO:tenpy.tools.params:DMRG: reading 'max_trunc_err'=0.0001
INFO:tenpy.tools.params:MixedHofstadterLandauGauge_Pi_2: reading 'explicit_plus_hc'=False
INFO:tenpy.tools.params:MixedHofstadterLandauGauge_Pi_2: reading 'Lx'=2
INFO:tenpy.tools.params:MixedHofstadterLandauGauge_Pi_2: setting 'N_rings'=2
INFO:tenpy.tools.params:MixedHofstadterLandauGauge_Pi_2: reading 'xy_lattice'='Square'
INFO:tenpy.tools.params:MixedHofstadterLandauGauge_Pi_2: reading 'Ly'=3
INFO:tenpy.tools.params:MixedHofstadterLandauGauge_Pi_2: reading 'ring_order'=None
INFO:tenpy.tools.params:MixedHofstadterLandauGauge_Pi_2: reading 'conserve_k'=True
INFO:tenpy.tools.params:MixedHofstadterLandauGauge_Pi_2: reading 'bc_MPS'='infinite'
INFO:tenpy.tools.params:MixedHofstadterLandauGauge_Pi_2: reading 't'=-1
INFO:tenpy.tools.params:MixedHofstadterLandauGauge_Pi_2: reading 't2'=-0.25
INFO:tenpy.tools.params:MixedHofstadterLandauGauge_Pi_2: reading 'V1'=0.6
INFO:tenpy.tools.params:MixedHofstadterLandauGauge_Pi_2: reading 'phi_ext'=np.float64(1.3)
INFO:tenpy.tools.params:MixedHofstadterLandauGauge_Pi_2: reading 'sort_mpo_legs'=False
/home/t30/kna/ge54yin/Documents/MasterThesisFQHinTMDs/MPS_stuff/MPScalculations/.venv/lib/python3.12/site-packages/tenpy/tools/params.py:232: UserWarning: unused options for config MixedHofstadterLandauGauge_Pi_2:
['Delta', 'N_rings', 'Nsec', 'bc', 'chi_max', 'ktot', 'saveAll']
  warnings.warn(msg.format(keys=sorted(unused), name=self.name))
INFO:tenpy.tools.params:DMRG: reading 'active_sites'=2
INFO:tenpy.tools.params:DMRG: reading 'diag_method'='default'
INFO:tenpy.tools.params:DMRG: subconfig 'trunc_params'=Config(<5 options>, 'trunc_params')
INFO:tenpy.tools.params:DMRG: reading 'max_N_sites_per_ring'=18
INFO:tenpy.tools.params:DMRG: reading 'combine'=False
INFO:tenpy.tools.params:DMRG: subconfig 'lanczos_params'=Config(<9 options>, 'lanczos_params')
INFO:tenpy.tools.params:DMRG: reading 'chi_list'=None
INFO:tenpy.tools.params:DMRG: reading 'start_env'=1
INFO:tenpy.algorithms.mps_common:start environment_sweep
INFO:tenpy.tools.params:DMRG: reading 'N_sweeps_check'=10
INFO:tenpy.tools.params:DMRG: subconfig 'mixer_params'=Config(<3 options>, 'mixer_params')
INFO:tenpy.tools.params:DMRG: reading 'mixer'=None
INFO:tenpy.tools.params:DMRG: reading 'max_sweeps'=100
INFO:tenpy.tools.params:DMRG: reading 'max_hours'=8760
INFO:tenpy.tools.params:DMRG: reading 'P_tol_to_trunc'=0.05
INFO:tenpy.tools.params:DMRG: reading 'P_tol_min'=5.0000000000000004e-30
INFO:tenpy.tools.params:DMRG: reading 'P_tol_max'=0.0001
INFO:tenpy.tools.params:DMRG: reading 'E_tol_to_trunc'=None
INFO:tenpy.algorithms.dmrg:Running sweep with optimization
INFO:tenpy.tools.params:DMRG: reading 'max_N_for_ED'=400
INFO:tenpy.tools.params:DMRG: reading 'update_env'=5
INFO:tenpy.algorithms.mps_common:start environment_sweep
INFO:tenpy.algorithms.dmrg:checkpoint after sweep 10
energy=-0.8856228835757184, max S=1.2431139283891020, age=198, norm_err=4.2e-15
Current memory usage 204.1MB, wall time: 10.2s
Delta E = nan, Delta S = -2.0924e-06 (per sweep)
max trunc_err = 2.3035e-13, max E_trunc = 4.5475e-12
chi: [256, 256, 256, 256, 256, 256]
================================================================================
INFO:tenpy.algorithms.dmrg:Running sweep with optimization
INFO:tenpy.algorithms.mps_common:start environment_sweep
INFO:tenpy.algorithms.dmrg:checkpoint after sweep 20
energy=-0.8856228835757586, max S=1.2431139283850152, age=378, norm_err=4.3e-15
Current memory usage 204.1MB, wall time: 8.7s
Delta E = -4.0190e-15, Delta S = -2.2304e-14 (per sweep)
max trunc_err = 2.3035e-13, max E_trunc = 4.6043e-12
chi: [256, 256, 256, 256, 256, 256]
================================================================================
INFO:tenpy.tools.params:DMRG: reading 'max_E_err'=1e-08
INFO:tenpy.tools.params:DMRG: reading 'max_S_err'=1e-05
INFO:tenpy.tools.params:DMRG: reading 'norm_tol'=1e-05
INFO:tenpy.tools.params:DMRG: reading 'norm_tol_final'=1e-10
INFO:tenpy.tools.params:DMRG: reading 'norm_tol_iter'=5
INFO:tenpy.algorithms.dmrg:TwoSiteDMRGEngine finished after 20 sweeps, max chi=256
INFO:tenpy.tools.params:DMRG: reading 'max_trunc_err'=0.0001
INFO:tenpy.tools.params:MixedHofstadterLandauGauge_Pi_2: reading 'explicit_plus_hc'=False
INFO:tenpy.tools.params:MixedHofstadterLandauGauge_Pi_2: reading 'Lx'=2
INFO:tenpy.tools.params:MixedHofstadterLandauGauge_Pi_2: setting 'N_rings'=2
INFO:tenpy.tools.params:MixedHofstadterLandauGauge_Pi_2: reading 'xy_lattice'='Square'
INFO:tenpy.tools.params:MixedHofstadterLandauGauge_Pi_2: reading 'Ly'=3
INFO:tenpy.tools.params:MixedHofstadterLandauGauge_Pi_2: reading 'ring_order'=None
INFO:tenpy.tools.params:MixedHofstadterLandauGauge_Pi_2: reading 'conserve_k'=True
INFO:tenpy.tools.params:MixedHofstadterLandauGauge_Pi_2: reading 'bc_MPS'='infinite'
INFO:tenpy.tools.params:MixedHofstadterLandauGauge_Pi_2: reading 't'=-1
INFO:tenpy.tools.params:MixedHofstadterLandauGauge_Pi_2: reading 't2'=-0.25
INFO:tenpy.tools.params:MixedHofstadterLandauGauge_Pi_2: reading 'V1'=0.6
INFO:tenpy.tools.params:MixedHofstadterLandauGauge_Pi_2: reading 'phi_ext'=np.float64(1.35)
INFO:tenpy.tools.params:MixedHofstadterLandauGauge_Pi_2: reading 'sort_mpo_legs'=False
/home/t30/kna/ge54yin/Documents/MasterThesisFQHinTMDs/MPS_stuff/MPScalculations/.venv/lib/python3.12/site-packages/tenpy/tools/params.py:232: UserWarning: unused options for config MixedHofstadterLandauGauge_Pi_2:
['Delta', 'N_rings', 'Nsec', 'bc', 'chi_max', 'ktot', 'saveAll']
  warnings.warn(msg.format(keys=sorted(unused), name=self.name))
INFO:tenpy.tools.params:DMRG: reading 'active_sites'=2
INFO:tenpy.tools.params:DMRG: reading 'diag_method'='default'
INFO:tenpy.tools.params:DMRG: subconfig 'trunc_params'=Config(<5 options>, 'trunc_params')
INFO:tenpy.tools.params:DMRG: reading 'max_N_sites_per_ring'=18
INFO:tenpy.tools.params:DMRG: reading 'combine'=False
INFO:tenpy.tools.params:DMRG: subconfig 'lanczos_params'=Config(<9 options>, 'lanczos_params')
INFO:tenpy.tools.params:DMRG: reading 'chi_list'=None
INFO:tenpy.tools.params:DMRG: reading 'start_env'=1
INFO:tenpy.algorithms.mps_common:start environment_sweep
INFO:tenpy.tools.params:DMRG: reading 'N_sweeps_check'=10
INFO:tenpy.tools.params:DMRG: subconfig 'mixer_params'=Config(<3 options>, 'mixer_params')
INFO:tenpy.tools.params:DMRG: reading 'mixer'=None
INFO:tenpy.tools.params:DMRG: reading 'max_sweeps'=100
INFO:tenpy.tools.params:DMRG: reading 'max_hours'=8760
INFO:tenpy.tools.params:DMRG: reading 'P_tol_to_trunc'=0.05
INFO:tenpy.tools.params:DMRG: reading 'P_tol_min'=5.0000000000000004e-30
INFO:tenpy.tools.params:DMRG: reading 'P_tol_max'=0.0001
INFO:tenpy.tools.params:DMRG: reading 'E_tol_to_trunc'=None
INFO:tenpy.algorithms.dmrg:Running sweep with optimization
INFO:tenpy.tools.params:DMRG: reading 'max_N_for_ED'=400
INFO:tenpy.tools.params:DMRG: reading 'update_env'=5
INFO:tenpy.algorithms.mps_common:start environment_sweep
INFO:tenpy.algorithms.dmrg:checkpoint after sweep 10
energy=-0.8856057243947243, max S=1.2954907655426302, age=198, norm_err=4.4e-15
Current memory usage 204.1MB, wall time: 10.2s
Delta E = nan, Delta S = -5.5383e-06 (per sweep)
max trunc_err = 2.3312e-13, max E_trunc = 4.7464e-12
chi: [256, 256, 256, 256, 256, 256]
================================================================================
INFO:tenpy.algorithms.dmrg:Running sweep with optimization
INFO:tenpy.algorithms.mps_common:start environment_sweep
INFO:tenpy.algorithms.dmrg:checkpoint after sweep 20
energy=-0.8856057243947220, max S=1.2954907655342209, age=378, norm_err=4.0e-15
Current memory usage 204.1MB, wall time: 8.8s
Delta E = 2.3315e-16, Delta S = -1.6341e-13 (per sweep)
max trunc_err = 2.3312e-13, max E_trunc = 4.4906e-12
chi: [256, 256, 256, 256, 256, 256]
================================================================================
INFO:tenpy.tools.params:DMRG: reading 'max_E_err'=1e-08
INFO:tenpy.tools.params:DMRG: reading 'max_S_err'=1e-05
INFO:tenpy.tools.params:DMRG: reading 'norm_tol'=1e-05
INFO:tenpy.tools.params:DMRG: reading 'norm_tol_final'=1e-10
INFO:tenpy.tools.params:DMRG: reading 'norm_tol_iter'=5
INFO:tenpy.algorithms.dmrg:TwoSiteDMRGEngine finished after 20 sweeps, max chi=256
INFO:tenpy.tools.params:DMRG: reading 'max_trunc_err'=0.0001
INFO:tenpy.tools.params:MixedHofstadterLandauGauge_Pi_2: reading 'explicit_plus_hc'=False
INFO:tenpy.tools.params:MixedHofstadterLandauGauge_Pi_2: reading 'Lx'=2
INFO:tenpy.tools.params:MixedHofstadterLandauGauge_Pi_2: setting 'N_rings'=2
INFO:tenpy.tools.params:MixedHofstadterLandauGauge_Pi_2: reading 'xy_lattice'='Square'
INFO:tenpy.tools.params:MixedHofstadterLandauGauge_Pi_2: reading 'Ly'=3
INFO:tenpy.tools.params:MixedHofstadterLandauGauge_Pi_2: reading 'ring_order'=None
INFO:tenpy.tools.params:MixedHofstadterLandauGauge_Pi_2: reading 'conserve_k'=True
INFO:tenpy.tools.params:MixedHofstadterLandauGauge_Pi_2: reading 'bc_MPS'='infinite'
INFO:tenpy.tools.params:MixedHofstadterLandauGauge_Pi_2: reading 't'=-1
INFO:tenpy.tools.params:MixedHofstadterLandauGauge_Pi_2: reading 't2'=-0.25
INFO:tenpy.tools.params:MixedHofstadterLandauGauge_Pi_2: reading 'V1'=0.6
INFO:tenpy.tools.params:MixedHofstadterLandauGauge_Pi_2: reading 'phi_ext'=np.float64(1.4000000000000001)
INFO:tenpy.tools.params:MixedHofstadterLandauGauge_Pi_2: reading 'sort_mpo_legs'=False
/home/t30/kna/ge54yin/Documents/MasterThesisFQHinTMDs/MPS_stuff/MPScalculations/.venv/lib/python3.12/site-packages/tenpy/tools/params.py:232: UserWarning: unused options for config MixedHofstadterLandauGauge_Pi_2:
['Delta', 'N_rings', 'Nsec', 'bc', 'chi_max', 'ktot', 'saveAll']
  warnings.warn(msg.format(keys=sorted(unused), name=self.name))
INFO:tenpy.tools.params:DMRG: reading 'active_sites'=2
INFO:tenpy.tools.params:DMRG: reading 'diag_method'='default'
INFO:tenpy.tools.params:DMRG: subconfig 'trunc_params'=Config(<5 options>, 'trunc_params')
INFO:tenpy.tools.params:DMRG: reading 'max_N_sites_per_ring'=18
INFO:tenpy.tools.params:DMRG: reading 'combine'=False
INFO:tenpy.tools.params:DMRG: subconfig 'lanczos_params'=Config(<9 options>, 'lanczos_params')
INFO:tenpy.tools.params:DMRG: reading 'chi_list'=None
INFO:tenpy.tools.params:DMRG: reading 'start_env'=1
INFO:tenpy.algorithms.mps_common:start environment_sweep
INFO:tenpy.tools.params:DMRG: reading 'N_sweeps_check'=10
INFO:tenpy.tools.params:DMRG: subconfig 'mixer_params'=Config(<3 options>, 'mixer_params')
INFO:tenpy.tools.params:DMRG: reading 'mixer'=None
INFO:tenpy.tools.params:DMRG: reading 'max_sweeps'=100
INFO:tenpy.tools.params:DMRG: reading 'max_hours'=8760
INFO:tenpy.tools.params:DMRG: reading 'P_tol_to_trunc'=0.05
INFO:tenpy.tools.params:DMRG: reading 'P_tol_min'=5.0000000000000004e-30
INFO:tenpy.tools.params:DMRG: reading 'P_tol_max'=0.0001
INFO:tenpy.tools.params:DMRG: reading 'E_tol_to_trunc'=None
INFO:tenpy.algorithms.dmrg:Running sweep with optimization
INFO:tenpy.tools.params:DMRG: reading 'max_N_for_ED'=400
INFO:tenpy.tools.params:DMRG: reading 'update_env'=5
INFO:tenpy.algorithms.mps_common:start environment_sweep
INFO:tenpy.algorithms.dmrg:checkpoint after sweep 10
energy=-0.8855845151448302, max S=1.3429154423265630, age=198, norm_err=4.3e-15
Current memory usage 204.1MB, wall time: 10.2s
Delta E = nan, Delta S = -7.0436e-06 (per sweep)
max trunc_err = 2.3236e-13, max E_trunc = 4.7464e-12
chi: [256, 256, 256, 256, 256, 256]
================================================================================
INFO:tenpy.algorithms.dmrg:Running sweep with optimization
INFO:tenpy.algorithms.mps_common:start environment_sweep
INFO:tenpy.algorithms.dmrg:checkpoint after sweep 20
energy=-0.8855845151448042, max S=1.3429154423112823, age=378, norm_err=3.4e-15
Current memory usage 204.1MB, wall time: 8.8s
Delta E = 2.5979e-15, Delta S = -4.0594e-13 (per sweep)
max trunc_err = 2.3237e-13, max E_trunc = 4.6612e-12
chi: [256, 256, 256, 256, 256, 256]
================================================================================
INFO:tenpy.tools.params:DMRG: reading 'max_E_err'=1e-08
INFO:tenpy.tools.params:DMRG: reading 'max_S_err'=1e-05
INFO:tenpy.tools.params:DMRG: reading 'norm_tol'=1e-05
INFO:tenpy.tools.params:DMRG: reading 'norm_tol_final'=1e-10
INFO:tenpy.tools.params:DMRG: reading 'norm_tol_iter'=5
INFO:tenpy.algorithms.dmrg:TwoSiteDMRGEngine finished after 20 sweeps, max chi=256
INFO:tenpy.tools.params:DMRG: reading 'max_trunc_err'=0.0001
INFO:tenpy.tools.params:MixedHofstadterLandauGauge_Pi_2: reading 'explicit_plus_hc'=False
INFO:tenpy.tools.params:MixedHofstadterLandauGauge_Pi_2: reading 'Lx'=2
INFO:tenpy.tools.params:MixedHofstadterLandauGauge_Pi_2: setting 'N_rings'=2
INFO:tenpy.tools.params:MixedHofstadterLandauGauge_Pi_2: reading 'xy_lattice'='Square'
INFO:tenpy.tools.params:MixedHofstadterLandauGauge_Pi_2: reading 'Ly'=3
INFO:tenpy.tools.params:MixedHofstadterLandauGauge_Pi_2: reading 'ring_order'=None
INFO:tenpy.tools.params:MixedHofstadterLandauGauge_Pi_2: reading 'conserve_k'=True
INFO:tenpy.tools.params:MixedHofstadterLandauGauge_Pi_2: reading 'bc_MPS'='infinite'
INFO:tenpy.tools.params:MixedHofstadterLandauGauge_Pi_2: reading 't'=-1
INFO:tenpy.tools.params:MixedHofstadterLandauGauge_Pi_2: reading 't2'=-0.25
INFO:tenpy.tools.params:MixedHofstadterLandauGauge_Pi_2: reading 'V1'=0.6
INFO:tenpy.tools.params:MixedHofstadterLandauGauge_Pi_2: reading 'phi_ext'=np.float64(1.4500000000000002)
INFO:tenpy.tools.params:MixedHofstadterLandauGauge_Pi_2: reading 'sort_mpo_legs'=False
/home/t30/kna/ge54yin/Documents/MasterThesisFQHinTMDs/MPS_stuff/MPScalculations/.venv/lib/python3.12/site-packages/tenpy/tools/params.py:232: UserWarning: unused options for config MixedHofstadterLandauGauge_Pi_2:
['Delta', 'N_rings', 'Nsec', 'bc', 'chi_max', 'ktot', 'saveAll']
  warnings.warn(msg.format(keys=sorted(unused), name=self.name))
INFO:tenpy.tools.params:DMRG: reading 'active_sites'=2
INFO:tenpy.tools.params:DMRG: reading 'diag_method'='default'
INFO:tenpy.tools.params:DMRG: subconfig 'trunc_params'=Config(<5 options>, 'trunc_params')
INFO:tenpy.tools.params:DMRG: reading 'max_N_sites_per_ring'=18
INFO:tenpy.tools.params:DMRG: reading 'combine'=False
INFO:tenpy.tools.params:DMRG: subconfig 'lanczos_params'=Config(<9 options>, 'lanczos_params')
INFO:tenpy.tools.params:DMRG: reading 'chi_list'=None
INFO:tenpy.tools.params:DMRG: reading 'start_env'=1
INFO:tenpy.algorithms.mps_common:start environment_sweep
INFO:tenpy.tools.params:DMRG: reading 'N_sweeps_check'=10
INFO:tenpy.tools.params:DMRG: subconfig 'mixer_params'=Config(<3 options>, 'mixer_params')
INFO:tenpy.tools.params:DMRG: reading 'mixer'=None
INFO:tenpy.tools.params:DMRG: reading 'max_sweeps'=100
INFO:tenpy.tools.params:DMRG: reading 'max_hours'=8760
INFO:tenpy.tools.params:DMRG: reading 'P_tol_to_trunc'=0.05
INFO:tenpy.tools.params:DMRG: reading 'P_tol_min'=5.0000000000000004e-30
INFO:tenpy.tools.params:DMRG: reading 'P_tol_max'=0.0001
INFO:tenpy.tools.params:DMRG: reading 'E_tol_to_trunc'=None
INFO:tenpy.algorithms.dmrg:Running sweep with optimization
INFO:tenpy.tools.params:DMRG: reading 'max_N_for_ED'=400
INFO:tenpy.tools.params:DMRG: reading 'update_env'=5
INFO:tenpy.algorithms.mps_common:start environment_sweep
INFO:tenpy.algorithms.dmrg:checkpoint after sweep 10
energy=-0.8855673570404932, max S=1.3850058737380362, age=198, norm_err=3.7e-15
Current memory usage 204.1MB, wall time: 10.3s
Delta E = nan, Delta S = -6.1331e-06 (per sweep)
max trunc_err = 2.3812e-13, max E_trunc = 4.7180e-12
chi: [256, 256, 256, 256, 256, 256]
================================================================================
INFO:tenpy.algorithms.dmrg:Running sweep with optimization
INFO:tenpy.algorithms.mps_common:start environment_sweep
INFO:tenpy.algorithms.dmrg:checkpoint after sweep 20
energy=-0.8855673570404292, max S=1.3850058737237647, age=378, norm_err=3.8e-15
Current memory usage 204.1MB, wall time: 8.9s
Delta E = 6.3949e-15, Delta S = -4.4547e-13 (per sweep)
max trunc_err = 2.3811e-13, max E_trunc = 4.7180e-12
chi: [256, 256, 256, 256, 256, 256]
================================================================================
INFO:tenpy.tools.params:DMRG: reading 'max_E_err'=1e-08
INFO:tenpy.tools.params:DMRG: reading 'max_S_err'=1e-05
INFO:tenpy.tools.params:DMRG: reading 'norm_tol'=1e-05
INFO:tenpy.tools.params:DMRG: reading 'norm_tol_final'=1e-10
INFO:tenpy.tools.params:DMRG: reading 'norm_tol_iter'=5
INFO:tenpy.algorithms.dmrg:TwoSiteDMRGEngine finished after 20 sweeps, max chi=256
INFO:tenpy.tools.params:DMRG: reading 'max_trunc_err'=0.0001
INFO:tenpy.tools.params:MixedHofstadterLandauGauge_Pi_2: reading 'explicit_plus_hc'=False
INFO:tenpy.tools.params:MixedHofstadterLandauGauge_Pi_2: reading 'Lx'=2
INFO:tenpy.tools.params:MixedHofstadterLandauGauge_Pi_2: setting 'N_rings'=2
INFO:tenpy.tools.params:MixedHofstadterLandauGauge_Pi_2: reading 'xy_lattice'='Square'
INFO:tenpy.tools.params:MixedHofstadterLandauGauge_Pi_2: reading 'Ly'=3
INFO:tenpy.tools.params:MixedHofstadterLandauGauge_Pi_2: reading 'ring_order'=None
INFO:tenpy.tools.params:MixedHofstadterLandauGauge_Pi_2: reading 'conserve_k'=True
INFO:tenpy.tools.params:MixedHofstadterLandauGauge_Pi_2: reading 'bc_MPS'='infinite'
INFO:tenpy.tools.params:MixedHofstadterLandauGauge_Pi_2: reading 't'=-1
INFO:tenpy.tools.params:MixedHofstadterLandauGauge_Pi_2: reading 't2'=-0.25
INFO:tenpy.tools.params:MixedHofstadterLandauGauge_Pi_2: reading 'V1'=0.6
INFO:tenpy.tools.params:MixedHofstadterLandauGauge_Pi_2: reading 'phi_ext'=np.float64(1.5)
INFO:tenpy.tools.params:MixedHofstadterLandauGauge_Pi_2: reading 'sort_mpo_legs'=False
/home/t30/kna/ge54yin/Documents/MasterThesisFQHinTMDs/MPS_stuff/MPScalculations/.venv/lib/python3.12/site-packages/tenpy/tools/params.py:232: UserWarning: unused options for config MixedHofstadterLandauGauge_Pi_2:
['Delta', 'N_rings', 'Nsec', 'bc', 'chi_max', 'ktot', 'saveAll']
  warnings.warn(msg.format(keys=sorted(unused), name=self.name))
INFO:tenpy.tools.params:DMRG: reading 'active_sites'=2
INFO:tenpy.tools.params:DMRG: reading 'diag_method'='default'
INFO:tenpy.tools.params:DMRG: subconfig 'trunc_params'=Config(<5 options>, 'trunc_params')
INFO:tenpy.tools.params:DMRG: reading 'max_N_sites_per_ring'=18
INFO:tenpy.tools.params:DMRG: reading 'combine'=False
INFO:tenpy.tools.params:DMRG: subconfig 'lanczos_params'=Config(<9 options>, 'lanczos_params')
INFO:tenpy.tools.params:DMRG: reading 'chi_list'=None
INFO:tenpy.tools.params:DMRG: reading 'start_env'=1
INFO:tenpy.algorithms.mps_common:start environment_sweep
INFO:tenpy.tools.params:DMRG: reading 'N_sweeps_check'=10
INFO:tenpy.tools.params:DMRG: subconfig 'mixer_params'=Config(<3 options>, 'mixer_params')
INFO:tenpy.tools.params:DMRG: reading 'mixer'=None
INFO:tenpy.tools.params:DMRG: reading 'max_sweeps'=100
INFO:tenpy.tools.params:DMRG: reading 'max_hours'=8760
INFO:tenpy.tools.params:DMRG: reading 'P_tol_to_trunc'=0.05
INFO:tenpy.tools.params:DMRG: reading 'P_tol_min'=5.0000000000000004e-30
INFO:tenpy.tools.params:DMRG: reading 'P_tol_max'=0.0001
INFO:tenpy.tools.params:DMRG: reading 'E_tol_to_trunc'=None
INFO:tenpy.algorithms.dmrg:Running sweep with optimization
INFO:tenpy.tools.params:DMRG: reading 'max_N_for_ED'=400
INFO:tenpy.tools.params:DMRG: reading 'update_env'=5
INFO:tenpy.algorithms.mps_common:start environment_sweep
INFO:tenpy.algorithms.dmrg:checkpoint after sweep 10
energy=-0.8855608033551027, max S=1.4214082082645665, age=198, norm_err=3.9e-15
Current memory usage 204.1MB, wall time: 10.4s
Delta E = nan, Delta S = -3.2388e-06 (per sweep)
max trunc_err = 2.5613e-13, max E_trunc = 5.1017e-12
chi: [256, 256, 256, 256, 256, 256]
================================================================================
INFO:tenpy.algorithms.dmrg:Running sweep with optimization
INFO:tenpy.algorithms.mps_common:start environment_sweep
INFO:tenpy.algorithms.dmrg:checkpoint after sweep 20
energy=-0.8855608033550671, max S=1.4214082082604949, age=378, norm_err=4.1e-15
Current memory usage 204.1MB, wall time: 9.6s
Delta E = 3.5527e-15, Delta S = -2.1394e-14 (per sweep)
max trunc_err = 2.5613e-13, max E_trunc = 5.0591e-12
chi: [256, 256, 256, 256, 256, 256]
================================================================================
INFO:tenpy.tools.params:DMRG: reading 'max_E_err'=1e-08
INFO:tenpy.tools.params:DMRG: reading 'max_S_err'=1e-05
INFO:tenpy.tools.params:DMRG: reading 'norm_tol'=1e-05
INFO:tenpy.tools.params:DMRG: reading 'norm_tol_final'=1e-10
INFO:tenpy.tools.params:DMRG: reading 'norm_tol_iter'=5
INFO:tenpy.algorithms.dmrg:TwoSiteDMRGEngine finished after 20 sweeps, max chi=256
INFO:tenpy.tools.params:DMRG: reading 'max_trunc_err'=0.0001
INFO:tenpy.tools.params:MixedHofstadterLandauGauge_Pi_2: reading 'explicit_plus_hc'=False
INFO:tenpy.tools.params:MixedHofstadterLandauGauge_Pi_2: reading 'Lx'=2
INFO:tenpy.tools.params:MixedHofstadterLandauGauge_Pi_2: setting 'N_rings'=2
INFO:tenpy.tools.params:MixedHofstadterLandauGauge_Pi_2: reading 'xy_lattice'='Square'
INFO:tenpy.tools.params:MixedHofstadterLandauGauge_Pi_2: reading 'Ly'=3
INFO:tenpy.tools.params:MixedHofstadterLandauGauge_Pi_2: reading 'ring_order'=None
INFO:tenpy.tools.params:MixedHofstadterLandauGauge_Pi_2: reading 'conserve_k'=True
INFO:tenpy.tools.params:MixedHofstadterLandauGauge_Pi_2: reading 'bc_MPS'='infinite'
INFO:tenpy.tools.params:MixedHofstadterLandauGauge_Pi_2: reading 't'=-1
INFO:tenpy.tools.params:MixedHofstadterLandauGauge_Pi_2: reading 't2'=-0.25
INFO:tenpy.tools.params:MixedHofstadterLandauGauge_Pi_2: reading 'V1'=0.6
INFO:tenpy.tools.params:MixedHofstadterLandauGauge_Pi_2: reading 'phi_ext'=np.float64(1.55)
INFO:tenpy.tools.params:MixedHofstadterLandauGauge_Pi_2: reading 'sort_mpo_legs'=False
/home/t30/kna/ge54yin/Documents/MasterThesisFQHinTMDs/MPS_stuff/MPScalculations/.venv/lib/python3.12/site-packages/tenpy/tools/params.py:232: UserWarning: unused options for config MixedHofstadterLandauGauge_Pi_2:
['Delta', 'N_rings', 'Nsec', 'bc', 'chi_max', 'ktot', 'saveAll']
  warnings.warn(msg.format(keys=sorted(unused), name=self.name))
INFO:tenpy.tools.params:DMRG: reading 'active_sites'=2
INFO:tenpy.tools.params:DMRG: reading 'diag_method'='default'
INFO:tenpy.tools.params:DMRG: subconfig 'trunc_params'=Config(<5 options>, 'trunc_params')
INFO:tenpy.tools.params:DMRG: reading 'max_N_sites_per_ring'=18
INFO:tenpy.tools.params:DMRG: reading 'combine'=False
INFO:tenpy.tools.params:DMRG: subconfig 'lanczos_params'=Config(<9 options>, 'lanczos_params')
INFO:tenpy.tools.params:DMRG: reading 'chi_list'=None
INFO:tenpy.tools.params:DMRG: reading 'start_env'=1
INFO:tenpy.algorithms.mps_common:start environment_sweep
INFO:tenpy.tools.params:DMRG: reading 'N_sweeps_check'=10
INFO:tenpy.tools.params:DMRG: subconfig 'mixer_params'=Config(<3 options>, 'mixer_params')
INFO:tenpy.tools.params:DMRG: reading 'mixer'=None
INFO:tenpy.tools.params:DMRG: reading 'max_sweeps'=100
INFO:tenpy.tools.params:DMRG: reading 'max_hours'=8760
INFO:tenpy.tools.params:DMRG: reading 'P_tol_to_trunc'=0.05
INFO:tenpy.tools.params:DMRG: reading 'P_tol_min'=5.0000000000000004e-30
INFO:tenpy.tools.params:DMRG: reading 'P_tol_max'=0.0001
INFO:tenpy.tools.params:DMRG: reading 'E_tol_to_trunc'=None
INFO:tenpy.algorithms.dmrg:Running sweep with optimization
INFO:tenpy.tools.params:DMRG: reading 'max_N_for_ED'=400
INFO:tenpy.tools.params:DMRG: reading 'update_env'=5
INFO:tenpy.algorithms.mps_common:start environment_sweep
INFO:tenpy.algorithms.dmrg:checkpoint after sweep 10
energy=-0.8855673570402421, max S=1.4517847044241370, age=198, norm_err=5.4e-15
Current memory usage 204.1MB, wall time: 10.2s
Delta E = nan, Delta S = 4.6567e-07 (per sweep)
max trunc_err = 2.7059e-13, max E_trunc = 5.3717e-12
chi: [256, 256, 256, 256, 256, 256]
================================================================================
INFO:tenpy.algorithms.dmrg:Running sweep with optimization
INFO:tenpy.algorithms.mps_common:start environment_sweep
INFO:tenpy.algorithms.dmrg:checkpoint after sweep 20
energy=-0.8855673570402066, max S=1.4517847044305876, age=378, norm_err=5.0e-15
Current memory usage 204.1MB, wall time: 8.9s
Delta E = 3.5527e-15, Delta S = 4.6446e-13 (per sweep)
max trunc_err = 2.7059e-13, max E_trunc = 5.5138e-12
chi: [256, 256, 256, 256, 256, 256]
================================================================================
INFO:tenpy.tools.params:DMRG: reading 'max_E_err'=1e-08
INFO:tenpy.tools.params:DMRG: reading 'max_S_err'=1e-05
INFO:tenpy.tools.params:DMRG: reading 'norm_tol'=1e-05
INFO:tenpy.tools.params:DMRG: reading 'norm_tol_final'=1e-10
INFO:tenpy.tools.params:DMRG: reading 'norm_tol_iter'=5
INFO:tenpy.algorithms.dmrg:TwoSiteDMRGEngine finished after 20 sweeps, max chi=256
INFO:tenpy.tools.params:DMRG: reading 'max_trunc_err'=0.0001
INFO:tenpy.tools.params:MixedHofstadterLandauGauge_Pi_2: reading 'explicit_plus_hc'=False
INFO:tenpy.tools.params:MixedHofstadterLandauGauge_Pi_2: reading 'Lx'=2
INFO:tenpy.tools.params:MixedHofstadterLandauGauge_Pi_2: setting 'N_rings'=2
INFO:tenpy.tools.params:MixedHofstadterLandauGauge_Pi_2: reading 'xy_lattice'='Square'
INFO:tenpy.tools.params:MixedHofstadterLandauGauge_Pi_2: reading 'Ly'=3
INFO:tenpy.tools.params:MixedHofstadterLandauGauge_Pi_2: reading 'ring_order'=None
INFO:tenpy.tools.params:MixedHofstadterLandauGauge_Pi_2: reading 'conserve_k'=True
INFO:tenpy.tools.params:MixedHofstadterLandauGauge_Pi_2: reading 'bc_MPS'='infinite'
INFO:tenpy.tools.params:MixedHofstadterLandauGauge_Pi_2: reading 't'=-1
INFO:tenpy.tools.params:MixedHofstadterLandauGauge_Pi_2: reading 't2'=-0.25
INFO:tenpy.tools.params:MixedHofstadterLandauGauge_Pi_2: reading 'V1'=0.6
INFO:tenpy.tools.params:MixedHofstadterLandauGauge_Pi_2: reading 'phi_ext'=np.float64(1.6)
INFO:tenpy.tools.params:MixedHofstadterLandauGauge_Pi_2: reading 'sort_mpo_legs'=False
/home/t30/kna/ge54yin/Documents/MasterThesisFQHinTMDs/MPS_stuff/MPScalculations/.venv/lib/python3.12/site-packages/tenpy/tools/params.py:232: UserWarning: unused options for config MixedHofstadterLandauGauge_Pi_2:
['Delta', 'N_rings', 'Nsec', 'bc', 'chi_max', 'ktot', 'saveAll']
  warnings.warn(msg.format(keys=sorted(unused), name=self.name))
INFO:tenpy.tools.params:DMRG: reading 'active_sites'=2
INFO:tenpy.tools.params:DMRG: reading 'diag_method'='default'
INFO:tenpy.tools.params:DMRG: subconfig 'trunc_params'=Config(<5 options>, 'trunc_params')
INFO:tenpy.tools.params:DMRG: reading 'max_N_sites_per_ring'=18
INFO:tenpy.tools.params:DMRG: reading 'combine'=False
INFO:tenpy.tools.params:DMRG: subconfig 'lanczos_params'=Config(<9 options>, 'lanczos_params')
INFO:tenpy.tools.params:DMRG: reading 'chi_list'=None
INFO:tenpy.tools.params:DMRG: reading 'start_env'=1
INFO:tenpy.algorithms.mps_common:start environment_sweep
INFO:tenpy.tools.params:DMRG: reading 'N_sweeps_check'=10
INFO:tenpy.tools.params:DMRG: subconfig 'mixer_params'=Config(<3 options>, 'mixer_params')
INFO:tenpy.tools.params:DMRG: reading 'mixer'=None
INFO:tenpy.tools.params:DMRG: reading 'max_sweeps'=100
INFO:tenpy.tools.params:DMRG: reading 'max_hours'=8760
INFO:tenpy.tools.params:DMRG: reading 'P_tol_to_trunc'=0.05
INFO:tenpy.tools.params:DMRG: reading 'P_tol_min'=5.0000000000000004e-30
INFO:tenpy.tools.params:DMRG: reading 'P_tol_max'=0.0001
INFO:tenpy.tools.params:DMRG: reading 'E_tol_to_trunc'=None
INFO:tenpy.algorithms.dmrg:Running sweep with optimization
INFO:tenpy.tools.params:DMRG: reading 'max_N_for_ED'=400
INFO:tenpy.tools.params:DMRG: reading 'update_env'=5
INFO:tenpy.algorithms.mps_common:start environment_sweep
INFO:tenpy.algorithms.dmrg:checkpoint after sweep 10
energy=-0.8855845151446099, max S=1.4758159602948289, age=198, norm_err=4.3e-15
Current memory usage 204.1MB, wall time: 10.2s
Delta E = nan, Delta S = 3.5177e-06 (per sweep)
max trunc_err = 2.6119e-13, max E_trunc = 5.5849e-12
chi: [256, 256, 256, 256, 256, 256]
================================================================================
INFO:tenpy.algorithms.dmrg:Running sweep with optimization
INFO:tenpy.algorithms.mps_common:start environment_sweep
INFO:tenpy.algorithms.dmrg:checkpoint after sweep 20
energy=-0.8855845151446005, max S=1.4758159602972634, age=378, norm_err=4.3e-15
Current memory usage 204.1MB, wall time: 9.4s
Delta E = 9.4369e-16, Delta S = 1.3398e-13 (per sweep)
max trunc_err = 2.6116e-13, max E_trunc = 5.5707e-12
chi: [256, 256, 256, 256, 256, 256]
================================================================================
INFO:tenpy.tools.params:DMRG: reading 'max_E_err'=1e-08
INFO:tenpy.tools.params:DMRG: reading 'max_S_err'=1e-05
INFO:tenpy.tools.params:DMRG: reading 'norm_tol'=1e-05
INFO:tenpy.tools.params:DMRG: reading 'norm_tol_final'=1e-10
INFO:tenpy.tools.params:DMRG: reading 'norm_tol_iter'=5
INFO:tenpy.algorithms.dmrg:TwoSiteDMRGEngine finished after 20 sweeps, max chi=256
INFO:tenpy.tools.params:DMRG: reading 'max_trunc_err'=0.0001
INFO:tenpy.tools.params:MixedHofstadterLandauGauge_Pi_2: reading 'explicit_plus_hc'=False
INFO:tenpy.tools.params:MixedHofstadterLandauGauge_Pi_2: reading 'Lx'=2
INFO:tenpy.tools.params:MixedHofstadterLandauGauge_Pi_2: setting 'N_rings'=2
INFO:tenpy.tools.params:MixedHofstadterLandauGauge_Pi_2: reading 'xy_lattice'='Square'
INFO:tenpy.tools.params:MixedHofstadterLandauGauge_Pi_2: reading 'Ly'=3
INFO:tenpy.tools.params:MixedHofstadterLandauGauge_Pi_2: reading 'ring_order'=None
INFO:tenpy.tools.params:MixedHofstadterLandauGauge_Pi_2: reading 'conserve_k'=True
INFO:tenpy.tools.params:MixedHofstadterLandauGauge_Pi_2: reading 'bc_MPS'='infinite'
INFO:tenpy.tools.params:MixedHofstadterLandauGauge_Pi_2: reading 't'=-1
INFO:tenpy.tools.params:MixedHofstadterLandauGauge_Pi_2: reading 't2'=-0.25
INFO:tenpy.tools.params:MixedHofstadterLandauGauge_Pi_2: reading 'V1'=0.6
INFO:tenpy.tools.params:MixedHofstadterLandauGauge_Pi_2: reading 'phi_ext'=np.float64(1.6500000000000001)
INFO:tenpy.tools.params:MixedHofstadterLandauGauge_Pi_2: reading 'sort_mpo_legs'=False
/home/t30/kna/ge54yin/Documents/MasterThesisFQHinTMDs/MPS_stuff/MPScalculations/.venv/lib/python3.12/site-packages/tenpy/tools/params.py:232: UserWarning: unused options for config MixedHofstadterLandauGauge_Pi_2:
['Delta', 'N_rings', 'Nsec', 'bc', 'chi_max', 'ktot', 'saveAll']
  warnings.warn(msg.format(keys=sorted(unused), name=self.name))
INFO:tenpy.tools.params:DMRG: reading 'active_sites'=2
INFO:tenpy.tools.params:DMRG: reading 'diag_method'='default'
INFO:tenpy.tools.params:DMRG: subconfig 'trunc_params'=Config(<5 options>, 'trunc_params')
INFO:tenpy.tools.params:DMRG: reading 'max_N_sites_per_ring'=18
INFO:tenpy.tools.params:DMRG: reading 'combine'=False
INFO:tenpy.tools.params:DMRG: subconfig 'lanczos_params'=Config(<9 options>, 'lanczos_params')
INFO:tenpy.tools.params:DMRG: reading 'chi_list'=None
INFO:tenpy.tools.params:DMRG: reading 'start_env'=1
INFO:tenpy.algorithms.mps_common:start environment_sweep
INFO:tenpy.tools.params:DMRG: reading 'N_sweeps_check'=10
INFO:tenpy.tools.params:DMRG: subconfig 'mixer_params'=Config(<3 options>, 'mixer_params')
INFO:tenpy.tools.params:DMRG: reading 'mixer'=None
INFO:tenpy.tools.params:DMRG: reading 'max_sweeps'=100
INFO:tenpy.tools.params:DMRG: reading 'max_hours'=8760
INFO:tenpy.tools.params:DMRG: reading 'P_tol_to_trunc'=0.05
INFO:tenpy.tools.params:DMRG: reading 'P_tol_min'=5.0000000000000004e-30
INFO:tenpy.tools.params:DMRG: reading 'P_tol_max'=0.0001
INFO:tenpy.tools.params:DMRG: reading 'E_tol_to_trunc'=None
INFO:tenpy.algorithms.dmrg:Running sweep with optimization
INFO:tenpy.tools.params:DMRG: reading 'max_N_for_ED'=400
INFO:tenpy.tools.params:DMRG: reading 'update_env'=5
INFO:tenpy.algorithms.mps_common:start environment_sweep
INFO:tenpy.algorithms.dmrg:checkpoint after sweep 10
energy=-0.8856057243939759, max S=1.4932161640715658, age=198, norm_err=9.0e-15
Current memory usage 204.1MB, wall time: 10.2s
Delta E = nan, Delta S = 4.7323e-06 (per sweep)
max trunc_err = 2.6896e-13, max E_trunc = 5.1443e-12
chi: [256, 256, 256, 256, 256, 256]
================================================================================
INFO:tenpy.algorithms.dmrg:Running sweep with optimization
INFO:tenpy.algorithms.mps_common:start environment_sweep
INFO:tenpy.algorithms.dmrg:checkpoint after sweep 20
energy=-0.8856057243940209, max S=1.4932161640686856, age=378, norm_err=9.1e-15
Current memory usage 204.1MB, wall time: 8.8s
Delta E = -4.4964e-15, Delta S = -1.1384e-13 (per sweep)
max trunc_err = 2.6822e-13, max E_trunc = 5.4570e-12
chi: [256, 256, 256, 256, 256, 256]
================================================================================
INFO:tenpy.tools.params:DMRG: reading 'max_E_err'=1e-08
INFO:tenpy.tools.params:DMRG: reading 'max_S_err'=1e-05
INFO:tenpy.tools.params:DMRG: reading 'norm_tol'=1e-05
INFO:tenpy.tools.params:DMRG: reading 'norm_tol_final'=1e-10
INFO:tenpy.tools.params:DMRG: reading 'norm_tol_iter'=5
INFO:tenpy.algorithms.dmrg:TwoSiteDMRGEngine finished after 20 sweeps, max chi=256
INFO:tenpy.tools.params:DMRG: reading 'max_trunc_err'=0.0001
INFO:tenpy.tools.params:MixedHofstadterLandauGauge_Pi_2: reading 'explicit_plus_hc'=False
INFO:tenpy.tools.params:MixedHofstadterLandauGauge_Pi_2: reading 'Lx'=2
INFO:tenpy.tools.params:MixedHofstadterLandauGauge_Pi_2: setting 'N_rings'=2
INFO:tenpy.tools.params:MixedHofstadterLandauGauge_Pi_2: reading 'xy_lattice'='Square'
INFO:tenpy.tools.params:MixedHofstadterLandauGauge_Pi_2: reading 'Ly'=3
INFO:tenpy.tools.params:MixedHofstadterLandauGauge_Pi_2: reading 'ring_order'=None
INFO:tenpy.tools.params:MixedHofstadterLandauGauge_Pi_2: reading 'conserve_k'=True
INFO:tenpy.tools.params:MixedHofstadterLandauGauge_Pi_2: reading 'bc_MPS'='infinite'
INFO:tenpy.tools.params:MixedHofstadterLandauGauge_Pi_2: reading 't'=-1
INFO:tenpy.tools.params:MixedHofstadterLandauGauge_Pi_2: reading 't2'=-0.25
INFO:tenpy.tools.params:MixedHofstadterLandauGauge_Pi_2: reading 'V1'=0.6
INFO:tenpy.tools.params:MixedHofstadterLandauGauge_Pi_2: reading 'phi_ext'=np.float64(1.7000000000000002)
INFO:tenpy.tools.params:MixedHofstadterLandauGauge_Pi_2: reading 'sort_mpo_legs'=False
/home/t30/kna/ge54yin/Documents/MasterThesisFQHinTMDs/MPS_stuff/MPScalculations/.venv/lib/python3.12/site-packages/tenpy/tools/params.py:232: UserWarning: unused options for config MixedHofstadterLandauGauge_Pi_2:
['Delta', 'N_rings', 'Nsec', 'bc', 'chi_max', 'ktot', 'saveAll']
  warnings.warn(msg.format(keys=sorted(unused), name=self.name))
INFO:tenpy.tools.params:DMRG: reading 'active_sites'=2
INFO:tenpy.tools.params:DMRG: reading 'diag_method'='default'
INFO:tenpy.tools.params:DMRG: subconfig 'trunc_params'=Config(<5 options>, 'trunc_params')
INFO:tenpy.tools.params:DMRG: reading 'max_N_sites_per_ring'=18
INFO:tenpy.tools.params:DMRG: reading 'combine'=False
INFO:tenpy.tools.params:DMRG: subconfig 'lanczos_params'=Config(<9 options>, 'lanczos_params')
INFO:tenpy.tools.params:DMRG: reading 'chi_list'=None
INFO:tenpy.tools.params:DMRG: reading 'start_env'=1
INFO:tenpy.algorithms.mps_common:start environment_sweep
INFO:tenpy.tools.params:DMRG: reading 'N_sweeps_check'=10
INFO:tenpy.tools.params:DMRG: subconfig 'mixer_params'=Config(<3 options>, 'mixer_params')
INFO:tenpy.tools.params:DMRG: reading 'mixer'=None
INFO:tenpy.tools.params:DMRG: reading 'max_sweeps'=100
INFO:tenpy.tools.params:DMRG: reading 'max_hours'=8760
INFO:tenpy.tools.params:DMRG: reading 'P_tol_to_trunc'=0.05
INFO:tenpy.tools.params:DMRG: reading 'P_tol_min'=5.0000000000000004e-30
INFO:tenpy.tools.params:DMRG: reading 'P_tol_max'=0.0001
INFO:tenpy.tools.params:DMRG: reading 'E_tol_to_trunc'=None
INFO:tenpy.algorithms.dmrg:Running sweep with optimization
INFO:tenpy.tools.params:DMRG: reading 'max_N_for_ED'=400
INFO:tenpy.tools.params:DMRG: reading 'update_env'=5
INFO:tenpy.algorithms.mps_common:start environment_sweep
INFO:tenpy.algorithms.dmrg:checkpoint after sweep 10
energy=-0.8856228835752115, max S=1.5037561028226436, age=198, norm_err=1.3e-14
Current memory usage 204.1MB, wall time: 11.1s
Delta E = nan, Delta S = 3.6550e-06 (per sweep)
max trunc_err = 3.3536e-13, max E_trunc = 6.4659e-12
chi: [256, 256, 256, 256, 256, 256]
================================================================================
INFO:tenpy.algorithms.dmrg:Running sweep with optimization
INFO:tenpy.algorithms.mps_common:start environment_sweep
INFO:tenpy.algorithms.dmrg:checkpoint after sweep 20
energy=-0.8856228835751949, max S=1.5037561028236999, age=378, norm_err=1.3e-14
Current memory usage 204.1MB, wall time: 9.5s
Delta E = 1.6542e-15, Delta S = -3.9346e-14 (per sweep)
max trunc_err = 2.9452e-13, max E_trunc = 6.4233e-12
chi: [256, 256, 256, 256, 256, 256]
================================================================================
INFO:tenpy.tools.params:DMRG: reading 'max_E_err'=1e-08
INFO:tenpy.tools.params:DMRG: reading 'max_S_err'=1e-05
INFO:tenpy.tools.params:DMRG: reading 'norm_tol'=1e-05
INFO:tenpy.tools.params:DMRG: reading 'norm_tol_final'=1e-10
INFO:tenpy.tools.params:DMRG: reading 'norm_tol_iter'=5
INFO:tenpy.algorithms.dmrg:TwoSiteDMRGEngine finished after 20 sweeps, max chi=256
INFO:tenpy.tools.params:DMRG: reading 'max_trunc_err'=0.0001
INFO:tenpy.tools.params:MixedHofstadterLandauGauge_Pi_2: reading 'explicit_plus_hc'=False
INFO:tenpy.tools.params:MixedHofstadterLandauGauge_Pi_2: reading 'Lx'=2
INFO:tenpy.tools.params:MixedHofstadterLandauGauge_Pi_2: setting 'N_rings'=2
INFO:tenpy.tools.params:MixedHofstadterLandauGauge_Pi_2: reading 'xy_lattice'='Square'
INFO:tenpy.tools.params:MixedHofstadterLandauGauge_Pi_2: reading 'Ly'=3
INFO:tenpy.tools.params:MixedHofstadterLandauGauge_Pi_2: reading 'ring_order'=None
INFO:tenpy.tools.params:MixedHofstadterLandauGauge_Pi_2: reading 'conserve_k'=True
INFO:tenpy.tools.params:MixedHofstadterLandauGauge_Pi_2: reading 'bc_MPS'='infinite'
INFO:tenpy.tools.params:MixedHofstadterLandauGauge_Pi_2: reading 't'=-1
INFO:tenpy.tools.params:MixedHofstadterLandauGauge_Pi_2: reading 't2'=-0.25
INFO:tenpy.tools.params:MixedHofstadterLandauGauge_Pi_2: reading 'V1'=0.6
INFO:tenpy.tools.params:MixedHofstadterLandauGauge_Pi_2: reading 'phi_ext'=np.float64(1.75)
INFO:tenpy.tools.params:MixedHofstadterLandauGauge_Pi_2: reading 'sort_mpo_legs'=False
/home/t30/kna/ge54yin/Documents/MasterThesisFQHinTMDs/MPS_stuff/MPScalculations/.venv/lib/python3.12/site-packages/tenpy/tools/params.py:232: UserWarning: unused options for config MixedHofstadterLandauGauge_Pi_2:
['Delta', 'N_rings', 'Nsec', 'bc', 'chi_max', 'ktot', 'saveAll']
  warnings.warn(msg.format(keys=sorted(unused), name=self.name))
INFO:tenpy.tools.params:DMRG: reading 'active_sites'=2
INFO:tenpy.tools.params:DMRG: reading 'diag_method'='default'
INFO:tenpy.tools.params:DMRG: subconfig 'trunc_params'=Config(<5 options>, 'trunc_params')
INFO:tenpy.tools.params:DMRG: reading 'max_N_sites_per_ring'=18
INFO:tenpy.tools.params:DMRG: reading 'combine'=False
INFO:tenpy.tools.params:DMRG: subconfig 'lanczos_params'=Config(<9 options>, 'lanczos_params')
INFO:tenpy.tools.params:DMRG: reading 'chi_list'=None
INFO:tenpy.tools.params:DMRG: reading 'start_env'=1
INFO:tenpy.algorithms.mps_common:start environment_sweep
INFO:tenpy.tools.params:DMRG: reading 'N_sweeps_check'=10
INFO:tenpy.tools.params:DMRG: subconfig 'mixer_params'=Config(<3 options>, 'mixer_params')
INFO:tenpy.tools.params:DMRG: reading 'mixer'=None
INFO:tenpy.tools.params:DMRG: reading 'max_sweeps'=100
INFO:tenpy.tools.params:DMRG: reading 'max_hours'=8760
INFO:tenpy.tools.params:DMRG: reading 'P_tol_to_trunc'=0.05
INFO:tenpy.tools.params:DMRG: reading 'P_tol_min'=5.0000000000000004e-30
INFO:tenpy.tools.params:DMRG: reading 'P_tol_max'=0.0001
INFO:tenpy.tools.params:DMRG: reading 'E_tol_to_trunc'=None
INFO:tenpy.algorithms.dmrg:Running sweep with optimization
INFO:tenpy.tools.params:DMRG: reading 'max_N_for_ED'=400
INFO:tenpy.tools.params:DMRG: reading 'update_env'=5
INFO:tenpy.algorithms.mps_common:start environment_sweep
INFO:tenpy.algorithms.dmrg:checkpoint after sweep 10
energy=-0.8856294379261058, max S=1.5072866782282313, age=198, norm_err=4.3e-15
Current memory usage 204.1MB, wall time: 11.0s
Delta E = nan, Delta S = 7.2772e-07 (per sweep)
max trunc_err = 3.2079e-13, max E_trunc = 6.3523e-12
chi: [256, 256, 256, 256, 256, 256]
================================================================================
INFO:tenpy.algorithms.dmrg:Running sweep with optimization
INFO:tenpy.algorithms.mps_common:start environment_sweep
INFO:tenpy.algorithms.dmrg:checkpoint after sweep 20
energy=-0.8856294379260229, max S=1.5072866782276830, age=378, norm_err=4.5e-15
Current memory usage 204.1MB, wall time: 9.4s
Delta E = 8.2934e-15, Delta S = 1.2645e-14 (per sweep)
max trunc_err = 3.1883e-13, max E_trunc = 6.7644e-12
chi: [256, 256, 256, 256, 256, 256]
================================================================================
INFO:tenpy.tools.params:DMRG: reading 'max_E_err'=1e-08
INFO:tenpy.tools.params:DMRG: reading 'max_S_err'=1e-05
INFO:tenpy.tools.params:DMRG: reading 'norm_tol'=1e-05
INFO:tenpy.tools.params:DMRG: reading 'norm_tol_final'=1e-10
INFO:tenpy.tools.params:DMRG: reading 'norm_tol_iter'=5
INFO:tenpy.algorithms.dmrg:TwoSiteDMRGEngine finished after 20 sweeps, max chi=256
INFO:tenpy.tools.params:DMRG: reading 'max_trunc_err'=0.0001
INFO:tenpy.tools.params:MixedHofstadterLandauGauge_Pi_2: reading 'explicit_plus_hc'=False
INFO:tenpy.tools.params:MixedHofstadterLandauGauge_Pi_2: reading 'Lx'=2
INFO:tenpy.tools.params:MixedHofstadterLandauGauge_Pi_2: setting 'N_rings'=2
INFO:tenpy.tools.params:MixedHofstadterLandauGauge_Pi_2: reading 'xy_lattice'='Square'
INFO:tenpy.tools.params:MixedHofstadterLandauGauge_Pi_2: reading 'Ly'=3
INFO:tenpy.tools.params:MixedHofstadterLandauGauge_Pi_2: reading 'ring_order'=None
INFO:tenpy.tools.params:MixedHofstadterLandauGauge_Pi_2: reading 'conserve_k'=True
INFO:tenpy.tools.params:MixedHofstadterLandauGauge_Pi_2: reading 'bc_MPS'='infinite'
INFO:tenpy.tools.params:MixedHofstadterLandauGauge_Pi_2: reading 't'=-1
INFO:tenpy.tools.params:MixedHofstadterLandauGauge_Pi_2: reading 't2'=-0.25
INFO:tenpy.tools.params:MixedHofstadterLandauGauge_Pi_2: reading 'V1'=0.6
INFO:tenpy.tools.params:MixedHofstadterLandauGauge_Pi_2: reading 'phi_ext'=np.float64(1.8)
INFO:tenpy.tools.params:MixedHofstadterLandauGauge_Pi_2: reading 'sort_mpo_legs'=False
/home/t30/kna/ge54yin/Documents/MasterThesisFQHinTMDs/MPS_stuff/MPScalculations/.venv/lib/python3.12/site-packages/tenpy/tools/params.py:232: UserWarning: unused options for config MixedHofstadterLandauGauge_Pi_2:
['Delta', 'N_rings', 'Nsec', 'bc', 'chi_max', 'ktot', 'saveAll']
  warnings.warn(msg.format(keys=sorted(unused), name=self.name))
INFO:tenpy.tools.params:DMRG: reading 'active_sites'=2
INFO:tenpy.tools.params:DMRG: reading 'diag_method'='default'
INFO:tenpy.tools.params:DMRG: subconfig 'trunc_params'=Config(<5 options>, 'trunc_params')
INFO:tenpy.tools.params:DMRG: reading 'max_N_sites_per_ring'=18
INFO:tenpy.tools.params:DMRG: reading 'combine'=False
INFO:tenpy.tools.params:DMRG: subconfig 'lanczos_params'=Config(<9 options>, 'lanczos_params')
INFO:tenpy.tools.params:DMRG: reading 'chi_list'=None
INFO:tenpy.tools.params:DMRG: reading 'start_env'=1
INFO:tenpy.algorithms.mps_common:start environment_sweep
INFO:tenpy.tools.params:DMRG: reading 'N_sweeps_check'=10
INFO:tenpy.tools.params:DMRG: subconfig 'mixer_params'=Config(<3 options>, 'mixer_params')
INFO:tenpy.tools.params:DMRG: reading 'mixer'=None
INFO:tenpy.tools.params:DMRG: reading 'max_sweeps'=100
INFO:tenpy.tools.params:DMRG: reading 'max_hours'=8760
INFO:tenpy.tools.params:DMRG: reading 'P_tol_to_trunc'=0.05
INFO:tenpy.tools.params:DMRG: reading 'P_tol_min'=5.0000000000000004e-30
INFO:tenpy.tools.params:DMRG: reading 'P_tol_max'=0.0001
INFO:tenpy.tools.params:DMRG: reading 'E_tol_to_trunc'=None
INFO:tenpy.algorithms.dmrg:Running sweep with optimization
INFO:tenpy.tools.params:DMRG: reading 'max_N_for_ED'=400
INFO:tenpy.tools.params:DMRG: reading 'update_env'=5
INFO:tenpy.algorithms.mps_common:start environment_sweep
INFO:tenpy.algorithms.dmrg:checkpoint after sweep 10
energy=-0.8856228835753820, max S=1.5037561028291861, age=198, norm_err=4.1e-15
Current memory usage 204.1MB, wall time: 10.8s
Delta E = nan, Delta S = -2.8886e-06 (per sweep)
max trunc_err = 3.0552e-13, max E_trunc = 6.4091e-12
chi: [256, 256, 256, 256, 256, 256]
================================================================================
INFO:tenpy.algorithms.dmrg:Running sweep with optimization
INFO:tenpy.algorithms.mps_common:start environment_sweep
INFO:tenpy.algorithms.dmrg:checkpoint after sweep 20
energy=-0.8856228835754317, max S=1.5037561028275264, age=378, norm_err=3.9e-15
Current memory usage 204.1MB, wall time: 9.5s
Delta E = -4.9738e-15, Delta S = -3.9546e-14 (per sweep)
max trunc_err = 3.1104e-13, max E_trunc = 6.3665e-12
chi: [256, 256, 256, 256, 256, 256]
================================================================================
INFO:tenpy.tools.params:DMRG: reading 'max_E_err'=1e-08
INFO:tenpy.tools.params:DMRG: reading 'max_S_err'=1e-05
INFO:tenpy.tools.params:DMRG: reading 'norm_tol'=1e-05
INFO:tenpy.tools.params:DMRG: reading 'norm_tol_final'=1e-10
INFO:tenpy.tools.params:DMRG: reading 'norm_tol_iter'=5
INFO:tenpy.algorithms.dmrg:TwoSiteDMRGEngine finished after 20 sweeps, max chi=256
INFO:tenpy.tools.params:DMRG: reading 'max_trunc_err'=0.0001
INFO:tenpy.tools.params:MixedHofstadterLandauGauge_Pi_2: reading 'explicit_plus_hc'=False
INFO:tenpy.tools.params:MixedHofstadterLandauGauge_Pi_2: reading 'Lx'=2
INFO:tenpy.tools.params:MixedHofstadterLandauGauge_Pi_2: setting 'N_rings'=2
INFO:tenpy.tools.params:MixedHofstadterLandauGauge_Pi_2: reading 'xy_lattice'='Square'
INFO:tenpy.tools.params:MixedHofstadterLandauGauge_Pi_2: reading 'Ly'=3
INFO:tenpy.tools.params:MixedHofstadterLandauGauge_Pi_2: reading 'ring_order'=None
INFO:tenpy.tools.params:MixedHofstadterLandauGauge_Pi_2: reading 'conserve_k'=True
INFO:tenpy.tools.params:MixedHofstadterLandauGauge_Pi_2: reading 'bc_MPS'='infinite'
INFO:tenpy.tools.params:MixedHofstadterLandauGauge_Pi_2: reading 't'=-1
INFO:tenpy.tools.params:MixedHofstadterLandauGauge_Pi_2: reading 't2'=-0.25
INFO:tenpy.tools.params:MixedHofstadterLandauGauge_Pi_2: reading 'V1'=0.6
INFO:tenpy.tools.params:MixedHofstadterLandauGauge_Pi_2: reading 'phi_ext'=np.float64(1.85)
INFO:tenpy.tools.params:MixedHofstadterLandauGauge_Pi_2: reading 'sort_mpo_legs'=False
/home/t30/kna/ge54yin/Documents/MasterThesisFQHinTMDs/MPS_stuff/MPScalculations/.venv/lib/python3.12/site-packages/tenpy/tools/params.py:232: UserWarning: unused options for config MixedHofstadterLandauGauge_Pi_2:
['Delta', 'N_rings', 'Nsec', 'bc', 'chi_max', 'ktot', 'saveAll']
  warnings.warn(msg.format(keys=sorted(unused), name=self.name))
INFO:tenpy.tools.params:DMRG: reading 'active_sites'=2
INFO:tenpy.tools.params:DMRG: reading 'diag_method'='default'
INFO:tenpy.tools.params:DMRG: subconfig 'trunc_params'=Config(<5 options>, 'trunc_params')
INFO:tenpy.tools.params:DMRG: reading 'max_N_sites_per_ring'=18
INFO:tenpy.tools.params:DMRG: reading 'combine'=False
INFO:tenpy.tools.params:DMRG: subconfig 'lanczos_params'=Config(<9 options>, 'lanczos_params')
INFO:tenpy.tools.params:DMRG: reading 'chi_list'=None
INFO:tenpy.tools.params:DMRG: reading 'start_env'=1
INFO:tenpy.algorithms.mps_common:start environment_sweep
INFO:tenpy.tools.params:DMRG: reading 'N_sweeps_check'=10
INFO:tenpy.tools.params:DMRG: subconfig 'mixer_params'=Config(<3 options>, 'mixer_params')
INFO:tenpy.tools.params:DMRG: reading 'mixer'=None
INFO:tenpy.tools.params:DMRG: reading 'max_sweeps'=100
INFO:tenpy.tools.params:DMRG: reading 'max_hours'=8760
INFO:tenpy.tools.params:DMRG: reading 'P_tol_to_trunc'=0.05
INFO:tenpy.tools.params:DMRG: reading 'P_tol_min'=5.0000000000000004e-30
INFO:tenpy.tools.params:DMRG: reading 'P_tol_max'=0.0001
INFO:tenpy.tools.params:DMRG: reading 'E_tol_to_trunc'=None
INFO:tenpy.algorithms.dmrg:Running sweep with optimization
INFO:tenpy.tools.params:DMRG: reading 'max_N_for_ED'=400
INFO:tenpy.tools.params:DMRG: reading 'update_env'=5
INFO:tenpy.algorithms.mps_common:start environment_sweep
INFO:tenpy.algorithms.dmrg:checkpoint after sweep 10
energy=-0.8856057243940517, max S=1.4932161640659374, age=198, norm_err=3.8e-15
Current memory usage 204.1MB, wall time: 10.3s
Delta E = nan, Delta S = -5.7589e-06 (per sweep)
max trunc_err = 3.0617e-13, max E_trunc = 6.2528e-12
chi: [256, 256, 256, 256, 256, 256]
================================================================================
INFO:tenpy.algorithms.dmrg:Running sweep with optimization
INFO:tenpy.algorithms.mps_common:start environment_sweep
INFO:tenpy.algorithms.dmrg:checkpoint after sweep 20
energy=-0.8856057243939924, max S=1.4932161640643959, age=378, norm_err=3.7e-15
Current memory usage 204.1MB, wall time: 8.8s
Delta E = 5.9286e-15, Delta S = -7.8648e-14 (per sweep)
max trunc_err = 3.0316e-13, max E_trunc = 6.4233e-12
chi: [256, 256, 256, 256, 256, 256]
================================================================================
INFO:tenpy.tools.params:DMRG: reading 'max_E_err'=1e-08
INFO:tenpy.tools.params:DMRG: reading 'max_S_err'=1e-05
INFO:tenpy.tools.params:DMRG: reading 'norm_tol'=1e-05
INFO:tenpy.tools.params:DMRG: reading 'norm_tol_final'=1e-10
INFO:tenpy.tools.params:DMRG: reading 'norm_tol_iter'=5
INFO:tenpy.algorithms.dmrg:TwoSiteDMRGEngine finished after 20 sweeps, max chi=256
INFO:tenpy.tools.params:DMRG: reading 'max_trunc_err'=0.0001
INFO:tenpy.tools.params:MixedHofstadterLandauGauge_Pi_2: reading 'explicit_plus_hc'=False
INFO:tenpy.tools.params:MixedHofstadterLandauGauge_Pi_2: reading 'Lx'=2
INFO:tenpy.tools.params:MixedHofstadterLandauGauge_Pi_2: setting 'N_rings'=2
INFO:tenpy.tools.params:MixedHofstadterLandauGauge_Pi_2: reading 'xy_lattice'='Square'
INFO:tenpy.tools.params:MixedHofstadterLandauGauge_Pi_2: reading 'Ly'=3
INFO:tenpy.tools.params:MixedHofstadterLandauGauge_Pi_2: reading 'ring_order'=None
INFO:tenpy.tools.params:MixedHofstadterLandauGauge_Pi_2: reading 'conserve_k'=True
INFO:tenpy.tools.params:MixedHofstadterLandauGauge_Pi_2: reading 'bc_MPS'='infinite'
INFO:tenpy.tools.params:MixedHofstadterLandauGauge_Pi_2: reading 't'=-1
INFO:tenpy.tools.params:MixedHofstadterLandauGauge_Pi_2: reading 't2'=-0.25
INFO:tenpy.tools.params:MixedHofstadterLandauGauge_Pi_2: reading 'V1'=0.6
INFO:tenpy.tools.params:MixedHofstadterLandauGauge_Pi_2: reading 'phi_ext'=np.float64(1.9000000000000001)
INFO:tenpy.tools.params:MixedHofstadterLandauGauge_Pi_2: reading 'sort_mpo_legs'=False
/home/t30/kna/ge54yin/Documents/MasterThesisFQHinTMDs/MPS_stuff/MPScalculations/.venv/lib/python3.12/site-packages/tenpy/tools/params.py:232: UserWarning: unused options for config MixedHofstadterLandauGauge_Pi_2:
['Delta', 'N_rings', 'Nsec', 'bc', 'chi_max', 'ktot', 'saveAll']
  warnings.warn(msg.format(keys=sorted(unused), name=self.name))
INFO:tenpy.tools.params:DMRG: reading 'active_sites'=2
INFO:tenpy.tools.params:DMRG: reading 'diag_method'='default'
INFO:tenpy.tools.params:DMRG: subconfig 'trunc_params'=Config(<5 options>, 'trunc_params')
INFO:tenpy.tools.params:DMRG: reading 'max_N_sites_per_ring'=18
INFO:tenpy.tools.params:DMRG: reading 'combine'=False
INFO:tenpy.tools.params:DMRG: subconfig 'lanczos_params'=Config(<9 options>, 'lanczos_params')
INFO:tenpy.tools.params:DMRG: reading 'chi_list'=None
INFO:tenpy.tools.params:DMRG: reading 'start_env'=1
INFO:tenpy.algorithms.mps_common:start environment_sweep
INFO:tenpy.tools.params:DMRG: reading 'N_sweeps_check'=10
INFO:tenpy.tools.params:DMRG: subconfig 'mixer_params'=Config(<3 options>, 'mixer_params')
INFO:tenpy.tools.params:DMRG: reading 'mixer'=None
INFO:tenpy.tools.params:DMRG: reading 'max_sweeps'=100
INFO:tenpy.tools.params:DMRG: reading 'max_hours'=8760
INFO:tenpy.tools.params:DMRG: reading 'P_tol_to_trunc'=0.05
INFO:tenpy.tools.params:DMRG: reading 'P_tol_min'=5.0000000000000004e-30
INFO:tenpy.tools.params:DMRG: reading 'P_tol_max'=0.0001
INFO:tenpy.tools.params:DMRG: reading 'E_tol_to_trunc'=None
INFO:tenpy.algorithms.dmrg:Running sweep with optimization
INFO:tenpy.tools.params:DMRG: reading 'max_N_for_ED'=400
INFO:tenpy.tools.params:DMRG: reading 'update_env'=5
INFO:tenpy.algorithms.mps_common:start environment_sweep
INFO:tenpy.algorithms.dmrg:checkpoint after sweep 10
energy=-0.8855845151444820, max S=1.4758159602896557, age=198, norm_err=4.3e-15
Current memory usage 204.1MB, wall time: 10.3s
Delta E = nan, Delta S = -6.7194e-06 (per sweep)
max trunc_err = 3.0506e-13, max E_trunc = 6.1249e-12
chi: [256, 256, 256, 256, 256, 256]
================================================================================
INFO:tenpy.algorithms.dmrg:Running sweep with optimization
INFO:tenpy.algorithms.mps_common:start environment_sweep
INFO:tenpy.algorithms.dmrg:checkpoint after sweep 20
energy=-0.8855845151445484, max S=1.4758159602869889, age=378, norm_err=4.0e-15
Current memory usage 204.1MB, wall time: 8.9s
Delta E = -6.6391e-15, Delta S = -1.9952e-13 (per sweep)
max trunc_err = 3.0410e-13, max E_trunc = 6.4801e-12
chi: [256, 256, 256, 256, 256, 256]
================================================================================
INFO:tenpy.tools.params:DMRG: reading 'max_E_err'=1e-08
INFO:tenpy.tools.params:DMRG: reading 'max_S_err'=1e-05
INFO:tenpy.tools.params:DMRG: reading 'norm_tol'=1e-05
INFO:tenpy.tools.params:DMRG: reading 'norm_tol_final'=1e-10
INFO:tenpy.tools.params:DMRG: reading 'norm_tol_iter'=5
INFO:tenpy.algorithms.dmrg:TwoSiteDMRGEngine finished after 20 sweeps, max chi=256
INFO:tenpy.tools.params:DMRG: reading 'max_trunc_err'=0.0001
INFO:tenpy.tools.params:MixedHofstadterLandauGauge_Pi_2: reading 'explicit_plus_hc'=False
INFO:tenpy.tools.params:MixedHofstadterLandauGauge_Pi_2: reading 'Lx'=2
INFO:tenpy.tools.params:MixedHofstadterLandauGauge_Pi_2: setting 'N_rings'=2
INFO:tenpy.tools.params:MixedHofstadterLandauGauge_Pi_2: reading 'xy_lattice'='Square'
INFO:tenpy.tools.params:MixedHofstadterLandauGauge_Pi_2: reading 'Ly'=3
INFO:tenpy.tools.params:MixedHofstadterLandauGauge_Pi_2: reading 'ring_order'=None
INFO:tenpy.tools.params:MixedHofstadterLandauGauge_Pi_2: reading 'conserve_k'=True
INFO:tenpy.tools.params:MixedHofstadterLandauGauge_Pi_2: reading 'bc_MPS'='infinite'
INFO:tenpy.tools.params:MixedHofstadterLandauGauge_Pi_2: reading 't'=-1
INFO:tenpy.tools.params:MixedHofstadterLandauGauge_Pi_2: reading 't2'=-0.25
INFO:tenpy.tools.params:MixedHofstadterLandauGauge_Pi_2: reading 'V1'=0.6
INFO:tenpy.tools.params:MixedHofstadterLandauGauge_Pi_2: reading 'phi_ext'=np.float64(1.9500000000000002)
INFO:tenpy.tools.params:MixedHofstadterLandauGauge_Pi_2: reading 'sort_mpo_legs'=False
/home/t30/kna/ge54yin/Documents/MasterThesisFQHinTMDs/MPS_stuff/MPScalculations/.venv/lib/python3.12/site-packages/tenpy/tools/params.py:232: UserWarning: unused options for config MixedHofstadterLandauGauge_Pi_2:
['Delta', 'N_rings', 'Nsec', 'bc', 'chi_max', 'ktot', 'saveAll']
  warnings.warn(msg.format(keys=sorted(unused), name=self.name))
INFO:tenpy.tools.params:DMRG: reading 'active_sites'=2
INFO:tenpy.tools.params:DMRG: reading 'diag_method'='default'
INFO:tenpy.tools.params:DMRG: subconfig 'trunc_params'=Config(<5 options>, 'trunc_params')
INFO:tenpy.tools.params:DMRG: reading 'max_N_sites_per_ring'=18
INFO:tenpy.tools.params:DMRG: reading 'combine'=False
INFO:tenpy.tools.params:DMRG: subconfig 'lanczos_params'=Config(<9 options>, 'lanczos_params')
INFO:tenpy.tools.params:DMRG: reading 'chi_list'=None
INFO:tenpy.tools.params:DMRG: reading 'start_env'=1
INFO:tenpy.algorithms.mps_common:start environment_sweep
INFO:tenpy.tools.params:DMRG: reading 'N_sweeps_check'=10
INFO:tenpy.tools.params:DMRG: subconfig 'mixer_params'=Config(<3 options>, 'mixer_params')
INFO:tenpy.tools.params:DMRG: reading 'mixer'=None
INFO:tenpy.tools.params:DMRG: reading 'max_sweeps'=100
INFO:tenpy.tools.params:DMRG: reading 'max_hours'=8760
INFO:tenpy.tools.params:DMRG: reading 'P_tol_to_trunc'=0.05
INFO:tenpy.tools.params:DMRG: reading 'P_tol_min'=5.0000000000000004e-30
INFO:tenpy.tools.params:DMRG: reading 'P_tol_max'=0.0001
INFO:tenpy.tools.params:DMRG: reading 'E_tol_to_trunc'=None
INFO:tenpy.algorithms.dmrg:Running sweep with optimization
INFO:tenpy.tools.params:DMRG: reading 'max_N_for_ED'=400
INFO:tenpy.tools.params:DMRG: reading 'update_env'=5
INFO:tenpy.algorithms.mps_common:start environment_sweep
INFO:tenpy.algorithms.dmrg:checkpoint after sweep 10
energy=-0.8855673570399935, max S=1.4517847044361911, age=198, norm_err=4.4e-15
Current memory usage 204.1MB, wall time: 10.2s
Delta E = nan, Delta S = -5.3231e-06 (per sweep)
max trunc_err = 2.9628e-13, max E_trunc = 6.0822e-12
chi: [256, 256, 256, 256, 256, 256]
================================================================================
INFO:tenpy.algorithms.dmrg:Running sweep with optimization
INFO:tenpy.algorithms.mps_common:start environment_sweep
INFO:tenpy.algorithms.dmrg:checkpoint after sweep 20
energy=-0.8855673570399460, max S=1.4517847044265912, age=378, norm_err=3.8e-15
Current memory usage 204.1MB, wall time: 9.4s
Delta E = 4.7407e-15, Delta S = -5.7625e-13 (per sweep)
max trunc_err = 2.9622e-13, max E_trunc = 6.0822e-12
chi: [256, 256, 256, 256, 256, 256]
================================================================================
INFO:tenpy.tools.params:DMRG: reading 'max_E_err'=1e-08
INFO:tenpy.tools.params:DMRG: reading 'max_S_err'=1e-05
INFO:tenpy.tools.params:DMRG: reading 'norm_tol'=1e-05
INFO:tenpy.tools.params:DMRG: reading 'norm_tol_final'=1e-10
INFO:tenpy.tools.params:DMRG: reading 'norm_tol_iter'=5
INFO:tenpy.algorithms.dmrg:TwoSiteDMRGEngine finished after 20 sweeps, max chi=256
INFO:tenpy.tools.params:DMRG: reading 'max_trunc_err'=0.0001
INFO:tenpy.tools.params:MixedHofstadterLandauGauge_Pi_2: reading 'explicit_plus_hc'=False
INFO:tenpy.tools.params:MixedHofstadterLandauGauge_Pi_2: reading 'Lx'=2
INFO:tenpy.tools.params:MixedHofstadterLandauGauge_Pi_2: setting 'N_rings'=2
INFO:tenpy.tools.params:MixedHofstadterLandauGauge_Pi_2: reading 'xy_lattice'='Square'
INFO:tenpy.tools.params:MixedHofstadterLandauGauge_Pi_2: reading 'Ly'=3
INFO:tenpy.tools.params:MixedHofstadterLandauGauge_Pi_2: reading 'ring_order'=None
INFO:tenpy.tools.params:MixedHofstadterLandauGauge_Pi_2: reading 'conserve_k'=True
INFO:tenpy.tools.params:MixedHofstadterLandauGauge_Pi_2: reading 'bc_MPS'='infinite'
INFO:tenpy.tools.params:MixedHofstadterLandauGauge_Pi_2: reading 't'=-1
INFO:tenpy.tools.params:MixedHofstadterLandauGauge_Pi_2: reading 't2'=-0.25
INFO:tenpy.tools.params:MixedHofstadterLandauGauge_Pi_2: reading 'V1'=0.6
INFO:tenpy.tools.params:MixedHofstadterLandauGauge_Pi_2: reading 'phi_ext'=np.float64(2.0)
INFO:tenpy.tools.params:MixedHofstadterLandauGauge_Pi_2: reading 'sort_mpo_legs'=False
/home/t30/kna/ge54yin/Documents/MasterThesisFQHinTMDs/MPS_stuff/MPScalculations/.venv/lib/python3.12/site-packages/tenpy/tools/params.py:232: UserWarning: unused options for config MixedHofstadterLandauGauge_Pi_2:
['Delta', 'N_rings', 'Nsec', 'bc', 'chi_max', 'ktot', 'saveAll']
  warnings.warn(msg.format(keys=sorted(unused), name=self.name))
INFO:tenpy.tools.params:DMRG: reading 'active_sites'=2
INFO:tenpy.tools.params:DMRG: reading 'diag_method'='default'
INFO:tenpy.tools.params:DMRG: subconfig 'trunc_params'=Config(<5 options>, 'trunc_params')
INFO:tenpy.tools.params:DMRG: reading 'max_N_sites_per_ring'=18
INFO:tenpy.tools.params:DMRG: reading 'combine'=False
INFO:tenpy.tools.params:DMRG: subconfig 'lanczos_params'=Config(<9 options>, 'lanczos_params')
INFO:tenpy.tools.params:DMRG: reading 'chi_list'=None
INFO:tenpy.tools.params:DMRG: reading 'start_env'=1
INFO:tenpy.algorithms.mps_common:start environment_sweep
INFO:tenpy.tools.params:DMRG: reading 'N_sweeps_check'=10
INFO:tenpy.tools.params:DMRG: subconfig 'mixer_params'=Config(<3 options>, 'mixer_params')
INFO:tenpy.tools.params:DMRG: reading 'mixer'=None
INFO:tenpy.tools.params:DMRG: reading 'max_sweeps'=100
INFO:tenpy.tools.params:DMRG: reading 'max_hours'=8760
INFO:tenpy.tools.params:DMRG: reading 'P_tol_to_trunc'=0.05
INFO:tenpy.tools.params:DMRG: reading 'P_tol_min'=5.0000000000000004e-30
INFO:tenpy.tools.params:DMRG: reading 'P_tol_max'=0.0001
INFO:tenpy.tools.params:DMRG: reading 'E_tol_to_trunc'=None
INFO:tenpy.algorithms.dmrg:Running sweep with optimization
INFO:tenpy.tools.params:DMRG: reading 'max_N_for_ED'=400
INFO:tenpy.tools.params:DMRG: reading 'update_env'=5
INFO:tenpy.algorithms.mps_common:start environment_sweep
INFO:tenpy.algorithms.dmrg:checkpoint after sweep 10
energy=-0.8855608033547782, max S=1.4214082082528956, age=198, norm_err=4.9e-15
Current memory usage 204.1MB, wall time: 11.1s
Delta E = nan, Delta S = -2.0177e-06 (per sweep)
max trunc_err = 2.6467e-13, max E_trunc = 5.4001e-12
chi: [256, 256, 256, 256, 256, 256]
================================================================================
INFO:tenpy.algorithms.dmrg:Running sweep with optimization
INFO:tenpy.algorithms.mps_common:start environment_sweep
INFO:tenpy.algorithms.dmrg:checkpoint after sweep 20
energy=-0.8855608033547545, max S=1.4214082082432047, age=378, norm_err=4.9e-15
Current memory usage 204.1MB, wall time: 9.6s
Delta E = 2.3648e-15, Delta S = -3.1878e-13 (per sweep)
max trunc_err = 2.6461e-13, max E_trunc = 6.0822e-12
chi: [256, 256, 256, 256, 256, 256]
================================================================================
INFO:tenpy.tools.params:DMRG: reading 'max_E_err'=1e-08
INFO:tenpy.tools.params:DMRG: reading 'max_S_err'=1e-05
INFO:tenpy.tools.params:DMRG: reading 'norm_tol'=1e-05
INFO:tenpy.tools.params:DMRG: reading 'norm_tol_final'=1e-10
INFO:tenpy.tools.params:DMRG: reading 'norm_tol_iter'=5
INFO:tenpy.algorithms.dmrg:TwoSiteDMRGEngine finished after 20 sweeps, max chi=256
INFO:tenpy.tools.params:DMRG: reading 'max_trunc_err'=0.0001
INFO:tenpy.tools.params:MixedHofstadterLandauGauge_Pi_2: reading 'explicit_plus_hc'=False
INFO:tenpy.tools.params:MixedHofstadterLandauGauge_Pi_2: reading 'Lx'=2
INFO:tenpy.tools.params:MixedHofstadterLandauGauge_Pi_2: setting 'N_rings'=2
INFO:tenpy.tools.params:MixedHofstadterLandauGauge_Pi_2: reading 'xy_lattice'='Square'
INFO:tenpy.tools.params:MixedHofstadterLandauGauge_Pi_2: reading 'Ly'=3
INFO:tenpy.tools.params:MixedHofstadterLandauGauge_Pi_2: reading 'ring_order'=None
INFO:tenpy.tools.params:MixedHofstadterLandauGauge_Pi_2: reading 'conserve_k'=True
INFO:tenpy.tools.params:MixedHofstadterLandauGauge_Pi_2: reading 'bc_MPS'='infinite'
INFO:tenpy.tools.params:MixedHofstadterLandauGauge_Pi_2: reading 't'=-1
INFO:tenpy.tools.params:MixedHofstadterLandauGauge_Pi_2: reading 't2'=-0.25
INFO:tenpy.tools.params:MixedHofstadterLandauGauge_Pi_2: reading 'V1'=0.6
INFO:tenpy.tools.params:MixedHofstadterLandauGauge_Pi_2: reading 'phi_ext'=np.float64(2.0500000000000003)
INFO:tenpy.tools.params:MixedHofstadterLandauGauge_Pi_2: reading 'sort_mpo_legs'=False
/home/t30/kna/ge54yin/Documents/MasterThesisFQHinTMDs/MPS_stuff/MPScalculations/.venv/lib/python3.12/site-packages/tenpy/tools/params.py:232: UserWarning: unused options for config MixedHofstadterLandauGauge_Pi_2:
['Delta', 'N_rings', 'Nsec', 'bc', 'chi_max', 'ktot', 'saveAll']
  warnings.warn(msg.format(keys=sorted(unused), name=self.name))
INFO:tenpy.tools.params:DMRG: reading 'active_sites'=2
INFO:tenpy.tools.params:DMRG: reading 'diag_method'='default'
INFO:tenpy.tools.params:DMRG: subconfig 'trunc_params'=Config(<5 options>, 'trunc_params')
INFO:tenpy.tools.params:DMRG: reading 'max_N_sites_per_ring'=18
INFO:tenpy.tools.params:DMRG: reading 'combine'=False
INFO:tenpy.tools.params:DMRG: subconfig 'lanczos_params'=Config(<9 options>, 'lanczos_params')
INFO:tenpy.tools.params:DMRG: reading 'chi_list'=None
INFO:tenpy.tools.params:DMRG: reading 'start_env'=1
INFO:tenpy.algorithms.mps_common:start environment_sweep
INFO:tenpy.tools.params:DMRG: reading 'N_sweeps_check'=10
INFO:tenpy.tools.params:DMRG: subconfig 'mixer_params'=Config(<3 options>, 'mixer_params')
INFO:tenpy.tools.params:DMRG: reading 'mixer'=None
INFO:tenpy.tools.params:DMRG: reading 'max_sweeps'=100
INFO:tenpy.tools.params:DMRG: reading 'max_hours'=8760
INFO:tenpy.tools.params:DMRG: reading 'P_tol_to_trunc'=0.05
INFO:tenpy.tools.params:DMRG: reading 'P_tol_min'=5.0000000000000004e-30
INFO:tenpy.tools.params:DMRG: reading 'P_tol_max'=0.0001
INFO:tenpy.tools.params:DMRG: reading 'E_tol_to_trunc'=None
INFO:tenpy.algorithms.dmrg:Running sweep with optimization
INFO:tenpy.tools.params:DMRG: reading 'max_N_for_ED'=400
INFO:tenpy.tools.params:DMRG: reading 'update_env'=5
INFO:tenpy.algorithms.mps_common:start environment_sweep
INFO:tenpy.algorithms.dmrg:checkpoint after sweep 10
energy=-0.8855673570399153, max S=1.4517847044264793, age=198, norm_err=6.4e-15
Current memory usage 204.1MB, wall time: 10.5s
Delta E = nan, Delta S = 2.0177e-06 (per sweep)
max trunc_err = 2.9625e-13, max E_trunc = 5.6986e-12
chi: [256, 256, 256, 256, 256, 256]
================================================================================
INFO:tenpy.algorithms.dmrg:Running sweep with optimization
INFO:tenpy.algorithms.mps_common:start environment_sweep
INFO:tenpy.algorithms.dmrg:checkpoint after sweep 20
energy=-0.8855673570398702, max S=1.4517847044248939, age=378, norm_err=6.3e-15
Current memory usage 204.1MB, wall time: 9.5s
Delta E = 4.5075e-15, Delta S = 1.3178e-14 (per sweep)
max trunc_err = 2.9623e-13, max E_trunc = 5.9686e-12
chi: [256, 256, 256, 256, 256, 256]
================================================================================
INFO:tenpy.tools.params:DMRG: reading 'max_E_err'=1e-08
INFO:tenpy.tools.params:DMRG: reading 'max_S_err'=1e-05
INFO:tenpy.tools.params:DMRG: reading 'norm_tol'=1e-05
INFO:tenpy.tools.params:DMRG: reading 'norm_tol_final'=1e-10
INFO:tenpy.tools.params:DMRG: reading 'norm_tol_iter'=5
INFO:tenpy.algorithms.dmrg:TwoSiteDMRGEngine finished after 20 sweeps, max chi=256
INFO:tenpy.tools.params:DMRG: reading 'max_trunc_err'=0.0001
INFO:tenpy.tools.params:MixedHofstadterLandauGauge_Pi_2: reading 'explicit_plus_hc'=False
INFO:tenpy.tools.params:MixedHofstadterLandauGauge_Pi_2: reading 'Lx'=2
INFO:tenpy.tools.params:MixedHofstadterLandauGauge_Pi_2: setting 'N_rings'=2
INFO:tenpy.tools.params:MixedHofstadterLandauGauge_Pi_2: reading 'xy_lattice'='Square'
INFO:tenpy.tools.params:MixedHofstadterLandauGauge_Pi_2: reading 'Ly'=3
INFO:tenpy.tools.params:MixedHofstadterLandauGauge_Pi_2: reading 'ring_order'=None
INFO:tenpy.tools.params:MixedHofstadterLandauGauge_Pi_2: reading 'conserve_k'=True
INFO:tenpy.tools.params:MixedHofstadterLandauGauge_Pi_2: reading 'bc_MPS'='infinite'
INFO:tenpy.tools.params:MixedHofstadterLandauGauge_Pi_2: reading 't'=-1
INFO:tenpy.tools.params:MixedHofstadterLandauGauge_Pi_2: reading 't2'=-0.25
INFO:tenpy.tools.params:MixedHofstadterLandauGauge_Pi_2: reading 'V1'=0.6
INFO:tenpy.tools.params:MixedHofstadterLandauGauge_Pi_2: reading 'phi_ext'=np.float64(2.1)
INFO:tenpy.tools.params:MixedHofstadterLandauGauge_Pi_2: reading 'sort_mpo_legs'=False
/home/t30/kna/ge54yin/Documents/MasterThesisFQHinTMDs/MPS_stuff/MPScalculations/.venv/lib/python3.12/site-packages/tenpy/tools/params.py:232: UserWarning: unused options for config MixedHofstadterLandauGauge_Pi_2:
['Delta', 'N_rings', 'Nsec', 'bc', 'chi_max', 'ktot', 'saveAll']
  warnings.warn(msg.format(keys=sorted(unused), name=self.name))
INFO:tenpy.tools.params:DMRG: reading 'active_sites'=2
INFO:tenpy.tools.params:DMRG: reading 'diag_method'='default'
INFO:tenpy.tools.params:DMRG: subconfig 'trunc_params'=Config(<5 options>, 'trunc_params')
INFO:tenpy.tools.params:DMRG: reading 'max_N_sites_per_ring'=18
INFO:tenpy.tools.params:DMRG: reading 'combine'=False
INFO:tenpy.tools.params:DMRG: subconfig 'lanczos_params'=Config(<9 options>, 'lanczos_params')
INFO:tenpy.tools.params:DMRG: reading 'chi_list'=None
INFO:tenpy.tools.params:DMRG: reading 'start_env'=1
INFO:tenpy.algorithms.mps_common:start environment_sweep
INFO:tenpy.tools.params:DMRG: reading 'N_sweeps_check'=10
INFO:tenpy.tools.params:DMRG: subconfig 'mixer_params'=Config(<3 options>, 'mixer_params')
INFO:tenpy.tools.params:DMRG: reading 'mixer'=None
INFO:tenpy.tools.params:DMRG: reading 'max_sweeps'=100
INFO:tenpy.tools.params:DMRG: reading 'max_hours'=8760
INFO:tenpy.tools.params:DMRG: reading 'P_tol_to_trunc'=0.05
INFO:tenpy.tools.params:DMRG: reading 'P_tol_min'=5.0000000000000004e-30
INFO:tenpy.tools.params:DMRG: reading 'P_tol_max'=0.0001
INFO:tenpy.tools.params:DMRG: reading 'E_tol_to_trunc'=None
INFO:tenpy.algorithms.dmrg:Running sweep with optimization
INFO:tenpy.tools.params:DMRG: reading 'max_N_for_ED'=400
INFO:tenpy.tools.params:DMRG: reading 'update_env'=5
INFO:tenpy.algorithms.mps_common:start environment_sweep
INFO:tenpy.algorithms.dmrg:checkpoint after sweep 10
energy=-0.8855845151442926, max S=1.4758159602854106, age=198, norm_err=8.5e-15
Current memory usage 204.1MB, wall time: 10.1s
Delta E = nan, Delta S = 5.3231e-06 (per sweep)
max trunc_err = 2.9783e-13, max E_trunc = 6.0538e-12
chi: [256, 256, 256, 256, 256, 256]
================================================================================
INFO:tenpy.algorithms.dmrg:Running sweep with optimization
INFO:tenpy.algorithms.mps_common:start environment_sweep
INFO:tenpy.algorithms.dmrg:checkpoint after sweep 20
energy=-0.8855845151442830, max S=1.4758159602813383, age=378, norm_err=8.3e-15
Current memory usage 204.1MB, wall time: 8.7s
Delta E = 9.5479e-16, Delta S = -1.1479e-13 (per sweep)
max trunc_err = 2.9783e-13, max E_trunc = 5.5707e-12
chi: [256, 256, 256, 256, 256, 256]
================================================================================
INFO:tenpy.tools.params:DMRG: reading 'max_E_err'=1e-08
INFO:tenpy.tools.params:DMRG: reading 'max_S_err'=1e-05
INFO:tenpy.tools.params:DMRG: reading 'norm_tol'=1e-05
INFO:tenpy.tools.params:DMRG: reading 'norm_tol_final'=1e-10
INFO:tenpy.tools.params:DMRG: reading 'norm_tol_iter'=5
INFO:tenpy.algorithms.dmrg:TwoSiteDMRGEngine finished after 20 sweeps, max chi=256
INFO:tenpy.tools.params:DMRG: reading 'max_trunc_err'=0.0001
INFO:tenpy.tools.params:MixedHofstadterLandauGauge_Pi_2: reading 'explicit_plus_hc'=False
INFO:tenpy.tools.params:MixedHofstadterLandauGauge_Pi_2: reading 'Lx'=2
INFO:tenpy.tools.params:MixedHofstadterLandauGauge_Pi_2: setting 'N_rings'=2
INFO:tenpy.tools.params:MixedHofstadterLandauGauge_Pi_2: reading 'xy_lattice'='Square'
INFO:tenpy.tools.params:MixedHofstadterLandauGauge_Pi_2: reading 'Ly'=3
INFO:tenpy.tools.params:MixedHofstadterLandauGauge_Pi_2: reading 'ring_order'=None
INFO:tenpy.tools.params:MixedHofstadterLandauGauge_Pi_2: reading 'conserve_k'=True
INFO:tenpy.tools.params:MixedHofstadterLandauGauge_Pi_2: reading 'bc_MPS'='infinite'
INFO:tenpy.tools.params:MixedHofstadterLandauGauge_Pi_2: reading 't'=-1
INFO:tenpy.tools.params:MixedHofstadterLandauGauge_Pi_2: reading 't2'=-0.25
INFO:tenpy.tools.params:MixedHofstadterLandauGauge_Pi_2: reading 'V1'=0.6
INFO:tenpy.tools.params:MixedHofstadterLandauGauge_Pi_2: reading 'phi_ext'=np.float64(2.15)
INFO:tenpy.tools.params:MixedHofstadterLandauGauge_Pi_2: reading 'sort_mpo_legs'=False
/home/t30/kna/ge54yin/Documents/MasterThesisFQHinTMDs/MPS_stuff/MPScalculations/.venv/lib/python3.12/site-packages/tenpy/tools/params.py:232: UserWarning: unused options for config MixedHofstadterLandauGauge_Pi_2:
['Delta', 'N_rings', 'Nsec', 'bc', 'chi_max', 'ktot', 'saveAll']
  warnings.warn(msg.format(keys=sorted(unused), name=self.name))
INFO:tenpy.tools.params:DMRG: reading 'active_sites'=2
INFO:tenpy.tools.params:DMRG: reading 'diag_method'='default'
INFO:tenpy.tools.params:DMRG: subconfig 'trunc_params'=Config(<5 options>, 'trunc_params')
INFO:tenpy.tools.params:DMRG: reading 'max_N_sites_per_ring'=18
INFO:tenpy.tools.params:DMRG: reading 'combine'=False
INFO:tenpy.tools.params:DMRG: subconfig 'lanczos_params'=Config(<9 options>, 'lanczos_params')
INFO:tenpy.tools.params:DMRG: reading 'chi_list'=None
INFO:tenpy.tools.params:DMRG: reading 'start_env'=1
INFO:tenpy.algorithms.mps_common:start environment_sweep
INFO:tenpy.tools.params:DMRG: reading 'N_sweeps_check'=10
INFO:tenpy.tools.params:DMRG: subconfig 'mixer_params'=Config(<3 options>, 'mixer_params')
INFO:tenpy.tools.params:DMRG: reading 'mixer'=None
INFO:tenpy.tools.params:DMRG: reading 'max_sweeps'=100
INFO:tenpy.tools.params:DMRG: reading 'max_hours'=8760
INFO:tenpy.tools.params:DMRG: reading 'P_tol_to_trunc'=0.05
INFO:tenpy.tools.params:DMRG: reading 'P_tol_min'=5.0000000000000004e-30
INFO:tenpy.tools.params:DMRG: reading 'P_tol_max'=0.0001
INFO:tenpy.tools.params:DMRG: reading 'E_tol_to_trunc'=None
INFO:tenpy.algorithms.dmrg:Running sweep with optimization
INFO:tenpy.tools.params:DMRG: reading 'max_N_for_ED'=400
INFO:tenpy.tools.params:DMRG: reading 'update_env'=5
INFO:tenpy.algorithms.mps_common:start environment_sweep
INFO:tenpy.algorithms.dmrg:checkpoint after sweep 10
energy=-0.8856057243939807, max S=1.4932161640608701, age=198, norm_err=1.2e-14
Current memory usage 204.1MB, wall time: 10.2s
Delta E = nan, Delta S = 6.7194e-06 (per sweep)
max trunc_err = 3.0405e-13, max E_trunc = 6.0538e-12
chi: [256, 256, 256, 256, 256, 256]
================================================================================
INFO:tenpy.algorithms.dmrg:Running sweep with optimization
INFO:tenpy.algorithms.mps_common:start environment_sweep
INFO:tenpy.algorithms.dmrg:checkpoint after sweep 20
energy=-0.8856057243940256, max S=1.4932161640573887, age=378, norm_err=1.2e-14
Current memory usage 204.1MB, wall time: 8.8s
Delta E = -4.4964e-15, Delta S = -1.3592e-13 (per sweep)
max trunc_err = 3.0403e-13, max E_trunc = 6.1959e-12
chi: [256, 256, 256, 256, 256, 256]
================================================================================
INFO:tenpy.tools.params:DMRG: reading 'max_E_err'=1e-08
INFO:tenpy.tools.params:DMRG: reading 'max_S_err'=1e-05
INFO:tenpy.tools.params:DMRG: reading 'norm_tol'=1e-05
INFO:tenpy.tools.params:DMRG: reading 'norm_tol_final'=1e-10
INFO:tenpy.tools.params:DMRG: reading 'norm_tol_iter'=5
INFO:tenpy.algorithms.dmrg:TwoSiteDMRGEngine finished after 20 sweeps, max chi=256
INFO:tenpy.tools.params:DMRG: reading 'max_trunc_err'=0.0001
INFO:tenpy.tools.params:MixedHofstadterLandauGauge_Pi_2: reading 'explicit_plus_hc'=False
INFO:tenpy.tools.params:MixedHofstadterLandauGauge_Pi_2: reading 'Lx'=2
INFO:tenpy.tools.params:MixedHofstadterLandauGauge_Pi_2: setting 'N_rings'=2
INFO:tenpy.tools.params:MixedHofstadterLandauGauge_Pi_2: reading 'xy_lattice'='Square'
INFO:tenpy.tools.params:MixedHofstadterLandauGauge_Pi_2: reading 'Ly'=3
INFO:tenpy.tools.params:MixedHofstadterLandauGauge_Pi_2: reading 'ring_order'=None
INFO:tenpy.tools.params:MixedHofstadterLandauGauge_Pi_2: reading 'conserve_k'=True
INFO:tenpy.tools.params:MixedHofstadterLandauGauge_Pi_2: reading 'bc_MPS'='infinite'
INFO:tenpy.tools.params:MixedHofstadterLandauGauge_Pi_2: reading 't'=-1
INFO:tenpy.tools.params:MixedHofstadterLandauGauge_Pi_2: reading 't2'=-0.25
INFO:tenpy.tools.params:MixedHofstadterLandauGauge_Pi_2: reading 'V1'=0.6
INFO:tenpy.tools.params:MixedHofstadterLandauGauge_Pi_2: reading 'phi_ext'=np.float64(2.2)
INFO:tenpy.tools.params:MixedHofstadterLandauGauge_Pi_2: reading 'sort_mpo_legs'=False
/home/t30/kna/ge54yin/Documents/MasterThesisFQHinTMDs/MPS_stuff/MPScalculations/.venv/lib/python3.12/site-packages/tenpy/tools/params.py:232: UserWarning: unused options for config MixedHofstadterLandauGauge_Pi_2:
['Delta', 'N_rings', 'Nsec', 'bc', 'chi_max', 'ktot', 'saveAll']
  warnings.warn(msg.format(keys=sorted(unused), name=self.name))
INFO:tenpy.tools.params:DMRG: reading 'active_sites'=2
INFO:tenpy.tools.params:DMRG: reading 'diag_method'='default'
INFO:tenpy.tools.params:DMRG: subconfig 'trunc_params'=Config(<5 options>, 'trunc_params')
INFO:tenpy.tools.params:DMRG: reading 'max_N_sites_per_ring'=18
INFO:tenpy.tools.params:DMRG: reading 'combine'=False
INFO:tenpy.tools.params:DMRG: subconfig 'lanczos_params'=Config(<9 options>, 'lanczos_params')
INFO:tenpy.tools.params:DMRG: reading 'chi_list'=None
INFO:tenpy.tools.params:DMRG: reading 'start_env'=1
INFO:tenpy.algorithms.mps_common:start environment_sweep
INFO:tenpy.tools.params:DMRG: reading 'N_sweeps_check'=10
INFO:tenpy.tools.params:DMRG: subconfig 'mixer_params'=Config(<3 options>, 'mixer_params')
INFO:tenpy.tools.params:DMRG: reading 'mixer'=None
INFO:tenpy.tools.params:DMRG: reading 'max_sweeps'=100
INFO:tenpy.tools.params:DMRG: reading 'max_hours'=8760
INFO:tenpy.tools.params:DMRG: reading 'P_tol_to_trunc'=0.05
INFO:tenpy.tools.params:DMRG: reading 'P_tol_min'=5.0000000000000004e-30
INFO:tenpy.tools.params:DMRG: reading 'P_tol_max'=0.0001
INFO:tenpy.tools.params:DMRG: reading 'E_tol_to_trunc'=None
INFO:tenpy.algorithms.dmrg:Running sweep with optimization
INFO:tenpy.tools.params:DMRG: reading 'max_N_for_ED'=400
INFO:tenpy.tools.params:DMRG: reading 'update_env'=5
INFO:tenpy.algorithms.mps_common:start environment_sweep
INFO:tenpy.algorithms.dmrg:checkpoint after sweep 10
energy=-0.8856228835753323, max S=1.5037561028285582, age=198, norm_err=3.1e-14
Current memory usage 204.1MB, wall time: 10.2s
Delta E = nan, Delta S = 5.7589e-06 (per sweep)
max trunc_err = 3.1552e-13, max E_trunc = 6.7075e-12
chi: [256, 256, 256, 256, 256, 256]
================================================================================
INFO:tenpy.algorithms.dmrg:Running sweep with optimization
INFO:tenpy.algorithms.mps_common:start environment_sweep
INFO:tenpy.algorithms.dmrg:checkpoint after sweep 20
energy=-0.8856228835752754, max S=1.5037561028283040, age=378, norm_err=3.1e-14
Current memory usage 204.1MB, wall time: 8.8s
Delta E = 5.6843e-15, Delta S = 5.2369e-14 (per sweep)
max trunc_err = 3.1594e-13, max E_trunc = 6.3665e-12
chi: [256, 256, 256, 256, 256, 256]
================================================================================
INFO:tenpy.tools.params:DMRG: reading 'max_E_err'=1e-08
INFO:tenpy.tools.params:DMRG: reading 'max_S_err'=1e-05
INFO:tenpy.tools.params:DMRG: reading 'norm_tol'=1e-05
INFO:tenpy.tools.params:DMRG: reading 'norm_tol_final'=1e-10
INFO:tenpy.tools.params:DMRG: reading 'norm_tol_iter'=5
INFO:tenpy.algorithms.dmrg:TwoSiteDMRGEngine finished after 20 sweeps, max chi=256
INFO:tenpy.tools.params:DMRG: reading 'max_trunc_err'=0.0001
INFO:tenpy.tools.params:MixedHofstadterLandauGauge_Pi_2: reading 'explicit_plus_hc'=False
INFO:tenpy.tools.params:MixedHofstadterLandauGauge_Pi_2: reading 'Lx'=2
INFO:tenpy.tools.params:MixedHofstadterLandauGauge_Pi_2: setting 'N_rings'=2
INFO:tenpy.tools.params:MixedHofstadterLandauGauge_Pi_2: reading 'xy_lattice'='Square'
INFO:tenpy.tools.params:MixedHofstadterLandauGauge_Pi_2: reading 'Ly'=3
INFO:tenpy.tools.params:MixedHofstadterLandauGauge_Pi_2: reading 'ring_order'=None
INFO:tenpy.tools.params:MixedHofstadterLandauGauge_Pi_2: reading 'conserve_k'=True
INFO:tenpy.tools.params:MixedHofstadterLandauGauge_Pi_2: reading 'bc_MPS'='infinite'
INFO:tenpy.tools.params:MixedHofstadterLandauGauge_Pi_2: reading 't'=-1
INFO:tenpy.tools.params:MixedHofstadterLandauGauge_Pi_2: reading 't2'=-0.25
INFO:tenpy.tools.params:MixedHofstadterLandauGauge_Pi_2: reading 'V1'=0.6
INFO:tenpy.tools.params:MixedHofstadterLandauGauge_Pi_2: reading 'phi_ext'=np.float64(2.25)
INFO:tenpy.tools.params:MixedHofstadterLandauGauge_Pi_2: reading 'sort_mpo_legs'=False
/home/t30/kna/ge54yin/Documents/MasterThesisFQHinTMDs/MPS_stuff/MPScalculations/.venv/lib/python3.12/site-packages/tenpy/tools/params.py:232: UserWarning: unused options for config MixedHofstadterLandauGauge_Pi_2:
['Delta', 'N_rings', 'Nsec', 'bc', 'chi_max', 'ktot', 'saveAll']
  warnings.warn(msg.format(keys=sorted(unused), name=self.name))
INFO:tenpy.tools.params:DMRG: reading 'active_sites'=2
INFO:tenpy.tools.params:DMRG: reading 'diag_method'='default'
INFO:tenpy.tools.params:DMRG: subconfig 'trunc_params'=Config(<5 options>, 'trunc_params')
INFO:tenpy.tools.params:DMRG: reading 'max_N_sites_per_ring'=18
INFO:tenpy.tools.params:DMRG: reading 'combine'=False
INFO:tenpy.tools.params:DMRG: subconfig 'lanczos_params'=Config(<9 options>, 'lanczos_params')
INFO:tenpy.tools.params:DMRG: reading 'chi_list'=None
INFO:tenpy.tools.params:DMRG: reading 'start_env'=1
INFO:tenpy.algorithms.mps_common:start environment_sweep
INFO:tenpy.tools.params:DMRG: reading 'N_sweeps_check'=10
INFO:tenpy.tools.params:DMRG: subconfig 'mixer_params'=Config(<3 options>, 'mixer_params')
INFO:tenpy.tools.params:DMRG: reading 'mixer'=None
INFO:tenpy.tools.params:DMRG: reading 'max_sweeps'=100
INFO:tenpy.tools.params:DMRG: reading 'max_hours'=8760
INFO:tenpy.tools.params:DMRG: reading 'P_tol_to_trunc'=0.05
INFO:tenpy.tools.params:DMRG: reading 'P_tol_min'=5.0000000000000004e-30
INFO:tenpy.tools.params:DMRG: reading 'P_tol_max'=0.0001
INFO:tenpy.tools.params:DMRG: reading 'E_tol_to_trunc'=None
INFO:tenpy.algorithms.dmrg:Running sweep with optimization
INFO:tenpy.tools.params:DMRG: reading 'max_N_for_ED'=400
INFO:tenpy.tools.params:DMRG: reading 'update_env'=5
INFO:tenpy.algorithms.mps_common:start environment_sweep
INFO:tenpy.algorithms.dmrg:checkpoint after sweep 10
energy=-0.8856294379259850, max S=1.5072866782253920, age=198, norm_err=1.6e-14
Current memory usage 204.1MB, wall time: 10.4s
Delta E = nan, Delta S = 2.8886e-06 (per sweep)
max trunc_err = 3.2400e-13, max E_trunc = 6.4091e-12
chi: [256, 256, 256, 256, 256, 256]
================================================================================
INFO:tenpy.algorithms.dmrg:Running sweep with optimization
INFO:tenpy.algorithms.mps_common:start environment_sweep
INFO:tenpy.algorithms.dmrg:checkpoint after sweep 20
energy=-0.8856294379259518, max S=1.5072866782265910, age=378, norm_err=1.6e-14
Current memory usage 204.1MB, wall time: 9.5s
Delta E = 3.3196e-15, Delta S = 6.2439e-14 (per sweep)
max trunc_err = 3.2399e-13, max E_trunc = 6.8212e-12
chi: [256, 256, 256, 256, 256, 256]
================================================================================
INFO:tenpy.tools.params:DMRG: reading 'max_E_err'=1e-08
INFO:tenpy.tools.params:DMRG: reading 'max_S_err'=1e-05
INFO:tenpy.tools.params:DMRG: reading 'norm_tol'=1e-05
INFO:tenpy.tools.params:DMRG: reading 'norm_tol_final'=1e-10
INFO:tenpy.tools.params:DMRG: reading 'norm_tol_iter'=5
INFO:tenpy.algorithms.dmrg:TwoSiteDMRGEngine finished after 20 sweeps, max chi=256
INFO:tenpy.tools.params:DMRG: reading 'max_trunc_err'=0.0001
INFO:tenpy.tools.params:MixedHofstadterLandauGauge_Pi_2: reading 'explicit_plus_hc'=False
INFO:tenpy.tools.params:MixedHofstadterLandauGauge_Pi_2: reading 'Lx'=2
INFO:tenpy.tools.params:MixedHofstadterLandauGauge_Pi_2: setting 'N_rings'=2
INFO:tenpy.tools.params:MixedHofstadterLandauGauge_Pi_2: reading 'xy_lattice'='Square'
INFO:tenpy.tools.params:MixedHofstadterLandauGauge_Pi_2: reading 'Ly'=3
INFO:tenpy.tools.params:MixedHofstadterLandauGauge_Pi_2: reading 'ring_order'=None
INFO:tenpy.tools.params:MixedHofstadterLandauGauge_Pi_2: reading 'conserve_k'=True
INFO:tenpy.tools.params:MixedHofstadterLandauGauge_Pi_2: reading 'bc_MPS'='infinite'
INFO:tenpy.tools.params:MixedHofstadterLandauGauge_Pi_2: reading 't'=-1
INFO:tenpy.tools.params:MixedHofstadterLandauGauge_Pi_2: reading 't2'=-0.25
INFO:tenpy.tools.params:MixedHofstadterLandauGauge_Pi_2: reading 'V1'=0.6
INFO:tenpy.tools.params:MixedHofstadterLandauGauge_Pi_2: reading 'phi_ext'=np.float64(2.3000000000000003)
INFO:tenpy.tools.params:MixedHofstadterLandauGauge_Pi_2: reading 'sort_mpo_legs'=False
/home/t30/kna/ge54yin/Documents/MasterThesisFQHinTMDs/MPS_stuff/MPScalculations/.venv/lib/python3.12/site-packages/tenpy/tools/params.py:232: UserWarning: unused options for config MixedHofstadterLandauGauge_Pi_2:
['Delta', 'N_rings', 'Nsec', 'bc', 'chi_max', 'ktot', 'saveAll']
  warnings.warn(msg.format(keys=sorted(unused), name=self.name))
INFO:tenpy.tools.params:DMRG: reading 'active_sites'=2
INFO:tenpy.tools.params:DMRG: reading 'diag_method'='default'
INFO:tenpy.tools.params:DMRG: subconfig 'trunc_params'=Config(<5 options>, 'trunc_params')
INFO:tenpy.tools.params:DMRG: reading 'max_N_sites_per_ring'=18
INFO:tenpy.tools.params:DMRG: reading 'combine'=False
INFO:tenpy.tools.params:DMRG: subconfig 'lanczos_params'=Config(<9 options>, 'lanczos_params')
INFO:tenpy.tools.params:DMRG: reading 'chi_list'=None
INFO:tenpy.tools.params:DMRG: reading 'start_env'=1
INFO:tenpy.algorithms.mps_common:start environment_sweep
INFO:tenpy.tools.params:DMRG: reading 'N_sweeps_check'=10
INFO:tenpy.tools.params:DMRG: subconfig 'mixer_params'=Config(<3 options>, 'mixer_params')
INFO:tenpy.tools.params:DMRG: reading 'mixer'=None
INFO:tenpy.tools.params:DMRG: reading 'max_sweeps'=100
INFO:tenpy.tools.params:DMRG: reading 'max_hours'=8760
INFO:tenpy.tools.params:DMRG: reading 'P_tol_to_trunc'=0.05
INFO:tenpy.tools.params:DMRG: reading 'P_tol_min'=5.0000000000000004e-30
INFO:tenpy.tools.params:DMRG: reading 'P_tol_max'=0.0001
INFO:tenpy.tools.params:DMRG: reading 'E_tol_to_trunc'=None
INFO:tenpy.algorithms.dmrg:Running sweep with optimization
INFO:tenpy.tools.params:DMRG: reading 'max_N_for_ED'=400
INFO:tenpy.tools.params:DMRG: reading 'update_env'=5
INFO:tenpy.algorithms.mps_common:start environment_sweep
INFO:tenpy.algorithms.dmrg:checkpoint after sweep 10
energy=-0.8856228835752210, max S=1.5037561028297901, age=198, norm_err=1.7e-14
Current memory usage 204.1MB, wall time: 10.2s
Delta E = nan, Delta S = -7.2772e-07 (per sweep)
max trunc_err = 3.1362e-13, max E_trunc = 6.3380e-12
chi: [256, 256, 256, 256, 256, 256]
================================================================================
INFO:tenpy.algorithms.dmrg:Running sweep with optimization
INFO:tenpy.algorithms.mps_common:start environment_sweep
INFO:tenpy.algorithms.dmrg:checkpoint after sweep 20
energy=-0.8856228835752518, max S=1.5037561028315503, age=378, norm_err=1.7e-14
Current memory usage 204.1MB, wall time: 8.8s
Delta E = -3.0753e-15, Delta S = 8.3267e-14 (per sweep)
max trunc_err = 3.1376e-13, max E_trunc = 6.5370e-12
chi: [256, 256, 256, 256, 256, 256]
================================================================================
INFO:tenpy.tools.params:DMRG: reading 'max_E_err'=1e-08
INFO:tenpy.tools.params:DMRG: reading 'max_S_err'=1e-05
INFO:tenpy.tools.params:DMRG: reading 'norm_tol'=1e-05
INFO:tenpy.tools.params:DMRG: reading 'norm_tol_final'=1e-10
INFO:tenpy.tools.params:DMRG: reading 'norm_tol_iter'=5
INFO:tenpy.algorithms.dmrg:TwoSiteDMRGEngine finished after 20 sweeps, max chi=256
INFO:tenpy.tools.params:DMRG: reading 'max_trunc_err'=0.0001
INFO:tenpy.tools.params:MixedHofstadterLandauGauge_Pi_2: reading 'explicit_plus_hc'=False
INFO:tenpy.tools.params:MixedHofstadterLandauGauge_Pi_2: reading 'Lx'=2
INFO:tenpy.tools.params:MixedHofstadterLandauGauge_Pi_2: setting 'N_rings'=2
INFO:tenpy.tools.params:MixedHofstadterLandauGauge_Pi_2: reading 'xy_lattice'='Square'
INFO:tenpy.tools.params:MixedHofstadterLandauGauge_Pi_2: reading 'Ly'=3
INFO:tenpy.tools.params:MixedHofstadterLandauGauge_Pi_2: reading 'ring_order'=None
INFO:tenpy.tools.params:MixedHofstadterLandauGauge_Pi_2: reading 'conserve_k'=True
INFO:tenpy.tools.params:MixedHofstadterLandauGauge_Pi_2: reading 'bc_MPS'='infinite'
INFO:tenpy.tools.params:MixedHofstadterLandauGauge_Pi_2: reading 't'=-1
INFO:tenpy.tools.params:MixedHofstadterLandauGauge_Pi_2: reading 't2'=-0.25
INFO:tenpy.tools.params:MixedHofstadterLandauGauge_Pi_2: reading 'V1'=0.6
INFO:tenpy.tools.params:MixedHofstadterLandauGauge_Pi_2: reading 'phi_ext'=np.float64(2.35)
INFO:tenpy.tools.params:MixedHofstadterLandauGauge_Pi_2: reading 'sort_mpo_legs'=False
/home/t30/kna/ge54yin/Documents/MasterThesisFQHinTMDs/MPS_stuff/MPScalculations/.venv/lib/python3.12/site-packages/tenpy/tools/params.py:232: UserWarning: unused options for config MixedHofstadterLandauGauge_Pi_2:
['Delta', 'N_rings', 'Nsec', 'bc', 'chi_max', 'ktot', 'saveAll']
  warnings.warn(msg.format(keys=sorted(unused), name=self.name))
INFO:tenpy.tools.params:DMRG: reading 'active_sites'=2
INFO:tenpy.tools.params:DMRG: reading 'diag_method'='default'
INFO:tenpy.tools.params:DMRG: subconfig 'trunc_params'=Config(<5 options>, 'trunc_params')
INFO:tenpy.tools.params:DMRG: reading 'max_N_sites_per_ring'=18
INFO:tenpy.tools.params:DMRG: reading 'combine'=False
INFO:tenpy.tools.params:DMRG: subconfig 'lanczos_params'=Config(<9 options>, 'lanczos_params')
INFO:tenpy.tools.params:DMRG: reading 'chi_list'=None
INFO:tenpy.tools.params:DMRG: reading 'start_env'=1
INFO:tenpy.algorithms.mps_common:start environment_sweep
INFO:tenpy.tools.params:DMRG: reading 'N_sweeps_check'=10
INFO:tenpy.tools.params:DMRG: subconfig 'mixer_params'=Config(<3 options>, 'mixer_params')
INFO:tenpy.tools.params:DMRG: reading 'mixer'=None
INFO:tenpy.tools.params:DMRG: reading 'max_sweeps'=100
INFO:tenpy.tools.params:DMRG: reading 'max_hours'=8760
INFO:tenpy.tools.params:DMRG: reading 'P_tol_to_trunc'=0.05
INFO:tenpy.tools.params:DMRG: reading 'P_tol_min'=5.0000000000000004e-30
INFO:tenpy.tools.params:DMRG: reading 'P_tol_max'=0.0001
INFO:tenpy.tools.params:DMRG: reading 'E_tol_to_trunc'=None
INFO:tenpy.algorithms.dmrg:Running sweep with optimization
INFO:tenpy.tools.params:DMRG: reading 'max_N_for_ED'=400
INFO:tenpy.tools.params:DMRG: reading 'update_env'=5
INFO:tenpy.algorithms.mps_common:start environment_sweep
INFO:tenpy.algorithms.dmrg:checkpoint after sweep 10
energy=-0.8856057243943832, max S=1.4932161640795862, age=198, norm_err=1.6e-14
Current memory usage 204.1MB, wall time: 10.2s
Delta E = nan, Delta S = -3.6550e-06 (per sweep)
max trunc_err = 3.0647e-13, max E_trunc = 6.0538e-12
chi: [256, 256, 256, 256, 256, 256]
================================================================================
INFO:tenpy.algorithms.dmrg:Running sweep with optimization
INFO:tenpy.algorithms.mps_common:start environment_sweep
INFO:tenpy.algorithms.dmrg:checkpoint after sweep 20
energy=-0.8856057243944188, max S=1.4932161640802684, age=378, norm_err=1.6e-14
Current memory usage 204.1MB, wall time: 8.8s
Delta E = -3.5527e-15, Delta S = -5.0548e-14 (per sweep)
max trunc_err = 3.0808e-13, max E_trunc = 6.2528e-12
chi: [256, 256, 256, 256, 256, 256]
================================================================================
INFO:tenpy.tools.params:DMRG: reading 'max_E_err'=1e-08
INFO:tenpy.tools.params:DMRG: reading 'max_S_err'=1e-05
INFO:tenpy.tools.params:DMRG: reading 'norm_tol'=1e-05
INFO:tenpy.tools.params:DMRG: reading 'norm_tol_final'=1e-10
INFO:tenpy.tools.params:DMRG: reading 'norm_tol_iter'=5
INFO:tenpy.algorithms.dmrg:TwoSiteDMRGEngine finished after 20 sweeps, max chi=256
INFO:tenpy.tools.params:DMRG: reading 'max_trunc_err'=0.0001
INFO:tenpy.tools.params:MixedHofstadterLandauGauge_Pi_2: reading 'explicit_plus_hc'=False
INFO:tenpy.tools.params:MixedHofstadterLandauGauge_Pi_2: reading 'Lx'=2
INFO:tenpy.tools.params:MixedHofstadterLandauGauge_Pi_2: setting 'N_rings'=2
INFO:tenpy.tools.params:MixedHofstadterLandauGauge_Pi_2: reading 'xy_lattice'='Square'
INFO:tenpy.tools.params:MixedHofstadterLandauGauge_Pi_2: reading 'Ly'=3
INFO:tenpy.tools.params:MixedHofstadterLandauGauge_Pi_2: reading 'ring_order'=None
INFO:tenpy.tools.params:MixedHofstadterLandauGauge_Pi_2: reading 'conserve_k'=True
INFO:tenpy.tools.params:MixedHofstadterLandauGauge_Pi_2: reading 'bc_MPS'='infinite'
INFO:tenpy.tools.params:MixedHofstadterLandauGauge_Pi_2: reading 't'=-1
INFO:tenpy.tools.params:MixedHofstadterLandauGauge_Pi_2: reading 't2'=-0.25
INFO:tenpy.tools.params:MixedHofstadterLandauGauge_Pi_2: reading 'V1'=0.6
INFO:tenpy.tools.params:MixedHofstadterLandauGauge_Pi_2: reading 'phi_ext'=np.float64(2.4000000000000004)
INFO:tenpy.tools.params:MixedHofstadterLandauGauge_Pi_2: reading 'sort_mpo_legs'=False
/home/t30/kna/ge54yin/Documents/MasterThesisFQHinTMDs/MPS_stuff/MPScalculations/.venv/lib/python3.12/site-packages/tenpy/tools/params.py:232: UserWarning: unused options for config MixedHofstadterLandauGauge_Pi_2:
['Delta', 'N_rings', 'Nsec', 'bc', 'chi_max', 'ktot', 'saveAll']
  warnings.warn(msg.format(keys=sorted(unused), name=self.name))
INFO:tenpy.tools.params:DMRG: reading 'active_sites'=2
INFO:tenpy.tools.params:DMRG: reading 'diag_method'='default'
INFO:tenpy.tools.params:DMRG: subconfig 'trunc_params'=Config(<5 options>, 'trunc_params')
INFO:tenpy.tools.params:DMRG: reading 'max_N_sites_per_ring'=18
INFO:tenpy.tools.params:DMRG: reading 'combine'=False
INFO:tenpy.tools.params:DMRG: subconfig 'lanczos_params'=Config(<9 options>, 'lanczos_params')
INFO:tenpy.tools.params:DMRG: reading 'chi_list'=None
INFO:tenpy.tools.params:DMRG: reading 'start_env'=1
INFO:tenpy.algorithms.mps_common:start environment_sweep
INFO:tenpy.tools.params:DMRG: reading 'N_sweeps_check'=10
INFO:tenpy.tools.params:DMRG: subconfig 'mixer_params'=Config(<3 options>, 'mixer_params')
INFO:tenpy.tools.params:DMRG: reading 'mixer'=None
INFO:tenpy.tools.params:DMRG: reading 'max_sweeps'=100
INFO:tenpy.tools.params:DMRG: reading 'max_hours'=8760
INFO:tenpy.tools.params:DMRG: reading 'P_tol_to_trunc'=0.05
INFO:tenpy.tools.params:DMRG: reading 'P_tol_min'=5.0000000000000004e-30
INFO:tenpy.tools.params:DMRG: reading 'P_tol_max'=0.0001
INFO:tenpy.tools.params:DMRG: reading 'E_tol_to_trunc'=None
INFO:tenpy.algorithms.dmrg:Running sweep with optimization
INFO:tenpy.tools.params:DMRG: reading 'max_N_for_ED'=400
INFO:tenpy.tools.params:DMRG: reading 'update_env'=5
INFO:tenpy.algorithms.mps_common:start environment_sweep
INFO:tenpy.algorithms.dmrg:checkpoint after sweep 10
energy=-0.8855845151446502, max S=1.4758159602969285, age=198, norm_err=2.3e-14
Current memory usage 204.1MB, wall time: 10.3s
Delta E = nan, Delta S = -4.7323e-06 (per sweep)
max trunc_err = 2.7934e-13, max E_trunc = 5.6701e-12
chi: [256, 256, 256, 256, 256, 256]
================================================================================
INFO:tenpy.algorithms.dmrg:Running sweep with optimization
INFO:tenpy.algorithms.mps_common:start environment_sweep
INFO:tenpy.algorithms.dmrg:checkpoint after sweep 20
energy=-0.8855845151446999, max S=1.4758159603001584, age=378, norm_err=2.3e-14
Current memory usage 204.1MB, wall time: 9.2s
Delta E = -4.9738e-15, Delta S = 1.0556e-13 (per sweep)
max trunc_err = 2.7934e-13, max E_trunc = 5.9686e-12
chi: [256, 256, 256, 256, 256, 256]
================================================================================
INFO:tenpy.tools.params:DMRG: reading 'max_E_err'=1e-08
INFO:tenpy.tools.params:DMRG: reading 'max_S_err'=1e-05
INFO:tenpy.tools.params:DMRG: reading 'norm_tol'=1e-05
INFO:tenpy.tools.params:DMRG: reading 'norm_tol_final'=1e-10
INFO:tenpy.tools.params:DMRG: reading 'norm_tol_iter'=5
INFO:tenpy.algorithms.dmrg:TwoSiteDMRGEngine finished after 20 sweeps, max chi=256
INFO:tenpy.tools.params:DMRG: reading 'max_trunc_err'=0.0001
INFO:tenpy.tools.params:MixedHofstadterLandauGauge_Pi_2: reading 'explicit_plus_hc'=False
INFO:tenpy.tools.params:MixedHofstadterLandauGauge_Pi_2: reading 'Lx'=2
INFO:tenpy.tools.params:MixedHofstadterLandauGauge_Pi_2: setting 'N_rings'=2
INFO:tenpy.tools.params:MixedHofstadterLandauGauge_Pi_2: reading 'xy_lattice'='Square'
INFO:tenpy.tools.params:MixedHofstadterLandauGauge_Pi_2: reading 'Ly'=3
INFO:tenpy.tools.params:MixedHofstadterLandauGauge_Pi_2: reading 'ring_order'=None
INFO:tenpy.tools.params:MixedHofstadterLandauGauge_Pi_2: reading 'conserve_k'=True
INFO:tenpy.tools.params:MixedHofstadterLandauGauge_Pi_2: reading 'bc_MPS'='infinite'
INFO:tenpy.tools.params:MixedHofstadterLandauGauge_Pi_2: reading 't'=-1
INFO:tenpy.tools.params:MixedHofstadterLandauGauge_Pi_2: reading 't2'=-0.25
INFO:tenpy.tools.params:MixedHofstadterLandauGauge_Pi_2: reading 'V1'=0.6
INFO:tenpy.tools.params:MixedHofstadterLandauGauge_Pi_2: reading 'phi_ext'=np.float64(2.45)
INFO:tenpy.tools.params:MixedHofstadterLandauGauge_Pi_2: reading 'sort_mpo_legs'=False
/home/t30/kna/ge54yin/Documents/MasterThesisFQHinTMDs/MPS_stuff/MPScalculations/.venv/lib/python3.12/site-packages/tenpy/tools/params.py:232: UserWarning: unused options for config MixedHofstadterLandauGauge_Pi_2:
['Delta', 'N_rings', 'Nsec', 'bc', 'chi_max', 'ktot', 'saveAll']
  warnings.warn(msg.format(keys=sorted(unused), name=self.name))
INFO:tenpy.tools.params:DMRG: reading 'active_sites'=2
INFO:tenpy.tools.params:DMRG: reading 'diag_method'='default'
INFO:tenpy.tools.params:DMRG: subconfig 'trunc_params'=Config(<5 options>, 'trunc_params')
INFO:tenpy.tools.params:DMRG: reading 'max_N_sites_per_ring'=18
INFO:tenpy.tools.params:DMRG: reading 'combine'=False
INFO:tenpy.tools.params:DMRG: subconfig 'lanczos_params'=Config(<9 options>, 'lanczos_params')
INFO:tenpy.tools.params:DMRG: reading 'chi_list'=None
INFO:tenpy.tools.params:DMRG: reading 'start_env'=1
INFO:tenpy.algorithms.mps_common:start environment_sweep
INFO:tenpy.tools.params:DMRG: reading 'N_sweeps_check'=10
INFO:tenpy.tools.params:DMRG: subconfig 'mixer_params'=Config(<3 options>, 'mixer_params')
INFO:tenpy.tools.params:DMRG: reading 'mixer'=None
INFO:tenpy.tools.params:DMRG: reading 'max_sweeps'=100
INFO:tenpy.tools.params:DMRG: reading 'max_hours'=8760
INFO:tenpy.tools.params:DMRG: reading 'P_tol_to_trunc'=0.05
INFO:tenpy.tools.params:DMRG: reading 'P_tol_min'=5.0000000000000004e-30
INFO:tenpy.tools.params:DMRG: reading 'P_tol_max'=0.0001
INFO:tenpy.tools.params:DMRG: reading 'E_tol_to_trunc'=None
INFO:tenpy.algorithms.dmrg:Running sweep with optimization
INFO:tenpy.tools.params:DMRG: reading 'max_N_for_ED'=400
INFO:tenpy.tools.params:DMRG: reading 'update_env'=5
INFO:tenpy.algorithms.mps_common:start environment_sweep
INFO:tenpy.algorithms.dmrg:checkpoint after sweep 10
energy=-0.8855673570402161, max S=1.4517847044453811, age=198, norm_err=1.5e-14
Current memory usage 204.1MB, wall time: 11.1s
Delta E = nan, Delta S = -3.5177e-06 (per sweep)
max trunc_err = 2.7544e-13, max E_trunc = 5.7412e-12
chi: [256, 256, 256, 256, 256, 256]
================================================================================
INFO:tenpy.algorithms.dmrg:Running sweep with optimization
INFO:tenpy.algorithms.mps_common:start environment_sweep
INFO:tenpy.algorithms.dmrg:checkpoint after sweep 20
energy=-0.8855673570402397, max S=1.4517847044373393, age=378, norm_err=1.4e-14
Current memory usage 204.1MB, wall time: 9.6s
Delta E = -2.3648e-15, Delta S = -4.3767e-13 (per sweep)
max trunc_err = 2.7639e-13, max E_trunc = 5.5707e-12
chi: [256, 256, 256, 256, 256, 256]
================================================================================
INFO:tenpy.tools.params:DMRG: reading 'max_E_err'=1e-08
INFO:tenpy.tools.params:DMRG: reading 'max_S_err'=1e-05
INFO:tenpy.tools.params:DMRG: reading 'norm_tol'=1e-05
INFO:tenpy.tools.params:DMRG: reading 'norm_tol_final'=1e-10
INFO:tenpy.tools.params:DMRG: reading 'norm_tol_iter'=5
INFO:tenpy.algorithms.dmrg:TwoSiteDMRGEngine finished after 20 sweeps, max chi=256
INFO:tenpy.tools.params:DMRG: reading 'max_trunc_err'=0.0001
INFO:tenpy.tools.params:MixedHofstadterLandauGauge_Pi_2: reading 'explicit_plus_hc'=False
INFO:tenpy.tools.params:MixedHofstadterLandauGauge_Pi_2: reading 'Lx'=2
INFO:tenpy.tools.params:MixedHofstadterLandauGauge_Pi_2: setting 'N_rings'=2
INFO:tenpy.tools.params:MixedHofstadterLandauGauge_Pi_2: reading 'xy_lattice'='Square'
INFO:tenpy.tools.params:MixedHofstadterLandauGauge_Pi_2: reading 'Ly'=3
INFO:tenpy.tools.params:MixedHofstadterLandauGauge_Pi_2: reading 'ring_order'=None
INFO:tenpy.tools.params:MixedHofstadterLandauGauge_Pi_2: reading 'conserve_k'=True
INFO:tenpy.tools.params:MixedHofstadterLandauGauge_Pi_2: reading 'bc_MPS'='infinite'
INFO:tenpy.tools.params:MixedHofstadterLandauGauge_Pi_2: reading 't'=-1
INFO:tenpy.tools.params:MixedHofstadterLandauGauge_Pi_2: reading 't2'=-0.25
INFO:tenpy.tools.params:MixedHofstadterLandauGauge_Pi_2: reading 'V1'=0.6
INFO:tenpy.tools.params:MixedHofstadterLandauGauge_Pi_2: reading 'phi_ext'=np.float64(2.5)
INFO:tenpy.tools.params:MixedHofstadterLandauGauge_Pi_2: reading 'sort_mpo_legs'=False
/home/t30/kna/ge54yin/Documents/MasterThesisFQHinTMDs/MPS_stuff/MPScalculations/.venv/lib/python3.12/site-packages/tenpy/tools/params.py:232: UserWarning: unused options for config MixedHofstadterLandauGauge_Pi_2:
['Delta', 'N_rings', 'Nsec', 'bc', 'chi_max', 'ktot', 'saveAll']
  warnings.warn(msg.format(keys=sorted(unused), name=self.name))
INFO:tenpy.tools.params:DMRG: reading 'active_sites'=2
INFO:tenpy.tools.params:DMRG: reading 'diag_method'='default'
INFO:tenpy.tools.params:DMRG: subconfig 'trunc_params'=Config(<5 options>, 'trunc_params')
INFO:tenpy.tools.params:DMRG: reading 'max_N_sites_per_ring'=18
INFO:tenpy.tools.params:DMRG: reading 'combine'=False
INFO:tenpy.tools.params:DMRG: subconfig 'lanczos_params'=Config(<9 options>, 'lanczos_params')
INFO:tenpy.tools.params:DMRG: reading 'chi_list'=None
INFO:tenpy.tools.params:DMRG: reading 'start_env'=1
INFO:tenpy.algorithms.mps_common:start environment_sweep
INFO:tenpy.tools.params:DMRG: reading 'N_sweeps_check'=10
INFO:tenpy.tools.params:DMRG: subconfig 'mixer_params'=Config(<3 options>, 'mixer_params')
INFO:tenpy.tools.params:DMRG: reading 'mixer'=None
INFO:tenpy.tools.params:DMRG: reading 'max_sweeps'=100
INFO:tenpy.tools.params:DMRG: reading 'max_hours'=8760
INFO:tenpy.tools.params:DMRG: reading 'P_tol_to_trunc'=0.05
INFO:tenpy.tools.params:DMRG: reading 'P_tol_min'=5.0000000000000004e-30
INFO:tenpy.tools.params:DMRG: reading 'P_tol_max'=0.0001
INFO:tenpy.tools.params:DMRG: reading 'E_tol_to_trunc'=None
INFO:tenpy.algorithms.dmrg:Running sweep with optimization
INFO:tenpy.tools.params:DMRG: reading 'max_N_for_ED'=400
INFO:tenpy.tools.params:DMRG: reading 'update_env'=5
INFO:tenpy.algorithms.mps_common:start environment_sweep
INFO:tenpy.algorithms.dmrg:checkpoint after sweep 10
energy=-0.8855608033550553, max S=1.4214082082515294, age=198, norm_err=1.3e-14
Current memory usage 204.1MB, wall time: 11.2s
Delta E = nan, Delta S = -4.6568e-07 (per sweep)
max trunc_err = 2.5651e-13, max E_trunc = 5.2438e-12
chi: [256, 256, 256, 256, 256, 256]
================================================================================
INFO:tenpy.algorithms.dmrg:Running sweep with optimization
INFO:tenpy.algorithms.mps_common:start environment_sweep
INFO:tenpy.algorithms.dmrg:checkpoint after sweep 20
energy=-0.8855608033549250, max S=1.4214082082587869, age=378, norm_err=1.3e-14
Current memory usage 204.1MB, wall time: 9.6s
Delta E = 1.3023e-14, Delta S = 1.9958e-13 (per sweep)
max trunc_err = 2.5643e-13, max E_trunc = 5.4001e-12
chi: [256, 256, 256, 256, 256, 256]
================================================================================
INFO:tenpy.tools.params:DMRG: reading 'max_E_err'=1e-08
INFO:tenpy.tools.params:DMRG: reading 'max_S_err'=1e-05
INFO:tenpy.tools.params:DMRG: reading 'norm_tol'=1e-05
INFO:tenpy.tools.params:DMRG: reading 'norm_tol_final'=1e-10
INFO:tenpy.tools.params:DMRG: reading 'norm_tol_iter'=5
INFO:tenpy.algorithms.dmrg:TwoSiteDMRGEngine finished after 20 sweeps, max chi=256
INFO:tenpy.tools.params:DMRG: reading 'max_trunc_err'=0.0001
INFO:tenpy.tools.params:MixedHofstadterLandauGauge_Pi_2: reading 'explicit_plus_hc'=False
INFO:tenpy.tools.params:MixedHofstadterLandauGauge_Pi_2: reading 'Lx'=2
INFO:tenpy.tools.params:MixedHofstadterLandauGauge_Pi_2: setting 'N_rings'=2
INFO:tenpy.tools.params:MixedHofstadterLandauGauge_Pi_2: reading 'xy_lattice'='Square'
INFO:tenpy.tools.params:MixedHofstadterLandauGauge_Pi_2: reading 'Ly'=3
INFO:tenpy.tools.params:MixedHofstadterLandauGauge_Pi_2: reading 'ring_order'=None
INFO:tenpy.tools.params:MixedHofstadterLandauGauge_Pi_2: reading 'conserve_k'=True
INFO:tenpy.tools.params:MixedHofstadterLandauGauge_Pi_2: reading 'bc_MPS'='infinite'
INFO:tenpy.tools.params:MixedHofstadterLandauGauge_Pi_2: reading 't'=-1
INFO:tenpy.tools.params:MixedHofstadterLandauGauge_Pi_2: reading 't2'=-0.25
INFO:tenpy.tools.params:MixedHofstadterLandauGauge_Pi_2: reading 'V1'=0.6
INFO:tenpy.tools.params:MixedHofstadterLandauGauge_Pi_2: reading 'phi_ext'=np.float64(2.5500000000000003)
INFO:tenpy.tools.params:MixedHofstadterLandauGauge_Pi_2: reading 'sort_mpo_legs'=False
/home/t30/kna/ge54yin/Documents/MasterThesisFQHinTMDs/MPS_stuff/MPScalculations/.venv/lib/python3.12/site-packages/tenpy/tools/params.py:232: UserWarning: unused options for config MixedHofstadterLandauGauge_Pi_2:
['Delta', 'N_rings', 'Nsec', 'bc', 'chi_max', 'ktot', 'saveAll']
  warnings.warn(msg.format(keys=sorted(unused), name=self.name))
INFO:tenpy.tools.params:DMRG: reading 'active_sites'=2
INFO:tenpy.tools.params:DMRG: reading 'diag_method'='default'
INFO:tenpy.tools.params:DMRG: subconfig 'trunc_params'=Config(<5 options>, 'trunc_params')
INFO:tenpy.tools.params:DMRG: reading 'max_N_sites_per_ring'=18
INFO:tenpy.tools.params:DMRG: reading 'combine'=False
INFO:tenpy.tools.params:DMRG: subconfig 'lanczos_params'=Config(<9 options>, 'lanczos_params')
INFO:tenpy.tools.params:DMRG: reading 'chi_list'=None
INFO:tenpy.tools.params:DMRG: reading 'start_env'=1
INFO:tenpy.algorithms.mps_common:start environment_sweep
INFO:tenpy.tools.params:DMRG: reading 'N_sweeps_check'=10
INFO:tenpy.tools.params:DMRG: subconfig 'mixer_params'=Config(<3 options>, 'mixer_params')
INFO:tenpy.tools.params:DMRG: reading 'mixer'=None
INFO:tenpy.tools.params:DMRG: reading 'max_sweeps'=100
INFO:tenpy.tools.params:DMRG: reading 'max_hours'=8760
INFO:tenpy.tools.params:DMRG: reading 'P_tol_to_trunc'=0.05
INFO:tenpy.tools.params:DMRG: reading 'P_tol_min'=5.0000000000000004e-30
INFO:tenpy.tools.params:DMRG: reading 'P_tol_max'=0.0001
INFO:tenpy.tools.params:DMRG: reading 'E_tol_to_trunc'=None
INFO:tenpy.algorithms.dmrg:Running sweep with optimization
INFO:tenpy.tools.params:DMRG: reading 'max_N_for_ED'=400
INFO:tenpy.tools.params:DMRG: reading 'update_env'=5
INFO:tenpy.algorithms.mps_common:start environment_sweep
INFO:tenpy.algorithms.dmrg:checkpoint after sweep 10
energy=-0.8855673570403582, max S=1.3850058737031443, age=198, norm_err=1.1e-14
Current memory usage 204.1MB, wall time: 10.2s
Delta E = nan, Delta S = 3.2388e-06 (per sweep)
max trunc_err = 2.4028e-13, max E_trunc = 4.6469e-12
chi: [256, 256, 256, 256, 256, 256]
================================================================================
INFO:tenpy.algorithms.dmrg:Running sweep with optimization
INFO:tenpy.algorithms.mps_common:start environment_sweep
INFO:tenpy.algorithms.dmrg:checkpoint after sweep 20
energy=-0.8855673570403250, max S=1.3850058737189217, age=378, norm_err=1.1e-14
Current memory usage 204.1MB, wall time: 8.9s
Delta E = 3.3196e-15, Delta S = 5.2843e-13 (per sweep)
max trunc_err = 2.4021e-13, max E_trunc = 4.9454e-12
chi: [256, 256, 256, 256, 256, 256]
================================================================================
INFO:tenpy.tools.params:DMRG: reading 'max_E_err'=1e-08
INFO:tenpy.tools.params:DMRG: reading 'max_S_err'=1e-05
INFO:tenpy.tools.params:DMRG: reading 'norm_tol'=1e-05
INFO:tenpy.tools.params:DMRG: reading 'norm_tol_final'=1e-10
INFO:tenpy.tools.params:DMRG: reading 'norm_tol_iter'=5
INFO:tenpy.algorithms.dmrg:TwoSiteDMRGEngine finished after 20 sweeps, max chi=256
INFO:tenpy.tools.params:DMRG: reading 'max_trunc_err'=0.0001
INFO:tenpy.tools.params:MixedHofstadterLandauGauge_Pi_2: reading 'explicit_plus_hc'=False
INFO:tenpy.tools.params:MixedHofstadterLandauGauge_Pi_2: reading 'Lx'=2
INFO:tenpy.tools.params:MixedHofstadterLandauGauge_Pi_2: setting 'N_rings'=2
INFO:tenpy.tools.params:MixedHofstadterLandauGauge_Pi_2: reading 'xy_lattice'='Square'
INFO:tenpy.tools.params:MixedHofstadterLandauGauge_Pi_2: reading 'Ly'=3
INFO:tenpy.tools.params:MixedHofstadterLandauGauge_Pi_2: reading 'ring_order'=None
INFO:tenpy.tools.params:MixedHofstadterLandauGauge_Pi_2: reading 'conserve_k'=True
INFO:tenpy.tools.params:MixedHofstadterLandauGauge_Pi_2: reading 'bc_MPS'='infinite'
INFO:tenpy.tools.params:MixedHofstadterLandauGauge_Pi_2: reading 't'=-1
INFO:tenpy.tools.params:MixedHofstadterLandauGauge_Pi_2: reading 't2'=-0.25
INFO:tenpy.tools.params:MixedHofstadterLandauGauge_Pi_2: reading 'V1'=0.6
INFO:tenpy.tools.params:MixedHofstadterLandauGauge_Pi_2: reading 'phi_ext'=np.float64(2.6)
INFO:tenpy.tools.params:MixedHofstadterLandauGauge_Pi_2: reading 'sort_mpo_legs'=False
/home/t30/kna/ge54yin/Documents/MasterThesisFQHinTMDs/MPS_stuff/MPScalculations/.venv/lib/python3.12/site-packages/tenpy/tools/params.py:232: UserWarning: unused options for config MixedHofstadterLandauGauge_Pi_2:
['Delta', 'N_rings', 'Nsec', 'bc', 'chi_max', 'ktot', 'saveAll']
  warnings.warn(msg.format(keys=sorted(unused), name=self.name))
INFO:tenpy.tools.params:DMRG: reading 'active_sites'=2
INFO:tenpy.tools.params:DMRG: reading 'diag_method'='default'
INFO:tenpy.tools.params:DMRG: subconfig 'trunc_params'=Config(<5 options>, 'trunc_params')
INFO:tenpy.tools.params:DMRG: reading 'max_N_sites_per_ring'=18
INFO:tenpy.tools.params:DMRG: reading 'combine'=False
INFO:tenpy.tools.params:DMRG: subconfig 'lanczos_params'=Config(<9 options>, 'lanczos_params')
INFO:tenpy.tools.params:DMRG: reading 'chi_list'=None
INFO:tenpy.tools.params:DMRG: reading 'start_env'=1
INFO:tenpy.algorithms.mps_common:start environment_sweep
INFO:tenpy.tools.params:DMRG: reading 'N_sweeps_check'=10
INFO:tenpy.tools.params:DMRG: subconfig 'mixer_params'=Config(<3 options>, 'mixer_params')
INFO:tenpy.tools.params:DMRG: reading 'mixer'=None
INFO:tenpy.tools.params:DMRG: reading 'max_sweeps'=100
INFO:tenpy.tools.params:DMRG: reading 'max_hours'=8760
INFO:tenpy.tools.params:DMRG: reading 'P_tol_to_trunc'=0.05
INFO:tenpy.tools.params:DMRG: reading 'P_tol_min'=5.0000000000000004e-30
INFO:tenpy.tools.params:DMRG: reading 'P_tol_max'=0.0001
INFO:tenpy.tools.params:DMRG: reading 'E_tol_to_trunc'=None
INFO:tenpy.algorithms.dmrg:Running sweep with optimization
INFO:tenpy.tools.params:DMRG: reading 'max_N_for_ED'=400
INFO:tenpy.tools.params:DMRG: reading 'update_env'=5
INFO:tenpy.algorithms.mps_common:start environment_sweep
INFO:tenpy.algorithms.dmrg:checkpoint after sweep 10
energy=-0.8855845151448776, max S=1.3429154423016252, age=198, norm_err=1.1e-14
Current memory usage 204.1MB, wall time: 10.3s
Delta E = nan, Delta S = 6.1332e-06 (per sweep)
max trunc_err = 2.3488e-13, max E_trunc = 4.6896e-12
chi: [256, 256, 256, 256, 256, 256]
================================================================================
INFO:tenpy.algorithms.dmrg:Running sweep with optimization
INFO:tenpy.algorithms.mps_common:start environment_sweep
INFO:tenpy.algorithms.dmrg:checkpoint after sweep 20
energy=-0.8855845151448847, max S=1.3429154423090970, age=378, norm_err=9.9e-15
Current memory usage 204.1MB, wall time: 8.9s
Delta E = -7.1054e-16, Delta S = 1.3389e-13 (per sweep)
max trunc_err = 2.3449e-13, max E_trunc = 4.7180e-12
chi: [256, 256, 256, 256, 256, 256]
================================================================================
INFO:tenpy.tools.params:DMRG: reading 'max_E_err'=1e-08
INFO:tenpy.tools.params:DMRG: reading 'max_S_err'=1e-05
INFO:tenpy.tools.params:DMRG: reading 'norm_tol'=1e-05
INFO:tenpy.tools.params:DMRG: reading 'norm_tol_final'=1e-10
INFO:tenpy.tools.params:DMRG: reading 'norm_tol_iter'=5
INFO:tenpy.algorithms.dmrg:TwoSiteDMRGEngine finished after 20 sweeps, max chi=256
INFO:tenpy.tools.params:DMRG: reading 'max_trunc_err'=0.0001
INFO:tenpy.tools.params:MixedHofstadterLandauGauge_Pi_2: reading 'explicit_plus_hc'=False
INFO:tenpy.tools.params:MixedHofstadterLandauGauge_Pi_2: reading 'Lx'=2
INFO:tenpy.tools.params:MixedHofstadterLandauGauge_Pi_2: setting 'N_rings'=2
INFO:tenpy.tools.params:MixedHofstadterLandauGauge_Pi_2: reading 'xy_lattice'='Square'
INFO:tenpy.tools.params:MixedHofstadterLandauGauge_Pi_2: reading 'Ly'=3
INFO:tenpy.tools.params:MixedHofstadterLandauGauge_Pi_2: reading 'ring_order'=None
INFO:tenpy.tools.params:MixedHofstadterLandauGauge_Pi_2: reading 'conserve_k'=True
INFO:tenpy.tools.params:MixedHofstadterLandauGauge_Pi_2: reading 'bc_MPS'='infinite'
INFO:tenpy.tools.params:MixedHofstadterLandauGauge_Pi_2: reading 't'=-1
INFO:tenpy.tools.params:MixedHofstadterLandauGauge_Pi_2: reading 't2'=-0.25
INFO:tenpy.tools.params:MixedHofstadterLandauGauge_Pi_2: reading 'V1'=0.6
INFO:tenpy.tools.params:MixedHofstadterLandauGauge_Pi_2: reading 'phi_ext'=np.float64(2.6500000000000004)
INFO:tenpy.tools.params:MixedHofstadterLandauGauge_Pi_2: reading 'sort_mpo_legs'=False
/home/t30/kna/ge54yin/Documents/MasterThesisFQHinTMDs/MPS_stuff/MPScalculations/.venv/lib/python3.12/site-packages/tenpy/tools/params.py:232: UserWarning: unused options for config MixedHofstadterLandauGauge_Pi_2:
['Delta', 'N_rings', 'Nsec', 'bc', 'chi_max', 'ktot', 'saveAll']
  warnings.warn(msg.format(keys=sorted(unused), name=self.name))
INFO:tenpy.tools.params:DMRG: reading 'active_sites'=2
INFO:tenpy.tools.params:DMRG: reading 'diag_method'='default'
INFO:tenpy.tools.params:DMRG: subconfig 'trunc_params'=Config(<5 options>, 'trunc_params')
INFO:tenpy.tools.params:DMRG: reading 'max_N_sites_per_ring'=18
INFO:tenpy.tools.params:DMRG: reading 'combine'=False
INFO:tenpy.tools.params:DMRG: subconfig 'lanczos_params'=Config(<9 options>, 'lanczos_params')
INFO:tenpy.tools.params:DMRG: reading 'chi_list'=None
INFO:tenpy.tools.params:DMRG: reading 'start_env'=1
INFO:tenpy.algorithms.mps_common:start environment_sweep
INFO:tenpy.tools.params:DMRG: reading 'N_sweeps_check'=10
INFO:tenpy.tools.params:DMRG: subconfig 'mixer_params'=Config(<3 options>, 'mixer_params')
INFO:tenpy.tools.params:DMRG: reading 'mixer'=None
INFO:tenpy.tools.params:DMRG: reading 'max_sweeps'=100
INFO:tenpy.tools.params:DMRG: reading 'max_hours'=8760
INFO:tenpy.tools.params:DMRG: reading 'P_tol_to_trunc'=0.05
INFO:tenpy.tools.params:DMRG: reading 'P_tol_min'=5.0000000000000004e-30
INFO:tenpy.tools.params:DMRG: reading 'P_tol_max'=0.0001
INFO:tenpy.tools.params:DMRG: reading 'E_tol_to_trunc'=None
INFO:tenpy.algorithms.dmrg:Running sweep with optimization
INFO:tenpy.tools.params:DMRG: reading 'max_N_for_ED'=400
INFO:tenpy.tools.params:DMRG: reading 'update_env'=5
INFO:tenpy.algorithms.mps_common:start environment_sweep
INFO:tenpy.algorithms.dmrg:checkpoint after sweep 10
energy=-0.8856057243944685, max S=1.2954907655344481, age=198, norm_err=1.1e-14
Current memory usage 204.1MB, wall time: 10.3s
Delta E = nan, Delta S = 7.0436e-06 (per sweep)
max trunc_err = 2.3024e-13, max E_trunc = 4.5901e-12
chi: [256, 256, 256, 256, 256, 256]
================================================================================
INFO:tenpy.algorithms.dmrg:Running sweep with optimization
INFO:tenpy.algorithms.mps_common:start environment_sweep
INFO:tenpy.algorithms.dmrg:checkpoint after sweep 20
energy=-0.8856057243944330, max S=1.2954907655345704, age=378, norm_err=1.1e-14
Current memory usage 204.1MB, wall time: 8.7s
Delta E = 3.5527e-15, Delta S = -2.0116e-13 (per sweep)
max trunc_err = 2.3023e-13, max E_trunc = 5.3433e-12
chi: [256, 256, 256, 256, 256, 256]
================================================================================
INFO:tenpy.tools.params:DMRG: reading 'max_E_err'=1e-08
INFO:tenpy.tools.params:DMRG: reading 'max_S_err'=1e-05
INFO:tenpy.tools.params:DMRG: reading 'norm_tol'=1e-05
INFO:tenpy.tools.params:DMRG: reading 'norm_tol_final'=1e-10
INFO:tenpy.tools.params:DMRG: reading 'norm_tol_iter'=5
INFO:tenpy.algorithms.dmrg:TwoSiteDMRGEngine finished after 20 sweeps, max chi=256
INFO:tenpy.tools.params:DMRG: reading 'max_trunc_err'=0.0001
INFO:tenpy.tools.params:MixedHofstadterLandauGauge_Pi_2: reading 'explicit_plus_hc'=False
INFO:tenpy.tools.params:MixedHofstadterLandauGauge_Pi_2: reading 'Lx'=2
INFO:tenpy.tools.params:MixedHofstadterLandauGauge_Pi_2: setting 'N_rings'=2
INFO:tenpy.tools.params:MixedHofstadterLandauGauge_Pi_2: reading 'xy_lattice'='Square'
INFO:tenpy.tools.params:MixedHofstadterLandauGauge_Pi_2: reading 'Ly'=3
INFO:tenpy.tools.params:MixedHofstadterLandauGauge_Pi_2: reading 'ring_order'=None
INFO:tenpy.tools.params:MixedHofstadterLandauGauge_Pi_2: reading 'conserve_k'=True
INFO:tenpy.tools.params:MixedHofstadterLandauGauge_Pi_2: reading 'bc_MPS'='infinite'
INFO:tenpy.tools.params:MixedHofstadterLandauGauge_Pi_2: reading 't'=-1
INFO:tenpy.tools.params:MixedHofstadterLandauGauge_Pi_2: reading 't2'=-0.25
INFO:tenpy.tools.params:MixedHofstadterLandauGauge_Pi_2: reading 'V1'=0.6
INFO:tenpy.tools.params:MixedHofstadterLandauGauge_Pi_2: reading 'phi_ext'=np.float64(2.7)
INFO:tenpy.tools.params:MixedHofstadterLandauGauge_Pi_2: reading 'sort_mpo_legs'=False
/home/t30/kna/ge54yin/Documents/MasterThesisFQHinTMDs/MPS_stuff/MPScalculations/.venv/lib/python3.12/site-packages/tenpy/tools/params.py:232: UserWarning: unused options for config MixedHofstadterLandauGauge_Pi_2:
['Delta', 'N_rings', 'Nsec', 'bc', 'chi_max', 'ktot', 'saveAll']
  warnings.warn(msg.format(keys=sorted(unused), name=self.name))
INFO:tenpy.tools.params:DMRG: reading 'active_sites'=2
INFO:tenpy.tools.params:DMRG: reading 'diag_method'='default'
INFO:tenpy.tools.params:DMRG: subconfig 'trunc_params'=Config(<5 options>, 'trunc_params')
INFO:tenpy.tools.params:DMRG: reading 'max_N_sites_per_ring'=18
INFO:tenpy.tools.params:DMRG: reading 'combine'=False
INFO:tenpy.tools.params:DMRG: subconfig 'lanczos_params'=Config(<9 options>, 'lanczos_params')
INFO:tenpy.tools.params:DMRG: reading 'chi_list'=None
INFO:tenpy.tools.params:DMRG: reading 'start_env'=1
INFO:tenpy.algorithms.mps_common:start environment_sweep
INFO:tenpy.tools.params:DMRG: reading 'N_sweeps_check'=10
INFO:tenpy.tools.params:DMRG: subconfig 'mixer_params'=Config(<3 options>, 'mixer_params')
INFO:tenpy.tools.params:DMRG: reading 'mixer'=None
INFO:tenpy.tools.params:DMRG: reading 'max_sweeps'=100
INFO:tenpy.tools.params:DMRG: reading 'max_hours'=8760
INFO:tenpy.tools.params:DMRG: reading 'P_tol_to_trunc'=0.05
INFO:tenpy.tools.params:DMRG: reading 'P_tol_min'=5.0000000000000004e-30
INFO:tenpy.tools.params:DMRG: reading 'P_tol_max'=0.0001
INFO:tenpy.tools.params:DMRG: reading 'E_tol_to_trunc'=None
INFO:tenpy.algorithms.dmrg:Running sweep with optimization
INFO:tenpy.tools.params:DMRG: reading 'max_N_for_ED'=400
INFO:tenpy.tools.params:DMRG: reading 'update_env'=5
INFO:tenpy.algorithms.mps_common:start environment_sweep
INFO:tenpy.algorithms.dmrg:checkpoint after sweep 10
energy=-0.8856228835757515, max S=1.2431139283780048, age=198, norm_err=1.0e-14
Current memory usage 204.1MB, wall time: 10.8s
Delta E = nan, Delta S = 5.5383e-06 (per sweep)
max trunc_err = 2.3177e-13, max E_trunc = 4.5759e-12
chi: [256, 256, 256, 256, 256, 256]
================================================================================
INFO:tenpy.algorithms.dmrg:Running sweep with optimization
INFO:tenpy.algorithms.mps_common:start environment_sweep
INFO:tenpy.algorithms.dmrg:checkpoint after sweep 20
energy=-0.8856228835756875, max S=1.2431139283826722, age=378, norm_err=1.0e-14
Current memory usage 204.1MB, wall time: 9.5s
Delta E = 6.3949e-15, Delta S = 1.7009e-13 (per sweep)
max trunc_err = 2.3174e-13, max E_trunc = 4.7180e-12
chi: [256, 256, 256, 256, 256, 256]
================================================================================
INFO:tenpy.tools.params:DMRG: reading 'max_E_err'=1e-08
INFO:tenpy.tools.params:DMRG: reading 'max_S_err'=1e-05
INFO:tenpy.tools.params:DMRG: reading 'norm_tol'=1e-05
INFO:tenpy.tools.params:DMRG: reading 'norm_tol_final'=1e-10
INFO:tenpy.tools.params:DMRG: reading 'norm_tol_iter'=5
INFO:tenpy.algorithms.dmrg:TwoSiteDMRGEngine finished after 20 sweeps, max chi=256
INFO:tenpy.tools.params:DMRG: reading 'max_trunc_err'=0.0001
INFO:tenpy.tools.params:MixedHofstadterLandauGauge_Pi_2: reading 'explicit_plus_hc'=False
INFO:tenpy.tools.params:MixedHofstadterLandauGauge_Pi_2: reading 'Lx'=2
INFO:tenpy.tools.params:MixedHofstadterLandauGauge_Pi_2: setting 'N_rings'=2
INFO:tenpy.tools.params:MixedHofstadterLandauGauge_Pi_2: reading 'xy_lattice'='Square'
INFO:tenpy.tools.params:MixedHofstadterLandauGauge_Pi_2: reading 'Ly'=3
INFO:tenpy.tools.params:MixedHofstadterLandauGauge_Pi_2: reading 'ring_order'=None
INFO:tenpy.tools.params:MixedHofstadterLandauGauge_Pi_2: reading 'conserve_k'=True
INFO:tenpy.tools.params:MixedHofstadterLandauGauge_Pi_2: reading 'bc_MPS'='infinite'
INFO:tenpy.tools.params:MixedHofstadterLandauGauge_Pi_2: reading 't'=-1
INFO:tenpy.tools.params:MixedHofstadterLandauGauge_Pi_2: reading 't2'=-0.25
INFO:tenpy.tools.params:MixedHofstadterLandauGauge_Pi_2: reading 'V1'=0.6
INFO:tenpy.tools.params:MixedHofstadterLandauGauge_Pi_2: reading 'phi_ext'=np.float64(2.75)
INFO:tenpy.tools.params:MixedHofstadterLandauGauge_Pi_2: reading 'sort_mpo_legs'=False
/home/t30/kna/ge54yin/Documents/MasterThesisFQHinTMDs/MPS_stuff/MPScalculations/.venv/lib/python3.12/site-packages/tenpy/tools/params.py:232: UserWarning: unused options for config MixedHofstadterLandauGauge_Pi_2:
['Delta', 'N_rings', 'Nsec', 'bc', 'chi_max', 'ktot', 'saveAll']
  warnings.warn(msg.format(keys=sorted(unused), name=self.name))
INFO:tenpy.tools.params:DMRG: reading 'active_sites'=2
INFO:tenpy.tools.params:DMRG: reading 'diag_method'='default'
INFO:tenpy.tools.params:DMRG: subconfig 'trunc_params'=Config(<5 options>, 'trunc_params')
INFO:tenpy.tools.params:DMRG: reading 'max_N_sites_per_ring'=18
INFO:tenpy.tools.params:DMRG: reading 'combine'=False
INFO:tenpy.tools.params:DMRG: subconfig 'lanczos_params'=Config(<9 options>, 'lanczos_params')
INFO:tenpy.tools.params:DMRG: reading 'chi_list'=None
INFO:tenpy.tools.params:DMRG: reading 'start_env'=1
INFO:tenpy.algorithms.mps_common:start environment_sweep
INFO:tenpy.tools.params:DMRG: reading 'N_sweeps_check'=10
INFO:tenpy.tools.params:DMRG: subconfig 'mixer_params'=Config(<3 options>, 'mixer_params')
INFO:tenpy.tools.params:DMRG: reading 'mixer'=None
INFO:tenpy.tools.params:DMRG: reading 'max_sweeps'=100
INFO:tenpy.tools.params:DMRG: reading 'max_hours'=8760
INFO:tenpy.tools.params:DMRG: reading 'P_tol_to_trunc'=0.05
INFO:tenpy.tools.params:DMRG: reading 'P_tol_min'=5.0000000000000004e-30
INFO:tenpy.tools.params:DMRG: reading 'P_tol_max'=0.0001
INFO:tenpy.tools.params:DMRG: reading 'E_tol_to_trunc'=None
INFO:tenpy.algorithms.dmrg:Running sweep with optimization
INFO:tenpy.tools.params:DMRG: reading 'max_N_for_ED'=400
INFO:tenpy.tools.params:DMRG: reading 'update_env'=5
INFO:tenpy.algorithms.mps_common:start environment_sweep
INFO:tenpy.algorithms.dmrg:checkpoint after sweep 10
energy=-0.8856294379278870, max S=1.1862185699443883, age=198, norm_err=6.0e-15
Current memory usage 204.1MB, wall time: 10.1s
Delta E = nan, Delta S = 2.0924e-06 (per sweep)
max trunc_err = 2.3118e-13, max E_trunc = 4.6327e-12
chi: [256, 256, 256, 256, 256, 256]
================================================================================
INFO:tenpy.algorithms.dmrg:Running sweep with optimization
INFO:tenpy.algorithms.mps_common:start environment_sweep
INFO:tenpy.algorithms.dmrg:checkpoint after sweep 20
energy=-0.8856294379278703, max S=1.1862185699412531, age=378, norm_err=6.3e-15
Current memory usage 204.1MB, wall time: 8.6s
Delta E = 1.6653e-15, Delta S = 1.4202e-13 (per sweep)
max trunc_err = 2.2985e-13, max E_trunc = 4.9454e-12
chi: [256, 256, 256, 256, 256, 256]
================================================================================
INFO:tenpy.tools.params:DMRG: reading 'max_E_err'=1e-08
INFO:tenpy.tools.params:DMRG: reading 'max_S_err'=1e-05
INFO:tenpy.tools.params:DMRG: reading 'norm_tol'=1e-05
INFO:tenpy.tools.params:DMRG: reading 'norm_tol_final'=1e-10
INFO:tenpy.tools.params:DMRG: reading 'norm_tol_iter'=5
INFO:tenpy.algorithms.dmrg:TwoSiteDMRGEngine finished after 20 sweeps, max chi=256
INFO:tenpy.tools.params:DMRG: reading 'max_trunc_err'=0.0001
INFO:tenpy.tools.params:MixedHofstadterLandauGauge_Pi_2: reading 'explicit_plus_hc'=False
INFO:tenpy.tools.params:MixedHofstadterLandauGauge_Pi_2: reading 'Lx'=2
INFO:tenpy.tools.params:MixedHofstadterLandauGauge_Pi_2: setting 'N_rings'=2
INFO:tenpy.tools.params:MixedHofstadterLandauGauge_Pi_2: reading 'xy_lattice'='Square'
INFO:tenpy.tools.params:MixedHofstadterLandauGauge_Pi_2: reading 'Ly'=3
INFO:tenpy.tools.params:MixedHofstadterLandauGauge_Pi_2: reading 'ring_order'=None
INFO:tenpy.tools.params:MixedHofstadterLandauGauge_Pi_2: reading 'conserve_k'=True
INFO:tenpy.tools.params:MixedHofstadterLandauGauge_Pi_2: reading 'bc_MPS'='infinite'
INFO:tenpy.tools.params:MixedHofstadterLandauGauge_Pi_2: reading 't'=-1
INFO:tenpy.tools.params:MixedHofstadterLandauGauge_Pi_2: reading 't2'=-0.25
INFO:tenpy.tools.params:MixedHofstadterLandauGauge_Pi_2: reading 'V1'=0.6
INFO:tenpy.tools.params:MixedHofstadterLandauGauge_Pi_2: reading 'phi_ext'=np.float64(2.8000000000000003)
INFO:tenpy.tools.params:MixedHofstadterLandauGauge_Pi_2: reading 'sort_mpo_legs'=False
/home/t30/kna/ge54yin/Documents/MasterThesisFQHinTMDs/MPS_stuff/MPScalculations/.venv/lib/python3.12/site-packages/tenpy/tools/params.py:232: UserWarning: unused options for config MixedHofstadterLandauGauge_Pi_2:
['Delta', 'N_rings', 'Nsec', 'bc', 'chi_max', 'ktot', 'saveAll']
  warnings.warn(msg.format(keys=sorted(unused), name=self.name))
INFO:tenpy.tools.params:DMRG: reading 'active_sites'=2
INFO:tenpy.tools.params:DMRG: reading 'diag_method'='default'
INFO:tenpy.tools.params:DMRG: subconfig 'trunc_params'=Config(<5 options>, 'trunc_params')
INFO:tenpy.tools.params:DMRG: reading 'max_N_sites_per_ring'=18
INFO:tenpy.tools.params:DMRG: reading 'combine'=False
INFO:tenpy.tools.params:DMRG: subconfig 'lanczos_params'=Config(<9 options>, 'lanczos_params')
INFO:tenpy.tools.params:DMRG: reading 'chi_list'=None
INFO:tenpy.tools.params:DMRG: reading 'start_env'=1
INFO:tenpy.algorithms.mps_common:start environment_sweep
INFO:tenpy.tools.params:DMRG: reading 'N_sweeps_check'=10
INFO:tenpy.tools.params:DMRG: subconfig 'mixer_params'=Config(<3 options>, 'mixer_params')
INFO:tenpy.tools.params:DMRG: reading 'mixer'=None
INFO:tenpy.tools.params:DMRG: reading 'max_sweeps'=100
INFO:tenpy.tools.params:DMRG: reading 'max_hours'=8760
INFO:tenpy.tools.params:DMRG: reading 'P_tol_to_trunc'=0.05
INFO:tenpy.tools.params:DMRG: reading 'P_tol_min'=5.0000000000000004e-30
INFO:tenpy.tools.params:DMRG: reading 'P_tol_max'=0.0001
INFO:tenpy.tools.params:DMRG: reading 'E_tol_to_trunc'=None
INFO:tenpy.algorithms.dmrg:Running sweep with optimization
INFO:tenpy.tools.params:DMRG: reading 'max_N_for_ED'=400
INFO:tenpy.tools.params:DMRG: reading 'update_env'=5
INFO:tenpy.algorithms.mps_common:start environment_sweep
INFO:tenpy.algorithms.dmrg:checkpoint after sweep 10
energy=-0.8856228835757444, max S=1.2431139283920836, age=198, norm_err=5.8e-15
Current memory usage 204.1MB, wall time: 10.2s
Delta E = nan, Delta S = -2.0924e-06 (per sweep)
max trunc_err = 2.3027e-13, max E_trunc = 4.5475e-12
chi: [256, 256, 256, 256, 256, 256]
================================================================================
INFO:tenpy.algorithms.dmrg:Running sweep with optimization
INFO:tenpy.algorithms.mps_common:start environment_sweep
INFO:tenpy.algorithms.dmrg:checkpoint after sweep 20
energy=-0.8856228835758108, max S=1.2431139283858115, age=378, norm_err=6.3e-15
Current memory usage 204.1MB, wall time: 8.8s
Delta E = -6.6391e-15, Delta S = -2.4513e-13 (per sweep)
max trunc_err = 2.3004e-13, max E_trunc = 4.6043e-12
chi: [256, 256, 256, 256, 256, 256]
================================================================================
INFO:tenpy.tools.params:DMRG: reading 'max_E_err'=1e-08
INFO:tenpy.tools.params:DMRG: reading 'max_S_err'=1e-05
INFO:tenpy.tools.params:DMRG: reading 'norm_tol'=1e-05
INFO:tenpy.tools.params:DMRG: reading 'norm_tol_final'=1e-10
INFO:tenpy.tools.params:DMRG: reading 'norm_tol_iter'=5
INFO:tenpy.algorithms.dmrg:TwoSiteDMRGEngine finished after 20 sweeps, max chi=256
INFO:tenpy.tools.params:DMRG: reading 'max_trunc_err'=0.0001
INFO:tenpy.tools.params:MixedHofstadterLandauGauge_Pi_2: reading 'explicit_plus_hc'=False
INFO:tenpy.tools.params:MixedHofstadterLandauGauge_Pi_2: reading 'Lx'=2
INFO:tenpy.tools.params:MixedHofstadterLandauGauge_Pi_2: setting 'N_rings'=2
INFO:tenpy.tools.params:MixedHofstadterLandauGauge_Pi_2: reading 'xy_lattice'='Square'
INFO:tenpy.tools.params:MixedHofstadterLandauGauge_Pi_2: reading 'Ly'=3
INFO:tenpy.tools.params:MixedHofstadterLandauGauge_Pi_2: reading 'ring_order'=None
INFO:tenpy.tools.params:MixedHofstadterLandauGauge_Pi_2: reading 'conserve_k'=True
INFO:tenpy.tools.params:MixedHofstadterLandauGauge_Pi_2: reading 'bc_MPS'='infinite'
INFO:tenpy.tools.params:MixedHofstadterLandauGauge_Pi_2: reading 't'=-1
INFO:tenpy.tools.params:MixedHofstadterLandauGauge_Pi_2: reading 't2'=-0.25
INFO:tenpy.tools.params:MixedHofstadterLandauGauge_Pi_2: reading 'V1'=0.6
INFO:tenpy.tools.params:MixedHofstadterLandauGauge_Pi_2: reading 'phi_ext'=np.float64(2.85)
INFO:tenpy.tools.params:MixedHofstadterLandauGauge_Pi_2: reading 'sort_mpo_legs'=False
/home/t30/kna/ge54yin/Documents/MasterThesisFQHinTMDs/MPS_stuff/MPScalculations/.venv/lib/python3.12/site-packages/tenpy/tools/params.py:232: UserWarning: unused options for config MixedHofstadterLandauGauge_Pi_2:
['Delta', 'N_rings', 'Nsec', 'bc', 'chi_max', 'ktot', 'saveAll']
  warnings.warn(msg.format(keys=sorted(unused), name=self.name))
INFO:tenpy.tools.params:DMRG: reading 'active_sites'=2
INFO:tenpy.tools.params:DMRG: reading 'diag_method'='default'
INFO:tenpy.tools.params:DMRG: subconfig 'trunc_params'=Config(<5 options>, 'trunc_params')
INFO:tenpy.tools.params:DMRG: reading 'max_N_sites_per_ring'=18
INFO:tenpy.tools.params:DMRG: reading 'combine'=False
INFO:tenpy.tools.params:DMRG: subconfig 'lanczos_params'=Config(<9 options>, 'lanczos_params')
INFO:tenpy.tools.params:DMRG: reading 'chi_list'=None
INFO:tenpy.tools.params:DMRG: reading 'start_env'=1
INFO:tenpy.algorithms.mps_common:start environment_sweep
INFO:tenpy.tools.params:DMRG: reading 'N_sweeps_check'=10
INFO:tenpy.tools.params:DMRG: subconfig 'mixer_params'=Config(<3 options>, 'mixer_params')
INFO:tenpy.tools.params:DMRG: reading 'mixer'=None
INFO:tenpy.tools.params:DMRG: reading 'max_sweeps'=100
INFO:tenpy.tools.params:DMRG: reading 'max_hours'=8760
INFO:tenpy.tools.params:DMRG: reading 'P_tol_to_trunc'=0.05
INFO:tenpy.tools.params:DMRG: reading 'P_tol_min'=5.0000000000000004e-30
INFO:tenpy.tools.params:DMRG: reading 'P_tol_max'=0.0001
INFO:tenpy.tools.params:DMRG: reading 'E_tol_to_trunc'=None
INFO:tenpy.algorithms.dmrg:Running sweep with optimization
INFO:tenpy.tools.params:DMRG: reading 'max_N_for_ED'=400
INFO:tenpy.tools.params:DMRG: reading 'update_env'=5
INFO:tenpy.algorithms.mps_common:start environment_sweep
INFO:tenpy.algorithms.dmrg:checkpoint after sweep 10
energy=-0.8856057243948191, max S=1.2954907655443240, age=198, norm_err=3.5e-15
Current memory usage 204.1MB, wall time: 10.3s
Delta E = nan, Delta S = -5.5383e-06 (per sweep)
max trunc_err = 2.2663e-13, max E_trunc = 4.8175e-12
chi: [256, 256, 256, 256, 256, 256]
================================================================================
INFO:tenpy.algorithms.dmrg:Running sweep with optimization
INFO:tenpy.algorithms.mps_common:start environment_sweep
INFO:tenpy.algorithms.dmrg:checkpoint after sweep 20
energy=-0.8856057243948877, max S=1.2954907655336152, age=378, norm_err=3.5e-15
Current memory usage 204.1MB, wall time: 8.8s
Delta E = -6.8612e-15, Delta S = -3.9750e-13 (per sweep)
max trunc_err = 2.2663e-13, max E_trunc = 4.5475e-12
chi: [256, 256, 256, 256, 256, 256]
================================================================================
INFO:tenpy.tools.params:DMRG: reading 'max_E_err'=1e-08
INFO:tenpy.tools.params:DMRG: reading 'max_S_err'=1e-05
INFO:tenpy.tools.params:DMRG: reading 'norm_tol'=1e-05
INFO:tenpy.tools.params:DMRG: reading 'norm_tol_final'=1e-10
INFO:tenpy.tools.params:DMRG: reading 'norm_tol_iter'=5
INFO:tenpy.algorithms.dmrg:TwoSiteDMRGEngine finished after 20 sweeps, max chi=256
INFO:tenpy.tools.params:DMRG: reading 'max_trunc_err'=0.0001
INFO:tenpy.tools.params:MixedHofstadterLandauGauge_Pi_2: reading 'explicit_plus_hc'=False
INFO:tenpy.tools.params:MixedHofstadterLandauGauge_Pi_2: reading 'Lx'=2
INFO:tenpy.tools.params:MixedHofstadterLandauGauge_Pi_2: setting 'N_rings'=2
INFO:tenpy.tools.params:MixedHofstadterLandauGauge_Pi_2: reading 'xy_lattice'='Square'
INFO:tenpy.tools.params:MixedHofstadterLandauGauge_Pi_2: reading 'Ly'=3
INFO:tenpy.tools.params:MixedHofstadterLandauGauge_Pi_2: reading 'ring_order'=None
INFO:tenpy.tools.params:MixedHofstadterLandauGauge_Pi_2: reading 'conserve_k'=True
INFO:tenpy.tools.params:MixedHofstadterLandauGauge_Pi_2: reading 'bc_MPS'='infinite'
INFO:tenpy.tools.params:MixedHofstadterLandauGauge_Pi_2: reading 't'=-1
INFO:tenpy.tools.params:MixedHofstadterLandauGauge_Pi_2: reading 't2'=-0.25
INFO:tenpy.tools.params:MixedHofstadterLandauGauge_Pi_2: reading 'V1'=0.6
INFO:tenpy.tools.params:MixedHofstadterLandauGauge_Pi_2: reading 'phi_ext'=np.float64(2.9000000000000004)
INFO:tenpy.tools.params:MixedHofstadterLandauGauge_Pi_2: reading 'sort_mpo_legs'=False
/home/t30/kna/ge54yin/Documents/MasterThesisFQHinTMDs/MPS_stuff/MPScalculations/.venv/lib/python3.12/site-packages/tenpy/tools/params.py:232: UserWarning: unused options for config MixedHofstadterLandauGauge_Pi_2:
['Delta', 'N_rings', 'Nsec', 'bc', 'chi_max', 'ktot', 'saveAll']
  warnings.warn(msg.format(keys=sorted(unused), name=self.name))
INFO:tenpy.tools.params:DMRG: reading 'active_sites'=2
INFO:tenpy.tools.params:DMRG: reading 'diag_method'='default'
INFO:tenpy.tools.params:DMRG: subconfig 'trunc_params'=Config(<5 options>, 'trunc_params')
INFO:tenpy.tools.params:DMRG: reading 'max_N_sites_per_ring'=18
INFO:tenpy.tools.params:DMRG: reading 'combine'=False
INFO:tenpy.tools.params:DMRG: subconfig 'lanczos_params'=Config(<9 options>, 'lanczos_params')
INFO:tenpy.tools.params:DMRG: reading 'chi_list'=None
INFO:tenpy.tools.params:DMRG: reading 'start_env'=1
INFO:tenpy.algorithms.mps_common:start environment_sweep
INFO:tenpy.tools.params:DMRG: reading 'N_sweeps_check'=10
INFO:tenpy.tools.params:DMRG: subconfig 'mixer_params'=Config(<3 options>, 'mixer_params')
INFO:tenpy.tools.params:DMRG: reading 'mixer'=None
INFO:tenpy.tools.params:DMRG: reading 'max_sweeps'=100
INFO:tenpy.tools.params:DMRG: reading 'max_hours'=8760
INFO:tenpy.tools.params:DMRG: reading 'P_tol_to_trunc'=0.05
INFO:tenpy.tools.params:DMRG: reading 'P_tol_min'=5.0000000000000004e-30
INFO:tenpy.tools.params:DMRG: reading 'P_tol_max'=0.0001
INFO:tenpy.tools.params:DMRG: reading 'E_tol_to_trunc'=None
INFO:tenpy.algorithms.dmrg:Running sweep with optimization
INFO:tenpy.tools.params:DMRG: reading 'max_N_for_ED'=400
INFO:tenpy.tools.params:DMRG: reading 'update_env'=5
INFO:tenpy.algorithms.mps_common:start environment_sweep
INFO:tenpy.algorithms.dmrg:checkpoint after sweep 10
energy=-0.8855845151448681, max S=1.3429154423292011, age=198, norm_err=3.8e-15
Current memory usage 204.1MB, wall time: 10.3s
Delta E = nan, Delta S = -7.0436e-06 (per sweep)
max trunc_err = 2.4475e-13, max E_trunc = 4.7748e-12
chi: [256, 256, 256, 256, 256, 256]
================================================================================
INFO:tenpy.algorithms.dmrg:Running sweep with optimization
INFO:tenpy.algorithms.mps_common:start environment_sweep
INFO:tenpy.algorithms.dmrg:checkpoint after sweep 20
energy=-0.8855845151448326, max S=1.3429154423126841, age=378, norm_err=3.6e-15
Current memory usage 204.1MB, wall time: 8.8s
Delta E = 3.5527e-15, Delta S = -5.5460e-13 (per sweep)
max trunc_err = 2.4474e-13, max E_trunc = 4.8317e-12
chi: [256, 256, 256, 256, 256, 256]
================================================================================
INFO:tenpy.tools.params:DMRG: reading 'max_E_err'=1e-08
INFO:tenpy.tools.params:DMRG: reading 'max_S_err'=1e-05
INFO:tenpy.tools.params:DMRG: reading 'norm_tol'=1e-05
INFO:tenpy.tools.params:DMRG: reading 'norm_tol_final'=1e-10
INFO:tenpy.tools.params:DMRG: reading 'norm_tol_iter'=5
INFO:tenpy.algorithms.dmrg:TwoSiteDMRGEngine finished after 20 sweeps, max chi=256
INFO:tenpy.tools.params:DMRG: reading 'max_trunc_err'=0.0001
INFO:tenpy.tools.params:MixedHofstadterLandauGauge_Pi_2: reading 'explicit_plus_hc'=False
INFO:tenpy.tools.params:MixedHofstadterLandauGauge_Pi_2: reading 'Lx'=2
INFO:tenpy.tools.params:MixedHofstadterLandauGauge_Pi_2: setting 'N_rings'=2
INFO:tenpy.tools.params:MixedHofstadterLandauGauge_Pi_2: reading 'xy_lattice'='Square'
INFO:tenpy.tools.params:MixedHofstadterLandauGauge_Pi_2: reading 'Ly'=3
INFO:tenpy.tools.params:MixedHofstadterLandauGauge_Pi_2: reading 'ring_order'=None
INFO:tenpy.tools.params:MixedHofstadterLandauGauge_Pi_2: reading 'conserve_k'=True
INFO:tenpy.tools.params:MixedHofstadterLandauGauge_Pi_2: reading 'bc_MPS'='infinite'
INFO:tenpy.tools.params:MixedHofstadterLandauGauge_Pi_2: reading 't'=-1
INFO:tenpy.tools.params:MixedHofstadterLandauGauge_Pi_2: reading 't2'=-0.25
INFO:tenpy.tools.params:MixedHofstadterLandauGauge_Pi_2: reading 'V1'=0.6
INFO:tenpy.tools.params:MixedHofstadterLandauGauge_Pi_2: reading 'phi_ext'=np.float64(2.95)
INFO:tenpy.tools.params:MixedHofstadterLandauGauge_Pi_2: reading 'sort_mpo_legs'=False
/home/t30/kna/ge54yin/Documents/MasterThesisFQHinTMDs/MPS_stuff/MPScalculations/.venv/lib/python3.12/site-packages/tenpy/tools/params.py:232: UserWarning: unused options for config MixedHofstadterLandauGauge_Pi_2:
['Delta', 'N_rings', 'Nsec', 'bc', 'chi_max', 'ktot', 'saveAll']
  warnings.warn(msg.format(keys=sorted(unused), name=self.name))
INFO:tenpy.tools.params:DMRG: reading 'active_sites'=2
INFO:tenpy.tools.params:DMRG: reading 'diag_method'='default'
INFO:tenpy.tools.params:DMRG: subconfig 'trunc_params'=Config(<5 options>, 'trunc_params')
INFO:tenpy.tools.params:DMRG: reading 'max_N_sites_per_ring'=18
INFO:tenpy.tools.params:DMRG: reading 'combine'=False
INFO:tenpy.tools.params:DMRG: subconfig 'lanczos_params'=Config(<9 options>, 'lanczos_params')
INFO:tenpy.tools.params:DMRG: reading 'chi_list'=None
INFO:tenpy.tools.params:DMRG: reading 'start_env'=1
INFO:tenpy.algorithms.mps_common:start environment_sweep
INFO:tenpy.tools.params:DMRG: reading 'N_sweeps_check'=10
INFO:tenpy.tools.params:DMRG: subconfig 'mixer_params'=Config(<3 options>, 'mixer_params')
INFO:tenpy.tools.params:DMRG: reading 'mixer'=None
INFO:tenpy.tools.params:DMRG: reading 'max_sweeps'=100
INFO:tenpy.tools.params:DMRG: reading 'max_hours'=8760
INFO:tenpy.tools.params:DMRG: reading 'P_tol_to_trunc'=0.05
INFO:tenpy.tools.params:DMRG: reading 'P_tol_min'=5.0000000000000004e-30
INFO:tenpy.tools.params:DMRG: reading 'P_tol_max'=0.0001
INFO:tenpy.tools.params:DMRG: reading 'E_tol_to_trunc'=None
INFO:tenpy.algorithms.dmrg:Running sweep with optimization
INFO:tenpy.tools.params:DMRG: reading 'max_N_for_ED'=400
INFO:tenpy.tools.params:DMRG: reading 'update_env'=5
INFO:tenpy.algorithms.mps_common:start environment_sweep
INFO:tenpy.algorithms.dmrg:checkpoint after sweep 10
energy=-0.8855673570405381, max S=1.3850058737391926, age=198, norm_err=2.8e-15
Current memory usage 204.1MB, wall time: 10.3s
Delta E = nan, Delta S = -6.1331e-06 (per sweep)
max trunc_err = 2.3728e-13, max E_trunc = 4.8033e-12
chi: [256, 256, 256, 256, 256, 256]
================================================================================
INFO:tenpy.algorithms.dmrg:Running sweep with optimization
INFO:tenpy.algorithms.mps_common:start environment_sweep
INFO:tenpy.algorithms.dmrg:checkpoint after sweep 20
energy=-0.8855673570405097, max S=1.3850058737239661, age=378, norm_err=2.9e-15
Current memory usage 204.1MB, wall time: 8.9s
Delta E = 2.8422e-15, Delta S = -5.5196e-13 (per sweep)
max trunc_err = 2.3727e-13, max E_trunc = 4.5475e-12
chi: [256, 256, 256, 256, 256, 256]
================================================================================
INFO:tenpy.tools.params:DMRG: reading 'max_E_err'=1e-08
INFO:tenpy.tools.params:DMRG: reading 'max_S_err'=1e-05
INFO:tenpy.tools.params:DMRG: reading 'norm_tol'=1e-05
INFO:tenpy.tools.params:DMRG: reading 'norm_tol_final'=1e-10
INFO:tenpy.tools.params:DMRG: reading 'norm_tol_iter'=5
INFO:tenpy.algorithms.dmrg:TwoSiteDMRGEngine finished after 20 sweeps, max chi=256
INFO:tenpy.tools.params:DMRG: reading 'max_trunc_err'=0.0001
INFO:tenpy.tools.params:MixedHofstadterLandauGauge_Pi_2: reading 'explicit_plus_hc'=False
INFO:tenpy.tools.params:MixedHofstadterLandauGauge_Pi_2: reading 'Lx'=2
INFO:tenpy.tools.params:MixedHofstadterLandauGauge_Pi_2: setting 'N_rings'=2
INFO:tenpy.tools.params:MixedHofstadterLandauGauge_Pi_2: reading 'xy_lattice'='Square'
INFO:tenpy.tools.params:MixedHofstadterLandauGauge_Pi_2: reading 'Ly'=3
INFO:tenpy.tools.params:MixedHofstadterLandauGauge_Pi_2: reading 'ring_order'=None
INFO:tenpy.tools.params:MixedHofstadterLandauGauge_Pi_2: reading 'conserve_k'=True
INFO:tenpy.tools.params:MixedHofstadterLandauGauge_Pi_2: reading 'bc_MPS'='infinite'
INFO:tenpy.tools.params:MixedHofstadterLandauGauge_Pi_2: reading 't'=-1
INFO:tenpy.tools.params:MixedHofstadterLandauGauge_Pi_2: reading 't2'=-0.25
INFO:tenpy.tools.params:MixedHofstadterLandauGauge_Pi_2: reading 'V1'=0.6
INFO:tenpy.tools.params:MixedHofstadterLandauGauge_Pi_2: reading 'phi_ext'=np.float64(3.0)
INFO:tenpy.tools.params:MixedHofstadterLandauGauge_Pi_2: reading 'sort_mpo_legs'=False
/home/t30/kna/ge54yin/Documents/MasterThesisFQHinTMDs/MPS_stuff/MPScalculations/.venv/lib/python3.12/site-packages/tenpy/tools/params.py:232: UserWarning: unused options for config MixedHofstadterLandauGauge_Pi_2:
['Delta', 'N_rings', 'Nsec', 'bc', 'chi_max', 'ktot', 'saveAll']
  warnings.warn(msg.format(keys=sorted(unused), name=self.name))
INFO:tenpy.tools.params:DMRG: reading 'active_sites'=2
INFO:tenpy.tools.params:DMRG: reading 'diag_method'='default'
INFO:tenpy.tools.params:DMRG: subconfig 'trunc_params'=Config(<5 options>, 'trunc_params')
INFO:tenpy.tools.params:DMRG: reading 'max_N_sites_per_ring'=18
INFO:tenpy.tools.params:DMRG: reading 'combine'=False
INFO:tenpy.tools.params:DMRG: subconfig 'lanczos_params'=Config(<9 options>, 'lanczos_params')
INFO:tenpy.tools.params:DMRG: reading 'chi_list'=None
INFO:tenpy.tools.params:DMRG: reading 'start_env'=1
INFO:tenpy.algorithms.mps_common:start environment_sweep
INFO:tenpy.tools.params:DMRG: reading 'N_sweeps_check'=10
INFO:tenpy.tools.params:DMRG: subconfig 'mixer_params'=Config(<3 options>, 'mixer_params')
INFO:tenpy.tools.params:DMRG: reading 'mixer'=None
INFO:tenpy.tools.params:DMRG: reading 'max_sweeps'=100
INFO:tenpy.tools.params:DMRG: reading 'max_hours'=8760
INFO:tenpy.tools.params:DMRG: reading 'P_tol_to_trunc'=0.05
INFO:tenpy.tools.params:DMRG: reading 'P_tol_min'=5.0000000000000004e-30
INFO:tenpy.tools.params:DMRG: reading 'P_tol_max'=0.0001
INFO:tenpy.tools.params:DMRG: reading 'E_tol_to_trunc'=None
INFO:tenpy.algorithms.dmrg:Running sweep with optimization
INFO:tenpy.tools.params:DMRG: reading 'max_N_for_ED'=400
INFO:tenpy.tools.params:DMRG: reading 'update_env'=5
INFO:tenpy.algorithms.mps_common:start environment_sweep
INFO:tenpy.algorithms.dmrg:checkpoint after sweep 10
energy=-0.8855608033551405, max S=1.4214082082742880, age=198, norm_err=4.2e-15
Current memory usage 204.1MB, wall time: 10.3s
Delta E = nan, Delta S = -3.2388e-06 (per sweep)
max trunc_err = 2.5541e-13, max E_trunc = 5.1585e-12
chi: [256, 256, 256, 256, 256, 256]
================================================================================
INFO:tenpy.algorithms.dmrg:Running sweep with optimization
INFO:tenpy.algorithms.mps_common:start environment_sweep
INFO:tenpy.algorithms.dmrg:checkpoint after sweep 20
energy=-0.8855608033552329, max S=1.4214082082600215, age=378, norm_err=4.3e-15
Current memory usage 204.1MB, wall time: 8.8s
Delta E = -9.2371e-15, Delta S = -3.4350e-13 (per sweep)
max trunc_err = 2.5542e-13, max E_trunc = 5.0022e-12
chi: [256, 256, 256, 256, 256, 256]
================================================================================
INFO:tenpy.tools.params:DMRG: reading 'max_E_err'=1e-08
INFO:tenpy.tools.params:DMRG: reading 'max_S_err'=1e-05
INFO:tenpy.tools.params:DMRG: reading 'norm_tol'=1e-05
INFO:tenpy.tools.params:DMRG: reading 'norm_tol_final'=1e-10
INFO:tenpy.tools.params:DMRG: reading 'norm_tol_iter'=5
INFO:tenpy.algorithms.dmrg:TwoSiteDMRGEngine finished after 20 sweeps, max chi=256
INFO:tenpy.tools.params:DMRG: reading 'max_trunc_err'=0.0001
started simualtion
phi_ext = 0.00
started to simulate
{'bc_MPS': 'infinite', 'bc': ['periodic', 'periodic'], 'V1': 0.6, 't': -1, 't2': -0.25, 'Lx': 2, 'Ly': 3, 'chi_max': 256, 'Nsec': 3, 'ktot': np.int64(0), 'saveAll': False, 'Delta': 0, 'phi_ext': np.float64(0.0)}
3
[1.57079633 3.14159265 0.        ] 0
[-1.57079633  3.14159265  3.14159265] 1
[1.57079633 3.14159265 0.        ] 0
[-1.57079633  3.14159265  3.14159265] 1
[1.57079633 3.14159265 0.        ] 0
[-1.57079633  3.14159265  3.14159265] 1
created model
initial state [0 1 0 1 0 1]
momentum of initial state: 0 , particle number of initial state: 3
starting drmg run
E= -0.8855608033550718
max bond dimension= 256
[-0.24552322  0.71034277]
started to simulate
{'bc_MPS': 'infinite', 'bc': ['periodic', 'periodic'], 'V1': 0.6, 't': -1, 't2': -0.25, 'Lx': 2, 'Ly': 3, 'chi_max': 256, 'Nsec': 3, 'ktot': np.int64(0), 'saveAll': False, 'Delta': 0, 'phi_ext': np.float64(0.05), 'explicit_plus_hc': False, 'N_rings': 2, 'xy_lattice': 'Square', 'ring_order': None, 'conserve_k': True, 'sort_mpo_legs': False}
3
[1.57079633 3.14159265 0.        ] 0
[-1.57079633  3.14159265  3.14159265] 1
[1.57079633 3.14159265 0.        ] 0
[-1.57079633  3.14159265  3.14159265] 1
[1.57079633 3.14159265 0.        ] 0
[-1.57079633  3.14159265  3.14159265] 1
created model
loaded psi
momentum of initial state: 0 , particle number of initial state: 3
starting drmg run
E= -0.8855673570399887
max bond dimension= 256
[-0.19573264  0.74515478]
started to simulate
{'bc_MPS': 'infinite', 'bc': ['periodic', 'periodic'], 'V1': 0.6, 't': -1, 't2': -0.25, 'Lx': 2, 'Ly': 3, 'chi_max': 256, 'Nsec': 3, 'ktot': np.int64(0), 'saveAll': False, 'Delta': 0, 'phi_ext': np.float64(0.1), 'explicit_plus_hc': False, 'N_rings': 2, 'xy_lattice': 'Square', 'ring_order': None, 'conserve_k': True, 'sort_mpo_legs': False}
3
[1.57079633 3.14159265 0.        ] 0
[-1.57079633  3.14159265  3.14159265] 1
[1.57079633 3.14159265 0.        ] 0
[-1.57079633  3.14159265  3.14159265] 1
[1.57079633 3.14159265 0.        ] 0
[-1.57079633  3.14159265  3.14159265] 1
created model
loaded psi
momentum of initial state: 0 , particle number of initial state: 3
starting drmg run
E= -0.8855845151446337
max bond dimension= 256
[-0.14636294  0.77765228]
started to simulate
{'bc_MPS': 'infinite', 'bc': ['periodic', 'periodic'], 'V1': 0.6, 't': -1, 't2': -0.25, 'Lx': 2, 'Ly': 3, 'chi_max': 256, 'Nsec': 3, 'ktot': np.int64(0), 'saveAll': False, 'Delta': 0, 'phi_ext': np.float64(0.15000000000000002), 'explicit_plus_hc': False, 'N_rings': 2, 'xy_lattice': 'Square', 'ring_order': None, 'conserve_k': True, 'sort_mpo_legs': False}
3
[1.57079633 3.14159265 0.        ] 0
[-1.57079633  3.14159265  3.14159265] 1
[1.57079633 3.14159265 0.        ] 0
[-1.57079633  3.14159265  3.14159265] 1
[1.57079633 3.14159265 0.        ] 0
[-1.57079633  3.14159265  3.14159265] 1
created model
loaded psi
momentum of initial state: 0 , particle number of initial state: 3
starting drmg run
E= -0.8856057243941583
max bond dimension= 256
[-0.09735368  0.80761505]
started to simulate
{'bc_MPS': 'infinite', 'bc': ['periodic', 'periodic'], 'V1': 0.6, 't': -1, 't2': -0.25, 'Lx': 2, 'Ly': 3, 'chi_max': 256, 'Nsec': 3, 'ktot': np.int64(0), 'saveAll': False, 'Delta': 0, 'phi_ext': np.float64(0.2), 'explicit_plus_hc': False, 'N_rings': 2, 'xy_lattice': 'Square', 'ring_order': None, 'conserve_k': True, 'sort_mpo_legs': False}
3
[1.57079633 3.14159265 0.        ] 0
[-1.57079633  3.14159265  3.14159265] 1
[1.57079633 3.14159265 0.        ] 0
[-1.57079633  3.14159265  3.14159265] 1
[1.57079633 3.14159265 0.        ] 0
[-1.57079633  3.14159265  3.14159265] 1
created model
loaded psi
momentum of initial state: 0 , particle number of initial state: 3
starting drmg run
E= -0.8856228835751239
max bond dimension= 256
[-0.04860749  0.83491252]
started to simulate
{'bc_MPS': 'infinite', 'bc': ['periodic', 'periodic'], 'V1': 0.6, 't': -1, 't2': -0.25, 'Lx': 2, 'Ly': 3, 'chi_max': 256, 'Nsec': 3, 'ktot': np.int64(0), 'saveAll': False, 'Delta': 0, 'phi_ext': np.float64(0.25), 'explicit_plus_hc': False, 'N_rings': 2, 'xy_lattice': 'Square', 'ring_order': None, 'conserve_k': True, 'sort_mpo_legs': False}
3
[1.57079633 3.14159265 0.        ] 0
[-1.57079633  3.14159265  3.14159265] 1
[1.57079633 3.14159265 0.        ] 0
[-1.57079633  3.14159265  3.14159265] 1
[1.57079633 3.14159265 0.        ] 0
[-1.57079633  3.14159265  3.14159265] 1
created model
loaded psi
momentum of initial state: 0 , particle number of initial state: 3
starting drmg run
E= -0.8856294379256487
max bond dimension= 256
[-6.90952033e-12  8.59488045e-01]
started to simulate
{'bc_MPS': 'infinite', 'bc': ['periodic', 'periodic'], 'V1': 0.6, 't': -1, 't2': -0.25, 'Lx': 2, 'Ly': 3, 'chi_max': 256, 'Nsec': 3, 'ktot': np.int64(0), 'saveAll': False, 'Delta': 0, 'phi_ext': np.float64(0.30000000000000004), 'explicit_plus_hc': False, 'N_rings': 2, 'xy_lattice': 'Square', 'ring_order': None, 'conserve_k': True, 'sort_mpo_legs': False}
3
[1.57079633 3.14159265 0.        ] 0
[-1.57079633  3.14159265  3.14159265] 1
[1.57079633 3.14159265 0.        ] 0
[-1.57079633  3.14159265  3.14159265] 1
[1.57079633 3.14159265 0.        ] 0
[-1.57079633  3.14159265  3.14159265] 1
created model
loaded psi
momentum of initial state: 0 , particle number of initial state: 3
starting drmg run
E= -0.8856228835754697
max bond dimension= 256
[0.04860749 0.88134211]
started to simulate
{'bc_MPS': 'infinite', 'bc': ['periodic', 'periodic'], 'V1': 0.6, 't': -1, 't2': -0.25, 'Lx': 2, 'Ly': 3, 'chi_max': 256, 'Nsec': 3, 'ktot': np.int64(0), 'saveAll': False, 'Delta': 0, 'phi_ext': np.float64(0.35000000000000003), 'explicit_plus_hc': False, 'N_rings': 2, 'xy_lattice': 'Square', 'ring_order': None, 'conserve_k': True, 'sort_mpo_legs': False}
3
[1.57079633 3.14159265 0.        ] 0
[-1.57079633  3.14159265  3.14159265] 1
[1.57079633 3.14159265 0.        ] 0
[-1.57079633  3.14159265  3.14159265] 1
[1.57079633 3.14159265 0.        ] 0
[-1.57079633  3.14159265  3.14159265] 1
created model
loaded psi
momentum of initial state: 0 , particle number of initial state: 3
starting drmg run
E= -0.8856057243941109
max bond dimension= 256
[0.09735368 0.90051693]
started to simulate
{'bc_MPS': 'infinite', 'bc': ['periodic', 'periodic'], 'V1': 0.6, 't': -1, 't2': -0.25, 'Lx': 2, 'Ly': 3, 'chi_max': 256, 'Nsec': 3, 'ktot': np.int64(0), 'saveAll': False, 'Delta': 0, 'phi_ext': np.float64(0.4), 'explicit_plus_hc': False, 'N_rings': 2, 'xy_lattice': 'Square', 'ring_order': None, 'conserve_k': True, 'sort_mpo_legs': False}
3
[1.57079633 3.14159265 0.        ] 0
[-1.57079633  3.14159265  3.14159265] 1
[1.57079633 3.14159265 0.        ] 0
[-1.57079633  3.14159265  3.14159265] 1
[1.57079633 3.14159265 0.        ] 0
[-1.57079633  3.14159265  3.14159265] 1
created model
loaded psi
momentum of initial state: 0 , particle number of initial state: 3
starting drmg run
E= -0.8855845151445436
max bond dimension= 256
[0.14636294 0.91708389]
started to simulate
{'bc_MPS': 'infinite', 'bc': ['periodic', 'periodic'], 'V1': 0.6, 't': -1, 't2': -0.25, 'Lx': 2, 'Ly': 3, 'chi_max': 256, 'Nsec': 3, 'ktot': np.int64(0), 'saveAll': False, 'Delta': 0, 'phi_ext': np.float64(0.45), 'explicit_plus_hc': False, 'N_rings': 2, 'xy_lattice': 'Square', 'ring_order': None, 'conserve_k': True, 'sort_mpo_legs': False}
3
[1.57079633 3.14159265 0.        ] 0
[-1.57079633  3.14159265  3.14159265] 1
[1.57079633 3.14159265 0.        ] 0
[-1.57079633  3.14159265  3.14159265] 1
[1.57079633 3.14159265 0.        ] 0
[-1.57079633  3.14159265  3.14159265] 1
created model
loaded psi
momentum of initial state: 0 , particle number of initial state: 3
starting drmg run
E= -0.8855673570399508
max bond dimension= 256
[0.19573264 0.93113377]
started to simulate
{'bc_MPS': 'infinite', 'bc': ['periodic', 'periodic'], 'V1': 0.6, 't': -1, 't2': -0.25, 'Lx': 2, 'Ly': 3, 'chi_max': 256, 'Nsec': 3, 'ktot': np.int64(0), 'saveAll': False, 'Delta': 0, 'phi_ext': np.float64(0.5), 'explicit_plus_hc': False, 'N_rings': 2, 'xy_lattice': 'Square', 'ring_order': None, 'conserve_k': True, 'sort_mpo_legs': False}
3
[1.57079633 3.14159265 0.        ] 0
[-1.57079633  3.14159265  3.14159265] 1
[1.57079633 3.14159265 0.        ] 0
[-1.57079633  3.14159265  3.14159265] 1
[1.57079633 3.14159265 0.        ] 0
[-1.57079633  3.14159265  3.14159265] 1
created model
loaded psi
momentum of initial state: 0 , particle number of initial state: 3
starting drmg run
E= -0.8855608033547213
max bond dimension= 256
[0.24552322 0.94276892]
started to simulate
{'bc_MPS': 'infinite', 'bc': ['periodic', 'periodic'], 'V1': 0.6, 't': -1, 't2': -0.25, 'Lx': 2, 'Ly': 3, 'chi_max': 256, 'Nsec': 3, 'ktot': np.int64(0), 'saveAll': False, 'Delta': 0, 'phi_ext': np.float64(0.55), 'explicit_plus_hc': False, 'N_rings': 2, 'xy_lattice': 'Square', 'ring_order': None, 'conserve_k': True, 'sort_mpo_legs': False}
3
[1.57079633 3.14159265 0.        ] 0
[-1.57079633  3.14159265  3.14159265] 1
[1.57079633 3.14159265 0.        ] 0
[-1.57079633  3.14159265  3.14159265] 1
[1.57079633 3.14159265 0.        ] 0
[-1.57079633  3.14159265  3.14159265] 1
created model
loaded psi
momentum of initial state: 0 , particle number of initial state: 3
starting drmg run
E= -0.8855673570399366
max bond dimension= 256
[0.29575263 0.95209619]
started to simulate
{'bc_MPS': 'infinite', 'bc': ['periodic', 'periodic'], 'V1': 0.6, 't': -1, 't2': -0.25, 'Lx': 2, 'Ly': 3, 'chi_max': 256, 'Nsec': 3, 'ktot': np.int64(0), 'saveAll': False, 'Delta': 0, 'phi_ext': np.float64(0.6000000000000001), 'explicit_plus_hc': False, 'N_rings': 2, 'xy_lattice': 'Square', 'ring_order': None, 'conserve_k': True, 'sort_mpo_legs': False}
3
[1.57079633 3.14159265 0.        ] 0
[-1.57079633  3.14159265  3.14159265] 1
[1.57079633 3.14159265 0.        ] 0
[-1.57079633  3.14159265  3.14159265] 1
[1.57079633 3.14159265 0.        ] 0
[-1.57079633  3.14159265  3.14159265] 1
created model
loaded psi
momentum of initial state: 0 , particle number of initial state: 3
starting drmg run
E= -0.8855845151439942
max bond dimension= 256
[0.34639533 0.95921951]
started to simulate
{'bc_MPS': 'infinite', 'bc': ['periodic', 'periodic'], 'V1': 0.6, 't': -1, 't2': -0.25, 'Lx': 2, 'Ly': 3, 'chi_max': 256, 'Nsec': 3, 'ktot': np.int64(0), 'saveAll': False, 'Delta': 0, 'phi_ext': np.float64(0.65), 'explicit_plus_hc': False, 'N_rings': 2, 'xy_lattice': 'Square', 'ring_order': None, 'conserve_k': True, 'sort_mpo_legs': False}
3
[1.57079633 3.14159265 0.        ] 0
[-1.57079633  3.14159265  3.14159265] 1
[1.57079633 3.14159265 0.        ] 0
[-1.57079633  3.14159265  3.14159265] 1
[1.57079633 3.14159265 0.        ] 0
[-1.57079633  3.14159265  3.14159265] 1
created model
loaded psi
momentum of initial state: 0 , particle number of initial state: 3
starting drmg run
E= -0.8856057243943004
max bond dimension= 256
[0.3973861  0.96423192]
started to simulate
{'bc_MPS': 'infinite', 'bc': ['periodic', 'periodic'], 'V1': 0.6, 't': -1, 't2': -0.25, 'Lx': 2, 'Ly': 3, 'chi_max': 256, 'Nsec': 3, 'ktot': np.int64(0), 'saveAll': False, 'Delta': 0, 'phi_ext': np.float64(0.7000000000000001), 'explicit_plus_hc': False, 'N_rings': 2, 'xy_lattice': 'Square', 'ring_order': None, 'conserve_k': True, 'sort_mpo_legs': False}
3
[1.57079633 3.14159265 0.        ] 0
[-1.57079633  3.14159265  3.14159265] 1
[1.57079633 3.14159265 0.        ] 0
[-1.57079633  3.14159265  3.14159265] 1
[1.57079633 3.14159265 0.        ] 0
[-1.57079633  3.14159265  3.14159265] 1
created model
loaded psi
momentum of initial state: 0 , particle number of initial state: 3
starting drmg run
E= -0.8856228835751475
max bond dimension= 256
[0.44862755 0.96720741]
started to simulate
{'bc_MPS': 'infinite', 'bc': ['periodic', 'periodic'], 'V1': 0.6, 't': -1, 't2': -0.25, 'Lx': 2, 'Ly': 3, 'chi_max': 256, 'Nsec': 3, 'ktot': np.int64(0), 'saveAll': False, 'Delta': 0, 'phi_ext': np.float64(0.75), 'explicit_plus_hc': False, 'N_rings': 2, 'xy_lattice': 'Square', 'ring_order': None, 'conserve_k': True, 'sort_mpo_legs': False}
3
[1.57079633 3.14159265 0.        ] 0
[-1.57079633  3.14159265  3.14159265] 1
[1.57079633 3.14159265 0.        ] 0
[-1.57079633  3.14159265  3.14159265] 1
[1.57079633 3.14159265 0.        ] 0
[-1.57079633  3.14159265  3.14159265] 1
created model
loaded psi
momentum of initial state: 0 , particle number of initial state: 3
starting drmg run
E= -0.8856294379261082
max bond dimension= 256
[0.5        0.96819374]
started to simulate
{'bc_MPS': 'infinite', 'bc': ['periodic', 'periodic'], 'V1': 0.6, 't': -1, 't2': -0.25, 'Lx': 2, 'Ly': 3, 'chi_max': 256, 'Nsec': 3, 'ktot': np.int64(0), 'saveAll': False, 'Delta': 0, 'phi_ext': np.float64(0.8), 'explicit_plus_hc': False, 'N_rings': 2, 'xy_lattice': 'Square', 'ring_order': None, 'conserve_k': True, 'sort_mpo_legs': False}
3
[1.57079633 3.14159265 0.        ] 0
[-1.57079633  3.14159265  3.14159265] 1
[1.57079633 3.14159265 0.        ] 0
[-1.57079633  3.14159265  3.14159265] 1
[1.57079633 3.14159265 0.        ] 0
[-1.57079633  3.14159265  3.14159265] 1
created model
loaded psi
momentum of initial state: 0 , particle number of initial state: 3
starting drmg run
E= -0.8856228835753134
max bond dimension= 256
[0.55137245 0.96720741]
started to simulate
{'bc_MPS': 'infinite', 'bc': ['periodic', 'periodic'], 'V1': 0.6, 't': -1, 't2': -0.25, 'Lx': 2, 'Ly': 3, 'chi_max': 256, 'Nsec': 3, 'ktot': np.int64(0), 'saveAll': False, 'Delta': 0, 'phi_ext': np.float64(0.8500000000000001), 'explicit_plus_hc': False, 'N_rings': 2, 'xy_lattice': 'Square', 'ring_order': None, 'conserve_k': True, 'sort_mpo_legs': False}
3
[1.57079633 3.14159265 0.        ] 0
[-1.57079633  3.14159265  3.14159265] 1
[1.57079633 3.14159265 0.        ] 0
[-1.57079633  3.14159265  3.14159265] 1
[1.57079633 3.14159265 0.        ] 0
[-1.57079633  3.14159265  3.14159265] 1
created model
loaded psi
momentum of initial state: 0 , particle number of initial state: 3
starting drmg run
E= -0.8856057243957357
max bond dimension= 256
[0.6026139  0.96423192]
started to simulate
{'bc_MPS': 'infinite', 'bc': ['periodic', 'periodic'], 'V1': 0.6, 't': -1, 't2': -0.25, 'Lx': 2, 'Ly': 3, 'chi_max': 256, 'Nsec': 3, 'ktot': np.int64(0), 'saveAll': False, 'Delta': 0, 'phi_ext': np.float64(0.9), 'explicit_plus_hc': False, 'N_rings': 2, 'xy_lattice': 'Square', 'ring_order': None, 'conserve_k': True, 'sort_mpo_legs': False}
3
[1.57079633 3.14159265 0.        ] 0
[-1.57079633  3.14159265  3.14159265] 1
[1.57079633 3.14159265 0.        ] 0
[-1.57079633  3.14159265  3.14159265] 1
[1.57079633 3.14159265 0.        ] 0
[-1.57079633  3.14159265  3.14159265] 1
created model
loaded psi
momentum of initial state: 0 , particle number of initial state: 3
starting drmg run
E= -0.8855845151446241
max bond dimension= 256
[0.65360467 0.95921951]
started to simulate
{'bc_MPS': 'infinite', 'bc': ['periodic', 'periodic'], 'V1': 0.6, 't': -1, 't2': -0.25, 'Lx': 2, 'Ly': 3, 'chi_max': 256, 'Nsec': 3, 'ktot': np.int64(0), 'saveAll': False, 'Delta': 0, 'phi_ext': np.float64(0.9500000000000001), 'explicit_plus_hc': False, 'N_rings': 2, 'xy_lattice': 'Square', 'ring_order': None, 'conserve_k': True, 'sort_mpo_legs': False}
3
[1.57079633 3.14159265 0.        ] 0
[-1.57079633  3.14159265  3.14159265] 1
[1.57079633 3.14159265 0.        ] 0
[-1.57079633  3.14159265  3.14159265] 1
[1.57079633 3.14159265 0.        ] 0
[-1.57079633  3.14159265  3.14159265] 1
created model
loaded psi
momentum of initial state: 0 , particle number of initial state: 3
starting drmg run
E= -0.8855673570403582
max bond dimension= 256
[0.70424737 0.95209619]
started to simulate
{'bc_MPS': 'infinite', 'bc': ['periodic', 'periodic'], 'V1': 0.6, 't': -1, 't2': -0.25, 'Lx': 2, 'Ly': 3, 'chi_max': 256, 'Nsec': 3, 'ktot': np.int64(0), 'saveAll': False, 'Delta': 0, 'phi_ext': np.float64(1.0), 'explicit_plus_hc': False, 'N_rings': 2, 'xy_lattice': 'Square', 'ring_order': None, 'conserve_k': True, 'sort_mpo_legs': False}
3
[1.57079633 3.14159265 0.        ] 0
[-1.57079633  3.14159265  3.14159265] 1
[1.57079633 3.14159265 0.        ] 0
[-1.57079633  3.14159265  3.14159265] 1
[1.57079633 3.14159265 0.        ] 0
[-1.57079633  3.14159265  3.14159265] 1
created model
loaded psi
momentum of initial state: 0 , particle number of initial state: 3
starting drmg run
E= -0.885560803355015
max bond dimension= 256
[0.75447678 0.94276892]
started to simulate
{'bc_MPS': 'infinite', 'bc': ['periodic', 'periodic'], 'V1': 0.6, 't': -1, 't2': -0.25, 'Lx': 2, 'Ly': 3, 'chi_max': 256, 'Nsec': 3, 'ktot': np.int64(0), 'saveAll': False, 'Delta': 0, 'phi_ext': np.float64(1.05), 'explicit_plus_hc': False, 'N_rings': 2, 'xy_lattice': 'Square', 'ring_order': None, 'conserve_k': True, 'sort_mpo_legs': False}
3
[1.57079633 3.14159265 0.        ] 0
[-1.57079633  3.14159265  3.14159265] 1
[1.57079633 3.14159265 0.        ] 0
[-1.57079633  3.14159265  3.14159265] 1
[1.57079633 3.14159265 0.        ] 0
[-1.57079633  3.14159265  3.14159265] 1
created model
loaded psi
momentum of initial state: 0 , particle number of initial state: 3
starting drmg run
E= -0.8855673570404624
max bond dimension= 256
[0.80426736 0.93113377]
started to simulate
{'bc_MPS': 'infinite', 'bc': ['periodic', 'periodic'], 'V1': 0.6, 't': -1, 't2': -0.25, 'Lx': 2, 'Ly': 3, 'chi_max': 256, 'Nsec': 3, 'ktot': np.int64(0), 'saveAll': False, 'Delta': 0, 'phi_ext': np.float64(1.1), 'explicit_plus_hc': False, 'N_rings': 2, 'xy_lattice': 'Square', 'ring_order': None, 'conserve_k': True, 'sort_mpo_legs': False}
3
[1.57079633 3.14159265 0.        ] 0
[-1.57079633  3.14159265  3.14159265] 1
[1.57079633 3.14159265 0.        ] 0
[-1.57079633  3.14159265  3.14159265] 1
[1.57079633 3.14159265 0.        ] 0
[-1.57079633  3.14159265  3.14159265] 1
created model
loaded psi
momentum of initial state: 0 , particle number of initial state: 3
starting drmg run
E= -0.8855845151449699
max bond dimension= 256
[0.85363706 0.91708389]
started to simulate
{'bc_MPS': 'infinite', 'bc': ['periodic', 'periodic'], 'V1': 0.6, 't': -1, 't2': -0.25, 'Lx': 2, 'Ly': 3, 'chi_max': 256, 'Nsec': 3, 'ktot': np.int64(0), 'saveAll': False, 'Delta': 0, 'phi_ext': np.float64(1.1500000000000001), 'explicit_plus_hc': False, 'N_rings': 2, 'xy_lattice': 'Square', 'ring_order': None, 'conserve_k': True, 'sort_mpo_legs': False}
3
[1.57079633 3.14159265 0.        ] 0
[-1.57079633  3.14159265  3.14159265] 1
[1.57079633 3.14159265 0.        ] 0
[-1.57079633  3.14159265  3.14159265] 1
[1.57079633 3.14159265 0.        ] 0
[-1.57079633  3.14159265  3.14159265] 1
created model
loaded psi
momentum of initial state: 0 , particle number of initial state: 3
starting drmg run
E= -0.8856057243945799
max bond dimension= 256
[0.90264632 0.90051693]
started to simulate
{'bc_MPS': 'infinite', 'bc': ['periodic', 'periodic'], 'V1': 0.6, 't': -1, 't2': -0.25, 'Lx': 2, 'Ly': 3, 'chi_max': 256, 'Nsec': 3, 'ktot': np.int64(0), 'saveAll': False, 'Delta': 0, 'phi_ext': np.float64(1.2000000000000002), 'explicit_plus_hc': False, 'N_rings': 2, 'xy_lattice': 'Square', 'ring_order': None, 'conserve_k': True, 'sort_mpo_legs': False}
3
[1.57079633 3.14159265 0.        ] 0
[-1.57079633  3.14159265  3.14159265] 1
[1.57079633 3.14159265 0.        ] 0
[-1.57079633  3.14159265  3.14159265] 1
[1.57079633 3.14159265 0.        ] 0
[-1.57079633  3.14159265  3.14159265] 1
created model
loaded psi
momentum of initial state: 0 , particle number of initial state: 3
starting drmg run
E= -0.8856228835755644
max bond dimension= 256
[0.95139251 0.88134211]
started to simulate
{'bc_MPS': 'infinite', 'bc': ['periodic', 'periodic'], 'V1': 0.6, 't': -1, 't2': -0.25, 'Lx': 2, 'Ly': 3, 'chi_max': 256, 'Nsec': 3, 'ktot': np.int64(0), 'saveAll': False, 'Delta': 0, 'phi_ext': np.float64(1.25), 'explicit_plus_hc': False, 'N_rings': 2, 'xy_lattice': 'Square', 'ring_order': None, 'conserve_k': True, 'sort_mpo_legs': False}
3
[1.57079633 3.14159265 0.        ] 0
[-1.57079633  3.14159265  3.14159265] 1
[1.57079633 3.14159265 0.        ] 0
[-1.57079633  3.14159265  3.14159265] 1
[1.57079633 3.14159265 0.        ] 0
[-1.57079633  3.14159265  3.14159265] 1
created model
loaded psi
momentum of initial state: 0 , particle number of initial state: 3
starting drmg run
E= -0.8856294379264114
max bond dimension= 256
[1.         0.85948804]
started to simulate
{'bc_MPS': 'infinite', 'bc': ['periodic', 'periodic'], 'V1': 0.6, 't': -1, 't2': -0.25, 'Lx': 2, 'Ly': 3, 'chi_max': 256, 'Nsec': 3, 'ktot': np.int64(0), 'saveAll': False, 'Delta': 0, 'phi_ext': np.float64(1.3), 'explicit_plus_hc': False, 'N_rings': 2, 'xy_lattice': 'Square', 'ring_order': None, 'conserve_k': True, 'sort_mpo_legs': False}
3
[1.57079633 3.14159265 0.        ] 0
[-1.57079633  3.14159265  3.14159265] 1
[1.57079633 3.14159265 0.        ] 0
[-1.57079633  3.14159265  3.14159265] 1
[1.57079633 3.14159265 0.        ] 0
[-1.57079633  3.14159265  3.14159265] 1
created model
loaded psi
momentum of initial state: 0 , particle number of initial state: 3
starting drmg run
E= -0.8856228835757586
max bond dimension= 256
[1.04860749 0.83491252]
started to simulate
{'bc_MPS': 'infinite', 'bc': ['periodic', 'periodic'], 'V1': 0.6, 't': -1, 't2': -0.25, 'Lx': 2, 'Ly': 3, 'chi_max': 256, 'Nsec': 3, 'ktot': np.int64(0), 'saveAll': False, 'Delta': 0, 'phi_ext': np.float64(1.35), 'explicit_plus_hc': False, 'N_rings': 2, 'xy_lattice': 'Square', 'ring_order': None, 'conserve_k': True, 'sort_mpo_legs': False}
3
[1.57079633 3.14159265 0.        ] 0
[-1.57079633  3.14159265  3.14159265] 1
[1.57079633 3.14159265 0.        ] 0
[-1.57079633  3.14159265  3.14159265] 1
[1.57079633 3.14159265 0.        ] 0
[-1.57079633  3.14159265  3.14159265] 1
created model
loaded psi
momentum of initial state: 0 , particle number of initial state: 3
starting drmg run
E= -0.885605724394722
max bond dimension= 256
[1.09735368 0.80761505]
started to simulate
{'bc_MPS': 'infinite', 'bc': ['periodic', 'periodic'], 'V1': 0.6, 't': -1, 't2': -0.25, 'Lx': 2, 'Ly': 3, 'chi_max': 256, 'Nsec': 3, 'ktot': np.int64(0), 'saveAll': False, 'Delta': 0, 'phi_ext': np.float64(1.4000000000000001), 'explicit_plus_hc': False, 'N_rings': 2, 'xy_lattice': 'Square', 'ring_order': None, 'conserve_k': True, 'sort_mpo_legs': False}
3
[1.57079633 3.14159265 0.        ] 0
[-1.57079633  3.14159265  3.14159265] 1
[1.57079633 3.14159265 0.        ] 0
[-1.57079633  3.14159265  3.14159265] 1
[1.57079633 3.14159265 0.        ] 0
[-1.57079633  3.14159265  3.14159265] 1
created model
loaded psi
momentum of initial state: 0 , particle number of initial state: 3
starting drmg run
E= -0.8855845151448042
max bond dimension= 256
[1.14636294 0.77765228]
started to simulate
{'bc_MPS': 'infinite', 'bc': ['periodic', 'periodic'], 'V1': 0.6, 't': -1, 't2': -0.25, 'Lx': 2, 'Ly': 3, 'chi_max': 256, 'Nsec': 3, 'ktot': np.int64(0), 'saveAll': False, 'Delta': 0, 'phi_ext': np.float64(1.4500000000000002), 'explicit_plus_hc': False, 'N_rings': 2, 'xy_lattice': 'Square', 'ring_order': None, 'conserve_k': True, 'sort_mpo_legs': False}
3
[1.57079633 3.14159265 0.        ] 0
[-1.57079633  3.14159265  3.14159265] 1
[1.57079633 3.14159265 0.        ] 0
[-1.57079633  3.14159265  3.14159265] 1
[1.57079633 3.14159265 0.        ] 0
[-1.57079633  3.14159265  3.14159265] 1
created model
loaded psi
momentum of initial state: 0 , particle number of initial state: 3
starting drmg run
E= -0.8855673570404292
max bond dimension= 256
[1.19573264 0.74515478]
started to simulate
{'bc_MPS': 'infinite', 'bc': ['periodic', 'periodic'], 'V1': 0.6, 't': -1, 't2': -0.25, 'Lx': 2, 'Ly': 3, 'chi_max': 256, 'Nsec': 3, 'ktot': np.int64(0), 'saveAll': False, 'Delta': 0, 'phi_ext': np.float64(1.5), 'explicit_plus_hc': False, 'N_rings': 2, 'xy_lattice': 'Square', 'ring_order': None, 'conserve_k': True, 'sort_mpo_legs': False}
3
[1.57079633 3.14159265 0.        ] 0
[-1.57079633  3.14159265  3.14159265] 1
[1.57079633 3.14159265 0.        ] 0
[-1.57079633  3.14159265  3.14159265] 1
[1.57079633 3.14159265 0.        ] 0
[-1.57079633  3.14159265  3.14159265] 1
created model
loaded psi
momentum of initial state: 0 , particle number of initial state: 3
starting drmg run
E= -0.8855608033550671
max bond dimension= 256
[1.24552322 0.71034277]
started to simulate
{'bc_MPS': 'infinite', 'bc': ['periodic', 'periodic'], 'V1': 0.6, 't': -1, 't2': -0.25, 'Lx': 2, 'Ly': 3, 'chi_max': 256, 'Nsec': 3, 'ktot': np.int64(0), 'saveAll': False, 'Delta': 0, 'phi_ext': np.float64(1.55), 'explicit_plus_hc': False, 'N_rings': 2, 'xy_lattice': 'Square', 'ring_order': None, 'conserve_k': True, 'sort_mpo_legs': False}
3
[1.57079633 3.14159265 0.        ] 0
[-1.57079633  3.14159265  3.14159265] 1
[1.57079633 3.14159265 0.        ] 0
[-1.57079633  3.14159265  3.14159265] 1
[1.57079633 3.14159265 0.        ] 0
[-1.57079633  3.14159265  3.14159265] 1
created model
loaded psi
momentum of initial state: 0 , particle number of initial state: 3
starting drmg run
E= -0.8855673570402066
max bond dimension= 256
[1.29575263 0.6735377 ]
started to simulate
{'bc_MPS': 'infinite', 'bc': ['periodic', 'periodic'], 'V1': 0.6, 't': -1, 't2': -0.25, 'Lx': 2, 'Ly': 3, 'chi_max': 256, 'Nsec': 3, 'ktot': np.int64(0), 'saveAll': False, 'Delta': 0, 'phi_ext': np.float64(1.6), 'explicit_plus_hc': False, 'N_rings': 2, 'xy_lattice': 'Square', 'ring_order': None, 'conserve_k': True, 'sort_mpo_legs': False}
3
[1.57079633 3.14159265 0.        ] 0
[-1.57079633  3.14159265  3.14159265] 1
[1.57079633 3.14159265 0.        ] 0
[-1.57079633  3.14159265  3.14159265] 1
[1.57079633 3.14159265 0.        ] 0
[-1.57079633  3.14159265  3.14159265] 1
created model
loaded psi
momentum of initial state: 0 , particle number of initial state: 3
starting drmg run
E= -0.8855845151446005
max bond dimension= 256
[1.34639533 0.6351668 ]
started to simulate
{'bc_MPS': 'infinite', 'bc': ['periodic', 'periodic'], 'V1': 0.6, 't': -1, 't2': -0.25, 'Lx': 2, 'Ly': 3, 'chi_max': 256, 'Nsec': 3, 'ktot': np.int64(0), 'saveAll': False, 'Delta': 0, 'phi_ext': np.float64(1.6500000000000001), 'explicit_plus_hc': False, 'N_rings': 2, 'xy_lattice': 'Square', 'ring_order': None, 'conserve_k': True, 'sort_mpo_legs': False}
3
[1.57079633 3.14159265 0.        ] 0
[-1.57079633  3.14159265  3.14159265] 1
[1.57079633 3.14159265 0.        ] 0
[-1.57079633  3.14159265  3.14159265] 1
[1.57079633 3.14159265 0.        ] 0
[-1.57079633  3.14159265  3.14159265] 1
created model
loaded psi
momentum of initial state: 0 , particle number of initial state: 3
starting drmg run
E= -0.8856057243940209
max bond dimension= 256
[1.3973861  0.59575897]
started to simulate
{'bc_MPS': 'infinite', 'bc': ['periodic', 'periodic'], 'V1': 0.6, 't': -1, 't2': -0.25, 'Lx': 2, 'Ly': 3, 'chi_max': 256, 'Nsec': 3, 'ktot': np.int64(0), 'saveAll': False, 'Delta': 0, 'phi_ext': np.float64(1.7000000000000002), 'explicit_plus_hc': False, 'N_rings': 2, 'xy_lattice': 'Square', 'ring_order': None, 'conserve_k': True, 'sort_mpo_legs': False}
3
[1.57079633 3.14159265 0.        ] 0
[-1.57079633  3.14159265  3.14159265] 1
[1.57079633 3.14159265 0.        ] 0
[-1.57079633  3.14159265  3.14159265] 1
[1.57079633 3.14159265 0.        ] 0
[-1.57079633  3.14159265  3.14159265] 1
created model
loaded psi
momentum of initial state: 0 , particle number of initial state: 3
starting drmg run
E= -0.8856228835751949
max bond dimension= 256
[1.44862755 0.55593207]
started to simulate
{'bc_MPS': 'infinite', 'bc': ['periodic', 'periodic'], 'V1': 0.6, 't': -1, 't2': -0.25, 'Lx': 2, 'Ly': 3, 'chi_max': 256, 'Nsec': 3, 'ktot': np.int64(0), 'saveAll': False, 'Delta': 0, 'phi_ext': np.float64(1.75), 'explicit_plus_hc': False, 'N_rings': 2, 'xy_lattice': 'Square', 'ring_order': None, 'conserve_k': True, 'sort_mpo_legs': False}
3
[1.57079633 3.14159265 0.        ] 0
[-1.57079633  3.14159265  3.14159265] 1
[1.57079633 3.14159265 0.        ] 0
[-1.57079633  3.14159265  3.14159265] 1
[1.57079633 3.14159265 0.        ] 0
[-1.57079633  3.14159265  3.14159265] 1
created model
loaded psi
momentum of initial state: 0 , particle number of initial state: 3
starting drmg run
E= -0.8856294379260229
max bond dimension= 256
[1.5        0.51637283]
started to simulate
{'bc_MPS': 'infinite', 'bc': ['periodic', 'periodic'], 'V1': 0.6, 't': -1, 't2': -0.25, 'Lx': 2, 'Ly': 3, 'chi_max': 256, 'Nsec': 3, 'ktot': np.int64(0), 'saveAll': False, 'Delta': 0, 'phi_ext': np.float64(1.8), 'explicit_plus_hc': False, 'N_rings': 2, 'xy_lattice': 'Square', 'ring_order': None, 'conserve_k': True, 'sort_mpo_legs': False}
3
[1.57079633 3.14159265 0.        ] 0
[-1.57079633  3.14159265  3.14159265] 1
[1.57079633 3.14159265 0.        ] 0
[-1.57079633  3.14159265  3.14159265] 1
[1.57079633 3.14159265 0.        ] 0
[-1.57079633  3.14159265  3.14159265] 1
created model
loaded psi
momentum of initial state: 0 , particle number of initial state: 3
starting drmg run
E= -0.8856228835754317
max bond dimension= 256
[1.55137245 0.47781143]
started to simulate
{'bc_MPS': 'infinite', 'bc': ['periodic', 'periodic'], 'V1': 0.6, 't': -1, 't2': -0.25, 'Lx': 2, 'Ly': 3, 'chi_max': 256, 'Nsec': 3, 'ktot': np.int64(0), 'saveAll': False, 'Delta': 0, 'phi_ext': np.float64(1.85), 'explicit_plus_hc': False, 'N_rings': 2, 'xy_lattice': 'Square', 'ring_order': None, 'conserve_k': True, 'sort_mpo_legs': False}
3
[1.57079633 3.14159265 0.        ] 0
[-1.57079633  3.14159265  3.14159265] 1
[1.57079633 3.14159265 0.        ] 0
[-1.57079633  3.14159265  3.14159265] 1
[1.57079633 3.14159265 0.        ] 0
[-1.57079633  3.14159265  3.14159265] 1
created model
loaded psi
momentum of initial state: 0 , particle number of initial state: 3
starting drmg run
E= -0.8856057243939924
max bond dimension= 256
[1.6026139  0.44099276]
started to simulate
{'bc_MPS': 'infinite', 'bc': ['periodic', 'periodic'], 'V1': 0.6, 't': -1, 't2': -0.25, 'Lx': 2, 'Ly': 3, 'chi_max': 256, 'Nsec': 3, 'ktot': np.int64(0), 'saveAll': False, 'Delta': 0, 'phi_ext': np.float64(1.9000000000000001), 'explicit_plus_hc': False, 'N_rings': 2, 'xy_lattice': 'Square', 'ring_order': None, 'conserve_k': True, 'sort_mpo_legs': False}
3
[1.57079633 3.14159265 0.        ] 0
[-1.57079633  3.14159265  3.14159265] 1
[1.57079633 3.14159265 0.        ] 0
[-1.57079633  3.14159265  3.14159265] 1
[1.57079633 3.14159265 0.        ] 0
[-1.57079633  3.14159265  3.14159265] 1
created model
loaded psi
momentum of initial state: 0 , particle number of initial state: 3
starting drmg run
E= -0.8855845151445484
max bond dimension= 256
[1.65360467 0.4066462 ]
started to simulate
{'bc_MPS': 'infinite', 'bc': ['periodic', 'periodic'], 'V1': 0.6, 't': -1, 't2': -0.25, 'Lx': 2, 'Ly': 3, 'chi_max': 256, 'Nsec': 3, 'ktot': np.int64(0), 'saveAll': False, 'Delta': 0, 'phi_ext': np.float64(1.9500000000000002), 'explicit_plus_hc': False, 'N_rings': 2, 'xy_lattice': 'Square', 'ring_order': None, 'conserve_k': True, 'sort_mpo_legs': False}
3
[1.57079633 3.14159265 0.        ] 0
[-1.57079633  3.14159265  3.14159265] 1
[1.57079633 3.14159265 0.        ] 0
[-1.57079633  3.14159265  3.14159265] 1
[1.57079633 3.14159265 0.        ] 0
[-1.57079633  3.14159265  3.14159265] 1
created model
loaded psi
momentum of initial state: 0 , particle number of initial state: 3
starting drmg run
E= -0.885567357039946
max bond dimension= 256
[1.70424737 0.37545644]
started to simulate
{'bc_MPS': 'infinite', 'bc': ['periodic', 'periodic'], 'V1': 0.6, 't': -1, 't2': -0.25, 'Lx': 2, 'Ly': 3, 'chi_max': 256, 'Nsec': 3, 'ktot': np.int64(0), 'saveAll': False, 'Delta': 0, 'phi_ext': np.float64(2.0), 'explicit_plus_hc': False, 'N_rings': 2, 'xy_lattice': 'Square', 'ring_order': None, 'conserve_k': True, 'sort_mpo_legs': False}
3
[1.57079633 3.14159265 0.        ] 0
[-1.57079633  3.14159265  3.14159265] 1
[1.57079633 3.14159265 0.        ] 0
[-1.57079633  3.14159265  3.14159265] 1
[1.57079633 3.14159265 0.        ] 0
[-1.57079633  3.14159265  3.14159265] 1
created model
loaded psi
momentum of initial state: 0 , particle number of initial state: 3
starting drmg run
E= -0.8855608033547545
max bond dimension= 256
[1.75447678 0.3480377 ]
started to simulate
{'bc_MPS': 'infinite', 'bc': ['periodic', 'periodic'], 'V1': 0.6, 't': -1, 't2': -0.25, 'Lx': 2, 'Ly': 3, 'chi_max': 256, 'Nsec': 3, 'ktot': np.int64(0), 'saveAll': False, 'Delta': 0, 'phi_ext': np.float64(2.0500000000000003), 'explicit_plus_hc': False, 'N_rings': 2, 'xy_lattice': 'Square', 'ring_order': None, 'conserve_k': True, 'sort_mpo_legs': False}
3
[1.57079633 3.14159265 0.        ] 0
[-1.57079633  3.14159265  3.14159265] 1
[1.57079633 3.14159265 0.        ] 0
[-1.57079633  3.14159265  3.14159265] 1
[1.57079633 3.14159265 0.        ] 0
[-1.57079633  3.14159265  3.14159265] 1
created model
loaded psi
momentum of initial state: 0 , particle number of initial state: 3
starting drmg run
E= -0.8855673570398702
max bond dimension= 256
[1.80426736 0.32491441]
started to simulate
{'bc_MPS': 'infinite', 'bc': ['periodic', 'periodic'], 'V1': 0.6, 't': -1, 't2': -0.25, 'Lx': 2, 'Ly': 3, 'chi_max': 256, 'Nsec': 3, 'ktot': np.int64(0), 'saveAll': False, 'Delta': 0, 'phi_ext': np.float64(2.1), 'explicit_plus_hc': False, 'N_rings': 2, 'xy_lattice': 'Square', 'ring_order': None, 'conserve_k': True, 'sort_mpo_legs': False}
3
[1.57079633 3.14159265 0.        ] 0
[-1.57079633  3.14159265  3.14159265] 1
[1.57079633 3.14159265 0.        ] 0
[-1.57079633  3.14159265  3.14159265] 1
[1.57079633 3.14159265 0.        ] 0
[-1.57079633  3.14159265  3.14159265] 1
created model
loaded psi
momentum of initial state: 0 , particle number of initial state: 3
starting drmg run
E= -0.885584515144283
max bond dimension= 256
[1.85363706 0.30651027]
started to simulate
{'bc_MPS': 'infinite', 'bc': ['periodic', 'periodic'], 'V1': 0.6, 't': -1, 't2': -0.25, 'Lx': 2, 'Ly': 3, 'chi_max': 256, 'Nsec': 3, 'ktot': np.int64(0), 'saveAll': False, 'Delta': 0, 'phi_ext': np.float64(2.15), 'explicit_plus_hc': False, 'N_rings': 2, 'xy_lattice': 'Square', 'ring_order': None, 'conserve_k': True, 'sort_mpo_legs': False}
3
[1.57079633 3.14159265 0.        ] 0
[-1.57079633  3.14159265  3.14159265] 1
[1.57079633 3.14159265 0.        ] 0
[-1.57079633  3.14159265  3.14159265] 1
[1.57079633 3.14159265 0.        ] 0
[-1.57079633  3.14159265  3.14159265] 1
created model
loaded psi
momentum of initial state: 0 , particle number of initial state: 3
starting drmg run
E= -0.8856057243940256
max bond dimension= 256
[1.90264632 0.29314561]
started to simulate
{'bc_MPS': 'infinite', 'bc': ['periodic', 'periodic'], 'V1': 0.6, 't': -1, 't2': -0.25, 'Lx': 2, 'Ly': 3, 'chi_max': 256, 'Nsec': 3, 'ktot': np.int64(0), 'saveAll': False, 'Delta': 0, 'phi_ext': np.float64(2.2), 'explicit_plus_hc': False, 'N_rings': 2, 'xy_lattice': 'Square', 'ring_order': None, 'conserve_k': True, 'sort_mpo_legs': False}
3
[1.57079633 3.14159265 0.        ] 0
[-1.57079633  3.14159265  3.14159265] 1
[1.57079633 3.14159265 0.        ] 0
[-1.57079633  3.14159265  3.14159265] 1
[1.57079633 3.14159265 0.        ] 0
[-1.57079633  3.14159265  3.14159265] 1
created model
loaded psi
momentum of initial state: 0 , particle number of initial state: 3
starting drmg run
E= -0.8856228835752754
max bond dimension= 256
[1.95139251 0.28504136]
started to simulate
{'bc_MPS': 'infinite', 'bc': ['periodic', 'periodic'], 'V1': 0.6, 't': -1, 't2': -0.25, 'Lx': 2, 'Ly': 3, 'chi_max': 256, 'Nsec': 3, 'ktot': np.int64(0), 'saveAll': False, 'Delta': 0, 'phi_ext': np.float64(2.25), 'explicit_plus_hc': False, 'N_rings': 2, 'xy_lattice': 'Square', 'ring_order': None, 'conserve_k': True, 'sort_mpo_legs': False}
3
[1.57079633 3.14159265 0.        ] 0
[-1.57079633  3.14159265  3.14159265] 1
[1.57079633 3.14159265 0.        ] 0
[-1.57079633  3.14159265  3.14159265] 1
[1.57079633 3.14159265 0.        ] 0
[-1.57079633  3.14159265  3.14159265] 1
created model
loaded psi
momentum of initial state: 0 , particle number of initial state: 3
starting drmg run
E= -0.8856294379259518
max bond dimension= 256
[2.         0.28232594]
started to simulate
{'bc_MPS': 'infinite', 'bc': ['periodic', 'periodic'], 'V1': 0.6, 't': -1, 't2': -0.25, 'Lx': 2, 'Ly': 3, 'chi_max': 256, 'Nsec': 3, 'ktot': np.int64(0), 'saveAll': False, 'Delta': 0, 'phi_ext': np.float64(2.3000000000000003), 'explicit_plus_hc': False, 'N_rings': 2, 'xy_lattice': 'Square', 'ring_order': None, 'conserve_k': True, 'sort_mpo_legs': False}
3
[1.57079633 3.14159265 0.        ] 0
[-1.57079633  3.14159265  3.14159265] 1
[1.57079633 3.14159265 0.        ] 0
[-1.57079633  3.14159265  3.14159265] 1
[1.57079633 3.14159265 0.        ] 0
[-1.57079633  3.14159265  3.14159265] 1
created model
loaded psi
momentum of initial state: 0 , particle number of initial state: 3
starting drmg run
E= -0.8856228835752518
max bond dimension= 256
[2.04860749 0.28504136]
started to simulate
{'bc_MPS': 'infinite', 'bc': ['periodic', 'periodic'], 'V1': 0.6, 't': -1, 't2': -0.25, 'Lx': 2, 'Ly': 3, 'chi_max': 256, 'Nsec': 3, 'ktot': np.int64(0), 'saveAll': False, 'Delta': 0, 'phi_ext': np.float64(2.35), 'explicit_plus_hc': False, 'N_rings': 2, 'xy_lattice': 'Square', 'ring_order': None, 'conserve_k': True, 'sort_mpo_legs': False}
3
[1.57079633 3.14159265 0.        ] 0
[-1.57079633  3.14159265  3.14159265] 1
[1.57079633 3.14159265 0.        ] 0
[-1.57079633  3.14159265  3.14159265] 1
[1.57079633 3.14159265 0.        ] 0
[-1.57079633  3.14159265  3.14159265] 1
created model
loaded psi
momentum of initial state: 0 , particle number of initial state: 3
starting drmg run
E= -0.8856057243944188
max bond dimension= 256
[2.09735368 0.29314561]
started to simulate
{'bc_MPS': 'infinite', 'bc': ['periodic', 'periodic'], 'V1': 0.6, 't': -1, 't2': -0.25, 'Lx': 2, 'Ly': 3, 'chi_max': 256, 'Nsec': 3, 'ktot': np.int64(0), 'saveAll': False, 'Delta': 0, 'phi_ext': np.float64(2.4000000000000004), 'explicit_plus_hc': False, 'N_rings': 2, 'xy_lattice': 'Square', 'ring_order': None, 'conserve_k': True, 'sort_mpo_legs': False}
3
[1.57079633 3.14159265 0.        ] 0
[-1.57079633  3.14159265  3.14159265] 1
[1.57079633 3.14159265 0.        ] 0
[-1.57079633  3.14159265  3.14159265] 1
[1.57079633 3.14159265 0.        ] 0
[-1.57079633  3.14159265  3.14159265] 1
created model
loaded psi
momentum of initial state: 0 , particle number of initial state: 3
starting drmg run
E= -0.8855845151446999
max bond dimension= 256
[2.14636294 0.30651027]
started to simulate
{'bc_MPS': 'infinite', 'bc': ['periodic', 'periodic'], 'V1': 0.6, 't': -1, 't2': -0.25, 'Lx': 2, 'Ly': 3, 'chi_max': 256, 'Nsec': 3, 'ktot': np.int64(0), 'saveAll': False, 'Delta': 0, 'phi_ext': np.float64(2.45), 'explicit_plus_hc': False, 'N_rings': 2, 'xy_lattice': 'Square', 'ring_order': None, 'conserve_k': True, 'sort_mpo_legs': False}
3
[1.57079633 3.14159265 0.        ] 0
[-1.57079633  3.14159265  3.14159265] 1
[1.57079633 3.14159265 0.        ] 0
[-1.57079633  3.14159265  3.14159265] 1
[1.57079633 3.14159265 0.        ] 0
[-1.57079633  3.14159265  3.14159265] 1
created model
loaded psi
momentum of initial state: 0 , particle number of initial state: 3
starting drmg run
E= -0.8855673570402397
max bond dimension= 256
[2.19573264 0.32491441]
started to simulate
{'bc_MPS': 'infinite', 'bc': ['periodic', 'periodic'], 'V1': 0.6, 't': -1, 't2': -0.25, 'Lx': 2, 'Ly': 3, 'chi_max': 256, 'Nsec': 3, 'ktot': np.int64(0), 'saveAll': False, 'Delta': 0, 'phi_ext': np.float64(2.5), 'explicit_plus_hc': False, 'N_rings': 2, 'xy_lattice': 'Square', 'ring_order': None, 'conserve_k': True, 'sort_mpo_legs': False}
3
[1.57079633 3.14159265 0.        ] 0
[-1.57079633  3.14159265  3.14159265] 1
[1.57079633 3.14159265 0.        ] 0
[-1.57079633  3.14159265  3.14159265] 1
[1.57079633 3.14159265 0.        ] 0
[-1.57079633  3.14159265  3.14159265] 1
created model
loaded psi
momentum of initial state: 0 , particle number of initial state: 3
starting drmg run
E= -0.885560803354925
max bond dimension= 256
[2.24552322 0.3480377 ]
started to simulate
{'bc_MPS': 'infinite', 'bc': ['periodic', 'periodic'], 'V1': 0.6, 't': -1, 't2': -0.25, 'Lx': 2, 'Ly': 3, 'chi_max': 256, 'Nsec': 3, 'ktot': np.int64(0), 'saveAll': False, 'Delta': 0, 'phi_ext': np.float64(2.5500000000000003), 'explicit_plus_hc': False, 'N_rings': 2, 'xy_lattice': 'Square', 'ring_order': None, 'conserve_k': True, 'sort_mpo_legs': False}
3
[1.57079633 3.14159265 0.        ] 0
[-1.57079633  3.14159265  3.14159265] 1
[1.57079633 3.14159265 0.        ] 0
[-1.57079633  3.14159265  3.14159265] 1
[1.57079633 3.14159265 0.        ] 0
[-1.57079633  3.14159265  3.14159265] 1
created model
loaded psi
momentum of initial state: 0 , particle number of initial state: 3
starting drmg run
E= -0.885567357040325
max bond dimension= 256
[2.29575263 0.37545644]
started to simulate
{'bc_MPS': 'infinite', 'bc': ['periodic', 'periodic'], 'V1': 0.6, 't': -1, 't2': -0.25, 'Lx': 2, 'Ly': 3, 'chi_max': 256, 'Nsec': 3, 'ktot': np.int64(0), 'saveAll': False, 'Delta': 0, 'phi_ext': np.float64(2.6), 'explicit_plus_hc': False, 'N_rings': 2, 'xy_lattice': 'Square', 'ring_order': None, 'conserve_k': True, 'sort_mpo_legs': False}
3
[1.57079633 3.14159265 0.        ] 0
[-1.57079633  3.14159265  3.14159265] 1
[1.57079633 3.14159265 0.        ] 0
[-1.57079633  3.14159265  3.14159265] 1
[1.57079633 3.14159265 0.        ] 0
[-1.57079633  3.14159265  3.14159265] 1
created model
loaded psi
momentum of initial state: 0 , particle number of initial state: 3
starting drmg run
E= -0.8855845151448847
max bond dimension= 256
[2.34639533 0.4066462 ]
started to simulate
{'bc_MPS': 'infinite', 'bc': ['periodic', 'periodic'], 'V1': 0.6, 't': -1, 't2': -0.25, 'Lx': 2, 'Ly': 3, 'chi_max': 256, 'Nsec': 3, 'ktot': np.int64(0), 'saveAll': False, 'Delta': 0, 'phi_ext': np.float64(2.6500000000000004), 'explicit_plus_hc': False, 'N_rings': 2, 'xy_lattice': 'Square', 'ring_order': None, 'conserve_k': True, 'sort_mpo_legs': False}
3
[1.57079633 3.14159265 0.        ] 0
[-1.57079633  3.14159265  3.14159265] 1
[1.57079633 3.14159265 0.        ] 0
[-1.57079633  3.14159265  3.14159265] 1
[1.57079633 3.14159265 0.        ] 0
[-1.57079633  3.14159265  3.14159265] 1
created model
loaded psi
momentum of initial state: 0 , particle number of initial state: 3
starting drmg run
E= -0.885605724394433
max bond dimension= 256
[2.3973861  0.44099276]
started to simulate
{'bc_MPS': 'infinite', 'bc': ['periodic', 'periodic'], 'V1': 0.6, 't': -1, 't2': -0.25, 'Lx': 2, 'Ly': 3, 'chi_max': 256, 'Nsec': 3, 'ktot': np.int64(0), 'saveAll': False, 'Delta': 0, 'phi_ext': np.float64(2.7), 'explicit_plus_hc': False, 'N_rings': 2, 'xy_lattice': 'Square', 'ring_order': None, 'conserve_k': True, 'sort_mpo_legs': False}
3
[1.57079633 3.14159265 0.        ] 0
[-1.57079633  3.14159265  3.14159265] 1
[1.57079633 3.14159265 0.        ] 0
[-1.57079633  3.14159265  3.14159265] 1
[1.57079633 3.14159265 0.        ] 0
[-1.57079633  3.14159265  3.14159265] 1
created model
loaded psi
momentum of initial state: 0 , particle number of initial state: 3
starting drmg run
E= -0.8856228835756875
max bond dimension= 256
[2.44862755 0.47781143]
started to simulate
{'bc_MPS': 'infinite', 'bc': ['periodic', 'periodic'], 'V1': 0.6, 't': -1, 't2': -0.25, 'Lx': 2, 'Ly': 3, 'chi_max': 256, 'Nsec': 3, 'ktot': np.int64(0), 'saveAll': False, 'Delta': 0, 'phi_ext': np.float64(2.75), 'explicit_plus_hc': False, 'N_rings': 2, 'xy_lattice': 'Square', 'ring_order': None, 'conserve_k': True, 'sort_mpo_legs': False}
3
[1.57079633 3.14159265 0.        ] 0
[-1.57079633  3.14159265  3.14159265] 1
[1.57079633 3.14159265 0.        ] 0
[-1.57079633  3.14159265  3.14159265] 1
[1.57079633 3.14159265 0.        ] 0
[-1.57079633  3.14159265  3.14159265] 1
created model
loaded psi
momentum of initial state: 0 , particle number of initial state: 3
starting drmg run
E= -0.8856294379278703
max bond dimension= 256
[2.5        0.51637283]
started to simulate
{'bc_MPS': 'infinite', 'bc': ['periodic', 'periodic'], 'V1': 0.6, 't': -1, 't2': -0.25, 'Lx': 2, 'Ly': 3, 'chi_max': 256, 'Nsec': 3, 'ktot': np.int64(0), 'saveAll': False, 'Delta': 0, 'phi_ext': np.float64(2.8000000000000003), 'explicit_plus_hc': False, 'N_rings': 2, 'xy_lattice': 'Square', 'ring_order': None, 'conserve_k': True, 'sort_mpo_legs': False}
3
[1.57079633 3.14159265 0.        ] 0
[-1.57079633  3.14159265  3.14159265] 1
[1.57079633 3.14159265 0.        ] 0
[-1.57079633  3.14159265  3.14159265] 1
[1.57079633 3.14159265 0.        ] 0
[-1.57079633  3.14159265  3.14159265] 1
created model
loaded psi
momentum of initial state: 0 , particle number of initial state: 3
starting drmg run
E= -0.8856228835758108
max bond dimension= 256
[2.55137245 0.55593207]
started to simulate
{'bc_MPS': 'infinite', 'bc': ['periodic', 'periodic'], 'V1': 0.6, 't': -1, 't2': -0.25, 'Lx': 2, 'Ly': 3, 'chi_max': 256, 'Nsec': 3, 'ktot': np.int64(0), 'saveAll': False, 'Delta': 0, 'phi_ext': np.float64(2.85), 'explicit_plus_hc': False, 'N_rings': 2, 'xy_lattice': 'Square', 'ring_order': None, 'conserve_k': True, 'sort_mpo_legs': False}
3
[1.57079633 3.14159265 0.        ] 0
[-1.57079633  3.14159265  3.14159265] 1
[1.57079633 3.14159265 0.        ] 0
[-1.57079633  3.14159265  3.14159265] 1
[1.57079633 3.14159265 0.        ] 0
[-1.57079633  3.14159265  3.14159265] 1
created model
loaded psi
momentum of initial state: 0 , particle number of initial state: 3
starting drmg run
E= -0.8856057243948877
max bond dimension= 256
[2.6026139  0.59575897]
started to simulate
{'bc_MPS': 'infinite', 'bc': ['periodic', 'periodic'], 'V1': 0.6, 't': -1, 't2': -0.25, 'Lx': 2, 'Ly': 3, 'chi_max': 256, 'Nsec': 3, 'ktot': np.int64(0), 'saveAll': False, 'Delta': 0, 'phi_ext': np.float64(2.9000000000000004), 'explicit_plus_hc': False, 'N_rings': 2, 'xy_lattice': 'Square', 'ring_order': None, 'conserve_k': True, 'sort_mpo_legs': False}
3
[1.57079633 3.14159265 0.        ] 0
[-1.57079633  3.14159265  3.14159265] 1
[1.57079633 3.14159265 0.        ] 0
[-1.57079633  3.14159265  3.14159265] 1
[1.57079633 3.14159265 0.        ] 0
[-1.57079633  3.14159265  3.14159265] 1
created model
loaded psi
momentum of initial state: 0 , particle number of initial state: 3
starting drmg run
E= -0.8855845151448326
max bond dimension= 256
[2.65360467 0.6351668 ]
started to simulate
{'bc_MPS': 'infinite', 'bc': ['periodic', 'periodic'], 'V1': 0.6, 't': -1, 't2': -0.25, 'Lx': 2, 'Ly': 3, 'chi_max': 256, 'Nsec': 3, 'ktot': np.int64(0), 'saveAll': False, 'Delta': 0, 'phi_ext': np.float64(2.95), 'explicit_plus_hc': False, 'N_rings': 2, 'xy_lattice': 'Square', 'ring_order': None, 'conserve_k': True, 'sort_mpo_legs': False}
3
[1.57079633 3.14159265 0.        ] 0
[-1.57079633  3.14159265  3.14159265] 1
[1.57079633 3.14159265 0.        ] 0
[-1.57079633  3.14159265  3.14159265] 1
[1.57079633 3.14159265 0.        ] 0
[-1.57079633  3.14159265  3.14159265] 1
created model
loaded psi
momentum of initial state: 0 , particle number of initial state: 3
starting drmg run
E= -0.8855673570405097
max bond dimension= 256
[2.70424737 0.6735377 ]
started to simulate
{'bc_MPS': 'infinite', 'bc': ['periodic', 'periodic'], 'V1': 0.6, 't': -1, 't2': -0.25, 'Lx': 2, 'Ly': 3, 'chi_max': 256, 'Nsec': 3, 'ktot': np.int64(0), 'saveAll': False, 'Delta': 0, 'phi_ext': np.float64(3.0), 'explicit_plus_hc': False, 'N_rings': 2, 'xy_lattice': 'Square', 'ring_order': None, 'conserve_k': True, 'sort_mpo_legs': False}
3
[1.57079633 3.14159265 0.        ] 0
[-1.57079633  3.14159265  3.14159265] 1
[1.57079633 3.14159265 0.        ] 0
[-1.57079633  3.14159265  3.14159265] 1
[1.57079633 3.14159265 0.        ] 0
[-1.57079633  3.14159265  3.14159265] 1
created model
loaded psi
momentum of initial state: 0 , particle number of initial state: 3
starting drmg run
E= -0.8855608033552329
max bond dimension= 256
[2.75447678 0.71034277]
finished at Sat 25 Oct 19:56:22 CEST 2025
