Running task 1 specified in logfiles/cpump_ML_01.config.pkl on curie48 at Sat 25 Oct 19:32:20 CEST 2025 with 6 threads
INFO:tenpy.tools.params:MixedHofstadterLandauGauge_Pi_2: reading 'Lx'=2
INFO:tenpy.tools.params:MixedHofstadterLandauGauge_Pi_2: setting 'N_rings'=2
INFO:tenpy.tools.params:MixedHofstadterLandauGauge_Pi_2: reading 'Ly'=3
INFO:tenpy.tools.params:MixedHofstadterLandauGauge_Pi_2: reading 'bc_MPS'='infinite'
INFO:tenpy.tools.params:MixedHofstadterLandauGauge_Pi_2: reading 't'=-1
INFO:tenpy.tools.params:MixedHofstadterLandauGauge_Pi_2: reading 't2'=-0.25
INFO:tenpy.tools.params:MixedHofstadterLandauGauge_Pi_2: reading 'V1'=0.6
INFO:tenpy.tools.params:MixedHofstadterLandauGauge_Pi_2: reading 'phi_ext'=np.float64(0.0)
/home/t30/kna/ge54yin/Documents/MasterThesisFQHinTMDs/MPS_stuff/MPScalculations/.venv/lib/python3.12/site-packages/tenpy/tools/params.py:232: UserWarning: unused options for config MixedHofstadterLandauGauge_Pi_2:
['Delta', 'N_rings', 'Nsec', 'bc', 'chi_max', 'ktot', 'saveAll']
  warnings.warn(msg.format(keys=sorted(unused), name=self.name))
INFO:tenpy.tools.params:DMRG: subconfig 'trunc_params'=Config(<1 options>, 'trunc_params')
INFO:tenpy.tools.params:DMRG: reading 'chi_list'={0: 256}
INFO:tenpy.algorithms.mps_common:start environment_sweep
INFO:tenpy.tools.params:trunc_params: reading 'chi_max'=256
INFO:tenpy.tools.params:DMRG: reading 'mixer'=True
INFO:tenpy.algorithms.mps_common:activate DensityMatrixMixer with initial amplitude 1e-05
INFO:tenpy.tools.params:DMRG: reading 'max_sweeps'=250
INFO:tenpy.algorithms.dmrg:Running sweep with optimization
INFO:tenpy.algorithms.mps_common:Setting chi_max=256
INFO:tenpy.algorithms.mps_common:activate DensityMatrixMixer with initial amplitude 1e-05
INFO:tenpy.algorithms.mps_common:start environment_sweep
INFO:tenpy.algorithms.dmrg:checkpoint after sweep 10
energy=0.2324722701776606, max S=1.9103374061660932, age=198, norm_err=9.5e-02
Current memory usage 175.1MB, wall time: 78.3s
Delta E = nan, Delta S = 1.8281e-01 (per sweep)
max trunc_err = 6.2638e-08, max E_trunc = -1.4625e-08
chi: [256, 256, 256, 256, 256, 256]
================================================================================
INFO:tenpy.algorithms.dmrg:Running sweep with optimization
INFO:tenpy.algorithms.mps_common:start environment_sweep
INFO:tenpy.algorithms.dmrg:checkpoint after sweep 20
energy=-0.4160410679151430, max S=0.3343925839100342, age=378, norm_err=3.5e-10
Current memory usage 179.5MB, wall time: 52.6s
Delta E = -6.4851e-02, Delta S = -1.5155e-01 (per sweep)
max trunc_err = 5.2611e-12, max E_trunc = 2.6617e-11
chi: [256, 256, 256, 256, 256, 256]
================================================================================
INFO:tenpy.algorithms.dmrg:Running sweep with optimization
INFO:tenpy.algorithms.mps_common:start environment_sweep
INFO:tenpy.algorithms.dmrg:checkpoint after sweep 30
energy=-0.4160410679766879, max S=0.3343792112907435, age=558, norm_err=2.2e-11
Current memory usage 179.5MB, wall time: 28.2s
Delta E = -6.1545e-12, Delta S = -1.4872e-06 (per sweep)
max trunc_err = 2.3158e-12, max E_trunc = 1.2790e-11
chi: [256, 256, 256, 256, 256, 256]
================================================================================
INFO:tenpy.algorithms.mps_common:TwoSiteDMRGEngine: Convergence criterion reached with enabled mixer. Disable mixer and continue.
INFO:tenpy.algorithms.mps_common:deactivate DensityMatrixMixer with final amplitude 1.9531249999999995e-08
INFO:tenpy.algorithms.dmrg:Running sweep with optimization
INFO:tenpy.algorithms.mps_common:start environment_sweep
INFO:tenpy.algorithms.dmrg:checkpoint after sweep 40
energy=-0.4160410679923530, max S=0.3343794715669047, age=738, norm_err=1.4e-12
Current memory usage 179.5MB, wall time: 15.7s
Delta E = -1.5665e-12, Delta S = -2.0863e-08 (per sweep)
max trunc_err = 4.6230e-13, max E_trunc = 5.0022e-12
chi: [256, 256, 256, 256, 256, 256]
================================================================================
INFO:tenpy.algorithms.dmrg:TwoSiteDMRGEngine finished after 40 sweeps, max chi=256
INFO:tenpy.tools.params:MixedHofstadterLandauGauge_Pi_2: reading 'explicit_plus_hc'=False
INFO:tenpy.tools.params:MixedHofstadterLandauGauge_Pi_2: reading 'Lx'=2
INFO:tenpy.tools.params:MixedHofstadterLandauGauge_Pi_2: setting 'N_rings'=2
INFO:tenpy.tools.params:MixedHofstadterLandauGauge_Pi_2: reading 'xy_lattice'='Square'
INFO:tenpy.tools.params:MixedHofstadterLandauGauge_Pi_2: reading 'Ly'=3
INFO:tenpy.tools.params:MixedHofstadterLandauGauge_Pi_2: reading 'ring_order'=None
INFO:tenpy.tools.params:MixedHofstadterLandauGauge_Pi_2: reading 'conserve_k'=True
INFO:tenpy.tools.params:MixedHofstadterLandauGauge_Pi_2: reading 'bc_MPS'='infinite'
INFO:tenpy.tools.params:MixedHofstadterLandauGauge_Pi_2: reading 't'=-1
INFO:tenpy.tools.params:MixedHofstadterLandauGauge_Pi_2: reading 't2'=-0.25
INFO:tenpy.tools.params:MixedHofstadterLandauGauge_Pi_2: reading 'V1'=0.6
INFO:tenpy.tools.params:MixedHofstadterLandauGauge_Pi_2: reading 'phi_ext'=np.float64(0.05)
INFO:tenpy.tools.params:MixedHofstadterLandauGauge_Pi_2: reading 'sort_mpo_legs'=False
/home/t30/kna/ge54yin/Documents/MasterThesisFQHinTMDs/MPS_stuff/MPScalculations/.venv/lib/python3.12/site-packages/tenpy/tools/params.py:232: UserWarning: unused options for config MixedHofstadterLandauGauge_Pi_2:
['Delta', 'N_rings', 'Nsec', 'bc', 'chi_max', 'ktot', 'saveAll']
  warnings.warn(msg.format(keys=sorted(unused), name=self.name))
INFO:tenpy.tools.params:DMRG: subconfig 'trunc_params'=Config(<1 options>, 'trunc_params')
INFO:tenpy.algorithms.mps_common:start environment_sweep
INFO:tenpy.tools.params:trunc_params: reading 'chi_max'=256
INFO:tenpy.tools.params:DMRG: subconfig 'mixer_params'=Config(<1 options>, 'mixer_params')
INFO:tenpy.tools.params:DMRG: reading 'mixer'=None
INFO:tenpy.tools.params:DMRG: reading 'max_sweeps'=100
INFO:tenpy.algorithms.dmrg:Running sweep with optimization
INFO:tenpy.algorithms.mps_common:start environment_sweep
INFO:tenpy.algorithms.dmrg:checkpoint after sweep 10
energy=-0.4159656638502843, max S=0.3667667530053315, age=198, norm_err=2.7e-14
Current memory usage 205.9MB, wall time: 37.4s
Delta E = nan, Delta S = 4.0769e-04 (per sweep)
max trunc_err = 8.1377e-13, max E_trunc = 6.6791e-12
chi: [256, 256, 256, 256, 256, 256]
================================================================================
INFO:tenpy.algorithms.dmrg:Running sweep with optimization
INFO:tenpy.algorithms.mps_common:start environment_sweep
INFO:tenpy.algorithms.dmrg:checkpoint after sweep 20
energy=-0.4159656638503790, max S=0.3667667522775482, age=378, norm_err=2.3e-14
Current memory usage 205.9MB, wall time: 15.8s
Delta E = -9.4758e-15, Delta S = -9.0479e-11 (per sweep)
max trunc_err = 6.6590e-13, max E_trunc = 5.9828e-12
chi: [256, 256, 256, 256, 256, 256]
================================================================================
INFO:tenpy.algorithms.dmrg:TwoSiteDMRGEngine finished after 20 sweeps, max chi=256
INFO:tenpy.tools.params:MixedHofstadterLandauGauge_Pi_2: reading 'explicit_plus_hc'=False
INFO:tenpy.tools.params:MixedHofstadterLandauGauge_Pi_2: reading 'Lx'=2
INFO:tenpy.tools.params:MixedHofstadterLandauGauge_Pi_2: setting 'N_rings'=2
INFO:tenpy.tools.params:MixedHofstadterLandauGauge_Pi_2: reading 'xy_lattice'='Square'
INFO:tenpy.tools.params:MixedHofstadterLandauGauge_Pi_2: reading 'Ly'=3
INFO:tenpy.tools.params:MixedHofstadterLandauGauge_Pi_2: reading 'ring_order'=None
INFO:tenpy.tools.params:MixedHofstadterLandauGauge_Pi_2: reading 'conserve_k'=True
INFO:tenpy.tools.params:MixedHofstadterLandauGauge_Pi_2: reading 'bc_MPS'='infinite'
INFO:tenpy.tools.params:MixedHofstadterLandauGauge_Pi_2: reading 't'=-1
INFO:tenpy.tools.params:MixedHofstadterLandauGauge_Pi_2: reading 't2'=-0.25
INFO:tenpy.tools.params:MixedHofstadterLandauGauge_Pi_2: reading 'V1'=0.6
INFO:tenpy.tools.params:MixedHofstadterLandauGauge_Pi_2: reading 'phi_ext'=np.float64(0.1)
INFO:tenpy.tools.params:MixedHofstadterLandauGauge_Pi_2: reading 'sort_mpo_legs'=False
/home/t30/kna/ge54yin/Documents/MasterThesisFQHinTMDs/MPS_stuff/MPScalculations/.venv/lib/python3.12/site-packages/tenpy/tools/params.py:232: UserWarning: unused options for config MixedHofstadterLandauGauge_Pi_2:
['Delta', 'N_rings', 'Nsec', 'bc', 'chi_max', 'ktot', 'saveAll']
  warnings.warn(msg.format(keys=sorted(unused), name=self.name))
INFO:tenpy.tools.params:DMRG: reading 'active_sites'=2
INFO:tenpy.tools.params:DMRG: reading 'diag_method'='default'
INFO:tenpy.tools.params:DMRG: subconfig 'trunc_params'=Config(<5 options>, 'trunc_params')
INFO:tenpy.tools.params:DMRG: reading 'max_N_sites_per_ring'=18
INFO:tenpy.tools.params:DMRG: reading 'combine'=False
INFO:tenpy.tools.params:DMRG: subconfig 'lanczos_params'=Config(<9 options>, 'lanczos_params')
INFO:tenpy.tools.params:DMRG: reading 'chi_list'=None
INFO:tenpy.tools.params:DMRG: reading 'start_env'=1
INFO:tenpy.algorithms.mps_common:start environment_sweep
INFO:tenpy.tools.params:DMRG: reading 'N_sweeps_check'=10
INFO:tenpy.tools.params:DMRG: subconfig 'mixer_params'=Config(<3 options>, 'mixer_params')
INFO:tenpy.tools.params:DMRG: reading 'mixer'=None
INFO:tenpy.tools.params:DMRG: reading 'max_sweeps'=100
INFO:tenpy.tools.params:DMRG: reading 'max_hours'=8760
INFO:tenpy.tools.params:DMRG: reading 'P_tol_to_trunc'=0.05
INFO:tenpy.tools.params:DMRG: reading 'P_tol_min'=5.0000000000000004e-30
INFO:tenpy.tools.params:DMRG: reading 'P_tol_max'=0.0001
INFO:tenpy.tools.params:DMRG: reading 'E_tol_to_trunc'=None
INFO:tenpy.algorithms.dmrg:Running sweep with optimization
INFO:tenpy.tools.params:DMRG: reading 'max_N_for_ED'=400
INFO:tenpy.tools.params:DMRG: reading 'update_env'=5
INFO:tenpy.algorithms.mps_common:start environment_sweep
INFO:tenpy.algorithms.dmrg:checkpoint after sweep 10
energy=-0.4157456776233595, max S=0.4073754747545916, age=198, norm_err=1.7e-13
Current memory usage 212.2MB, wall time: 28.6s
Delta E = nan, Delta S = 1.2092e-03 (per sweep)
max trunc_err = 6.5349e-13, max E_trunc = 5.7128e-12
chi: [256, 256, 256, 256, 256, 256]
================================================================================
INFO:tenpy.algorithms.dmrg:Running sweep with optimization
INFO:tenpy.algorithms.mps_common:start environment_sweep
INFO:tenpy.algorithms.dmrg:checkpoint after sweep 20
energy=-0.4157456776233630, max S=0.4073754815379796, age=378, norm_err=4.3e-14
Current memory usage 212.2MB, wall time: 16.3s
Delta E = -3.5527e-16, Delta S = 6.4564e-10 (per sweep)
max trunc_err = 6.5997e-13, max E_trunc = 5.6559e-12
chi: [256, 256, 256, 256, 256, 256]
================================================================================
INFO:tenpy.tools.params:DMRG: reading 'max_E_err'=1e-08
INFO:tenpy.tools.params:DMRG: reading 'max_S_err'=1e-05
INFO:tenpy.tools.params:DMRG: reading 'norm_tol'=1e-05
INFO:tenpy.tools.params:DMRG: reading 'norm_tol_final'=1e-10
INFO:tenpy.tools.params:DMRG: reading 'norm_tol_iter'=5
INFO:tenpy.algorithms.dmrg:TwoSiteDMRGEngine finished after 20 sweeps, max chi=256
INFO:tenpy.tools.params:DMRG: reading 'max_trunc_err'=0.0001
INFO:tenpy.tools.params:MixedHofstadterLandauGauge_Pi_2: reading 'explicit_plus_hc'=False
INFO:tenpy.tools.params:MixedHofstadterLandauGauge_Pi_2: reading 'Lx'=2
INFO:tenpy.tools.params:MixedHofstadterLandauGauge_Pi_2: setting 'N_rings'=2
INFO:tenpy.tools.params:MixedHofstadterLandauGauge_Pi_2: reading 'xy_lattice'='Square'
INFO:tenpy.tools.params:MixedHofstadterLandauGauge_Pi_2: reading 'Ly'=3
INFO:tenpy.tools.params:MixedHofstadterLandauGauge_Pi_2: reading 'ring_order'=None
INFO:tenpy.tools.params:MixedHofstadterLandauGauge_Pi_2: reading 'conserve_k'=True
INFO:tenpy.tools.params:MixedHofstadterLandauGauge_Pi_2: reading 'bc_MPS'='infinite'
INFO:tenpy.tools.params:MixedHofstadterLandauGauge_Pi_2: reading 't'=-1
INFO:tenpy.tools.params:MixedHofstadterLandauGauge_Pi_2: reading 't2'=-0.25
INFO:tenpy.tools.params:MixedHofstadterLandauGauge_Pi_2: reading 'V1'=0.6
INFO:tenpy.tools.params:MixedHofstadterLandauGauge_Pi_2: reading 'phi_ext'=np.float64(0.15000000000000002)
INFO:tenpy.tools.params:MixedHofstadterLandauGauge_Pi_2: reading 'sort_mpo_legs'=False
/home/t30/kna/ge54yin/Documents/MasterThesisFQHinTMDs/MPS_stuff/MPScalculations/.venv/lib/python3.12/site-packages/tenpy/tools/params.py:232: UserWarning: unused options for config MixedHofstadterLandauGauge_Pi_2:
['Delta', 'N_rings', 'Nsec', 'bc', 'chi_max', 'ktot', 'saveAll']
  warnings.warn(msg.format(keys=sorted(unused), name=self.name))
INFO:tenpy.tools.params:DMRG: reading 'active_sites'=2
INFO:tenpy.tools.params:DMRG: reading 'diag_method'='default'
INFO:tenpy.tools.params:DMRG: subconfig 'trunc_params'=Config(<5 options>, 'trunc_params')
INFO:tenpy.tools.params:DMRG: reading 'max_N_sites_per_ring'=18
INFO:tenpy.tools.params:DMRG: reading 'combine'=False
INFO:tenpy.tools.params:DMRG: subconfig 'lanczos_params'=Config(<9 options>, 'lanczos_params')
INFO:tenpy.tools.params:DMRG: reading 'chi_list'=None
INFO:tenpy.tools.params:DMRG: reading 'start_env'=1
INFO:tenpy.algorithms.mps_common:start environment_sweep
INFO:tenpy.tools.params:DMRG: reading 'N_sweeps_check'=10
INFO:tenpy.tools.params:DMRG: subconfig 'mixer_params'=Config(<3 options>, 'mixer_params')
INFO:tenpy.tools.params:DMRG: reading 'mixer'=None
INFO:tenpy.tools.params:DMRG: reading 'max_sweeps'=100
INFO:tenpy.tools.params:DMRG: reading 'max_hours'=8760
INFO:tenpy.tools.params:DMRG: reading 'P_tol_to_trunc'=0.05
INFO:tenpy.tools.params:DMRG: reading 'P_tol_min'=5.0000000000000004e-30
INFO:tenpy.tools.params:DMRG: reading 'P_tol_max'=0.0001
INFO:tenpy.tools.params:DMRG: reading 'E_tol_to_trunc'=None
INFO:tenpy.algorithms.dmrg:Running sweep with optimization
INFO:tenpy.tools.params:DMRG: reading 'max_N_for_ED'=400
INFO:tenpy.tools.params:DMRG: reading 'update_env'=5
INFO:tenpy.algorithms.mps_common:start environment_sweep
INFO:tenpy.algorithms.dmrg:checkpoint after sweep 10
energy=-0.4153999489980009, max S=0.4602935403710260, age=198, norm_err=2.5e-14
Current memory usage 212.2MB, wall time: 29.8s
Delta E = nan, Delta S = 2.0867e-03 (per sweep)
max trunc_err = 7.0904e-13, max E_trunc = 6.0894e-12
chi: [256, 256, 256, 256, 256, 256]
================================================================================
INFO:tenpy.algorithms.dmrg:Running sweep with optimization
INFO:tenpy.algorithms.mps_common:start environment_sweep
INFO:tenpy.algorithms.dmrg:checkpoint after sweep 20
energy=-0.4153999489979796, max S=0.4602935379264690, age=378, norm_err=4.1e-14
Current memory usage 212.2MB, wall time: 16.7s
Delta E = 2.1316e-15, Delta S = -2.6501e-10 (per sweep)
max trunc_err = 6.9908e-13, max E_trunc = 5.9970e-12
chi: [256, 256, 256, 256, 256, 256]
================================================================================
INFO:tenpy.tools.params:DMRG: reading 'max_E_err'=1e-08
INFO:tenpy.tools.params:DMRG: reading 'max_S_err'=1e-05
INFO:tenpy.tools.params:DMRG: reading 'norm_tol'=1e-05
INFO:tenpy.tools.params:DMRG: reading 'norm_tol_final'=1e-10
INFO:tenpy.tools.params:DMRG: reading 'norm_tol_iter'=5
INFO:tenpy.algorithms.dmrg:TwoSiteDMRGEngine finished after 20 sweeps, max chi=256
INFO:tenpy.tools.params:DMRG: reading 'max_trunc_err'=0.0001
INFO:tenpy.tools.params:MixedHofstadterLandauGauge_Pi_2: reading 'explicit_plus_hc'=False
INFO:tenpy.tools.params:MixedHofstadterLandauGauge_Pi_2: reading 'Lx'=2
INFO:tenpy.tools.params:MixedHofstadterLandauGauge_Pi_2: setting 'N_rings'=2
INFO:tenpy.tools.params:MixedHofstadterLandauGauge_Pi_2: reading 'xy_lattice'='Square'
INFO:tenpy.tools.params:MixedHofstadterLandauGauge_Pi_2: reading 'Ly'=3
INFO:tenpy.tools.params:MixedHofstadterLandauGauge_Pi_2: reading 'ring_order'=None
INFO:tenpy.tools.params:MixedHofstadterLandauGauge_Pi_2: reading 'conserve_k'=True
INFO:tenpy.tools.params:MixedHofstadterLandauGauge_Pi_2: reading 'bc_MPS'='infinite'
INFO:tenpy.tools.params:MixedHofstadterLandauGauge_Pi_2: reading 't'=-1
INFO:tenpy.tools.params:MixedHofstadterLandauGauge_Pi_2: reading 't2'=-0.25
INFO:tenpy.tools.params:MixedHofstadterLandauGauge_Pi_2: reading 'V1'=0.6
INFO:tenpy.tools.params:MixedHofstadterLandauGauge_Pi_2: reading 'phi_ext'=np.float64(0.2)
INFO:tenpy.tools.params:MixedHofstadterLandauGauge_Pi_2: reading 'sort_mpo_legs'=False
/home/t30/kna/ge54yin/Documents/MasterThesisFQHinTMDs/MPS_stuff/MPScalculations/.venv/lib/python3.12/site-packages/tenpy/tools/params.py:232: UserWarning: unused options for config MixedHofstadterLandauGauge_Pi_2:
['Delta', 'N_rings', 'Nsec', 'bc', 'chi_max', 'ktot', 'saveAll']
  warnings.warn(msg.format(keys=sorted(unused), name=self.name))
INFO:tenpy.tools.params:DMRG: reading 'active_sites'=2
INFO:tenpy.tools.params:DMRG: reading 'diag_method'='default'
INFO:tenpy.tools.params:DMRG: subconfig 'trunc_params'=Config(<5 options>, 'trunc_params')
INFO:tenpy.tools.params:DMRG: reading 'max_N_sites_per_ring'=18
INFO:tenpy.tools.params:DMRG: reading 'combine'=False
INFO:tenpy.tools.params:DMRG: subconfig 'lanczos_params'=Config(<9 options>, 'lanczos_params')
INFO:tenpy.tools.params:DMRG: reading 'chi_list'=None
INFO:tenpy.tools.params:DMRG: reading 'start_env'=1
INFO:tenpy.algorithms.mps_common:start environment_sweep
INFO:tenpy.tools.params:DMRG: reading 'N_sweeps_check'=10
INFO:tenpy.tools.params:DMRG: subconfig 'mixer_params'=Config(<3 options>, 'mixer_params')
INFO:tenpy.tools.params:DMRG: reading 'mixer'=None
INFO:tenpy.tools.params:DMRG: reading 'max_sweeps'=100
INFO:tenpy.tools.params:DMRG: reading 'max_hours'=8760
INFO:tenpy.tools.params:DMRG: reading 'P_tol_to_trunc'=0.05
INFO:tenpy.tools.params:DMRG: reading 'P_tol_min'=5.0000000000000004e-30
INFO:tenpy.tools.params:DMRG: reading 'P_tol_max'=0.0001
INFO:tenpy.tools.params:DMRG: reading 'E_tol_to_trunc'=None
INFO:tenpy.algorithms.dmrg:Running sweep with optimization
INFO:tenpy.tools.params:DMRG: reading 'max_N_for_ED'=400
INFO:tenpy.tools.params:DMRG: reading 'update_env'=5
INFO:tenpy.algorithms.mps_common:start environment_sweep
INFO:tenpy.algorithms.dmrg:checkpoint after sweep 10
energy=-0.4149598399406156, max S=0.5226871942705209, age=198, norm_err=2.5e-13
Current memory usage 212.5MB, wall time: 30.6s
Delta E = nan, Delta S = 3.0753e-03 (per sweep)
max trunc_err = 7.6708e-13, max E_trunc = 6.5015e-12
chi: [256, 256, 256, 256, 256, 256]
================================================================================
INFO:tenpy.algorithms.dmrg:Running sweep with optimization
INFO:tenpy.algorithms.mps_common:start environment_sweep
INFO:tenpy.algorithms.dmrg:checkpoint after sweep 20
energy=-0.4149598399406287, max S=0.5226871874157747, age=378, norm_err=1.8e-14
Current memory usage 212.5MB, wall time: 17.0s
Delta E = -1.3045e-15, Delta S = -6.9261e-10 (per sweep)
max trunc_err = 7.6848e-13, max E_trunc = 6.5654e-12
chi: [256, 256, 256, 256, 256, 256]
================================================================================
INFO:tenpy.tools.params:DMRG: reading 'max_E_err'=1e-08
INFO:tenpy.tools.params:DMRG: reading 'max_S_err'=1e-05
INFO:tenpy.tools.params:DMRG: reading 'norm_tol'=1e-05
INFO:tenpy.tools.params:DMRG: reading 'norm_tol_final'=1e-10
INFO:tenpy.tools.params:DMRG: reading 'norm_tol_iter'=5
INFO:tenpy.algorithms.dmrg:TwoSiteDMRGEngine finished after 20 sweeps, max chi=256
INFO:tenpy.tools.params:DMRG: reading 'max_trunc_err'=0.0001
INFO:tenpy.tools.params:MixedHofstadterLandauGauge_Pi_2: reading 'explicit_plus_hc'=False
INFO:tenpy.tools.params:MixedHofstadterLandauGauge_Pi_2: reading 'Lx'=2
INFO:tenpy.tools.params:MixedHofstadterLandauGauge_Pi_2: setting 'N_rings'=2
INFO:tenpy.tools.params:MixedHofstadterLandauGauge_Pi_2: reading 'xy_lattice'='Square'
INFO:tenpy.tools.params:MixedHofstadterLandauGauge_Pi_2: reading 'Ly'=3
INFO:tenpy.tools.params:MixedHofstadterLandauGauge_Pi_2: reading 'ring_order'=None
INFO:tenpy.tools.params:MixedHofstadterLandauGauge_Pi_2: reading 'conserve_k'=True
INFO:tenpy.tools.params:MixedHofstadterLandauGauge_Pi_2: reading 'bc_MPS'='infinite'
INFO:tenpy.tools.params:MixedHofstadterLandauGauge_Pi_2: reading 't'=-1
INFO:tenpy.tools.params:MixedHofstadterLandauGauge_Pi_2: reading 't2'=-0.25
INFO:tenpy.tools.params:MixedHofstadterLandauGauge_Pi_2: reading 'V1'=0.6
INFO:tenpy.tools.params:MixedHofstadterLandauGauge_Pi_2: reading 'phi_ext'=np.float64(0.25)
INFO:tenpy.tools.params:MixedHofstadterLandauGauge_Pi_2: reading 'sort_mpo_legs'=False
/home/t30/kna/ge54yin/Documents/MasterThesisFQHinTMDs/MPS_stuff/MPScalculations/.venv/lib/python3.12/site-packages/tenpy/tools/params.py:232: UserWarning: unused options for config MixedHofstadterLandauGauge_Pi_2:
['Delta', 'N_rings', 'Nsec', 'bc', 'chi_max', 'ktot', 'saveAll']
  warnings.warn(msg.format(keys=sorted(unused), name=self.name))
INFO:tenpy.tools.params:DMRG: reading 'active_sites'=2
INFO:tenpy.tools.params:DMRG: reading 'diag_method'='default'
INFO:tenpy.tools.params:DMRG: subconfig 'trunc_params'=Config(<5 options>, 'trunc_params')
INFO:tenpy.tools.params:DMRG: reading 'max_N_sites_per_ring'=18
INFO:tenpy.tools.params:DMRG: reading 'combine'=False
INFO:tenpy.tools.params:DMRG: subconfig 'lanczos_params'=Config(<9 options>, 'lanczos_params')
INFO:tenpy.tools.params:DMRG: reading 'chi_list'=None
INFO:tenpy.tools.params:DMRG: reading 'start_env'=1
INFO:tenpy.algorithms.mps_common:start environment_sweep
INFO:tenpy.tools.params:DMRG: reading 'N_sweeps_check'=10
INFO:tenpy.tools.params:DMRG: subconfig 'mixer_params'=Config(<3 options>, 'mixer_params')
INFO:tenpy.tools.params:DMRG: reading 'mixer'=None
INFO:tenpy.tools.params:DMRG: reading 'max_sweeps'=100
INFO:tenpy.tools.params:DMRG: reading 'max_hours'=8760
INFO:tenpy.tools.params:DMRG: reading 'P_tol_to_trunc'=0.05
INFO:tenpy.tools.params:DMRG: reading 'P_tol_min'=5.0000000000000004e-30
INFO:tenpy.tools.params:DMRG: reading 'P_tol_max'=0.0001
INFO:tenpy.tools.params:DMRG: reading 'E_tol_to_trunc'=None
INFO:tenpy.algorithms.dmrg:Running sweep with optimization
INFO:tenpy.tools.params:DMRG: reading 'max_N_for_ED'=400
INFO:tenpy.tools.params:DMRG: reading 'update_env'=5
INFO:tenpy.algorithms.mps_common:start environment_sweep
INFO:tenpy.algorithms.dmrg:checkpoint after sweep 10
energy=-0.4144680666714476, max S=0.5952774538960870, age=198, norm_err=1.2e-12
Current memory usage 212.8MB, wall time: 35.0s
Delta E = nan, Delta S = 4.1868e-03 (per sweep)
max trunc_err = 1.5538e-12, max E_trunc = 1.2356e-11
chi: [256, 256, 256, 256, 256, 256]
================================================================================
INFO:tenpy.algorithms.dmrg:Running sweep with optimization
INFO:tenpy.algorithms.mps_common:start environment_sweep
INFO:tenpy.algorithms.dmrg:checkpoint after sweep 20
energy=-0.4144680666714630, max S=0.5952774728944963, age=378, norm_err=3.7e-14
Current memory usage 212.8MB, wall time: 16.4s
Delta E = -1.5432e-15, Delta S = 1.9373e-09 (per sweep)
max trunc_err = 1.2383e-12, max E_trunc = 1.0630e-11
chi: [256, 256, 256, 256, 256, 256]
================================================================================
INFO:tenpy.tools.params:DMRG: reading 'max_E_err'=1e-08
INFO:tenpy.tools.params:DMRG: reading 'max_S_err'=1e-05
INFO:tenpy.tools.params:DMRG: reading 'norm_tol'=1e-05
INFO:tenpy.tools.params:DMRG: reading 'norm_tol_final'=1e-10
INFO:tenpy.tools.params:DMRG: reading 'norm_tol_iter'=5
INFO:tenpy.algorithms.dmrg:TwoSiteDMRGEngine finished after 20 sweeps, max chi=256
INFO:tenpy.tools.params:DMRG: reading 'max_trunc_err'=0.0001
INFO:tenpy.tools.params:MixedHofstadterLandauGauge_Pi_2: reading 'explicit_plus_hc'=False
INFO:tenpy.tools.params:MixedHofstadterLandauGauge_Pi_2: reading 'Lx'=2
INFO:tenpy.tools.params:MixedHofstadterLandauGauge_Pi_2: setting 'N_rings'=2
INFO:tenpy.tools.params:MixedHofstadterLandauGauge_Pi_2: reading 'xy_lattice'='Square'
INFO:tenpy.tools.params:MixedHofstadterLandauGauge_Pi_2: reading 'Ly'=3
INFO:tenpy.tools.params:MixedHofstadterLandauGauge_Pi_2: reading 'ring_order'=None
INFO:tenpy.tools.params:MixedHofstadterLandauGauge_Pi_2: reading 'conserve_k'=True
INFO:tenpy.tools.params:MixedHofstadterLandauGauge_Pi_2: reading 'bc_MPS'='infinite'
INFO:tenpy.tools.params:MixedHofstadterLandauGauge_Pi_2: reading 't'=-1
INFO:tenpy.tools.params:MixedHofstadterLandauGauge_Pi_2: reading 't2'=-0.25
INFO:tenpy.tools.params:MixedHofstadterLandauGauge_Pi_2: reading 'V1'=0.6
INFO:tenpy.tools.params:MixedHofstadterLandauGauge_Pi_2: reading 'phi_ext'=np.float64(0.30000000000000004)
INFO:tenpy.tools.params:MixedHofstadterLandauGauge_Pi_2: reading 'sort_mpo_legs'=False
/home/t30/kna/ge54yin/Documents/MasterThesisFQHinTMDs/MPS_stuff/MPScalculations/.venv/lib/python3.12/site-packages/tenpy/tools/params.py:232: UserWarning: unused options for config MixedHofstadterLandauGauge_Pi_2:
['Delta', 'N_rings', 'Nsec', 'bc', 'chi_max', 'ktot', 'saveAll']
  warnings.warn(msg.format(keys=sorted(unused), name=self.name))
INFO:tenpy.tools.params:DMRG: reading 'active_sites'=2
INFO:tenpy.tools.params:DMRG: reading 'diag_method'='default'
INFO:tenpy.tools.params:DMRG: subconfig 'trunc_params'=Config(<5 options>, 'trunc_params')
INFO:tenpy.tools.params:DMRG: reading 'max_N_sites_per_ring'=18
INFO:tenpy.tools.params:DMRG: reading 'combine'=False
INFO:tenpy.tools.params:DMRG: subconfig 'lanczos_params'=Config(<9 options>, 'lanczos_params')
INFO:tenpy.tools.params:DMRG: reading 'chi_list'=None
INFO:tenpy.tools.params:DMRG: reading 'start_env'=1
INFO:tenpy.algorithms.mps_common:start environment_sweep
INFO:tenpy.tools.params:DMRG: reading 'N_sweeps_check'=10
INFO:tenpy.tools.params:DMRG: subconfig 'mixer_params'=Config(<3 options>, 'mixer_params')
INFO:tenpy.tools.params:DMRG: reading 'mixer'=None
INFO:tenpy.tools.params:DMRG: reading 'max_sweeps'=100
INFO:tenpy.tools.params:DMRG: reading 'max_hours'=8760
INFO:tenpy.tools.params:DMRG: reading 'P_tol_to_trunc'=0.05
INFO:tenpy.tools.params:DMRG: reading 'P_tol_min'=5.0000000000000004e-30
INFO:tenpy.tools.params:DMRG: reading 'P_tol_max'=0.0001
INFO:tenpy.tools.params:DMRG: reading 'E_tol_to_trunc'=None
INFO:tenpy.algorithms.dmrg:Running sweep with optimization
INFO:tenpy.tools.params:DMRG: reading 'max_N_for_ED'=400
INFO:tenpy.tools.params:DMRG: reading 'update_env'=5
INFO:tenpy.algorithms.mps_common:start environment_sweep
INFO:tenpy.algorithms.dmrg:checkpoint after sweep 10
energy=-0.4139742649239437, max S=0.6781930220711626, age=198, norm_err=1.3e-12
Current memory usage 213.0MB, wall time: 38.2s
Delta E = nan, Delta S = 5.3786e-03 (per sweep)
max trunc_err = 3.3192e-12, max E_trunc = 2.6958e-11
chi: [256, 256, 256, 256, 256, 256]
================================================================================
INFO:tenpy.algorithms.dmrg:Running sweep with optimization
INFO:tenpy.algorithms.mps_common:start environment_sweep
INFO:tenpy.algorithms.dmrg:checkpoint after sweep 20
energy=-0.4139742649243772, max S=0.6781930273976808, age=378, norm_err=8.8e-14
Current memory usage 213.0MB, wall time: 16.2s
Delta E = -4.3343e-14, Delta S = 5.3318e-10 (per sweep)
max trunc_err = 2.6760e-12, max E_trunc = 2.3391e-11
chi: [256, 256, 256, 256, 256, 256]
================================================================================
INFO:tenpy.tools.params:DMRG: reading 'max_E_err'=1e-08
INFO:tenpy.tools.params:DMRG: reading 'max_S_err'=1e-05
INFO:tenpy.tools.params:DMRG: reading 'norm_tol'=1e-05
INFO:tenpy.tools.params:DMRG: reading 'norm_tol_final'=1e-10
INFO:tenpy.tools.params:DMRG: reading 'norm_tol_iter'=5
INFO:tenpy.algorithms.dmrg:TwoSiteDMRGEngine finished after 20 sweeps, max chi=256
INFO:tenpy.tools.params:DMRG: reading 'max_trunc_err'=0.0001
INFO:tenpy.tools.params:MixedHofstadterLandauGauge_Pi_2: reading 'explicit_plus_hc'=False
INFO:tenpy.tools.params:MixedHofstadterLandauGauge_Pi_2: reading 'Lx'=2
INFO:tenpy.tools.params:MixedHofstadterLandauGauge_Pi_2: setting 'N_rings'=2
INFO:tenpy.tools.params:MixedHofstadterLandauGauge_Pi_2: reading 'xy_lattice'='Square'
INFO:tenpy.tools.params:MixedHofstadterLandauGauge_Pi_2: reading 'Ly'=3
INFO:tenpy.tools.params:MixedHofstadterLandauGauge_Pi_2: reading 'ring_order'=None
INFO:tenpy.tools.params:MixedHofstadterLandauGauge_Pi_2: reading 'conserve_k'=True
INFO:tenpy.tools.params:MixedHofstadterLandauGauge_Pi_2: reading 'bc_MPS'='infinite'
INFO:tenpy.tools.params:MixedHofstadterLandauGauge_Pi_2: reading 't'=-1
INFO:tenpy.tools.params:MixedHofstadterLandauGauge_Pi_2: reading 't2'=-0.25
INFO:tenpy.tools.params:MixedHofstadterLandauGauge_Pi_2: reading 'V1'=0.6
INFO:tenpy.tools.params:MixedHofstadterLandauGauge_Pi_2: reading 'phi_ext'=np.float64(0.35000000000000003)
INFO:tenpy.tools.params:MixedHofstadterLandauGauge_Pi_2: reading 'sort_mpo_legs'=False
/home/t30/kna/ge54yin/Documents/MasterThesisFQHinTMDs/MPS_stuff/MPScalculations/.venv/lib/python3.12/site-packages/tenpy/tools/params.py:232: UserWarning: unused options for config MixedHofstadterLandauGauge_Pi_2:
['Delta', 'N_rings', 'Nsec', 'bc', 'chi_max', 'ktot', 'saveAll']
  warnings.warn(msg.format(keys=sorted(unused), name=self.name))
INFO:tenpy.tools.params:DMRG: reading 'active_sites'=2
INFO:tenpy.tools.params:DMRG: reading 'diag_method'='default'
INFO:tenpy.tools.params:DMRG: subconfig 'trunc_params'=Config(<5 options>, 'trunc_params')
INFO:tenpy.tools.params:DMRG: reading 'max_N_sites_per_ring'=18
INFO:tenpy.tools.params:DMRG: reading 'combine'=False
INFO:tenpy.tools.params:DMRG: subconfig 'lanczos_params'=Config(<9 options>, 'lanczos_params')
INFO:tenpy.tools.params:DMRG: reading 'chi_list'=None
INFO:tenpy.tools.params:DMRG: reading 'start_env'=1
INFO:tenpy.algorithms.mps_common:start environment_sweep
INFO:tenpy.tools.params:DMRG: reading 'N_sweeps_check'=10
INFO:tenpy.tools.params:DMRG: subconfig 'mixer_params'=Config(<3 options>, 'mixer_params')
INFO:tenpy.tools.params:DMRG: reading 'mixer'=None
INFO:tenpy.tools.params:DMRG: reading 'max_sweeps'=100
INFO:tenpy.tools.params:DMRG: reading 'max_hours'=8760
INFO:tenpy.tools.params:DMRG: reading 'P_tol_to_trunc'=0.05
INFO:tenpy.tools.params:DMRG: reading 'P_tol_min'=5.0000000000000004e-30
INFO:tenpy.tools.params:DMRG: reading 'P_tol_max'=0.0001
INFO:tenpy.tools.params:DMRG: reading 'E_tol_to_trunc'=None
INFO:tenpy.algorithms.dmrg:Running sweep with optimization
INFO:tenpy.tools.params:DMRG: reading 'max_N_for_ED'=400
INFO:tenpy.tools.params:DMRG: reading 'update_env'=5
INFO:tenpy.algorithms.mps_common:start environment_sweep
INFO:tenpy.algorithms.dmrg:checkpoint after sweep 10
energy=-0.4135248921916421, max S=0.7696919082450926, age=198, norm_err=3.9e-12
Current memory usage 213.0MB, wall time: 40.9s
Delta E = nan, Delta S = 6.4834e-03 (per sweep)
max trunc_err = 8.6779e-12, max E_trunc = 6.6478e-11
chi: [256, 256, 256, 256, 256, 256]
================================================================================
INFO:tenpy.algorithms.dmrg:Running sweep with optimization
INFO:tenpy.algorithms.mps_common:start environment_sweep
INFO:tenpy.algorithms.dmrg:checkpoint after sweep 20
energy=-0.4135248921933273, max S=0.7696919074978421, age=378, norm_err=9.4e-13
Current memory usage 213.0MB, wall time: 16.6s
Delta E = -1.6852e-13, Delta S = -1.1860e-10 (per sweep)
max trunc_err = 6.8134e-12, max E_trunc = 5.6531e-11
chi: [256, 256, 256, 256, 256, 256]
================================================================================
INFO:tenpy.tools.params:DMRG: reading 'max_E_err'=1e-08
INFO:tenpy.tools.params:DMRG: reading 'max_S_err'=1e-05
INFO:tenpy.tools.params:DMRG: reading 'norm_tol'=1e-05
INFO:tenpy.tools.params:DMRG: reading 'norm_tol_final'=1e-10
INFO:tenpy.tools.params:DMRG: reading 'norm_tol_iter'=5
INFO:tenpy.algorithms.dmrg:TwoSiteDMRGEngine finished after 20 sweeps, max chi=256
INFO:tenpy.tools.params:DMRG: reading 'max_trunc_err'=0.0001
INFO:tenpy.tools.params:MixedHofstadterLandauGauge_Pi_2: reading 'explicit_plus_hc'=False
INFO:tenpy.tools.params:MixedHofstadterLandauGauge_Pi_2: reading 'Lx'=2
INFO:tenpy.tools.params:MixedHofstadterLandauGauge_Pi_2: setting 'N_rings'=2
INFO:tenpy.tools.params:MixedHofstadterLandauGauge_Pi_2: reading 'xy_lattice'='Square'
INFO:tenpy.tools.params:MixedHofstadterLandauGauge_Pi_2: reading 'Ly'=3
INFO:tenpy.tools.params:MixedHofstadterLandauGauge_Pi_2: reading 'ring_order'=None
INFO:tenpy.tools.params:MixedHofstadterLandauGauge_Pi_2: reading 'conserve_k'=True
INFO:tenpy.tools.params:MixedHofstadterLandauGauge_Pi_2: reading 'bc_MPS'='infinite'
INFO:tenpy.tools.params:MixedHofstadterLandauGauge_Pi_2: reading 't'=-1
INFO:tenpy.tools.params:MixedHofstadterLandauGauge_Pi_2: reading 't2'=-0.25
INFO:tenpy.tools.params:MixedHofstadterLandauGauge_Pi_2: reading 'V1'=0.6
INFO:tenpy.tools.params:MixedHofstadterLandauGauge_Pi_2: reading 'phi_ext'=np.float64(0.4)
INFO:tenpy.tools.params:MixedHofstadterLandauGauge_Pi_2: reading 'sort_mpo_legs'=False
/home/t30/kna/ge54yin/Documents/MasterThesisFQHinTMDs/MPS_stuff/MPScalculations/.venv/lib/python3.12/site-packages/tenpy/tools/params.py:232: UserWarning: unused options for config MixedHofstadterLandauGauge_Pi_2:
['Delta', 'N_rings', 'Nsec', 'bc', 'chi_max', 'ktot', 'saveAll']
  warnings.warn(msg.format(keys=sorted(unused), name=self.name))
INFO:tenpy.tools.params:DMRG: reading 'active_sites'=2
INFO:tenpy.tools.params:DMRG: reading 'diag_method'='default'
INFO:tenpy.tools.params:DMRG: subconfig 'trunc_params'=Config(<5 options>, 'trunc_params')
INFO:tenpy.tools.params:DMRG: reading 'max_N_sites_per_ring'=18
INFO:tenpy.tools.params:DMRG: reading 'combine'=False
INFO:tenpy.tools.params:DMRG: subconfig 'lanczos_params'=Config(<9 options>, 'lanczos_params')
INFO:tenpy.tools.params:DMRG: reading 'chi_list'=None
INFO:tenpy.tools.params:DMRG: reading 'start_env'=1
INFO:tenpy.algorithms.mps_common:start environment_sweep
INFO:tenpy.tools.params:DMRG: reading 'N_sweeps_check'=10
INFO:tenpy.tools.params:DMRG: subconfig 'mixer_params'=Config(<3 options>, 'mixer_params')
INFO:tenpy.tools.params:DMRG: reading 'mixer'=None
INFO:tenpy.tools.params:DMRG: reading 'max_sweeps'=100
INFO:tenpy.tools.params:DMRG: reading 'max_hours'=8760
INFO:tenpy.tools.params:DMRG: reading 'P_tol_to_trunc'=0.05
INFO:tenpy.tools.params:DMRG: reading 'P_tol_min'=5.0000000000000004e-30
INFO:tenpy.tools.params:DMRG: reading 'P_tol_max'=0.0001
INFO:tenpy.tools.params:DMRG: reading 'E_tol_to_trunc'=None
INFO:tenpy.algorithms.dmrg:Running sweep with optimization
INFO:tenpy.tools.params:DMRG: reading 'max_N_for_ED'=400
INFO:tenpy.tools.params:DMRG: reading 'update_env'=5
INFO:tenpy.algorithms.mps_common:start environment_sweep
INFO:tenpy.algorithms.dmrg:checkpoint after sweep 10
energy=-0.4131478665193218, max S=0.8642600485872969, age=198, norm_err=9.2e-11
Current memory usage 214.5MB, wall time: 45.7s
Delta E = nan, Delta S = 7.1203e-03 (per sweep)
max trunc_err = 2.5188e-11, max E_trunc = 1.9664e-10
chi: [256, 256, 256, 256, 256, 256]
================================================================================
INFO:tenpy.algorithms.dmrg:Running sweep with optimization
INFO:tenpy.algorithms.mps_common:start environment_sweep
INFO:tenpy.algorithms.dmrg:checkpoint after sweep 20
energy=-0.4131478665266546, max S=0.8642599661104409, age=378, norm_err=3.6e-12
Current memory usage 214.5MB, wall time: 16.4s
Delta E = -7.3328e-13, Delta S = -8.7095e-09 (per sweep)
max trunc_err = 1.9568e-11, max E_trunc = 1.6517e-10
chi: [256, 256, 256, 256, 256, 256]
================================================================================
INFO:tenpy.tools.params:DMRG: reading 'max_E_err'=1e-08
INFO:tenpy.tools.params:DMRG: reading 'max_S_err'=1e-05
INFO:tenpy.tools.params:DMRG: reading 'norm_tol'=1e-05
INFO:tenpy.tools.params:DMRG: reading 'norm_tol_final'=1e-10
INFO:tenpy.tools.params:DMRG: reading 'norm_tol_iter'=5
INFO:tenpy.algorithms.dmrg:TwoSiteDMRGEngine finished after 20 sweeps, max chi=256
INFO:tenpy.tools.params:DMRG: reading 'max_trunc_err'=0.0001
INFO:tenpy.tools.params:MixedHofstadterLandauGauge_Pi_2: reading 'explicit_plus_hc'=False
INFO:tenpy.tools.params:MixedHofstadterLandauGauge_Pi_2: reading 'Lx'=2
INFO:tenpy.tools.params:MixedHofstadterLandauGauge_Pi_2: setting 'N_rings'=2
INFO:tenpy.tools.params:MixedHofstadterLandauGauge_Pi_2: reading 'xy_lattice'='Square'
INFO:tenpy.tools.params:MixedHofstadterLandauGauge_Pi_2: reading 'Ly'=3
INFO:tenpy.tools.params:MixedHofstadterLandauGauge_Pi_2: reading 'ring_order'=None
INFO:tenpy.tools.params:MixedHofstadterLandauGauge_Pi_2: reading 'conserve_k'=True
INFO:tenpy.tools.params:MixedHofstadterLandauGauge_Pi_2: reading 'bc_MPS'='infinite'
INFO:tenpy.tools.params:MixedHofstadterLandauGauge_Pi_2: reading 't'=-1
INFO:tenpy.tools.params:MixedHofstadterLandauGauge_Pi_2: reading 't2'=-0.25
INFO:tenpy.tools.params:MixedHofstadterLandauGauge_Pi_2: reading 'V1'=0.6
INFO:tenpy.tools.params:MixedHofstadterLandauGauge_Pi_2: reading 'phi_ext'=np.float64(0.45)
INFO:tenpy.tools.params:MixedHofstadterLandauGauge_Pi_2: reading 'sort_mpo_legs'=False
/home/t30/kna/ge54yin/Documents/MasterThesisFQHinTMDs/MPS_stuff/MPScalculations/.venv/lib/python3.12/site-packages/tenpy/tools/params.py:232: UserWarning: unused options for config MixedHofstadterLandauGauge_Pi_2:
['Delta', 'N_rings', 'Nsec', 'bc', 'chi_max', 'ktot', 'saveAll']
  warnings.warn(msg.format(keys=sorted(unused), name=self.name))
INFO:tenpy.tools.params:DMRG: reading 'active_sites'=2
INFO:tenpy.tools.params:DMRG: reading 'diag_method'='default'
INFO:tenpy.tools.params:DMRG: subconfig 'trunc_params'=Config(<5 options>, 'trunc_params')
INFO:tenpy.tools.params:DMRG: reading 'max_N_sites_per_ring'=18
INFO:tenpy.tools.params:DMRG: reading 'combine'=False
INFO:tenpy.tools.params:DMRG: subconfig 'lanczos_params'=Config(<9 options>, 'lanczos_params')
INFO:tenpy.tools.params:DMRG: reading 'chi_list'=None
INFO:tenpy.tools.params:DMRG: reading 'start_env'=1
INFO:tenpy.algorithms.mps_common:start environment_sweep
INFO:tenpy.tools.params:DMRG: reading 'N_sweeps_check'=10
INFO:tenpy.tools.params:DMRG: subconfig 'mixer_params'=Config(<3 options>, 'mixer_params')
INFO:tenpy.tools.params:DMRG: reading 'mixer'=None
INFO:tenpy.tools.params:DMRG: reading 'max_sweeps'=100
INFO:tenpy.tools.params:DMRG: reading 'max_hours'=8760
INFO:tenpy.tools.params:DMRG: reading 'P_tol_to_trunc'=0.05
INFO:tenpy.tools.params:DMRG: reading 'P_tol_min'=5.0000000000000004e-30
INFO:tenpy.tools.params:DMRG: reading 'P_tol_max'=0.0001
INFO:tenpy.tools.params:DMRG: reading 'E_tol_to_trunc'=None
INFO:tenpy.algorithms.dmrg:Running sweep with optimization
INFO:tenpy.tools.params:DMRG: reading 'max_N_for_ED'=400
INFO:tenpy.tools.params:DMRG: reading 'update_env'=5
INFO:tenpy.algorithms.mps_common:start environment_sweep
INFO:tenpy.algorithms.dmrg:checkpoint after sweep 10
energy=-0.4128404065562090, max S=0.9519331494666967, age=198, norm_err=3.3e-10
Current memory usage 215.2MB, wall time: 47.5s
Delta E = nan, Delta S = 6.7766e-03 (per sweep)
max trunc_err = 6.9890e-11, max E_trunc = 5.3410e-10
chi: [256, 256, 256, 256, 256, 256]
================================================================================
INFO:tenpy.algorithms.dmrg:Running sweep with optimization
INFO:tenpy.algorithms.mps_common:start environment_sweep
INFO:tenpy.algorithms.dmrg:checkpoint after sweep 20
energy=-0.4128404065727788, max S=0.9519332301962138, age=378, norm_err=1.9e-11
Current memory usage 215.2MB, wall time: 16.4s
Delta E = -1.6570e-12, Delta S = 8.9211e-09 (per sweep)
max trunc_err = 5.5340e-11, max E_trunc = 4.5088e-10
chi: [256, 256, 256, 256, 256, 256]
================================================================================
INFO:tenpy.tools.params:DMRG: reading 'max_E_err'=1e-08
INFO:tenpy.tools.params:DMRG: reading 'max_S_err'=1e-05
INFO:tenpy.tools.params:DMRG: reading 'norm_tol'=1e-05
INFO:tenpy.tools.params:DMRG: reading 'norm_tol_final'=1e-10
INFO:tenpy.tools.params:DMRG: reading 'norm_tol_iter'=5
INFO:tenpy.algorithms.dmrg:TwoSiteDMRGEngine finished after 20 sweeps, max chi=256
INFO:tenpy.tools.params:DMRG: reading 'max_trunc_err'=0.0001
INFO:tenpy.tools.params:MixedHofstadterLandauGauge_Pi_2: reading 'explicit_plus_hc'=False
INFO:tenpy.tools.params:MixedHofstadterLandauGauge_Pi_2: reading 'Lx'=2
INFO:tenpy.tools.params:MixedHofstadterLandauGauge_Pi_2: setting 'N_rings'=2
INFO:tenpy.tools.params:MixedHofstadterLandauGauge_Pi_2: reading 'xy_lattice'='Square'
INFO:tenpy.tools.params:MixedHofstadterLandauGauge_Pi_2: reading 'Ly'=3
INFO:tenpy.tools.params:MixedHofstadterLandauGauge_Pi_2: reading 'ring_order'=None
INFO:tenpy.tools.params:MixedHofstadterLandauGauge_Pi_2: reading 'conserve_k'=True
INFO:tenpy.tools.params:MixedHofstadterLandauGauge_Pi_2: reading 'bc_MPS'='infinite'
INFO:tenpy.tools.params:MixedHofstadterLandauGauge_Pi_2: reading 't'=-1
INFO:tenpy.tools.params:MixedHofstadterLandauGauge_Pi_2: reading 't2'=-0.25
INFO:tenpy.tools.params:MixedHofstadterLandauGauge_Pi_2: reading 'V1'=0.6
INFO:tenpy.tools.params:MixedHofstadterLandauGauge_Pi_2: reading 'phi_ext'=np.float64(0.5)
INFO:tenpy.tools.params:MixedHofstadterLandauGauge_Pi_2: reading 'sort_mpo_legs'=False
/home/t30/kna/ge54yin/Documents/MasterThesisFQHinTMDs/MPS_stuff/MPScalculations/.venv/lib/python3.12/site-packages/tenpy/tools/params.py:232: UserWarning: unused options for config MixedHofstadterLandauGauge_Pi_2:
['Delta', 'N_rings', 'Nsec', 'bc', 'chi_max', 'ktot', 'saveAll']
  warnings.warn(msg.format(keys=sorted(unused), name=self.name))
INFO:tenpy.tools.params:DMRG: reading 'active_sites'=2
INFO:tenpy.tools.params:DMRG: reading 'diag_method'='default'
INFO:tenpy.tools.params:DMRG: subconfig 'trunc_params'=Config(<5 options>, 'trunc_params')
INFO:tenpy.tools.params:DMRG: reading 'max_N_sites_per_ring'=18
INFO:tenpy.tools.params:DMRG: reading 'combine'=False
INFO:tenpy.tools.params:DMRG: subconfig 'lanczos_params'=Config(<9 options>, 'lanczos_params')
INFO:tenpy.tools.params:DMRG: reading 'chi_list'=None
INFO:tenpy.tools.params:DMRG: reading 'start_env'=1
INFO:tenpy.algorithms.mps_common:start environment_sweep
INFO:tenpy.tools.params:DMRG: reading 'N_sweeps_check'=10
INFO:tenpy.tools.params:DMRG: subconfig 'mixer_params'=Config(<3 options>, 'mixer_params')
INFO:tenpy.tools.params:DMRG: reading 'mixer'=None
INFO:tenpy.tools.params:DMRG: reading 'max_sweeps'=100
INFO:tenpy.tools.params:DMRG: reading 'max_hours'=8760
INFO:tenpy.tools.params:DMRG: reading 'P_tol_to_trunc'=0.05
INFO:tenpy.tools.params:DMRG: reading 'P_tol_min'=5.0000000000000004e-30
INFO:tenpy.tools.params:DMRG: reading 'P_tol_max'=0.0001
INFO:tenpy.tools.params:DMRG: reading 'E_tol_to_trunc'=None
INFO:tenpy.algorithms.dmrg:Running sweep with optimization
INFO:tenpy.tools.params:DMRG: reading 'max_N_for_ED'=400
INFO:tenpy.tools.params:DMRG: reading 'update_env'=5
INFO:tenpy.algorithms.mps_common:start environment_sweep
INFO:tenpy.algorithms.dmrg:checkpoint after sweep 10
energy=-0.4125742496384840, max S=1.0214326626934587, age=198, norm_err=4.6e-09
Current memory usage 216.5MB, wall time: 49.1s
Delta E = nan, Delta S = 5.2123e-03 (per sweep)
max trunc_err = 1.6356e-10, max E_trunc = 1.1806e-09
chi: [256, 256, 256, 256, 256, 256]
================================================================================
INFO:tenpy.algorithms.dmrg:Running sweep with optimization
INFO:tenpy.algorithms.mps_common:start environment_sweep
INFO:tenpy.algorithms.dmrg:checkpoint after sweep 20
energy=-0.4125742496686158, max S=1.0214331381037591, age=378, norm_err=2.0e-10
Current memory usage 216.5MB, wall time: 16.3s
Delta E = -3.0132e-12, Delta S = 5.4871e-08 (per sweep)
max trunc_err = 1.2724e-10, max E_trunc = 9.9033e-10
chi: [256, 256, 256, 256, 256, 256]
================================================================================
INFO:tenpy.tools.params:DMRG: reading 'max_E_err'=1e-08
INFO:tenpy.tools.params:DMRG: reading 'max_S_err'=1e-05
INFO:tenpy.tools.params:DMRG: reading 'norm_tol'=1e-05
INFO:tenpy.tools.params:DMRG: reading 'norm_tol_final'=1e-10
INFO:tenpy.tools.params:DMRG: reading 'norm_tol_iter'=5
WARNING:tenpy.algorithms.dmrg:final DMRG state not in canonical form up to norm_tol_final=1.00e-10: norm_err=2.01e-10, calling psi.canonical_form()
INFO:tenpy.algorithms.dmrg:TwoSiteDMRGEngine finished after 20 sweeps, max chi=256
INFO:tenpy.tools.params:DMRG: reading 'max_trunc_err'=0.0001
INFO:tenpy.tools.params:MixedHofstadterLandauGauge_Pi_2: reading 'explicit_plus_hc'=False
INFO:tenpy.tools.params:MixedHofstadterLandauGauge_Pi_2: reading 'Lx'=2
INFO:tenpy.tools.params:MixedHofstadterLandauGauge_Pi_2: setting 'N_rings'=2
INFO:tenpy.tools.params:MixedHofstadterLandauGauge_Pi_2: reading 'xy_lattice'='Square'
INFO:tenpy.tools.params:MixedHofstadterLandauGauge_Pi_2: reading 'Ly'=3
INFO:tenpy.tools.params:MixedHofstadterLandauGauge_Pi_2: reading 'ring_order'=None
INFO:tenpy.tools.params:MixedHofstadterLandauGauge_Pi_2: reading 'conserve_k'=True
INFO:tenpy.tools.params:MixedHofstadterLandauGauge_Pi_2: reading 'bc_MPS'='infinite'
INFO:tenpy.tools.params:MixedHofstadterLandauGauge_Pi_2: reading 't'=-1
INFO:tenpy.tools.params:MixedHofstadterLandauGauge_Pi_2: reading 't2'=-0.25
INFO:tenpy.tools.params:MixedHofstadterLandauGauge_Pi_2: reading 'V1'=0.6
INFO:tenpy.tools.params:MixedHofstadterLandauGauge_Pi_2: reading 'phi_ext'=np.float64(0.55)
INFO:tenpy.tools.params:MixedHofstadterLandauGauge_Pi_2: reading 'sort_mpo_legs'=False
/home/t30/kna/ge54yin/Documents/MasterThesisFQHinTMDs/MPS_stuff/MPScalculations/.venv/lib/python3.12/site-packages/tenpy/tools/params.py:232: UserWarning: unused options for config MixedHofstadterLandauGauge_Pi_2:
['Delta', 'N_rings', 'Nsec', 'bc', 'chi_max', 'ktot', 'saveAll']
  warnings.warn(msg.format(keys=sorted(unused), name=self.name))
INFO:tenpy.tools.params:DMRG: reading 'active_sites'=2
INFO:tenpy.tools.params:DMRG: reading 'diag_method'='default'
INFO:tenpy.tools.params:DMRG: subconfig 'trunc_params'=Config(<5 options>, 'trunc_params')
INFO:tenpy.tools.params:DMRG: reading 'max_N_sites_per_ring'=18
INFO:tenpy.tools.params:DMRG: reading 'combine'=False
INFO:tenpy.tools.params:DMRG: subconfig 'lanczos_params'=Config(<9 options>, 'lanczos_params')
INFO:tenpy.tools.params:DMRG: reading 'chi_list'=None
INFO:tenpy.tools.params:DMRG: reading 'start_env'=1
INFO:tenpy.algorithms.mps_common:start environment_sweep
INFO:tenpy.tools.params:DMRG: reading 'N_sweeps_check'=10
INFO:tenpy.tools.params:DMRG: subconfig 'mixer_params'=Config(<3 options>, 'mixer_params')
INFO:tenpy.tools.params:DMRG: reading 'mixer'=None
INFO:tenpy.tools.params:DMRG: reading 'max_sweeps'=100
INFO:tenpy.tools.params:DMRG: reading 'max_hours'=8760
INFO:tenpy.tools.params:DMRG: reading 'P_tol_to_trunc'=0.05
INFO:tenpy.tools.params:DMRG: reading 'P_tol_min'=5.0000000000000004e-30
INFO:tenpy.tools.params:DMRG: reading 'P_tol_max'=0.0001
INFO:tenpy.tools.params:DMRG: reading 'E_tol_to_trunc'=None
INFO:tenpy.algorithms.dmrg:Running sweep with optimization
INFO:tenpy.tools.params:DMRG: reading 'max_N_for_ED'=400
INFO:tenpy.tools.params:DMRG: reading 'update_env'=5
INFO:tenpy.algorithms.mps_common:start environment_sweep
INFO:tenpy.algorithms.dmrg:checkpoint after sweep 10
energy=-0.4123204121605693, max S=1.0669600431912480, age=198, norm_err=2.4e-06
Current memory usage 216.8MB, wall time: 69.1s
Delta E = nan, Delta S = 2.9348e-03 (per sweep)
max trunc_err = 4.7524e-10, max E_trunc = 3.4078e-09
chi: [256, 256, 256, 256, 256, 256]
================================================================================
INFO:tenpy.algorithms.dmrg:Running sweep with optimization
INFO:tenpy.algorithms.mps_common:start environment_sweep
INFO:tenpy.algorithms.dmrg:checkpoint after sweep 20
energy=-0.4128385502733494, max S=2.0374246123032766, age=378, norm_err=9.2e-02
Current memory usage 216.8MB, wall time: 56.0s
Delta E = -5.1814e-05, Delta S = 1.0057e-01 (per sweep)
max trunc_err = 7.9098e-09, max E_trunc = 3.1077e-08
chi: [256, 256, 256, 256, 256, 256]
================================================================================
INFO:tenpy.tools.params:DMRG: reading 'max_E_err'=1e-08
INFO:tenpy.tools.params:DMRG: reading 'max_S_err'=1e-05
INFO:tenpy.algorithms.dmrg:Running sweep with optimization
INFO:tenpy.algorithms.mps_common:start environment_sweep
INFO:tenpy.algorithms.dmrg:checkpoint after sweep 30
energy=-0.4128335755606021, max S=1.8124155250047211, age=558, norm_err=4.8e-01
Current memory usage 216.8MB, wall time: 77.9s
Delta E = 4.9747e-07, Delta S = -1.8763e-02 (per sweep)
max trunc_err = 1.5408e-08, max E_trunc = 6.4669e-08
chi: [256, 256, 256, 256, 256, 256]
================================================================================
INFO:tenpy.algorithms.dmrg:Running sweep with optimization
INFO:tenpy.algorithms.mps_common:start environment_sweep
INFO:tenpy.algorithms.dmrg:checkpoint after sweep 40
energy=-0.4128301511632960, max S=1.5932623125282595, age=738, norm_err=7.4e-01
Current memory usage 216.8MB, wall time: 76.8s
Delta E = 3.4244e-07, Delta S = -2.7035e-02 (per sweep)
max trunc_err = 1.7525e-08, max E_trunc = 5.6395e-08
chi: [256, 256, 256, 256, 256, 256]
================================================================================
INFO:tenpy.algorithms.dmrg:Running sweep with optimization
INFO:tenpy.algorithms.mps_common:start environment_sweep
INFO:tenpy.algorithms.dmrg:checkpoint after sweep 50
energy=-0.4128282763871264, max S=1.5714513729008424, age=918, norm_err=8.8e-01
Current memory usage 216.8MB, wall time: 71.9s
Delta E = 1.8748e-07, Delta S = -1.4171e-02 (per sweep)
max trunc_err = 9.1857e-09, max E_trunc = 4.9374e-08
chi: [256, 256, 256, 256, 256, 256]
================================================================================
INFO:tenpy.algorithms.dmrg:Running sweep with optimization
INFO:tenpy.algorithms.mps_common:start environment_sweep
INFO:tenpy.algorithms.dmrg:checkpoint after sweep 60
energy=-0.4128229605763920, max S=1.5721497009311052, age=1098, norm_err=9.2e-01
Current memory usage 216.8MB, wall time: 77.0s
Delta E = 5.3158e-07, Delta S = -1.0008e-02 (per sweep)
max trunc_err = 8.6301e-09, max E_trunc = 4.8145e-08
chi: [256, 256, 256, 256, 256, 256]
================================================================================
INFO:tenpy.algorithms.dmrg:Running sweep with optimization
INFO:tenpy.algorithms.mps_common:start environment_sweep
INFO:tenpy.algorithms.dmrg:checkpoint after sweep 70
energy=-0.4128065078334657, max S=1.5848134247843062, age=1278, norm_err=8.9e-01
Current memory usage 216.8MB, wall time: 78.8s
Delta E = 1.6453e-06, Delta S = -8.5409e-03 (per sweep)
max trunc_err = 8.4003e-09, max E_trunc = 4.2237e-08
chi: [256, 256, 256, 256, 256, 256]
================================================================================
INFO:tenpy.algorithms.dmrg:Running sweep with optimization
INFO:tenpy.algorithms.mps_common:start environment_sweep
INFO:tenpy.algorithms.dmrg:checkpoint after sweep 80
energy=-0.4122566820581899, max S=1.4616934273332016, age=1458, norm_err=8.1e-01
Current memory usage 216.8MB, wall time: 80.2s
Delta E = 5.4983e-05, Delta S = -1.1462e-02 (per sweep)
max trunc_err = 5.5262e-09, max E_trunc = 3.5696e-08
chi: [256, 255, 256, 256, 256, 256]
================================================================================
INFO:tenpy.algorithms.dmrg:Running sweep with optimization
INFO:tenpy.algorithms.mps_common:start environment_sweep
INFO:tenpy.algorithms.dmrg:checkpoint after sweep 90
energy=-0.4111784260389015, max S=0.8859834296151766, age=1638, norm_err=1.7e-05
Current memory usage 216.8MB, wall time: 83.1s
Delta E = 1.0783e-04, Delta S = -3.0451e-02 (per sweep)
max trunc_err = 5.0164e-08, max E_trunc = -2.2527e-09
chi: [256, 256, 256, 256, 256, 256]
================================================================================
INFO:tenpy.algorithms.dmrg:Running sweep with optimization
INFO:tenpy.algorithms.mps_common:start environment_sweep
INFO:tenpy.algorithms.dmrg:checkpoint after sweep 100
energy=-0.4123204041717561, max S=1.0660059217699369, age=1818, norm_err=5.6e-07
Current memory usage 216.8MB, wall time: 26.4s
Delta E = -1.1420e-04, Delta S = 1.9760e-02 (per sweep)
max trunc_err = 1.4758e-10, max E_trunc = 1.2253e-09
chi: [256, 256, 256, 256, 256, 256]
================================================================================
INFO:tenpy.algorithms.dmrg:Running sweep with optimization
INFO:tenpy.algorithms.mps_common:start environment_sweep
INFO:tenpy.algorithms.dmrg:checkpoint after sweep 110
energy=-0.4123204151372306, max S=1.0672797241469407, age=1998, norm_err=3.9e-06
Current memory usage 216.8MB, wall time: 59.8s
Delta E = -1.0965e-09, Delta S = 1.3436e-04 (per sweep)
max trunc_err = 5.5520e-10, max E_trunc = 3.8328e-09
chi: [256, 256, 256, 256, 256, 256]
================================================================================
INFO:tenpy.algorithms.mps_common:TwoSiteDMRGEngine: Maximum number of sweeps reached
INFO:tenpy.tools.params:DMRG: reading 'norm_tol'=1e-05
INFO:tenpy.tools.params:DMRG: reading 'norm_tol_final'=1e-10
INFO:tenpy.tools.params:DMRG: reading 'norm_tol_iter'=5
WARNING:tenpy.algorithms.dmrg:final DMRG state not in canonical form up to norm_tol_final=1.00e-10: norm_err=3.88e-06, calling psi.canonical_form()
INFO:tenpy.algorithms.dmrg:TwoSiteDMRGEngine finished after 110 sweeps, max chi=256
INFO:tenpy.tools.params:DMRG: reading 'max_trunc_err'=0.0001
INFO:tenpy.tools.params:MixedHofstadterLandauGauge_Pi_2: reading 'explicit_plus_hc'=False
INFO:tenpy.tools.params:MixedHofstadterLandauGauge_Pi_2: reading 'Lx'=2
INFO:tenpy.tools.params:MixedHofstadterLandauGauge_Pi_2: setting 'N_rings'=2
INFO:tenpy.tools.params:MixedHofstadterLandauGauge_Pi_2: reading 'xy_lattice'='Square'
INFO:tenpy.tools.params:MixedHofstadterLandauGauge_Pi_2: reading 'Ly'=3
INFO:tenpy.tools.params:MixedHofstadterLandauGauge_Pi_2: reading 'ring_order'=None
INFO:tenpy.tools.params:MixedHofstadterLandauGauge_Pi_2: reading 'conserve_k'=True
INFO:tenpy.tools.params:MixedHofstadterLandauGauge_Pi_2: reading 'bc_MPS'='infinite'
INFO:tenpy.tools.params:MixedHofstadterLandauGauge_Pi_2: reading 't'=-1
INFO:tenpy.tools.params:MixedHofstadterLandauGauge_Pi_2: reading 't2'=-0.25
INFO:tenpy.tools.params:MixedHofstadterLandauGauge_Pi_2: reading 'V1'=0.6
INFO:tenpy.tools.params:MixedHofstadterLandauGauge_Pi_2: reading 'phi_ext'=np.float64(0.6000000000000001)
INFO:tenpy.tools.params:MixedHofstadterLandauGauge_Pi_2: reading 'sort_mpo_legs'=False
/home/t30/kna/ge54yin/Documents/MasterThesisFQHinTMDs/MPS_stuff/MPScalculations/.venv/lib/python3.12/site-packages/tenpy/tools/params.py:232: UserWarning: unused options for config MixedHofstadterLandauGauge_Pi_2:
['Delta', 'N_rings', 'Nsec', 'bc', 'chi_max', 'ktot', 'saveAll']
  warnings.warn(msg.format(keys=sorted(unused), name=self.name))
INFO:tenpy.tools.params:DMRG: reading 'active_sites'=2
INFO:tenpy.tools.params:DMRG: reading 'diag_method'='default'
INFO:tenpy.tools.params:DMRG: subconfig 'trunc_params'=Config(<5 options>, 'trunc_params')
INFO:tenpy.tools.params:DMRG: reading 'max_N_sites_per_ring'=18
INFO:tenpy.tools.params:DMRG: reading 'combine'=False
INFO:tenpy.tools.params:DMRG: subconfig 'lanczos_params'=Config(<9 options>, 'lanczos_params')
INFO:tenpy.tools.params:DMRG: reading 'chi_list'=None
INFO:tenpy.tools.params:DMRG: reading 'start_env'=1
INFO:tenpy.algorithms.mps_common:start environment_sweep
INFO:tenpy.tools.params:DMRG: reading 'N_sweeps_check'=10
INFO:tenpy.tools.params:DMRG: subconfig 'mixer_params'=Config(<3 options>, 'mixer_params')
INFO:tenpy.tools.params:DMRG: reading 'mixer'=None
INFO:tenpy.tools.params:DMRG: reading 'max_sweeps'=100
INFO:tenpy.tools.params:DMRG: reading 'max_hours'=8760
INFO:tenpy.tools.params:DMRG: reading 'P_tol_to_trunc'=0.05
INFO:tenpy.tools.params:DMRG: reading 'P_tol_min'=5.0000000000000004e-30
INFO:tenpy.tools.params:DMRG: reading 'P_tol_max'=0.0001
INFO:tenpy.tools.params:DMRG: reading 'E_tol_to_trunc'=None
INFO:tenpy.algorithms.dmrg:Running sweep with optimization
INFO:tenpy.tools.params:DMRG: reading 'max_N_for_ED'=400
INFO:tenpy.tools.params:DMRG: reading 'update_env'=5
INFO:tenpy.algorithms.mps_common:start environment_sweep
INFO:tenpy.algorithms.dmrg:checkpoint after sweep 10
energy=-0.4132117436683451, max S=1.7910700263286472, age=198, norm_err=1.0e+00
Current memory usage 218.7MB, wall time: 82.8s
Delta E = nan, Delta S = 6.3077e-02 (per sweep)
max trunc_err = 7.5385e-09, max E_trunc = 3.4790e-10
chi: [256, 255, 256, 256, 255, 256]
================================================================================
INFO:tenpy.algorithms.dmrg:Running sweep with optimization
INFO:tenpy.algorithms.mps_common:start environment_sweep
INFO:tenpy.algorithms.dmrg:checkpoint after sweep 20
energy=-0.0470742208329587, max S=1.5030819240569697, age=378, norm_err=2.5e-01
Current memory usage 218.7MB, wall time: 83.5s
Delta E = 3.6614e-02, Delta S = -1.1527e-02 (per sweep)
max trunc_err = 3.5882e-08, max E_trunc = -1.4037e-09
chi: [256, 255, 256, 255, 256, 256]
================================================================================
INFO:tenpy.tools.params:DMRG: reading 'max_E_err'=1e-08
INFO:tenpy.tools.params:DMRG: reading 'max_S_err'=1e-05
INFO:tenpy.algorithms.dmrg:Running sweep with optimization
INFO:tenpy.algorithms.mps_common:start environment_sweep
INFO:tenpy.algorithms.dmrg:checkpoint after sweep 30
energy=-0.1135349732092858, max S=1.4692619335942947, age=558, norm_err=9.8e-02
Current memory usage 218.7MB, wall time: 84.1s
Delta E = -6.6461e-03, Delta S = -7.9829e-03 (per sweep)
max trunc_err = 1.3911e-08, max E_trunc = -3.4317e-09
chi: [256, 256, 256, 256, 256, 256]
================================================================================
INFO:tenpy.algorithms.dmrg:Running sweep with optimization
INFO:tenpy.algorithms.mps_common:start environment_sweep
INFO:tenpy.algorithms.dmrg:checkpoint after sweep 40
energy=-0.4120694477115308, max S=1.0789934297729493, age=738, norm_err=3.2e-04
Current memory usage 218.7MB, wall time: 64.6s
Delta E = -2.9853e-02, Delta S = -4.4135e-02 (per sweep)
max trunc_err = 4.0255e-08, max E_trunc = 1.6354e-10
chi: [256, 256, 256, 256, 256, 256]
================================================================================
INFO:tenpy.algorithms.dmrg:Running sweep with optimization
INFO:tenpy.algorithms.mps_common:start environment_sweep
INFO:tenpy.algorithms.dmrg:checkpoint after sweep 50
energy=0.2792826643678457, max S=1.6346608466550443, age=918, norm_err=4.9e-02
Current memory usage 218.7MB, wall time: 78.5s
Delta E = 6.9135e-02, Delta S = 7.2003e-02 (per sweep)
max trunc_err = 1.1943e-08, max E_trunc = -8.5818e-09
chi: [256, 256, 256, 256, 256, 256]
================================================================================
INFO:tenpy.algorithms.dmrg:Running sweep with optimization
INFO:tenpy.algorithms.mps_common:start environment_sweep
INFO:tenpy.algorithms.dmrg:checkpoint after sweep 60
energy=0.0771768748973566, max S=1.3292980341674745, age=1098, norm_err=1.3e-01
Current memory usage 218.7MB, wall time: 85.1s
Delta E = -2.0211e-02, Delta S = -2.8878e-02 (per sweep)
max trunc_err = 1.9580e-09, max E_trunc = 1.1369e-13
chi: [256, 256, 256, 256, 256, 256]
================================================================================
INFO:tenpy.algorithms.dmrg:Running sweep with optimization
INFO:tenpy.algorithms.mps_common:start environment_sweep
INFO:tenpy.algorithms.dmrg:checkpoint after sweep 70
energy=0.0113530622826516, max S=1.3581264204213854, age=1278, norm_err=1.1e-01
Current memory usage 218.7MB, wall time: 84.2s
Delta E = -6.5824e-03, Delta S = -5.6278e-03 (per sweep)
max trunc_err = 5.3520e-09, max E_trunc = -2.4045e-11
chi: [256, 256, 256, 256, 256, 256]
================================================================================
INFO:tenpy.algorithms.dmrg:Running sweep with optimization
INFO:tenpy.algorithms.mps_common:start environment_sweep
INFO:tenpy.algorithms.dmrg:checkpoint after sweep 80
energy=-0.1481025845190042, max S=0.9586594740950720, age=1458, norm_err=4.7e-02
Current memory usage 218.7MB, wall time: 83.3s
Delta E = -1.5946e-02, Delta S = -2.8652e-02 (per sweep)
max trunc_err = 6.9156e-08, max E_trunc = -1.0182e-07
chi: [256, 256, 256, 256, 256, 256]
================================================================================
INFO:tenpy.algorithms.dmrg:Running sweep with optimization
INFO:tenpy.algorithms.mps_common:start environment_sweep
INFO:tenpy.algorithms.dmrg:checkpoint after sweep 90
energy=0.1933355470511155, max S=0.9087764484565026, age=1638, norm_err=5.3e-02
Current memory usage 218.7MB, wall time: 83.3s
Delta E = 3.4144e-02, Delta S = -2.1763e-02 (per sweep)
max trunc_err = 3.7166e-08, max E_trunc = -4.4112e-09
chi: [256, 256, 256, 255, 255, 256]
================================================================================
INFO:tenpy.algorithms.dmrg:Running sweep with optimization
INFO:tenpy.algorithms.mps_common:start environment_sweep
INFO:tenpy.algorithms.dmrg:checkpoint after sweep 100
energy=0.3828335918047969, max S=0.5746321825474114, age=1818, norm_err=7.1e-02
Current memory usage 218.7MB, wall time: 83.3s
Delta E = 1.8950e-02, Delta S = -1.5696e-02 (per sweep)
max trunc_err = 3.6914e-09, max E_trunc = -2.0181e-09
chi: [256, 256, 256, 256, 256, 256]
================================================================================
INFO:tenpy.algorithms.dmrg:Running sweep with optimization
INFO:tenpy.algorithms.mps_common:start environment_sweep
INFO:tenpy.algorithms.dmrg:checkpoint after sweep 110
energy=-0.4114380176326051, max S=1.0740556559846905, age=1998, norm_err=2.6e-04
Current memory usage 218.7MB, wall time: 76.0s
Delta E = -7.9427e-02, Delta S = 2.7266e-02 (per sweep)
max trunc_err = 9.8988e-08, max E_trunc = -9.6907e-10
chi: [256, 256, 256, 256, 256, 256]
================================================================================
INFO:tenpy.algorithms.mps_common:TwoSiteDMRGEngine: Maximum number of sweeps reached
INFO:tenpy.tools.params:DMRG: reading 'norm_tol'=1e-05
INFO:tenpy.tools.params:DMRG: reading 'norm_tol_final'=1e-10
INFO:tenpy.tools.params:DMRG: reading 'norm_tol_iter'=5
WARNING:tenpy.algorithms.dmrg:final DMRG state not in canonical form up to norm_tol=1.00e-05: norm_err=2.57e-04
INFO:tenpy.algorithms.mps_common:start environment_sweep
WARNING:tenpy.algorithms.dmrg:final DMRG state not in canonical form up to norm_tol_final=1.00e-10: norm_err=4.46e-08, calling psi.canonical_form()
INFO:tenpy.algorithms.dmrg:TwoSiteDMRGEngine finished after 110 sweeps, max chi=256
INFO:tenpy.tools.params:DMRG: reading 'max_trunc_err'=0.0001
INFO:tenpy.tools.params:MixedHofstadterLandauGauge_Pi_2: reading 'explicit_plus_hc'=False
INFO:tenpy.tools.params:MixedHofstadterLandauGauge_Pi_2: reading 'Lx'=2
INFO:tenpy.tools.params:MixedHofstadterLandauGauge_Pi_2: setting 'N_rings'=2
INFO:tenpy.tools.params:MixedHofstadterLandauGauge_Pi_2: reading 'xy_lattice'='Square'
INFO:tenpy.tools.params:MixedHofstadterLandauGauge_Pi_2: reading 'Ly'=3
INFO:tenpy.tools.params:MixedHofstadterLandauGauge_Pi_2: reading 'ring_order'=None
INFO:tenpy.tools.params:MixedHofstadterLandauGauge_Pi_2: reading 'conserve_k'=True
INFO:tenpy.tools.params:MixedHofstadterLandauGauge_Pi_2: reading 'bc_MPS'='infinite'
INFO:tenpy.tools.params:MixedHofstadterLandauGauge_Pi_2: reading 't'=-1
INFO:tenpy.tools.params:MixedHofstadterLandauGauge_Pi_2: reading 't2'=-0.25
INFO:tenpy.tools.params:MixedHofstadterLandauGauge_Pi_2: reading 'V1'=0.6
INFO:tenpy.tools.params:MixedHofstadterLandauGauge_Pi_2: reading 'phi_ext'=np.float64(0.65)
INFO:tenpy.tools.params:MixedHofstadterLandauGauge_Pi_2: reading 'sort_mpo_legs'=False
/home/t30/kna/ge54yin/Documents/MasterThesisFQHinTMDs/MPS_stuff/MPScalculations/.venv/lib/python3.12/site-packages/tenpy/tools/params.py:232: UserWarning: unused options for config MixedHofstadterLandauGauge_Pi_2:
['Delta', 'N_rings', 'Nsec', 'bc', 'chi_max', 'ktot', 'saveAll']
  warnings.warn(msg.format(keys=sorted(unused), name=self.name))
INFO:tenpy.tools.params:DMRG: reading 'active_sites'=2
INFO:tenpy.tools.params:DMRG: reading 'diag_method'='default'
INFO:tenpy.tools.params:DMRG: subconfig 'trunc_params'=Config(<5 options>, 'trunc_params')
INFO:tenpy.tools.params:DMRG: reading 'max_N_sites_per_ring'=18
INFO:tenpy.tools.params:DMRG: reading 'combine'=False
INFO:tenpy.tools.params:DMRG: subconfig 'lanczos_params'=Config(<9 options>, 'lanczos_params')
INFO:tenpy.tools.params:DMRG: reading 'chi_list'=None
INFO:tenpy.tools.params:DMRG: reading 'start_env'=1
INFO:tenpy.algorithms.mps_common:start environment_sweep
INFO:tenpy.tools.params:DMRG: reading 'N_sweeps_check'=10
INFO:tenpy.tools.params:DMRG: subconfig 'mixer_params'=Config(<3 options>, 'mixer_params')
INFO:tenpy.tools.params:DMRG: reading 'mixer'=None
INFO:tenpy.tools.params:DMRG: reading 'max_sweeps'=100
INFO:tenpy.tools.params:DMRG: reading 'max_hours'=8760
INFO:tenpy.tools.params:DMRG: reading 'P_tol_to_trunc'=0.05
INFO:tenpy.tools.params:DMRG: reading 'P_tol_min'=5.0000000000000004e-30
INFO:tenpy.tools.params:DMRG: reading 'P_tol_max'=0.0001
INFO:tenpy.tools.params:DMRG: reading 'E_tol_to_trunc'=None
INFO:tenpy.algorithms.dmrg:Running sweep with optimization
INFO:tenpy.tools.params:DMRG: reading 'max_N_for_ED'=400
INFO:tenpy.tools.params:DMRG: reading 'update_env'=5
INFO:tenpy.algorithms.mps_common:start environment_sweep
INFO:tenpy.algorithms.dmrg:checkpoint after sweep 10
energy=-0.5202007260303437, max S=1.3175201070177325, age=198, norm_err=1.0e+00
Current memory usage 219.1MB, wall time: 69.4s
Delta E = nan, Delta S = 2.5726e-02 (per sweep)
max trunc_err = 3.8203e-08, max E_trunc = 9.9476e-11
chi: [256, 256, 256, 256, 256, 256]
================================================================================
INFO:tenpy.algorithms.dmrg:Running sweep with optimization
INFO:tenpy.algorithms.mps_common:start environment_sweep
INFO:tenpy.algorithms.dmrg:checkpoint after sweep 20
energy=0.1973074026518731, max S=0.4177738237698104, age=378, norm_err=3.6e-02
Current memory usage 219.1MB, wall time: 83.8s
Delta E = 7.1751e-02, Delta S = -7.2692e-02 (per sweep)
max trunc_err = 7.6739e-09, max E_trunc = -2.9127e-10
chi: [256, 256, 256, 256, 256, 256]
================================================================================
INFO:tenpy.tools.params:DMRG: reading 'max_E_err'=1e-08
INFO:tenpy.tools.params:DMRG: reading 'max_S_err'=1e-05
INFO:tenpy.algorithms.dmrg:Running sweep with optimization
INFO:tenpy.algorithms.mps_common:start environment_sweep
INFO:tenpy.algorithms.dmrg:checkpoint after sweep 30
energy=0.2498369461401045, max S=1.7090653678470307, age=558, norm_err=1.3e-01
Current memory usage 219.1MB, wall time: 85.4s
Delta E = 5.2530e-03, Delta S = 1.2556e-01 (per sweep)
max trunc_err = 1.1284e-07, max E_trunc = -3.2342e-09
chi: [256, 256, 256, 256, 256, 256]
================================================================================
INFO:tenpy.algorithms.dmrg:Running sweep with optimization
INFO:tenpy.algorithms.mps_common:start environment_sweep
INFO:tenpy.algorithms.dmrg:checkpoint after sweep 40
energy=0.4535750826433495, max S=1.3498061093713547, age=738, norm_err=2.8e-01
Current memory usage 219.1MB, wall time: 84.9s
Delta E = 2.0374e-02, Delta S = -4.2854e-02 (per sweep)
max trunc_err = 9.8399e-08, max E_trunc = -4.0287e-09
chi: [256, 256, 256, 256, 256, 256]
================================================================================
INFO:tenpy.algorithms.dmrg:Running sweep with optimization
INFO:tenpy.algorithms.mps_common:start environment_sweep
INFO:tenpy.algorithms.dmrg:checkpoint after sweep 50
energy=-0.4103668067533211, max S=1.1044802818792308, age=918, norm_err=4.5e-03
Current memory usage 219.1MB, wall time: 84.3s
Delta E = -8.6394e-02, Delta S = -3.2232e-02 (per sweep)
max trunc_err = 1.3319e-08, max E_trunc = -1.2460e-08
chi: [256, 256, 256, 256, 256, 256]
================================================================================
INFO:tenpy.algorithms.dmrg:Running sweep with optimization
INFO:tenpy.algorithms.mps_common:start environment_sweep
INFO:tenpy.algorithms.dmrg:checkpoint after sweep 60
energy=0.0201585721440172, max S=2.2751592756971055, age=1098, norm_err=6.7e-02
Current memory usage 219.1MB, wall time: 76.2s
Delta E = 4.3053e-02, Delta S = 1.3492e-01 (per sweep)
max trunc_err = 6.6058e-09, max E_trunc = -1.0687e-11
chi: [256, 256, 256, 256, 256, 256]
================================================================================
INFO:tenpy.algorithms.dmrg:Running sweep with optimization
INFO:tenpy.algorithms.mps_common:start environment_sweep
INFO:tenpy.algorithms.dmrg:checkpoint after sweep 70
energy=0.1236215155418658, max S=1.3925145403710362, age=1278, norm_err=2.6e-01
Current memory usage 219.1MB, wall time: 84.2s
Delta E = 1.0346e-02, Delta S = -8.9466e-02 (per sweep)
max trunc_err = 4.5699e-09, max E_trunc = -1.1676e-10
chi: [256, 256, 256, 256, 256, 256]
================================================================================
INFO:tenpy.algorithms.dmrg:Running sweep with optimization
INFO:tenpy.algorithms.mps_common:start environment_sweep
INFO:tenpy.algorithms.dmrg:checkpoint after sweep 80
energy=0.1869602844628086, max S=0.9940297245578081, age=1458, norm_err=1.2e-02
Current memory usage 219.1MB, wall time: 84.5s
Delta E = 6.3339e-03, Delta S = -3.8520e-02 (per sweep)
max trunc_err = 6.4756e-08, max E_trunc = -1.1268e-08
chi: [256, 256, 256, 256, 256, 256]
================================================================================
INFO:tenpy.algorithms.dmrg:Running sweep with optimization
INFO:tenpy.algorithms.mps_common:start environment_sweep
INFO:tenpy.algorithms.dmrg:checkpoint after sweep 90
energy=0.0470928524836343, max S=1.6957679736424462, age=1638, norm_err=9.3e-02
Current memory usage 219.1MB, wall time: 84.8s
Delta E = -1.3987e-02, Delta S = 6.1683e-02 (per sweep)
max trunc_err = 1.8732e-07, max E_trunc = -2.2116e-08
chi: [256, 256, 256, 255, 256, 256]
================================================================================
INFO:tenpy.algorithms.dmrg:Running sweep with optimization
INFO:tenpy.algorithms.mps_common:start environment_sweep
INFO:tenpy.algorithms.dmrg:checkpoint after sweep 100
energy=0.1283784499461168, max S=1.3135496992360651, age=1818, norm_err=9.2e-02
Current memory usage 219.1MB, wall time: 84.9s
Delta E = 8.1286e-03, Delta S = -2.5610e-02 (per sweep)
max trunc_err = 2.8395e-07, max E_trunc = -1.2635e-08
chi: [256, 256, 256, 256, 256, 256]
================================================================================
INFO:tenpy.algorithms.dmrg:Running sweep with optimization
INFO:tenpy.algorithms.mps_common:start environment_sweep
INFO:tenpy.algorithms.dmrg:checkpoint after sweep 110
energy=0.0164472077641828, max S=1.4847020377929518, age=1998, norm_err=2.4e-01
Current memory usage 219.1MB, wall time: 85.3s
Delta E = -1.1193e-02, Delta S = 1.3723e-02 (per sweep)
max trunc_err = 3.1134e-08, max E_trunc = -1.2851e-08
chi: [256, 256, 256, 256, 256, 256]
================================================================================
INFO:tenpy.algorithms.mps_common:TwoSiteDMRGEngine: Maximum number of sweeps reached
INFO:tenpy.tools.params:DMRG: reading 'norm_tol'=1e-05
INFO:tenpy.tools.params:DMRG: reading 'norm_tol_final'=1e-10
INFO:tenpy.tools.params:DMRG: reading 'norm_tol_iter'=5
WARNING:tenpy.algorithms.dmrg:final DMRG state not in canonical form up to norm_tol=1.00e-05: norm_err=2.44e-01
INFO:tenpy.algorithms.mps_common:start environment_sweep
INFO:tenpy.algorithms.mps_common:start environment_sweep
INFO:tenpy.algorithms.mps_common:start environment_sweep
INFO:tenpy.algorithms.mps_common:start environment_sweep
INFO:tenpy.algorithms.mps_common:start environment_sweep
WARNING:tenpy.algorithms.dmrg:norm_err=4.20e-05 still too high after environment_sweeps
WARNING:tenpy.algorithms.dmrg:final DMRG state not in canonical form up to norm_tol_final=1.00e-10: norm_err=4.20e-05, calling psi.canonical_form()
INFO:tenpy.algorithms.dmrg:TwoSiteDMRGEngine finished after 110 sweeps, max chi=256
INFO:tenpy.tools.params:DMRG: reading 'max_trunc_err'=0.0001
INFO:tenpy.tools.params:MixedHofstadterLandauGauge_Pi_2: reading 'explicit_plus_hc'=False
INFO:tenpy.tools.params:MixedHofstadterLandauGauge_Pi_2: reading 'Lx'=2
INFO:tenpy.tools.params:MixedHofstadterLandauGauge_Pi_2: setting 'N_rings'=2
INFO:tenpy.tools.params:MixedHofstadterLandauGauge_Pi_2: reading 'xy_lattice'='Square'
INFO:tenpy.tools.params:MixedHofstadterLandauGauge_Pi_2: reading 'Ly'=3
INFO:tenpy.tools.params:MixedHofstadterLandauGauge_Pi_2: reading 'ring_order'=None
INFO:tenpy.tools.params:MixedHofstadterLandauGauge_Pi_2: reading 'conserve_k'=True
INFO:tenpy.tools.params:MixedHofstadterLandauGauge_Pi_2: reading 'bc_MPS'='infinite'
INFO:tenpy.tools.params:MixedHofstadterLandauGauge_Pi_2: reading 't'=-1
INFO:tenpy.tools.params:MixedHofstadterLandauGauge_Pi_2: reading 't2'=-0.25
INFO:tenpy.tools.params:MixedHofstadterLandauGauge_Pi_2: reading 'V1'=0.6
INFO:tenpy.tools.params:MixedHofstadterLandauGauge_Pi_2: reading 'phi_ext'=np.float64(0.7000000000000001)
INFO:tenpy.tools.params:MixedHofstadterLandauGauge_Pi_2: reading 'sort_mpo_legs'=False
/home/t30/kna/ge54yin/Documents/MasterThesisFQHinTMDs/MPS_stuff/MPScalculations/.venv/lib/python3.12/site-packages/tenpy/tools/params.py:232: UserWarning: unused options for config MixedHofstadterLandauGauge_Pi_2:
['Delta', 'N_rings', 'Nsec', 'bc', 'chi_max', 'ktot', 'saveAll']
  warnings.warn(msg.format(keys=sorted(unused), name=self.name))
INFO:tenpy.tools.params:DMRG: reading 'active_sites'=2
INFO:tenpy.tools.params:DMRG: reading 'diag_method'='default'
INFO:tenpy.tools.params:DMRG: subconfig 'trunc_params'=Config(<5 options>, 'trunc_params')
INFO:tenpy.tools.params:DMRG: reading 'max_N_sites_per_ring'=18
INFO:tenpy.tools.params:DMRG: reading 'combine'=False
INFO:tenpy.tools.params:DMRG: subconfig 'lanczos_params'=Config(<9 options>, 'lanczos_params')
INFO:tenpy.tools.params:DMRG: reading 'chi_list'=None
INFO:tenpy.tools.params:DMRG: reading 'start_env'=1
INFO:tenpy.algorithms.mps_common:start environment_sweep
INFO:tenpy.tools.params:DMRG: reading 'N_sweeps_check'=10
INFO:tenpy.tools.params:DMRG: subconfig 'mixer_params'=Config(<3 options>, 'mixer_params')
INFO:tenpy.tools.params:DMRG: reading 'mixer'=None
INFO:tenpy.tools.params:DMRG: reading 'max_sweeps'=100
INFO:tenpy.tools.params:DMRG: reading 'max_hours'=8760
INFO:tenpy.tools.params:DMRG: reading 'P_tol_to_trunc'=0.05
INFO:tenpy.tools.params:DMRG: reading 'P_tol_min'=5.0000000000000004e-30
INFO:tenpy.tools.params:DMRG: reading 'P_tol_max'=0.0001
INFO:tenpy.tools.params:DMRG: reading 'E_tol_to_trunc'=None
INFO:tenpy.algorithms.dmrg:Running sweep with optimization
INFO:tenpy.tools.params:DMRG: reading 'max_N_for_ED'=400
INFO:tenpy.tools.params:DMRG: reading 'update_env'=5
INFO:tenpy.algorithms.mps_common:start environment_sweep
INFO:tenpy.algorithms.dmrg:checkpoint after sweep 10
energy=-0.4068444940608866, max S=1.7296766652206754, age=198, norm_err=4.0e-01
Current memory usage 222.2MB, wall time: 84.9s
Delta E = nan, Delta S = 1.0064e-02 (per sweep)
max trunc_err = 3.9239e-08, max E_trunc = -2.3087e-09
chi: [256, 256, 256, 256, 256, 256]
================================================================================
INFO:tenpy.algorithms.dmrg:Running sweep with optimization
INFO:tenpy.algorithms.mps_common:start environment_sweep
INFO:tenpy.algorithms.dmrg:checkpoint after sweep 20
energy=0.2837758675251815, max S=1.1270465803162431, age=378, norm_err=8.4e-02
Current memory usage 222.2MB, wall time: 82.8s
Delta E = 6.9062e-02, Delta S = -6.1801e-02 (per sweep)
max trunc_err = 1.0344e-08, max E_trunc = -1.1653e-11
chi: [256, 253, 256, 255, 256, 256]
================================================================================
INFO:tenpy.tools.params:DMRG: reading 'max_E_err'=1e-08
INFO:tenpy.tools.params:DMRG: reading 'max_S_err'=1e-05
INFO:tenpy.algorithms.dmrg:Running sweep with optimization
INFO:tenpy.algorithms.mps_common:start environment_sweep
INFO:tenpy.algorithms.dmrg:checkpoint after sweep 30
energy=-0.3963525026825110, max S=1.1003888720060278, age=558, norm_err=2.5e-03
Current memory usage 222.2MB, wall time: 81.8s
Delta E = -6.8013e-02, Delta S = -1.5929e-02 (per sweep)
max trunc_err = 2.3377e-08, max E_trunc = -2.3802e-08
chi: [256, 256, 256, 256, 256, 256]
================================================================================
INFO:tenpy.algorithms.dmrg:Running sweep with optimization
INFO:tenpy.algorithms.mps_common:start environment_sweep
INFO:tenpy.algorithms.dmrg:checkpoint after sweep 40
energy=-0.2096444846826178, max S=0.9982834740097015, age=738, norm_err=4.2e-02
Current memory usage 222.2MB, wall time: 77.0s
Delta E = 1.8671e-02, Delta S = 6.8331e-03 (per sweep)
max trunc_err = 1.0965e-08, max E_trunc = -7.9751e-11
chi: [256, 255, 256, 255, 256, 256]
================================================================================
INFO:tenpy.algorithms.dmrg:Running sweep with optimization
INFO:tenpy.algorithms.mps_common:start environment_sweep
INFO:tenpy.algorithms.dmrg:checkpoint after sweep 50
energy=0.0958813693147154, max S=1.2262564526898942, age=918, norm_err=1.1e-01
Current memory usage 222.2MB, wall time: 64.7s
Delta E = 3.0553e-02, Delta S = 1.8141e-02 (per sweep)
max trunc_err = 5.3197e-09, max E_trunc = -2.5279e-09
chi: [256, 256, 256, 256, 256, 256]
================================================================================
INFO:tenpy.algorithms.dmrg:Running sweep with optimization
INFO:tenpy.algorithms.mps_common:start environment_sweep
INFO:tenpy.algorithms.dmrg:checkpoint after sweep 60
energy=0.0849391980583268, max S=1.6107674593201351, age=1098, norm_err=2.0e-02
Current memory usage 222.2MB, wall time: 64.6s
Delta E = -1.0942e-03, Delta S = 4.8134e-02 (per sweep)
max trunc_err = 3.9084e-08, max E_trunc = -1.6485e-12
chi: [256, 256, 256, 256, 256, 256]
================================================================================
INFO:tenpy.algorithms.dmrg:Running sweep with optimization
INFO:tenpy.algorithms.mps_common:start environment_sweep
INFO:tenpy.algorithms.dmrg:checkpoint after sweep 70
energy=0.0293995940447331, max S=1.1000161145981948, age=1278, norm_err=1.1e-01
Current memory usage 222.2MB, wall time: 64.4s
Delta E = -5.5540e-03, Delta S = -4.3618e-02 (per sweep)
max trunc_err = 5.0496e-08, max E_trunc = -3.2167e-09
chi: [256, 256, 256, 255, 255, 256]
================================================================================
INFO:tenpy.algorithms.dmrg:Running sweep with optimization
INFO:tenpy.algorithms.mps_common:start environment_sweep
INFO:tenpy.algorithms.dmrg:checkpoint after sweep 80
energy=0.1124181634329678, max S=1.3424695991568063, age=1458, norm_err=1.1e-01
Current memory usage 222.2MB, wall time: 64.5s
Delta E = 8.3019e-03, Delta S = 1.3382e-02 (per sweep)
max trunc_err = 2.4782e-08, max E_trunc = -3.9563e-11
chi: [256, 256, 256, 256, 256, 256]
================================================================================
INFO:tenpy.algorithms.dmrg:Running sweep with optimization
INFO:tenpy.algorithms.mps_common:start environment_sweep
INFO:tenpy.algorithms.dmrg:checkpoint after sweep 90
energy=0.1028196657249036, max S=1.3367731218956047, age=1638, norm_err=5.7e-02
Current memory usage 222.2MB, wall time: 64.2s
Delta E = -9.5985e-04, Delta S = -6.1097e-03 (per sweep)
max trunc_err = 9.3547e-08, max E_trunc = -2.0190e-08
chi: [256, 256, 256, 256, 256, 256]
================================================================================
INFO:tenpy.algorithms.dmrg:Running sweep with optimization
INFO:tenpy.algorithms.mps_common:start environment_sweep
INFO:tenpy.algorithms.dmrg:checkpoint after sweep 100
energy=0.0294779110293367, max S=1.0286728493111701, age=1818, norm_err=7.1e-02
Current memory usage 222.2MB, wall time: 64.3s
Delta E = -7.3342e-03, Delta S = -1.9013e-02 (per sweep)
max trunc_err = 3.5438e-08, max E_trunc = -8.8452e-09
chi: [256, 256, 256, 256, 256, 256]
================================================================================
INFO:tenpy.algorithms.dmrg:Running sweep with optimization
INFO:tenpy.algorithms.mps_common:start environment_sweep
INFO:tenpy.algorithms.dmrg:checkpoint after sweep 110
energy=-0.0564967748937496, max S=1.3231273091976345, age=1998, norm_err=1.1e-01
Current memory usage 222.2MB, wall time: 63.5s
Delta E = -8.5975e-03, Delta S = 1.8485e-02 (per sweep)
max trunc_err = 2.2923e-08, max E_trunc = -1.2441e-09
chi: [256, 255, 256, 256, 256, 256]
================================================================================
INFO:tenpy.algorithms.mps_common:TwoSiteDMRGEngine: Maximum number of sweeps reached
INFO:tenpy.tools.params:DMRG: reading 'norm_tol'=1e-05
INFO:tenpy.tools.params:DMRG: reading 'norm_tol_final'=1e-10
INFO:tenpy.tools.params:DMRG: reading 'norm_tol_iter'=5
WARNING:tenpy.algorithms.dmrg:final DMRG state not in canonical form up to norm_tol=1.00e-05: norm_err=1.06e-01
INFO:tenpy.algorithms.mps_common:start environment_sweep
INFO:tenpy.algorithms.mps_common:start environment_sweep
INFO:tenpy.algorithms.mps_common:start environment_sweep
INFO:tenpy.algorithms.mps_common:start environment_sweep
INFO:tenpy.algorithms.mps_common:start environment_sweep
WARNING:tenpy.algorithms.dmrg:final DMRG state not in canonical form up to norm_tol_final=1.00e-10: norm_err=3.00e-06, calling psi.canonical_form()
WARNING:tenpy.networks.mps:canonical_form_infinite: project to significantly smaller chi
INFO:tenpy.algorithms.dmrg:TwoSiteDMRGEngine finished after 110 sweeps, max chi=241
INFO:tenpy.tools.params:DMRG: reading 'max_trunc_err'=0.0001
INFO:tenpy.tools.params:MixedHofstadterLandauGauge_Pi_2: reading 'explicit_plus_hc'=False
INFO:tenpy.tools.params:MixedHofstadterLandauGauge_Pi_2: reading 'Lx'=2
INFO:tenpy.tools.params:MixedHofstadterLandauGauge_Pi_2: setting 'N_rings'=2
INFO:tenpy.tools.params:MixedHofstadterLandauGauge_Pi_2: reading 'xy_lattice'='Square'
INFO:tenpy.tools.params:MixedHofstadterLandauGauge_Pi_2: reading 'Ly'=3
INFO:tenpy.tools.params:MixedHofstadterLandauGauge_Pi_2: reading 'ring_order'=None
INFO:tenpy.tools.params:MixedHofstadterLandauGauge_Pi_2: reading 'conserve_k'=True
INFO:tenpy.tools.params:MixedHofstadterLandauGauge_Pi_2: reading 'bc_MPS'='infinite'
INFO:tenpy.tools.params:MixedHofstadterLandauGauge_Pi_2: reading 't'=-1
INFO:tenpy.tools.params:MixedHofstadterLandauGauge_Pi_2: reading 't2'=-0.25
INFO:tenpy.tools.params:MixedHofstadterLandauGauge_Pi_2: reading 'V1'=0.6
INFO:tenpy.tools.params:MixedHofstadterLandauGauge_Pi_2: reading 'phi_ext'=np.float64(0.75)
INFO:tenpy.tools.params:MixedHofstadterLandauGauge_Pi_2: reading 'sort_mpo_legs'=False
/home/t30/kna/ge54yin/Documents/MasterThesisFQHinTMDs/MPS_stuff/MPScalculations/.venv/lib/python3.12/site-packages/tenpy/tools/params.py:232: UserWarning: unused options for config MixedHofstadterLandauGauge_Pi_2:
['Delta', 'N_rings', 'Nsec', 'bc', 'chi_max', 'ktot', 'saveAll']
  warnings.warn(msg.format(keys=sorted(unused), name=self.name))
INFO:tenpy.tools.params:DMRG: reading 'active_sites'=2
INFO:tenpy.tools.params:DMRG: reading 'diag_method'='default'
INFO:tenpy.tools.params:DMRG: subconfig 'trunc_params'=Config(<5 options>, 'trunc_params')
INFO:tenpy.tools.params:DMRG: reading 'max_N_sites_per_ring'=18
INFO:tenpy.tools.params:DMRG: reading 'combine'=False
INFO:tenpy.tools.params:DMRG: subconfig 'lanczos_params'=Config(<9 options>, 'lanczos_params')
INFO:tenpy.tools.params:DMRG: reading 'chi_list'=None
INFO:tenpy.tools.params:DMRG: reading 'start_env'=1
INFO:tenpy.algorithms.mps_common:start environment_sweep
INFO:tenpy.tools.params:DMRG: reading 'N_sweeps_check'=10
INFO:tenpy.tools.params:DMRG: subconfig 'mixer_params'=Config(<3 options>, 'mixer_params')
INFO:tenpy.tools.params:DMRG: reading 'mixer'=None
INFO:tenpy.tools.params:DMRG: reading 'max_sweeps'=100
INFO:tenpy.tools.params:DMRG: reading 'max_hours'=8760
INFO:tenpy.tools.params:DMRG: reading 'P_tol_to_trunc'=0.05
INFO:tenpy.tools.params:DMRG: reading 'P_tol_min'=5.0000000000000004e-30
INFO:tenpy.tools.params:DMRG: reading 'P_tol_max'=0.0001
INFO:tenpy.tools.params:DMRG: reading 'E_tol_to_trunc'=None
INFO:tenpy.algorithms.dmrg:Running sweep with optimization
INFO:tenpy.tools.params:DMRG: reading 'max_N_for_ED'=400
INFO:tenpy.tools.params:DMRG: reading 'update_env'=5
INFO:tenpy.algorithms.mps_common:start environment_sweep
INFO:tenpy.algorithms.dmrg:checkpoint after sweep 10
energy=-0.4150025139281522, max S=1.3410334334778586, age=198, norm_err=8.3e-01
Current memory usage 222.2MB, wall time: 65.2s
Delta E = nan, Delta S = 1.9692e-02 (per sweep)
max trunc_err = 2.0736e-07, max E_trunc = -1.2972e-08
chi: [256, 256, 256, 256, 256, 256]
================================================================================
INFO:tenpy.algorithms.dmrg:Running sweep with optimization
INFO:tenpy.algorithms.mps_common:start environment_sweep
INFO:tenpy.algorithms.dmrg:checkpoint after sweep 20
energy=0.0950429187714702, max S=1.1178319717678658, age=378, norm_err=1.7e-01
Current memory usage 222.2MB, wall time: 64.7s
Delta E = 5.1005e-02, Delta S = -2.2226e-02 (per sweep)
max trunc_err = 6.8869e-08, max E_trunc = -5.5218e-10
chi: [256, 256, 256, 255, 256, 256]
================================================================================
INFO:tenpy.tools.params:DMRG: reading 'max_E_err'=1e-08
INFO:tenpy.tools.params:DMRG: reading 'max_S_err'=1e-05
INFO:tenpy.algorithms.dmrg:Running sweep with optimization
INFO:tenpy.algorithms.mps_common:start environment_sweep
INFO:tenpy.algorithms.dmrg:checkpoint after sweep 30
energy=0.1575115641245380, max S=0.1673362372632731, age=558, norm_err=6.8e-03
Current memory usage 222.2MB, wall time: 64.9s
Delta E = 6.2469e-03, Delta S = -8.6793e-02 (per sweep)
max trunc_err = 1.5526e-08, max E_trunc = -1.5287e-09
chi: [256, 256, 256, 256, 256, 256]
================================================================================
INFO:tenpy.algorithms.dmrg:Running sweep with optimization
INFO:tenpy.algorithms.mps_common:start environment_sweep
INFO:tenpy.algorithms.dmrg:checkpoint after sweep 40
energy=0.1949907053515716, max S=1.7826912196534197, age=738, norm_err=6.4e-02
Current memory usage 222.2MB, wall time: 62.9s
Delta E = 3.7479e-03, Delta S = 1.5798e-01 (per sweep)
max trunc_err = 1.3807e-07, max E_trunc = -4.7744e-09
chi: [256, 256, 256, 255, 256, 256]
================================================================================
INFO:tenpy.algorithms.dmrg:Running sweep with optimization
INFO:tenpy.algorithms.mps_common:start environment_sweep
INFO:tenpy.algorithms.dmrg:checkpoint after sweep 50
energy=0.1264234722700527, max S=1.3987359690141665, age=918, norm_err=2.3e-01
Current memory usage 222.2MB, wall time: 64.6s
Delta E = -6.8567e-03, Delta S = -3.8898e-02 (per sweep)
max trunc_err = 1.0147e-08, max E_trunc = -3.6937e-10
chi: [256, 256, 256, 255, 256, 256]
================================================================================
INFO:tenpy.algorithms.dmrg:Running sweep with optimization
INFO:tenpy.algorithms.mps_common:start environment_sweep
INFO:tenpy.algorithms.dmrg:checkpoint after sweep 60
energy=0.1820861260366087, max S=2.5601704858126708, age=1098, norm_err=3.9e-02
Current memory usage 222.2MB, wall time: 65.3s
Delta E = 5.5663e-03, Delta S = 1.1169e-01 (per sweep)
max trunc_err = 1.2293e-07, max E_trunc = -1.8202e-08
chi: [256, 256, 256, 256, 256, 256]
================================================================================
INFO:tenpy.algorithms.dmrg:Running sweep with optimization
INFO:tenpy.algorithms.mps_common:start environment_sweep
INFO:tenpy.algorithms.dmrg:checkpoint after sweep 70
energy=0.9437016220983830, max S=1.3208550816510880, age=1278, norm_err=1.2e-01
Current memory usage 222.2MB, wall time: 64.9s
Delta E = 7.6162e-02, Delta S = -1.3511e-01 (per sweep)
max trunc_err = 1.2856e-07, max E_trunc = 1.5883e-08
chi: [256, 256, 256, 255, 255, 256]
================================================================================
INFO:tenpy.algorithms.dmrg:Running sweep with optimization
INFO:tenpy.algorithms.mps_common:start environment_sweep
INFO:tenpy.algorithms.dmrg:checkpoint after sweep 80
energy=0.2711525975443957, max S=1.2636316048225777, age=1458, norm_err=1.6e-01
Current memory usage 222.2MB, wall time: 63.3s
Delta E = -6.7255e-02, Delta S = 4.7023e-03 (per sweep)
max trunc_err = 6.3254e-08, max E_trunc = -1.3409e-09
chi: [256, 256, 256, 256, 256, 256]
================================================================================
INFO:tenpy.algorithms.dmrg:Running sweep with optimization
INFO:tenpy.algorithms.mps_common:start environment_sweep
INFO:tenpy.algorithms.dmrg:checkpoint after sweep 90
energy=0.0267606128622617, max S=1.2744211952869295, age=1638, norm_err=7.2e-02
Current memory usage 222.2MB, wall time: 62.0s
Delta E = -2.4439e-02, Delta S = -2.2208e-03 (per sweep)
max trunc_err = 4.7083e-08, max E_trunc = -1.5812e-08
chi: [256, 256, 256, 256, 256, 256]
================================================================================
INFO:tenpy.algorithms.dmrg:Running sweep with optimization
INFO:tenpy.algorithms.mps_common:start environment_sweep
INFO:tenpy.algorithms.dmrg:checkpoint after sweep 100
energy=0.2887830184820454, max S=1.4378423327633345, age=1818, norm_err=3.8e-02
Current memory usage 222.2MB, wall time: 53.3s
Delta E = 2.6202e-02, Delta S = 7.7720e-03 (per sweep)
max trunc_err = 7.5286e-09, max E_trunc = -3.0013e-11
chi: [256, 251, 256, 255, 256, 256]
================================================================================
INFO:tenpy.algorithms.dmrg:Running sweep with optimization
INFO:tenpy.algorithms.mps_common:start environment_sweep
INFO:tenpy.algorithms.dmrg:checkpoint after sweep 110
energy=-0.4155386175483689, max S=0.8999820595405448, age=1998, norm_err=1.0e+00
Current memory usage 222.2MB, wall time: 64.0s
Delta E = -7.0432e-02, Delta S = -4.1149e-02 (per sweep)
max trunc_err = 3.1019e-07, max E_trunc = -1.0070e-08
chi: [256, 256, 256, 256, 256, 256]
================================================================================
INFO:tenpy.algorithms.mps_common:TwoSiteDMRGEngine: Maximum number of sweeps reached
INFO:tenpy.tools.params:DMRG: reading 'norm_tol'=1e-05
INFO:tenpy.tools.params:DMRG: reading 'norm_tol_final'=1e-10
INFO:tenpy.tools.params:DMRG: reading 'norm_tol_iter'=5
WARNING:tenpy.algorithms.dmrg:final DMRG state not in canonical form up to norm_tol=1.00e-05: norm_err=1.02e+00
INFO:tenpy.algorithms.mps_common:start environment_sweep
INFO:tenpy.algorithms.mps_common:start environment_sweep
INFO:tenpy.algorithms.mps_common:start environment_sweep
INFO:tenpy.algorithms.mps_common:start environment_sweep
INFO:tenpy.algorithms.mps_common:start environment_sweep
WARNING:tenpy.algorithms.dmrg:norm_err=8.63e-01 still too high after environment_sweeps
WARNING:tenpy.algorithms.dmrg:final DMRG state not in canonical form up to norm_tol_final=1.00e-10: norm_err=8.63e-01, calling psi.canonical_form()
INFO:tenpy.algorithms.dmrg:TwoSiteDMRGEngine finished after 110 sweeps, max chi=256
INFO:tenpy.tools.params:DMRG: reading 'max_trunc_err'=0.0001
INFO:tenpy.tools.params:MixedHofstadterLandauGauge_Pi_2: reading 'explicit_plus_hc'=False
INFO:tenpy.tools.params:MixedHofstadterLandauGauge_Pi_2: reading 'Lx'=2
INFO:tenpy.tools.params:MixedHofstadterLandauGauge_Pi_2: setting 'N_rings'=2
INFO:tenpy.tools.params:MixedHofstadterLandauGauge_Pi_2: reading 'xy_lattice'='Square'
INFO:tenpy.tools.params:MixedHofstadterLandauGauge_Pi_2: reading 'Ly'=3
INFO:tenpy.tools.params:MixedHofstadterLandauGauge_Pi_2: reading 'ring_order'=None
INFO:tenpy.tools.params:MixedHofstadterLandauGauge_Pi_2: reading 'conserve_k'=True
INFO:tenpy.tools.params:MixedHofstadterLandauGauge_Pi_2: reading 'bc_MPS'='infinite'
INFO:tenpy.tools.params:MixedHofstadterLandauGauge_Pi_2: reading 't'=-1
INFO:tenpy.tools.params:MixedHofstadterLandauGauge_Pi_2: reading 't2'=-0.25
INFO:tenpy.tools.params:MixedHofstadterLandauGauge_Pi_2: reading 'V1'=0.6
INFO:tenpy.tools.params:MixedHofstadterLandauGauge_Pi_2: reading 'phi_ext'=np.float64(0.8)
INFO:tenpy.tools.params:MixedHofstadterLandauGauge_Pi_2: reading 'sort_mpo_legs'=False
/home/t30/kna/ge54yin/Documents/MasterThesisFQHinTMDs/MPS_stuff/MPScalculations/.venv/lib/python3.12/site-packages/tenpy/tools/params.py:232: UserWarning: unused options for config MixedHofstadterLandauGauge_Pi_2:
['Delta', 'N_rings', 'Nsec', 'bc', 'chi_max', 'ktot', 'saveAll']
  warnings.warn(msg.format(keys=sorted(unused), name=self.name))
INFO:tenpy.tools.params:DMRG: reading 'active_sites'=2
INFO:tenpy.tools.params:DMRG: reading 'diag_method'='default'
INFO:tenpy.tools.params:DMRG: subconfig 'trunc_params'=Config(<5 options>, 'trunc_params')
INFO:tenpy.tools.params:DMRG: reading 'max_N_sites_per_ring'=18
INFO:tenpy.tools.params:DMRG: reading 'combine'=False
INFO:tenpy.tools.params:DMRG: subconfig 'lanczos_params'=Config(<9 options>, 'lanczos_params')
INFO:tenpy.tools.params:DMRG: reading 'chi_list'=None
INFO:tenpy.tools.params:DMRG: reading 'start_env'=1
INFO:tenpy.algorithms.mps_common:start environment_sweep
INFO:tenpy.tools.params:DMRG: reading 'N_sweeps_check'=10
INFO:tenpy.tools.params:DMRG: subconfig 'mixer_params'=Config(<3 options>, 'mixer_params')
INFO:tenpy.tools.params:DMRG: reading 'mixer'=None
INFO:tenpy.tools.params:DMRG: reading 'max_sweeps'=100
INFO:tenpy.tools.params:DMRG: reading 'max_hours'=8760
INFO:tenpy.tools.params:DMRG: reading 'P_tol_to_trunc'=0.05
INFO:tenpy.tools.params:DMRG: reading 'P_tol_min'=5.0000000000000004e-30
INFO:tenpy.tools.params:DMRG: reading 'P_tol_max'=0.0001
INFO:tenpy.tools.params:DMRG: reading 'E_tol_to_trunc'=None
INFO:tenpy.algorithms.dmrg:Running sweep with optimization
INFO:tenpy.tools.params:DMRG: reading 'max_N_for_ED'=400
INFO:tenpy.tools.params:DMRG: reading 'update_env'=5
INFO:tenpy.algorithms.mps_common:start environment_sweep
INFO:tenpy.algorithms.dmrg:checkpoint after sweep 10
energy=-0.4147041644983330, max S=1.3340314610101485, age=198, norm_err=1.1e+00
Current memory usage 222.2MB, wall time: 49.1s
Delta E = nan, Delta S = -3.9931e-02 (per sweep)
max trunc_err = 4.2589e-09, max E_trunc = 1.5852e-11
chi: [256, 256, 256, 256, 256, 256]
================================================================================
INFO:tenpy.algorithms.dmrg:Running sweep with optimization
INFO:tenpy.algorithms.mps_common:start environment_sweep
INFO:tenpy.algorithms.dmrg:checkpoint after sweep 20
energy=-0.1870366659849907, max S=0.8579276274706056, age=378, norm_err=4.9e-02
Current memory usage 222.2MB, wall time: 65.4s
Delta E = 2.2767e-02, Delta S = -4.4121e-02 (per sweep)
max trunc_err = 4.1963e-08, max E_trunc = -1.3259e-10
chi: [256, 256, 256, 256, 256, 256]
================================================================================
INFO:tenpy.tools.params:DMRG: reading 'max_E_err'=1e-08
INFO:tenpy.tools.params:DMRG: reading 'max_S_err'=1e-05
INFO:tenpy.algorithms.dmrg:Running sweep with optimization
INFO:tenpy.algorithms.mps_common:start environment_sweep
INFO:tenpy.algorithms.dmrg:checkpoint after sweep 30
energy=-0.4153751896769056, max S=0.8004158654858453, age=558, norm_err=1.2e+00
Current memory usage 222.2MB, wall time: 64.8s
Delta E = -2.2834e-02, Delta S = -7.1522e-03 (per sweep)
max trunc_err = 6.5364e-09, max E_trunc = 8.3821e-10
chi: [256, 255, 256, 255, 256, 256]
================================================================================
INFO:tenpy.algorithms.dmrg:Running sweep with optimization
INFO:tenpy.algorithms.mps_common:start environment_sweep
INFO:tenpy.algorithms.dmrg:checkpoint after sweep 40
energy=-0.0690781776263047, max S=0.6644422723476504, age=738, norm_err=1.2e-01
Current memory usage 222.2MB, wall time: 61.5s
Delta E = 3.4630e-02, Delta S = -1.3420e-02 (per sweep)
max trunc_err = 4.3289e-08, max E_trunc = -8.3674e-11
chi: [255, 255, 256, 255, 256, 256]
================================================================================
INFO:tenpy.algorithms.dmrg:Running sweep with optimization
INFO:tenpy.algorithms.mps_common:start environment_sweep
INFO:tenpy.algorithms.dmrg:checkpoint after sweep 50
energy=0.2893334103255351, max S=0.5659026551346747, age=918, norm_err=1.5e-04
Current memory usage 222.2MB, wall time: 61.1s
Delta E = 3.5841e-02, Delta S = -1.8596e-02 (per sweep)
max trunc_err = 4.3702e-08, max E_trunc = -4.7549e-08
chi: [256, 256, 256, 256, 256, 256]
================================================================================
INFO:tenpy.algorithms.dmrg:Running sweep with optimization
INFO:tenpy.algorithms.mps_common:start environment_sweep
INFO:tenpy.algorithms.dmrg:checkpoint after sweep 60
energy=-0.4090525753329644, max S=1.0964037659777177, age=1098, norm_err=1.7e-04
Current memory usage 222.2MB, wall time: 64.0s
Delta E = -6.9839e-02, Delta S = 4.4948e-02 (per sweep)
max trunc_err = 2.0914e-07, max E_trunc = -2.5839e-09
chi: [256, 256, 256, 256, 256, 256]
================================================================================
INFO:tenpy.algorithms.dmrg:Running sweep with optimization
INFO:tenpy.algorithms.mps_common:start environment_sweep
INFO:tenpy.algorithms.dmrg:checkpoint after sweep 70
energy=0.0796365588038412, max S=0.9938674512670638, age=1278, norm_err=8.5e-02
Current memory usage 222.2MB, wall time: 46.3s
Delta E = 4.8869e-02, Delta S = 7.6357e-03 (per sweep)
max trunc_err = 1.1631e-08, max E_trunc = 1.5120e-11
chi: [256, 256, 256, 256, 256, 256]
================================================================================
INFO:tenpy.algorithms.dmrg:Running sweep with optimization
INFO:tenpy.algorithms.mps_common:start environment_sweep
INFO:tenpy.algorithms.dmrg:checkpoint after sweep 80
energy=-0.0358848202147423, max S=2.1044969291099913, age=1458, norm_err=7.3e-02
Current memory usage 222.2MB, wall time: 65.1s
Delta E = -1.1552e-02, Delta S = 1.1527e-01 (per sweep)
max trunc_err = 3.2270e-08, max E_trunc = 7.3896e-12
chi: [256, 256, 256, 256, 256, 256]
================================================================================
INFO:tenpy.algorithms.dmrg:Running sweep with optimization
INFO:tenpy.algorithms.mps_common:start environment_sweep
INFO:tenpy.algorithms.dmrg:checkpoint after sweep 90
energy=0.0050356636549414, max S=2.8729068855411768, age=1638, norm_err=4.2e-02
Current memory usage 222.2MB, wall time: 65.6s
Delta E = 4.0920e-03, Delta S = 7.8633e-02 (per sweep)
max trunc_err = 2.5364e-08, max E_trunc = -1.5629e-08
chi: [256, 256, 256, 256, 256, 256]
================================================================================
INFO:tenpy.algorithms.dmrg:Running sweep with optimization
INFO:tenpy.algorithms.mps_common:start environment_sweep
INFO:tenpy.algorithms.dmrg:checkpoint after sweep 100
energy=0.1871365615109065, max S=0.7474621253638054, age=1818, norm_err=2.7e-02
Current memory usage 222.2MB, wall time: 65.9s
Delta E = 1.8210e-02, Delta S = -2.2678e-01 (per sweep)
max trunc_err = 6.1498e-08, max E_trunc = -2.6555e-09
chi: [256, 256, 256, 256, 256, 256]
================================================================================
INFO:tenpy.algorithms.dmrg:Running sweep with optimization
INFO:tenpy.algorithms.mps_common:start environment_sweep
INFO:tenpy.algorithms.dmrg:checkpoint after sweep 110
energy=-0.2439700875299025, max S=1.1547687894852792, age=1998, norm_err=1.0e-01
Current memory usage 222.2MB, wall time: 64.9s
Delta E = -4.3111e-02, Delta S = 3.9423e-02 (per sweep)
max trunc_err = 6.3226e-08, max E_trunc = -6.4523e-08
chi: [256, 256, 256, 256, 256, 256]
================================================================================
INFO:tenpy.algorithms.mps_common:TwoSiteDMRGEngine: Maximum number of sweeps reached
INFO:tenpy.tools.params:DMRG: reading 'norm_tol'=1e-05
INFO:tenpy.tools.params:DMRG: reading 'norm_tol_final'=1e-10
INFO:tenpy.tools.params:DMRG: reading 'norm_tol_iter'=5
WARNING:tenpy.algorithms.dmrg:final DMRG state not in canonical form up to norm_tol=1.00e-05: norm_err=1.00e-01
INFO:tenpy.algorithms.mps_common:start environment_sweep
INFO:tenpy.algorithms.mps_common:start environment_sweep
INFO:tenpy.algorithms.mps_common:start environment_sweep
INFO:tenpy.algorithms.mps_common:start environment_sweep
WARNING:tenpy.algorithms.dmrg:final DMRG state not in canonical form up to norm_tol_final=1.00e-10: norm_err=8.63e-06, calling psi.canonical_form()
INFO:tenpy.algorithms.dmrg:TwoSiteDMRGEngine finished after 110 sweeps, max chi=256
INFO:tenpy.tools.params:DMRG: reading 'max_trunc_err'=0.0001
INFO:tenpy.tools.params:MixedHofstadterLandauGauge_Pi_2: reading 'explicit_plus_hc'=False
INFO:tenpy.tools.params:MixedHofstadterLandauGauge_Pi_2: reading 'Lx'=2
INFO:tenpy.tools.params:MixedHofstadterLandauGauge_Pi_2: setting 'N_rings'=2
INFO:tenpy.tools.params:MixedHofstadterLandauGauge_Pi_2: reading 'xy_lattice'='Square'
INFO:tenpy.tools.params:MixedHofstadterLandauGauge_Pi_2: reading 'Ly'=3
INFO:tenpy.tools.params:MixedHofstadterLandauGauge_Pi_2: reading 'ring_order'=None
INFO:tenpy.tools.params:MixedHofstadterLandauGauge_Pi_2: reading 'conserve_k'=True
INFO:tenpy.tools.params:MixedHofstadterLandauGauge_Pi_2: reading 'bc_MPS'='infinite'
INFO:tenpy.tools.params:MixedHofstadterLandauGauge_Pi_2: reading 't'=-1
INFO:tenpy.tools.params:MixedHofstadterLandauGauge_Pi_2: reading 't2'=-0.25
INFO:tenpy.tools.params:MixedHofstadterLandauGauge_Pi_2: reading 'V1'=0.6
INFO:tenpy.tools.params:MixedHofstadterLandauGauge_Pi_2: reading 'phi_ext'=np.float64(0.8500000000000001)
INFO:tenpy.tools.params:MixedHofstadterLandauGauge_Pi_2: reading 'sort_mpo_legs'=False
/home/t30/kna/ge54yin/Documents/MasterThesisFQHinTMDs/MPS_stuff/MPScalculations/.venv/lib/python3.12/site-packages/tenpy/tools/params.py:232: UserWarning: unused options for config MixedHofstadterLandauGauge_Pi_2:
['Delta', 'N_rings', 'Nsec', 'bc', 'chi_max', 'ktot', 'saveAll']
  warnings.warn(msg.format(keys=sorted(unused), name=self.name))
INFO:tenpy.tools.params:DMRG: reading 'active_sites'=2
INFO:tenpy.tools.params:DMRG: reading 'diag_method'='default'
INFO:tenpy.tools.params:DMRG: subconfig 'trunc_params'=Config(<5 options>, 'trunc_params')
INFO:tenpy.tools.params:DMRG: reading 'max_N_sites_per_ring'=18
INFO:tenpy.tools.params:DMRG: reading 'combine'=False
INFO:tenpy.tools.params:DMRG: subconfig 'lanczos_params'=Config(<9 options>, 'lanczos_params')
INFO:tenpy.tools.params:DMRG: reading 'chi_list'=None
INFO:tenpy.tools.params:DMRG: reading 'start_env'=1
INFO:tenpy.algorithms.mps_common:start environment_sweep
INFO:tenpy.tools.params:DMRG: reading 'N_sweeps_check'=10
INFO:tenpy.tools.params:DMRG: subconfig 'mixer_params'=Config(<3 options>, 'mixer_params')
INFO:tenpy.tools.params:DMRG: reading 'mixer'=None
INFO:tenpy.tools.params:DMRG: reading 'max_sweeps'=100
INFO:tenpy.tools.params:DMRG: reading 'max_hours'=8760
INFO:tenpy.tools.params:DMRG: reading 'P_tol_to_trunc'=0.05
INFO:tenpy.tools.params:DMRG: reading 'P_tol_min'=5.0000000000000004e-30
INFO:tenpy.tools.params:DMRG: reading 'P_tol_max'=0.0001
INFO:tenpy.tools.params:DMRG: reading 'E_tol_to_trunc'=None
INFO:tenpy.algorithms.dmrg:Running sweep with optimization
INFO:tenpy.tools.params:DMRG: reading 'max_N_for_ED'=400
INFO:tenpy.tools.params:DMRG: reading 'update_env'=5
INFO:tenpy.algorithms.mps_common:start environment_sweep
INFO:tenpy.algorithms.dmrg:checkpoint after sweep 10
energy=-0.0840635419864419, max S=1.3705541881666155, age=198, norm_err=1.1e-01
Current memory usage 222.2MB, wall time: 65.0s
Delta E = nan, Delta S = 5.9982e-02 (per sweep)
max trunc_err = 9.2379e-08, max E_trunc = -2.0022e-08
chi: [256, 256, 256, 256, 256, 256]
================================================================================
INFO:tenpy.algorithms.dmrg:Running sweep with optimization
INFO:tenpy.algorithms.mps_common:start environment_sweep
INFO:tenpy.algorithms.dmrg:checkpoint after sweep 20
energy=0.1069835085291970, max S=1.4751845817044458, age=378, norm_err=1.6e-01
Current memory usage 222.2MB, wall time: 64.6s
Delta E = 1.9105e-02, Delta S = 9.8194e-03 (per sweep)
max trunc_err = 2.9059e-07, max E_trunc = -7.1176e-08
chi: [256, 256, 256, 256, 256, 256]
================================================================================
INFO:tenpy.tools.params:DMRG: reading 'max_E_err'=1e-08
INFO:tenpy.tools.params:DMRG: reading 'max_S_err'=1e-05
INFO:tenpy.algorithms.dmrg:Running sweep with optimization
INFO:tenpy.algorithms.mps_common:start environment_sweep
INFO:tenpy.algorithms.dmrg:checkpoint after sweep 30
energy=0.2523996596942387, max S=0.6999858902420523, age=558, norm_err=1.6e-02
Current memory usage 222.2MB, wall time: 81.2s
Delta E = 1.4542e-02, Delta S = -7.7031e-02 (per sweep)
max trunc_err = 6.3012e-08, max E_trunc = -8.4745e-10
chi: [256, 256, 256, 256, 256, 256]
================================================================================
INFO:tenpy.algorithms.dmrg:Running sweep with optimization
INFO:tenpy.algorithms.mps_common:start environment_sweep
INFO:tenpy.algorithms.dmrg:checkpoint after sweep 40
energy=-0.1271084337690525, max S=1.1172102736320020, age=738, norm_err=5.0e-03
Current memory usage 222.2MB, wall time: 81.5s
Delta E = -3.7951e-02, Delta S = 4.4032e-02 (per sweep)
max trunc_err = 9.8775e-08, max E_trunc = -9.3792e-12
chi: [256, 255, 256, 256, 256, 256]
================================================================================
INFO:tenpy.algorithms.dmrg:Running sweep with optimization
INFO:tenpy.algorithms.mps_common:start environment_sweep
INFO:tenpy.algorithms.dmrg:checkpoint after sweep 50
energy=-0.2634276639730189, max S=2.6732041902549342, age=918, norm_err=1.1e-01
Current memory usage 222.2MB, wall time: 94.1s
Delta E = -1.3632e-02, Delta S = 1.5796e-01 (per sweep)
max trunc_err = 4.2328e-08, max E_trunc = -1.4904e-08
chi: [256, 256, 256, 256, 256, 256]
================================================================================
INFO:tenpy.algorithms.dmrg:Running sweep with optimization
INFO:tenpy.algorithms.mps_common:start environment_sweep
INFO:tenpy.algorithms.dmrg:checkpoint after sweep 60
energy=-0.2528255566831395, max S=1.3369289343596906, age=1098, norm_err=4.7e-02
Current memory usage 222.2MB, wall time: 90.6s
Delta E = 1.0602e-03, Delta S = -1.4386e-01 (per sweep)
max trunc_err = 4.3372e-09, max E_trunc = -1.6024e-10
chi: [256, 256, 256, 256, 256, 256]
================================================================================
INFO:tenpy.algorithms.dmrg:Running sweep with optimization
INFO:tenpy.algorithms.mps_common:start environment_sweep
INFO:tenpy.algorithms.dmrg:checkpoint after sweep 70
energy=0.2437329628314444, max S=1.3419584656916812, age=1278, norm_err=9.6e-02
Current memory usage 222.2MB, wall time: 89.0s
Delta E = 4.9656e-02, Delta S = 5.0018e-03 (per sweep)
max trunc_err = 1.4365e-07, max E_trunc = -1.0413e-08
chi: [256, 256, 256, 256, 256, 256]
================================================================================
INFO:tenpy.algorithms.dmrg:Running sweep with optimization
INFO:tenpy.algorithms.mps_common:start environment_sweep
INFO:tenpy.algorithms.dmrg:checkpoint after sweep 80
energy=-0.3787939777219833, max S=1.5688661870508378, age=1458, norm_err=1.7e-02
Current memory usage 222.2MB, wall time: 86.9s
Delta E = -6.2253e-02, Delta S = 1.5906e-02 (per sweep)
max trunc_err = 1.7978e-07, max E_trunc = -2.9277e-08
chi: [256, 256, 256, 256, 256, 256]
================================================================================
INFO:tenpy.algorithms.dmrg:Running sweep with optimization
INFO:tenpy.algorithms.mps_common:start environment_sweep
INFO:tenpy.algorithms.dmrg:checkpoint after sweep 90
energy=0.3369844588412813, max S=1.2681752864975517, age=1638, norm_err=1.4e-01
Current memory usage 222.2MB, wall time: 86.4s
Delta E = 7.1578e-02, Delta S = -2.8091e-02 (per sweep)
max trunc_err = 1.2143e-07, max E_trunc = -9.6468e-08
chi: [256, 255, 256, 256, 256, 256]
================================================================================
INFO:tenpy.algorithms.dmrg:Running sweep with optimization
INFO:tenpy.algorithms.mps_common:start environment_sweep
INFO:tenpy.algorithms.dmrg:checkpoint after sweep 100
energy=-0.0165127260052600, max S=1.1551794146137642, age=1818, norm_err=8.2e-02
Current memory usage 222.2MB, wall time: 81.8s
Delta E = -3.5350e-02, Delta S = -1.8657e-05 (per sweep)
max trunc_err = 5.4521e-08, max E_trunc = -1.4600e-08
chi: [256, 256, 256, 255, 256, 256]
================================================================================
INFO:tenpy.algorithms.dmrg:Running sweep with optimization
INFO:tenpy.algorithms.mps_common:start environment_sweep
INFO:tenpy.algorithms.dmrg:checkpoint after sweep 110
energy=0.3272307533714051, max S=1.7776274004433019, age=1998, norm_err=1.9e-01
Current memory usage 222.2MB, wall time: 85.7s
Delta E = 3.4374e-02, Delta S = 5.4758e-02 (per sweep)
max trunc_err = 5.4786e-08, max E_trunc = -2.5182e-10
chi: [256, 254, 256, 255, 256, 256]
================================================================================
INFO:tenpy.algorithms.mps_common:TwoSiteDMRGEngine: Maximum number of sweeps reached
INFO:tenpy.tools.params:DMRG: reading 'norm_tol'=1e-05
INFO:tenpy.tools.params:DMRG: reading 'norm_tol_final'=1e-10
INFO:tenpy.tools.params:DMRG: reading 'norm_tol_iter'=5
WARNING:tenpy.algorithms.dmrg:final DMRG state not in canonical form up to norm_tol=1.00e-05: norm_err=1.90e-01
INFO:tenpy.algorithms.mps_common:start environment_sweep
INFO:tenpy.algorithms.mps_common:start environment_sweep
INFO:tenpy.algorithms.mps_common:start environment_sweep
INFO:tenpy.algorithms.mps_common:start environment_sweep
WARNING:tenpy.algorithms.dmrg:final DMRG state not in canonical form up to norm_tol_final=1.00e-10: norm_err=9.40e-06, calling psi.canonical_form()
INFO:tenpy.algorithms.dmrg:TwoSiteDMRGEngine finished after 110 sweeps, max chi=256
INFO:tenpy.tools.params:DMRG: reading 'max_trunc_err'=0.0001
INFO:tenpy.tools.params:MixedHofstadterLandauGauge_Pi_2: reading 'explicit_plus_hc'=False
INFO:tenpy.tools.params:MixedHofstadterLandauGauge_Pi_2: reading 'Lx'=2
INFO:tenpy.tools.params:MixedHofstadterLandauGauge_Pi_2: setting 'N_rings'=2
INFO:tenpy.tools.params:MixedHofstadterLandauGauge_Pi_2: reading 'xy_lattice'='Square'
INFO:tenpy.tools.params:MixedHofstadterLandauGauge_Pi_2: reading 'Ly'=3
INFO:tenpy.tools.params:MixedHofstadterLandauGauge_Pi_2: reading 'ring_order'=None
INFO:tenpy.tools.params:MixedHofstadterLandauGauge_Pi_2: reading 'conserve_k'=True
INFO:tenpy.tools.params:MixedHofstadterLandauGauge_Pi_2: reading 'bc_MPS'='infinite'
INFO:tenpy.tools.params:MixedHofstadterLandauGauge_Pi_2: reading 't'=-1
INFO:tenpy.tools.params:MixedHofstadterLandauGauge_Pi_2: reading 't2'=-0.25
INFO:tenpy.tools.params:MixedHofstadterLandauGauge_Pi_2: reading 'V1'=0.6
INFO:tenpy.tools.params:MixedHofstadterLandauGauge_Pi_2: reading 'phi_ext'=np.float64(0.9)
INFO:tenpy.tools.params:MixedHofstadterLandauGauge_Pi_2: reading 'sort_mpo_legs'=False
/home/t30/kna/ge54yin/Documents/MasterThesisFQHinTMDs/MPS_stuff/MPScalculations/.venv/lib/python3.12/site-packages/tenpy/tools/params.py:232: UserWarning: unused options for config MixedHofstadterLandauGauge_Pi_2:
['Delta', 'N_rings', 'Nsec', 'bc', 'chi_max', 'ktot', 'saveAll']
  warnings.warn(msg.format(keys=sorted(unused), name=self.name))
INFO:tenpy.tools.params:DMRG: reading 'active_sites'=2
INFO:tenpy.tools.params:DMRG: reading 'diag_method'='default'
INFO:tenpy.tools.params:DMRG: subconfig 'trunc_params'=Config(<5 options>, 'trunc_params')
INFO:tenpy.tools.params:DMRG: reading 'max_N_sites_per_ring'=18
INFO:tenpy.tools.params:DMRG: reading 'combine'=False
INFO:tenpy.tools.params:DMRG: subconfig 'lanczos_params'=Config(<9 options>, 'lanczos_params')
INFO:tenpy.tools.params:DMRG: reading 'chi_list'=None
INFO:tenpy.tools.params:DMRG: reading 'start_env'=1
INFO:tenpy.algorithms.mps_common:start environment_sweep
INFO:tenpy.tools.params:DMRG: reading 'N_sweeps_check'=10
INFO:tenpy.tools.params:DMRG: subconfig 'mixer_params'=Config(<3 options>, 'mixer_params')
INFO:tenpy.tools.params:DMRG: reading 'mixer'=None
INFO:tenpy.tools.params:DMRG: reading 'max_sweeps'=100
INFO:tenpy.tools.params:DMRG: reading 'max_hours'=8760
INFO:tenpy.tools.params:DMRG: reading 'P_tol_to_trunc'=0.05
INFO:tenpy.tools.params:DMRG: reading 'P_tol_min'=5.0000000000000004e-30
INFO:tenpy.tools.params:DMRG: reading 'P_tol_max'=0.0001
INFO:tenpy.tools.params:DMRG: reading 'E_tol_to_trunc'=None
INFO:tenpy.algorithms.dmrg:Running sweep with optimization
INFO:tenpy.tools.params:DMRG: reading 'max_N_for_ED'=400
INFO:tenpy.tools.params:DMRG: reading 'update_env'=5
INFO:tenpy.algorithms.mps_common:start environment_sweep
INFO:tenpy.algorithms.dmrg:checkpoint after sweep 10
energy=0.1183601706875213, max S=1.7579820316759107, age=198, norm_err=5.4e-02
Current memory usage 222.2MB, wall time: 87.8s
Delta E = nan, Delta S = 9.2082e-02 (per sweep)
max trunc_err = 3.4065e-08, max E_trunc = -9.2166e-09
chi: [256, 256, 256, 256, 256, 256]
================================================================================
INFO:tenpy.algorithms.dmrg:Running sweep with optimization
INFO:tenpy.algorithms.mps_common:start environment_sweep
INFO:tenpy.algorithms.dmrg:checkpoint after sweep 20
energy=0.2252751417801117, max S=1.7332156937633549, age=378, norm_err=2.5e-02
Current memory usage 222.2MB, wall time: 89.5s
Delta E = 1.0691e-02, Delta S = 9.8413e-04 (per sweep)
max trunc_err = 2.6262e-08, max E_trunc = -4.6493e-09
chi: [256, 256, 256, 256, 256, 256]
================================================================================
INFO:tenpy.tools.params:DMRG: reading 'max_E_err'=1e-08
INFO:tenpy.tools.params:DMRG: reading 'max_S_err'=1e-05
INFO:tenpy.algorithms.dmrg:Running sweep with optimization
INFO:tenpy.algorithms.mps_common:start environment_sweep
INFO:tenpy.algorithms.dmrg:checkpoint after sweep 30
energy=0.1281292386748163, max S=1.5275325022633126, age=558, norm_err=2.0e-01
Current memory usage 222.2MB, wall time: 89.9s
Delta E = -9.7146e-03, Delta S = -3.3413e-02 (per sweep)
max trunc_err = 4.4346e-08, max E_trunc = -2.6936e-09
chi: [256, 256, 256, 256, 256, 256]
================================================================================
INFO:tenpy.algorithms.dmrg:Running sweep with optimization
INFO:tenpy.algorithms.mps_common:start environment_sweep
INFO:tenpy.algorithms.dmrg:checkpoint after sweep 40
energy=-0.0346964615061343, max S=1.5364362426215756, age=738, norm_err=2.3e-02
Current memory usage 222.2MB, wall time: 88.4s
Delta E = -1.6283e-02, Delta S = 4.6781e-03 (per sweep)
max trunc_err = 3.0235e-09, max E_trunc = -1.0232e-12
chi: [256, 256, 256, 256, 256, 256]
================================================================================
INFO:tenpy.algorithms.dmrg:Running sweep with optimization
INFO:tenpy.algorithms.mps_common:start environment_sweep
INFO:tenpy.algorithms.dmrg:checkpoint after sweep 50
energy=-0.0015276984385508, max S=1.1690195490418809, age=918, norm_err=1.9e-02
Current memory usage 222.2MB, wall time: 89.6s
Delta E = 3.3169e-03, Delta S = -4.2634e-02 (per sweep)
max trunc_err = 2.1823e-07, max E_trunc = -9.3250e-09
chi: [256, 256, 256, 256, 256, 256]
================================================================================
INFO:tenpy.algorithms.dmrg:Running sweep with optimization
INFO:tenpy.algorithms.mps_common:start environment_sweep
INFO:tenpy.algorithms.dmrg:checkpoint after sweep 60
energy=0.0253197409994025, max S=2.0006417315377290, age=1098, norm_err=1.9e-02
Current memory usage 222.2MB, wall time: 89.4s
Delta E = 2.6847e-03, Delta S = 8.8916e-02 (per sweep)
max trunc_err = 1.4253e-08, max E_trunc = -1.7287e-08
chi: [256, 256, 256, 256, 256, 256]
================================================================================
INFO:tenpy.algorithms.dmrg:Running sweep with optimization
INFO:tenpy.algorithms.mps_common:start environment_sweep
INFO:tenpy.algorithms.dmrg:checkpoint after sweep 70
energy=0.1529937609345021, max S=1.2077429671766340, age=1278, norm_err=1.3e-01
Current memory usage 222.2MB, wall time: 90.2s
Delta E = 1.2767e-02, Delta S = -8.5167e-02 (per sweep)
max trunc_err = 2.2199e-08, max E_trunc = -1.0360e-08
chi: [256, 256, 256, 256, 256, 256]
================================================================================
INFO:tenpy.algorithms.dmrg:Running sweep with optimization
INFO:tenpy.algorithms.mps_common:start environment_sweep
INFO:tenpy.algorithms.dmrg:checkpoint after sweep 80
energy=-0.0823694411206664, max S=1.8324238538320661, age=1458, norm_err=1.8e-01
Current memory usage 222.2MB, wall time: 89.8s
Delta E = -2.3536e-02, Delta S = 5.7243e-02 (per sweep)
max trunc_err = 5.4742e-08, max E_trunc = -9.2134e-09
chi: [256, 256, 256, 256, 256, 256]
================================================================================
INFO:tenpy.algorithms.dmrg:Running sweep with optimization
INFO:tenpy.algorithms.mps_common:start environment_sweep
INFO:tenpy.algorithms.dmrg:checkpoint after sweep 90
energy=0.3919582873310598, max S=1.8913710469460949, age=1638, norm_err=6.4e-02
Current memory usage 222.2MB, wall time: 66.0s
Delta E = 4.7433e-02, Delta S = 8.2921e-03 (per sweep)
max trunc_err = 1.5067e-08, max E_trunc = 4.2064e-12
chi: [256, 254, 256, 256, 256, 256]
================================================================================
INFO:tenpy.algorithms.dmrg:Running sweep with optimization
INFO:tenpy.algorithms.mps_common:start environment_sweep
INFO:tenpy.algorithms.dmrg:checkpoint after sweep 100
energy=0.0814108051282005, max S=2.0983071996661278, age=1818, norm_err=5.2e-02
Current memory usage 222.2MB, wall time: 87.4s
Delta E = -3.1055e-02, Delta S = 3.1966e-02 (per sweep)
max trunc_err = 1.0268e-07, max E_trunc = -1.3642e-12
chi: [256, 254, 256, 256, 256, 256]
================================================================================
INFO:tenpy.algorithms.dmrg:Running sweep with optimization
INFO:tenpy.algorithms.mps_common:start environment_sweep
INFO:tenpy.algorithms.dmrg:checkpoint after sweep 110
energy=-0.2175708804176395, max S=2.3679223878077886, age=1998, norm_err=3.4e-02
Current memory usage 222.2MB, wall time: 87.4s
Delta E = -2.9898e-02, Delta S = 2.1744e-02 (per sweep)
max trunc_err = 7.6533e-08, max E_trunc = -6.5836e-10
chi: [256, 256, 256, 256, 256, 256]
================================================================================
INFO:tenpy.algorithms.mps_common:TwoSiteDMRGEngine: Maximum number of sweeps reached
INFO:tenpy.tools.params:DMRG: reading 'norm_tol'=1e-05
INFO:tenpy.tools.params:DMRG: reading 'norm_tol_final'=1e-10
INFO:tenpy.tools.params:DMRG: reading 'norm_tol_iter'=5
WARNING:tenpy.algorithms.dmrg:final DMRG state not in canonical form up to norm_tol=1.00e-05: norm_err=3.37e-02
INFO:tenpy.algorithms.mps_common:start environment_sweep
INFO:tenpy.algorithms.mps_common:start environment_sweep
INFO:tenpy.algorithms.mps_common:start environment_sweep
INFO:tenpy.algorithms.mps_common:start environment_sweep
INFO:tenpy.algorithms.mps_common:start environment_sweep
WARNING:tenpy.algorithms.dmrg:norm_err=1.91e-04 still too high after environment_sweeps
WARNING:tenpy.algorithms.dmrg:final DMRG state not in canonical form up to norm_tol_final=1.00e-10: norm_err=1.91e-04, calling psi.canonical_form()
INFO:tenpy.algorithms.dmrg:TwoSiteDMRGEngine finished after 110 sweeps, max chi=256
INFO:tenpy.tools.params:DMRG: reading 'max_trunc_err'=0.0001
INFO:tenpy.tools.params:MixedHofstadterLandauGauge_Pi_2: reading 'explicit_plus_hc'=False
INFO:tenpy.tools.params:MixedHofstadterLandauGauge_Pi_2: reading 'Lx'=2
INFO:tenpy.tools.params:MixedHofstadterLandauGauge_Pi_2: setting 'N_rings'=2
INFO:tenpy.tools.params:MixedHofstadterLandauGauge_Pi_2: reading 'xy_lattice'='Square'
INFO:tenpy.tools.params:MixedHofstadterLandauGauge_Pi_2: reading 'Ly'=3
INFO:tenpy.tools.params:MixedHofstadterLandauGauge_Pi_2: reading 'ring_order'=None
INFO:tenpy.tools.params:MixedHofstadterLandauGauge_Pi_2: reading 'conserve_k'=True
INFO:tenpy.tools.params:MixedHofstadterLandauGauge_Pi_2: reading 'bc_MPS'='infinite'
INFO:tenpy.tools.params:MixedHofstadterLandauGauge_Pi_2: reading 't'=-1
INFO:tenpy.tools.params:MixedHofstadterLandauGauge_Pi_2: reading 't2'=-0.25
INFO:tenpy.tools.params:MixedHofstadterLandauGauge_Pi_2: reading 'V1'=0.6
INFO:tenpy.tools.params:MixedHofstadterLandauGauge_Pi_2: reading 'phi_ext'=np.float64(0.9500000000000001)
INFO:tenpy.tools.params:MixedHofstadterLandauGauge_Pi_2: reading 'sort_mpo_legs'=False
/home/t30/kna/ge54yin/Documents/MasterThesisFQHinTMDs/MPS_stuff/MPScalculations/.venv/lib/python3.12/site-packages/tenpy/tools/params.py:232: UserWarning: unused options for config MixedHofstadterLandauGauge_Pi_2:
['Delta', 'N_rings', 'Nsec', 'bc', 'chi_max', 'ktot', 'saveAll']
  warnings.warn(msg.format(keys=sorted(unused), name=self.name))
INFO:tenpy.tools.params:DMRG: reading 'active_sites'=2
INFO:tenpy.tools.params:DMRG: reading 'diag_method'='default'
INFO:tenpy.tools.params:DMRG: subconfig 'trunc_params'=Config(<5 options>, 'trunc_params')
INFO:tenpy.tools.params:DMRG: reading 'max_N_sites_per_ring'=18
INFO:tenpy.tools.params:DMRG: reading 'combine'=False
INFO:tenpy.tools.params:DMRG: subconfig 'lanczos_params'=Config(<9 options>, 'lanczos_params')
INFO:tenpy.tools.params:DMRG: reading 'chi_list'=None
INFO:tenpy.tools.params:DMRG: reading 'start_env'=1
INFO:tenpy.algorithms.mps_common:start environment_sweep
INFO:tenpy.tools.params:DMRG: reading 'N_sweeps_check'=10
INFO:tenpy.tools.params:DMRG: subconfig 'mixer_params'=Config(<3 options>, 'mixer_params')
INFO:tenpy.tools.params:DMRG: reading 'mixer'=None
INFO:tenpy.tools.params:DMRG: reading 'max_sweeps'=100
INFO:tenpy.tools.params:DMRG: reading 'max_hours'=8760
INFO:tenpy.tools.params:DMRG: reading 'P_tol_to_trunc'=0.05
INFO:tenpy.tools.params:DMRG: reading 'P_tol_min'=5.0000000000000004e-30
INFO:tenpy.tools.params:DMRG: reading 'P_tol_max'=0.0001
INFO:tenpy.tools.params:DMRG: reading 'E_tol_to_trunc'=None
INFO:tenpy.algorithms.dmrg:Running sweep with optimization
INFO:tenpy.tools.params:DMRG: reading 'max_N_for_ED'=400
INFO:tenpy.tools.params:DMRG: reading 'update_env'=5
INFO:tenpy.algorithms.mps_common:start environment_sweep
INFO:tenpy.algorithms.dmrg:checkpoint after sweep 10
energy=0.4954324464127424, max S=2.0015112323721063, age=198, norm_err=1.1e-01
Current memory usage 222.2MB, wall time: 87.6s
Delta E = nan, Delta S = -6.3558e-02 (per sweep)
max trunc_err = 8.5349e-08, max E_trunc = -1.1440e-07
chi: [256, 256, 256, 256, 256, 256]
================================================================================
INFO:tenpy.algorithms.dmrg:Running sweep with optimization
INFO:tenpy.algorithms.mps_common:start environment_sweep
INFO:tenpy.algorithms.dmrg:checkpoint after sweep 20
energy=-0.3877173392247807, max S=1.1205512922311660, age=378, norm_err=1.6e-02
Current memory usage 222.2MB, wall time: 88.1s
Delta E = -8.8315e-02, Delta S = -1.0302e-01 (per sweep)
max trunc_err = 9.6523e-09, max E_trunc = -7.8592e-10
chi: [256, 256, 256, 256, 256, 256]
================================================================================
INFO:tenpy.tools.params:DMRG: reading 'max_E_err'=1e-08
INFO:tenpy.tools.params:DMRG: reading 'max_S_err'=1e-05
INFO:tenpy.algorithms.dmrg:Running sweep with optimization
INFO:tenpy.algorithms.mps_common:start environment_sweep
INFO:tenpy.algorithms.dmrg:checkpoint after sweep 30
energy=-0.4123204072909938, max S=1.0577795344022802, age=558, norm_err=4.5e-07
Current memory usage 222.2MB, wall time: 30.6s
Delta E = -2.4603e-03, Delta S = -6.6510e-03 (per sweep)
max trunc_err = 1.8819e-10, max E_trunc = 1.5901e-09
chi: [256, 256, 256, 256, 256, 256]
================================================================================
INFO:tenpy.algorithms.dmrg:Running sweep with optimization
INFO:tenpy.algorithms.mps_common:start environment_sweep
INFO:tenpy.algorithms.dmrg:checkpoint after sweep 40
energy=-0.4123204198005794, max S=1.0590759518802693, age=738, norm_err=6.2e-06
Current memory usage 222.2MB, wall time: 52.4s
Delta E = -1.2510e-09, Delta S = 1.3308e-04 (per sweep)
max trunc_err = 7.1130e-10, max E_trunc = 4.8148e-09
chi: [256, 256, 256, 256, 256, 256]
================================================================================
INFO:tenpy.algorithms.dmrg:Running sweep with optimization
INFO:tenpy.algorithms.mps_common:start environment_sweep
INFO:tenpy.algorithms.dmrg:checkpoint after sweep 50
energy=-0.4128228758134469, max S=1.7931707406339732, age=918, norm_err=8.7e-01
Current memory usage 222.2MB, wall time: 89.1s
Delta E = -5.0246e-05, Delta S = 7.6063e-02 (per sweep)
max trunc_err = 1.6544e-08, max E_trunc = 2.0194e-08
chi: [256, 256, 256, 256, 256, 256]
================================================================================
INFO:tenpy.algorithms.dmrg:Running sweep with optimization
INFO:tenpy.algorithms.mps_common:start environment_sweep
INFO:tenpy.algorithms.dmrg:checkpoint after sweep 60
energy=-0.4128028592105342, max S=1.6382746516416038, age=1098, norm_err=1.2e+00
Current memory usage 222.2MB, wall time: 86.1s
Delta E = 2.0017e-06, Delta S = -2.1040e-02 (per sweep)
max trunc_err = 5.3330e-09, max E_trunc = 3.0248e-09
chi: [256, 256, 256, 256, 256, 256]
================================================================================
INFO:tenpy.algorithms.dmrg:Running sweep with optimization
INFO:tenpy.algorithms.mps_common:start environment_sweep
INFO:tenpy.algorithms.dmrg:checkpoint after sweep 70
energy=0.0275937843380329, max S=2.7025732546023069, age=1278, norm_err=3.5e-02
Current memory usage 222.2MB, wall time: 88.5s
Delta E = 4.4040e-02, Delta S = 1.3102e-01 (per sweep)
max trunc_err = 8.2822e-08, max E_trunc = -3.3139e-09
chi: [256, 256, 256, 254, 256, 256]
================================================================================
INFO:tenpy.algorithms.dmrg:Running sweep with optimization
INFO:tenpy.algorithms.mps_common:start environment_sweep
INFO:tenpy.algorithms.dmrg:checkpoint after sweep 80
energy=0.0125435862259546, max S=1.7228477569963512, age=1458, norm_err=1.5e-01
Current memory usage 222.2MB, wall time: 88.7s
Delta E = -1.5050e-03, Delta S = -1.0396e-01 (per sweep)
max trunc_err = 3.1156e-09, max E_trunc = -2.7285e-12
chi: [256, 255, 256, 256, 256, 256]
================================================================================
INFO:tenpy.algorithms.dmrg:Running sweep with optimization
INFO:tenpy.algorithms.mps_common:start environment_sweep
INFO:tenpy.algorithms.dmrg:checkpoint after sweep 90
energy=0.3089033617702057, max S=1.2749793467838351, age=1638, norm_err=3.1e-02
Current memory usage 222.2MB, wall time: 89.4s
Delta E = 2.9636e-02, Delta S = -5.2060e-02 (per sweep)
max trunc_err = 9.6823e-08, max E_trunc = -4.2016e-08
chi: [256, 256, 256, 256, 256, 256]
================================================================================
INFO:tenpy.algorithms.dmrg:Running sweep with optimization
INFO:tenpy.algorithms.mps_common:start environment_sweep
INFO:tenpy.algorithms.dmrg:checkpoint after sweep 100
energy=-0.3838831502881230, max S=1.5337788526552942, age=1818, norm_err=8.8e-03
Current memory usage 222.2MB, wall time: 88.1s
Delta E = -6.9279e-02, Delta S = 1.9720e-02 (per sweep)
max trunc_err = 6.7146e-08, max E_trunc = -1.6929e-08
chi: [256, 256, 256, 256, 256, 256]
================================================================================
INFO:tenpy.algorithms.dmrg:Running sweep with optimization
INFO:tenpy.algorithms.mps_common:start environment_sweep
INFO:tenpy.algorithms.dmrg:checkpoint after sweep 110
energy=-0.4123203842343817, max S=1.0744474946495641, age=1998, norm_err=9.6e-03
Current memory usage 222.2MB, wall time: 68.5s
Delta E = -2.8437e-03, Delta S = -4.8199e-02 (per sweep)
max trunc_err = 1.4990e-08, max E_trunc = 2.5551e-09
chi: [256, 256, 256, 256, 256, 256]
================================================================================
INFO:tenpy.algorithms.mps_common:TwoSiteDMRGEngine: Maximum number of sweeps reached
INFO:tenpy.tools.params:DMRG: reading 'norm_tol'=1e-05
INFO:tenpy.tools.params:DMRG: reading 'norm_tol_final'=1e-10
INFO:tenpy.tools.params:DMRG: reading 'norm_tol_iter'=5
WARNING:tenpy.algorithms.dmrg:final DMRG state not in canonical form up to norm_tol=1.00e-05: norm_err=9.60e-03
INFO:tenpy.algorithms.mps_common:start environment_sweep
INFO:tenpy.algorithms.mps_common:start environment_sweep
INFO:tenpy.algorithms.mps_common:start environment_sweep
WARNING:tenpy.algorithms.dmrg:final DMRG state not in canonical form up to norm_tol_final=1.00e-10: norm_err=9.66e-07, calling psi.canonical_form()
INFO:tenpy.algorithms.dmrg:TwoSiteDMRGEngine finished after 110 sweeps, max chi=256
INFO:tenpy.tools.params:DMRG: reading 'max_trunc_err'=0.0001
INFO:tenpy.tools.params:MixedHofstadterLandauGauge_Pi_2: reading 'explicit_plus_hc'=False
INFO:tenpy.tools.params:MixedHofstadterLandauGauge_Pi_2: reading 'Lx'=2
INFO:tenpy.tools.params:MixedHofstadterLandauGauge_Pi_2: setting 'N_rings'=2
INFO:tenpy.tools.params:MixedHofstadterLandauGauge_Pi_2: reading 'xy_lattice'='Square'
INFO:tenpy.tools.params:MixedHofstadterLandauGauge_Pi_2: reading 'Ly'=3
INFO:tenpy.tools.params:MixedHofstadterLandauGauge_Pi_2: reading 'ring_order'=None
INFO:tenpy.tools.params:MixedHofstadterLandauGauge_Pi_2: reading 'conserve_k'=True
INFO:tenpy.tools.params:MixedHofstadterLandauGauge_Pi_2: reading 'bc_MPS'='infinite'
INFO:tenpy.tools.params:MixedHofstadterLandauGauge_Pi_2: reading 't'=-1
INFO:tenpy.tools.params:MixedHofstadterLandauGauge_Pi_2: reading 't2'=-0.25
INFO:tenpy.tools.params:MixedHofstadterLandauGauge_Pi_2: reading 'V1'=0.6
INFO:tenpy.tools.params:MixedHofstadterLandauGauge_Pi_2: reading 'phi_ext'=np.float64(1.0)
INFO:tenpy.tools.params:MixedHofstadterLandauGauge_Pi_2: reading 'sort_mpo_legs'=False
/home/t30/kna/ge54yin/Documents/MasterThesisFQHinTMDs/MPS_stuff/MPScalculations/.venv/lib/python3.12/site-packages/tenpy/tools/params.py:232: UserWarning: unused options for config MixedHofstadterLandauGauge_Pi_2:
['Delta', 'N_rings', 'Nsec', 'bc', 'chi_max', 'ktot', 'saveAll']
  warnings.warn(msg.format(keys=sorted(unused), name=self.name))
INFO:tenpy.tools.params:DMRG: reading 'active_sites'=2
INFO:tenpy.tools.params:DMRG: reading 'diag_method'='default'
INFO:tenpy.tools.params:DMRG: subconfig 'trunc_params'=Config(<5 options>, 'trunc_params')
INFO:tenpy.tools.params:DMRG: reading 'max_N_sites_per_ring'=18
INFO:tenpy.tools.params:DMRG: reading 'combine'=False
INFO:tenpy.tools.params:DMRG: subconfig 'lanczos_params'=Config(<9 options>, 'lanczos_params')
INFO:tenpy.tools.params:DMRG: reading 'chi_list'=None
INFO:tenpy.tools.params:DMRG: reading 'start_env'=1
INFO:tenpy.algorithms.mps_common:start environment_sweep
INFO:tenpy.tools.params:DMRG: reading 'N_sweeps_check'=10
INFO:tenpy.tools.params:DMRG: subconfig 'mixer_params'=Config(<3 options>, 'mixer_params')
INFO:tenpy.tools.params:DMRG: reading 'mixer'=None
INFO:tenpy.tools.params:DMRG: reading 'max_sweeps'=100
INFO:tenpy.tools.params:DMRG: reading 'max_hours'=8760
INFO:tenpy.tools.params:DMRG: reading 'P_tol_to_trunc'=0.05
INFO:tenpy.tools.params:DMRG: reading 'P_tol_min'=5.0000000000000004e-30
INFO:tenpy.tools.params:DMRG: reading 'P_tol_max'=0.0001
INFO:tenpy.tools.params:DMRG: reading 'E_tol_to_trunc'=None
INFO:tenpy.algorithms.dmrg:Running sweep with optimization
INFO:tenpy.tools.params:DMRG: reading 'max_N_for_ED'=400
INFO:tenpy.tools.params:DMRG: reading 'update_env'=5
INFO:tenpy.algorithms.mps_common:start environment_sweep
INFO:tenpy.algorithms.dmrg:checkpoint after sweep 10
energy=-0.4125742411607926, max S=1.0120378430135162, age=198, norm_err=8.7e-08
Current memory usage 222.2MB, wall time: 25.3s
Delta E = nan, Delta S = -2.8862e-03 (per sweep)
max trunc_err = 9.3427e-11, max E_trunc = 8.2765e-10
chi: [256, 256, 256, 256, 256, 256]
================================================================================
INFO:tenpy.algorithms.dmrg:Running sweep with optimization
INFO:tenpy.algorithms.mps_common:start environment_sweep
INFO:tenpy.algorithms.dmrg:checkpoint after sweep 20
energy=-0.4125742412130577, max S=1.0121464256448436, age=378, norm_err=3.6e-08
Current memory usage 222.2MB, wall time: 33.0s
Delta E = -5.2265e-12, Delta S = 1.1504e-05 (per sweep)
max trunc_err = 1.8351e-10, max E_trunc = 1.3061e-09
chi: [256, 256, 256, 256, 256, 256]
================================================================================
INFO:tenpy.tools.params:DMRG: reading 'max_E_err'=1e-08
INFO:tenpy.tools.params:DMRG: reading 'max_S_err'=1e-05
INFO:tenpy.algorithms.dmrg:Running sweep with optimization
INFO:tenpy.algorithms.mps_common:start environment_sweep
INFO:tenpy.algorithms.dmrg:checkpoint after sweep 30
energy=-0.4125742412570546, max S=1.0121359328067863, age=558, norm_err=1.8e-09
Current memory usage 222.2MB, wall time: 17.0s
Delta E = -4.3997e-12, Delta S = -1.0862e-06 (per sweep)
max trunc_err = 1.3994e-10, max E_trunc = 1.0812e-09
chi: [256, 256, 256, 256, 256, 256]
================================================================================
INFO:tenpy.tools.params:DMRG: reading 'norm_tol'=1e-05
INFO:tenpy.tools.params:DMRG: reading 'norm_tol_final'=1e-10
INFO:tenpy.tools.params:DMRG: reading 'norm_tol_iter'=5
WARNING:tenpy.algorithms.dmrg:final DMRG state not in canonical form up to norm_tol_final=1.00e-10: norm_err=1.85e-09, calling psi.canonical_form()
INFO:tenpy.algorithms.dmrg:TwoSiteDMRGEngine finished after 30 sweeps, max chi=256
INFO:tenpy.tools.params:DMRG: reading 'max_trunc_err'=0.0001
INFO:tenpy.tools.params:MixedHofstadterLandauGauge_Pi_2: reading 'explicit_plus_hc'=False
INFO:tenpy.tools.params:MixedHofstadterLandauGauge_Pi_2: reading 'Lx'=2
INFO:tenpy.tools.params:MixedHofstadterLandauGauge_Pi_2: setting 'N_rings'=2
INFO:tenpy.tools.params:MixedHofstadterLandauGauge_Pi_2: reading 'xy_lattice'='Square'
INFO:tenpy.tools.params:MixedHofstadterLandauGauge_Pi_2: reading 'Ly'=3
INFO:tenpy.tools.params:MixedHofstadterLandauGauge_Pi_2: reading 'ring_order'=None
INFO:tenpy.tools.params:MixedHofstadterLandauGauge_Pi_2: reading 'conserve_k'=True
INFO:tenpy.tools.params:MixedHofstadterLandauGauge_Pi_2: reading 'bc_MPS'='infinite'
INFO:tenpy.tools.params:MixedHofstadterLandauGauge_Pi_2: reading 't'=-1
INFO:tenpy.tools.params:MixedHofstadterLandauGauge_Pi_2: reading 't2'=-0.25
INFO:tenpy.tools.params:MixedHofstadterLandauGauge_Pi_2: reading 'V1'=0.6
INFO:tenpy.tools.params:MixedHofstadterLandauGauge_Pi_2: reading 'phi_ext'=np.float64(1.05)
INFO:tenpy.tools.params:MixedHofstadterLandauGauge_Pi_2: reading 'sort_mpo_legs'=False
/home/t30/kna/ge54yin/Documents/MasterThesisFQHinTMDs/MPS_stuff/MPScalculations/.venv/lib/python3.12/site-packages/tenpy/tools/params.py:232: UserWarning: unused options for config MixedHofstadterLandauGauge_Pi_2:
['Delta', 'N_rings', 'Nsec', 'bc', 'chi_max', 'ktot', 'saveAll']
  warnings.warn(msg.format(keys=sorted(unused), name=self.name))
INFO:tenpy.tools.params:DMRG: reading 'active_sites'=2
INFO:tenpy.tools.params:DMRG: reading 'diag_method'='default'
INFO:tenpy.tools.params:DMRG: subconfig 'trunc_params'=Config(<5 options>, 'trunc_params')
INFO:tenpy.tools.params:DMRG: reading 'max_N_sites_per_ring'=18
INFO:tenpy.tools.params:DMRG: reading 'combine'=False
INFO:tenpy.tools.params:DMRG: subconfig 'lanczos_params'=Config(<9 options>, 'lanczos_params')
INFO:tenpy.tools.params:DMRG: reading 'chi_list'=None
INFO:tenpy.tools.params:DMRG: reading 'start_env'=1
INFO:tenpy.algorithms.mps_common:start environment_sweep
INFO:tenpy.tools.params:DMRG: reading 'N_sweeps_check'=10
INFO:tenpy.tools.params:DMRG: subconfig 'mixer_params'=Config(<3 options>, 'mixer_params')
INFO:tenpy.tools.params:DMRG: reading 'mixer'=None
INFO:tenpy.tools.params:DMRG: reading 'max_sweeps'=100
INFO:tenpy.tools.params:DMRG: reading 'max_hours'=8760
INFO:tenpy.tools.params:DMRG: reading 'P_tol_to_trunc'=0.05
INFO:tenpy.tools.params:DMRG: reading 'P_tol_min'=5.0000000000000004e-30
INFO:tenpy.tools.params:DMRG: reading 'P_tol_max'=0.0001
INFO:tenpy.tools.params:DMRG: reading 'E_tol_to_trunc'=None
INFO:tenpy.algorithms.dmrg:Running sweep with optimization
INFO:tenpy.tools.params:DMRG: reading 'max_N_for_ED'=400
INFO:tenpy.tools.params:DMRG: reading 'update_env'=5
INFO:tenpy.algorithms.mps_common:start environment_sweep
INFO:tenpy.algorithms.dmrg:checkpoint after sweep 10
energy=-0.4128403968718335, max S=0.9424580753252237, age=198, norm_err=3.6e-10
Current memory usage 222.2MB, wall time: 30.7s
Delta E = nan, Delta S = -5.0687e-03 (per sweep)
max trunc_err = 4.2391e-11, max E_trunc = 3.7326e-10
chi: [256, 256, 256, 256, 256, 256]
================================================================================
INFO:tenpy.algorithms.dmrg:Running sweep with optimization
INFO:tenpy.algorithms.mps_common:start environment_sweep
INFO:tenpy.algorithms.dmrg:checkpoint after sweep 20
energy=-0.4128403968642853, max S=0.9424604575298874, age=378, norm_err=1.7e-10
Current memory usage 222.2MB, wall time: 21.5s
Delta E = 7.5483e-13, Delta S = 2.4682e-07 (per sweep)
max trunc_err = 7.8288e-11, max E_trunc = 5.6971e-10
chi: [256, 256, 256, 256, 256, 256]
================================================================================
INFO:tenpy.tools.params:DMRG: reading 'max_E_err'=1e-08
INFO:tenpy.tools.params:DMRG: reading 'max_S_err'=1e-05
INFO:tenpy.tools.params:DMRG: reading 'norm_tol'=1e-05
INFO:tenpy.tools.params:DMRG: reading 'norm_tol_final'=1e-10
INFO:tenpy.tools.params:DMRG: reading 'norm_tol_iter'=5
WARNING:tenpy.algorithms.dmrg:final DMRG state not in canonical form up to norm_tol_final=1.00e-10: norm_err=1.70e-10, calling psi.canonical_form()
INFO:tenpy.algorithms.dmrg:TwoSiteDMRGEngine finished after 20 sweeps, max chi=256
INFO:tenpy.tools.params:DMRG: reading 'max_trunc_err'=0.0001
INFO:tenpy.tools.params:MixedHofstadterLandauGauge_Pi_2: reading 'explicit_plus_hc'=False
INFO:tenpy.tools.params:MixedHofstadterLandauGauge_Pi_2: reading 'Lx'=2
INFO:tenpy.tools.params:MixedHofstadterLandauGauge_Pi_2: setting 'N_rings'=2
INFO:tenpy.tools.params:MixedHofstadterLandauGauge_Pi_2: reading 'xy_lattice'='Square'
INFO:tenpy.tools.params:MixedHofstadterLandauGauge_Pi_2: reading 'Ly'=3
INFO:tenpy.tools.params:MixedHofstadterLandauGauge_Pi_2: reading 'ring_order'=None
INFO:tenpy.tools.params:MixedHofstadterLandauGauge_Pi_2: reading 'conserve_k'=True
INFO:tenpy.tools.params:MixedHofstadterLandauGauge_Pi_2: reading 'bc_MPS'='infinite'
INFO:tenpy.tools.params:MixedHofstadterLandauGauge_Pi_2: reading 't'=-1
INFO:tenpy.tools.params:MixedHofstadterLandauGauge_Pi_2: reading 't2'=-0.25
INFO:tenpy.tools.params:MixedHofstadterLandauGauge_Pi_2: reading 'V1'=0.6
INFO:tenpy.tools.params:MixedHofstadterLandauGauge_Pi_2: reading 'phi_ext'=np.float64(1.1)
INFO:tenpy.tools.params:MixedHofstadterLandauGauge_Pi_2: reading 'sort_mpo_legs'=False
/home/t30/kna/ge54yin/Documents/MasterThesisFQHinTMDs/MPS_stuff/MPScalculations/.venv/lib/python3.12/site-packages/tenpy/tools/params.py:232: UserWarning: unused options for config MixedHofstadterLandauGauge_Pi_2:
['Delta', 'N_rings', 'Nsec', 'bc', 'chi_max', 'ktot', 'saveAll']
  warnings.warn(msg.format(keys=sorted(unused), name=self.name))
INFO:tenpy.tools.params:DMRG: reading 'active_sites'=2
INFO:tenpy.tools.params:DMRG: reading 'diag_method'='default'
INFO:tenpy.tools.params:DMRG: subconfig 'trunc_params'=Config(<5 options>, 'trunc_params')
INFO:tenpy.tools.params:DMRG: reading 'max_N_sites_per_ring'=18
INFO:tenpy.tools.params:DMRG: reading 'combine'=False
INFO:tenpy.tools.params:DMRG: subconfig 'lanczos_params'=Config(<9 options>, 'lanczos_params')
INFO:tenpy.tools.params:DMRG: reading 'chi_list'=None
INFO:tenpy.tools.params:DMRG: reading 'start_env'=1
INFO:tenpy.algorithms.mps_common:start environment_sweep
INFO:tenpy.tools.params:DMRG: reading 'N_sweeps_check'=10
INFO:tenpy.tools.params:DMRG: subconfig 'mixer_params'=Config(<3 options>, 'mixer_params')
INFO:tenpy.tools.params:DMRG: reading 'mixer'=None
INFO:tenpy.tools.params:DMRG: reading 'max_sweeps'=100
INFO:tenpy.tools.params:DMRG: reading 'max_hours'=8760
INFO:tenpy.tools.params:DMRG: reading 'P_tol_to_trunc'=0.05
INFO:tenpy.tools.params:DMRG: reading 'P_tol_min'=5.0000000000000004e-30
INFO:tenpy.tools.params:DMRG: reading 'P_tol_max'=0.0001
INFO:tenpy.tools.params:DMRG: reading 'E_tol_to_trunc'=None
INFO:tenpy.algorithms.dmrg:Running sweep with optimization
INFO:tenpy.tools.params:DMRG: reading 'max_N_for_ED'=400
INFO:tenpy.tools.params:DMRG: reading 'update_env'=5
INFO:tenpy.algorithms.mps_common:start environment_sweep
INFO:tenpy.algorithms.dmrg:checkpoint after sweep 10
energy=-0.4131478605273493, max S=0.8550390625439651, age=198, norm_err=5.7e-10
Current memory usage 222.2MB, wall time: 30.0s
Delta E = nan, Delta S = -6.5261e-03 (per sweep)
max trunc_err = 1.5537e-11, max E_trunc = 1.4062e-10
chi: [256, 256, 256, 256, 256, 256]
================================================================================
INFO:tenpy.algorithms.dmrg:Running sweep with optimization
INFO:tenpy.algorithms.mps_common:start environment_sweep
INFO:tenpy.algorithms.dmrg:checkpoint after sweep 20
energy=-0.4131478605223909, max S=0.8550401840820215, age=378, norm_err=2.7e-11
Current memory usage 222.2MB, wall time: 21.6s
Delta E = 4.9584e-13, Delta S = 1.1034e-07 (per sweep)
max trunc_err = 2.6968e-11, max E_trunc = 2.0466e-10
chi: [256, 256, 256, 256, 256, 256]
================================================================================
INFO:tenpy.tools.params:DMRG: reading 'max_E_err'=1e-08
INFO:tenpy.tools.params:DMRG: reading 'max_S_err'=1e-05
INFO:tenpy.tools.params:DMRG: reading 'norm_tol'=1e-05
INFO:tenpy.tools.params:DMRG: reading 'norm_tol_final'=1e-10
INFO:tenpy.tools.params:DMRG: reading 'norm_tol_iter'=5
INFO:tenpy.algorithms.dmrg:TwoSiteDMRGEngine finished after 20 sweeps, max chi=256
INFO:tenpy.tools.params:DMRG: reading 'max_trunc_err'=0.0001
INFO:tenpy.tools.params:MixedHofstadterLandauGauge_Pi_2: reading 'explicit_plus_hc'=False
INFO:tenpy.tools.params:MixedHofstadterLandauGauge_Pi_2: reading 'Lx'=2
INFO:tenpy.tools.params:MixedHofstadterLandauGauge_Pi_2: setting 'N_rings'=2
INFO:tenpy.tools.params:MixedHofstadterLandauGauge_Pi_2: reading 'xy_lattice'='Square'
INFO:tenpy.tools.params:MixedHofstadterLandauGauge_Pi_2: reading 'Ly'=3
INFO:tenpy.tools.params:MixedHofstadterLandauGauge_Pi_2: reading 'ring_order'=None
INFO:tenpy.tools.params:MixedHofstadterLandauGauge_Pi_2: reading 'conserve_k'=True
INFO:tenpy.tools.params:MixedHofstadterLandauGauge_Pi_2: reading 'bc_MPS'='infinite'
INFO:tenpy.tools.params:MixedHofstadterLandauGauge_Pi_2: reading 't'=-1
INFO:tenpy.tools.params:MixedHofstadterLandauGauge_Pi_2: reading 't2'=-0.25
INFO:tenpy.tools.params:MixedHofstadterLandauGauge_Pi_2: reading 'V1'=0.6
INFO:tenpy.tools.params:MixedHofstadterLandauGauge_Pi_2: reading 'phi_ext'=np.float64(1.1500000000000001)
INFO:tenpy.tools.params:MixedHofstadterLandauGauge_Pi_2: reading 'sort_mpo_legs'=False
/home/t30/kna/ge54yin/Documents/MasterThesisFQHinTMDs/MPS_stuff/MPScalculations/.venv/lib/python3.12/site-packages/tenpy/tools/params.py:232: UserWarning: unused options for config MixedHofstadterLandauGauge_Pi_2:
['Delta', 'N_rings', 'Nsec', 'bc', 'chi_max', 'ktot', 'saveAll']
  warnings.warn(msg.format(keys=sorted(unused), name=self.name))
INFO:tenpy.tools.params:DMRG: reading 'active_sites'=2
INFO:tenpy.tools.params:DMRG: reading 'diag_method'='default'
INFO:tenpy.tools.params:DMRG: subconfig 'trunc_params'=Config(<5 options>, 'trunc_params')
INFO:tenpy.tools.params:DMRG: reading 'max_N_sites_per_ring'=18
INFO:tenpy.tools.params:DMRG: reading 'combine'=False
INFO:tenpy.tools.params:DMRG: subconfig 'lanczos_params'=Config(<9 options>, 'lanczos_params')
INFO:tenpy.tools.params:DMRG: reading 'chi_list'=None
INFO:tenpy.tools.params:DMRG: reading 'start_env'=1
INFO:tenpy.algorithms.mps_common:start environment_sweep
INFO:tenpy.tools.params:DMRG: reading 'N_sweeps_check'=10
INFO:tenpy.tools.params:DMRG: subconfig 'mixer_params'=Config(<3 options>, 'mixer_params')
INFO:tenpy.tools.params:DMRG: reading 'mixer'=None
INFO:tenpy.tools.params:DMRG: reading 'max_sweeps'=100
INFO:tenpy.tools.params:DMRG: reading 'max_hours'=8760
INFO:tenpy.tools.params:DMRG: reading 'P_tol_to_trunc'=0.05
INFO:tenpy.tools.params:DMRG: reading 'P_tol_min'=5.0000000000000004e-30
INFO:tenpy.tools.params:DMRG: reading 'P_tol_max'=0.0001
INFO:tenpy.tools.params:DMRG: reading 'E_tol_to_trunc'=None
INFO:tenpy.algorithms.dmrg:Running sweep with optimization
INFO:tenpy.tools.params:DMRG: reading 'max_N_for_ED'=400
INFO:tenpy.tools.params:DMRG: reading 'update_env'=5
INFO:tenpy.algorithms.mps_common:start environment_sweep
INFO:tenpy.algorithms.dmrg:checkpoint after sweep 10
energy=-0.4135249151324747, max S=0.7609008344473164, age=198, norm_err=1.1e-11
Current memory usage 222.2MB, wall time: 30.1s
Delta E = nan, Delta S = -6.8392e-03 (per sweep)
max trunc_err = 5.0362e-12, max E_trunc = 4.6562e-11
chi: [256, 256, 256, 256, 256, 256]
================================================================================
INFO:tenpy.algorithms.dmrg:Running sweep with optimization
INFO:tenpy.algorithms.mps_common:start environment_sweep
INFO:tenpy.algorithms.dmrg:checkpoint after sweep 20
energy=-0.4135249151309874, max S=0.7609008792840514, age=378, norm_err=6.5e-13
Current memory usage 222.2MB, wall time: 21.5s
Delta E = 1.4874e-13, Delta S = 5.2093e-09 (per sweep)
max trunc_err = 8.6114e-12, max E_trunc = 6.7388e-11
chi: [256, 256, 256, 256, 256, 256]
================================================================================
INFO:tenpy.tools.params:DMRG: reading 'max_E_err'=1e-08
INFO:tenpy.tools.params:DMRG: reading 'max_S_err'=1e-05
INFO:tenpy.tools.params:DMRG: reading 'norm_tol'=1e-05
INFO:tenpy.tools.params:DMRG: reading 'norm_tol_final'=1e-10
INFO:tenpy.tools.params:DMRG: reading 'norm_tol_iter'=5
INFO:tenpy.algorithms.dmrg:TwoSiteDMRGEngine finished after 20 sweeps, max chi=256
INFO:tenpy.tools.params:DMRG: reading 'max_trunc_err'=0.0001
INFO:tenpy.tools.params:MixedHofstadterLandauGauge_Pi_2: reading 'explicit_plus_hc'=False
INFO:tenpy.tools.params:MixedHofstadterLandauGauge_Pi_2: reading 'Lx'=2
INFO:tenpy.tools.params:MixedHofstadterLandauGauge_Pi_2: setting 'N_rings'=2
INFO:tenpy.tools.params:MixedHofstadterLandauGauge_Pi_2: reading 'xy_lattice'='Square'
INFO:tenpy.tools.params:MixedHofstadterLandauGauge_Pi_2: reading 'Ly'=3
INFO:tenpy.tools.params:MixedHofstadterLandauGauge_Pi_2: reading 'ring_order'=None
INFO:tenpy.tools.params:MixedHofstadterLandauGauge_Pi_2: reading 'conserve_k'=True
INFO:tenpy.tools.params:MixedHofstadterLandauGauge_Pi_2: reading 'bc_MPS'='infinite'
INFO:tenpy.tools.params:MixedHofstadterLandauGauge_Pi_2: reading 't'=-1
INFO:tenpy.tools.params:MixedHofstadterLandauGauge_Pi_2: reading 't2'=-0.25
INFO:tenpy.tools.params:MixedHofstadterLandauGauge_Pi_2: reading 'V1'=0.6
INFO:tenpy.tools.params:MixedHofstadterLandauGauge_Pi_2: reading 'phi_ext'=np.float64(1.2000000000000002)
INFO:tenpy.tools.params:MixedHofstadterLandauGauge_Pi_2: reading 'sort_mpo_legs'=False
/home/t30/kna/ge54yin/Documents/MasterThesisFQHinTMDs/MPS_stuff/MPScalculations/.venv/lib/python3.12/site-packages/tenpy/tools/params.py:232: UserWarning: unused options for config MixedHofstadterLandauGauge_Pi_2:
['Delta', 'N_rings', 'Nsec', 'bc', 'chi_max', 'ktot', 'saveAll']
  warnings.warn(msg.format(keys=sorted(unused), name=self.name))
INFO:tenpy.tools.params:DMRG: reading 'active_sites'=2
INFO:tenpy.tools.params:DMRG: reading 'diag_method'='default'
INFO:tenpy.tools.params:DMRG: subconfig 'trunc_params'=Config(<5 options>, 'trunc_params')
INFO:tenpy.tools.params:DMRG: reading 'max_N_sites_per_ring'=18
INFO:tenpy.tools.params:DMRG: reading 'combine'=False
INFO:tenpy.tools.params:DMRG: subconfig 'lanczos_params'=Config(<9 options>, 'lanczos_params')
INFO:tenpy.tools.params:DMRG: reading 'chi_list'=None
INFO:tenpy.tools.params:DMRG: reading 'start_env'=1
INFO:tenpy.algorithms.mps_common:start environment_sweep
INFO:tenpy.tools.params:DMRG: reading 'N_sweeps_check'=10
INFO:tenpy.tools.params:DMRG: subconfig 'mixer_params'=Config(<3 options>, 'mixer_params')
INFO:tenpy.tools.params:DMRG: reading 'mixer'=None
INFO:tenpy.tools.params:DMRG: reading 'max_sweeps'=100
INFO:tenpy.tools.params:DMRG: reading 'max_hours'=8760
INFO:tenpy.tools.params:DMRG: reading 'P_tol_to_trunc'=0.05
INFO:tenpy.tools.params:DMRG: reading 'P_tol_min'=5.0000000000000004e-30
INFO:tenpy.tools.params:DMRG: reading 'P_tol_max'=0.0001
INFO:tenpy.tools.params:DMRG: reading 'E_tol_to_trunc'=None
INFO:tenpy.algorithms.dmrg:Running sweep with optimization
INFO:tenpy.tools.params:DMRG: reading 'max_N_for_ED'=400
INFO:tenpy.tools.params:DMRG: reading 'update_env'=5
INFO:tenpy.algorithms.mps_common:start environment_sweep
INFO:tenpy.algorithms.dmrg:checkpoint after sweep 10
energy=-0.4139742644297956, max S=0.6698758117210959, age=198, norm_err=1.4e-11
Current memory usage 222.2MB, wall time: 31.4s
Delta E = nan, Delta S = -6.2281e-03 (per sweep)
max trunc_err = 1.7209e-12, max E_trunc = 1.6570e-11
chi: [256, 256, 256, 256, 256, 256]
================================================================================
INFO:tenpy.algorithms.dmrg:Running sweep with optimization
INFO:tenpy.algorithms.mps_common:start environment_sweep
INFO:tenpy.algorithms.dmrg:checkpoint after sweep 20
energy=-0.4139742644294936, max S=0.6698757869730420, age=378, norm_err=4.8e-13
Current memory usage 222.2MB, wall time: 21.3s
Delta E = 3.0198e-14, Delta S = -1.5539e-09 (per sweep)
max trunc_err = 2.9364e-12, max E_trunc = 2.3476e-11
chi: [256, 256, 256, 256, 256, 256]
================================================================================
INFO:tenpy.tools.params:DMRG: reading 'max_E_err'=1e-08
INFO:tenpy.tools.params:DMRG: reading 'max_S_err'=1e-05
INFO:tenpy.tools.params:DMRG: reading 'norm_tol'=1e-05
INFO:tenpy.tools.params:DMRG: reading 'norm_tol_final'=1e-10
INFO:tenpy.tools.params:DMRG: reading 'norm_tol_iter'=5
INFO:tenpy.algorithms.dmrg:TwoSiteDMRGEngine finished after 20 sweeps, max chi=256
INFO:tenpy.tools.params:DMRG: reading 'max_trunc_err'=0.0001
INFO:tenpy.tools.params:MixedHofstadterLandauGauge_Pi_2: reading 'explicit_plus_hc'=False
INFO:tenpy.tools.params:MixedHofstadterLandauGauge_Pi_2: reading 'Lx'=2
INFO:tenpy.tools.params:MixedHofstadterLandauGauge_Pi_2: setting 'N_rings'=2
INFO:tenpy.tools.params:MixedHofstadterLandauGauge_Pi_2: reading 'xy_lattice'='Square'
INFO:tenpy.tools.params:MixedHofstadterLandauGauge_Pi_2: reading 'Ly'=3
INFO:tenpy.tools.params:MixedHofstadterLandauGauge_Pi_2: reading 'ring_order'=None
INFO:tenpy.tools.params:MixedHofstadterLandauGauge_Pi_2: reading 'conserve_k'=True
INFO:tenpy.tools.params:MixedHofstadterLandauGauge_Pi_2: reading 'bc_MPS'='infinite'
INFO:tenpy.tools.params:MixedHofstadterLandauGauge_Pi_2: reading 't'=-1
INFO:tenpy.tools.params:MixedHofstadterLandauGauge_Pi_2: reading 't2'=-0.25
INFO:tenpy.tools.params:MixedHofstadterLandauGauge_Pi_2: reading 'V1'=0.6
INFO:tenpy.tools.params:MixedHofstadterLandauGauge_Pi_2: reading 'phi_ext'=np.float64(1.25)
INFO:tenpy.tools.params:MixedHofstadterLandauGauge_Pi_2: reading 'sort_mpo_legs'=False
/home/t30/kna/ge54yin/Documents/MasterThesisFQHinTMDs/MPS_stuff/MPScalculations/.venv/lib/python3.12/site-packages/tenpy/tools/params.py:232: UserWarning: unused options for config MixedHofstadterLandauGauge_Pi_2:
['Delta', 'N_rings', 'Nsec', 'bc', 'chi_max', 'ktot', 'saveAll']
  warnings.warn(msg.format(keys=sorted(unused), name=self.name))
INFO:tenpy.tools.params:DMRG: reading 'active_sites'=2
INFO:tenpy.tools.params:DMRG: reading 'diag_method'='default'
INFO:tenpy.tools.params:DMRG: subconfig 'trunc_params'=Config(<5 options>, 'trunc_params')
INFO:tenpy.tools.params:DMRG: reading 'max_N_sites_per_ring'=18
INFO:tenpy.tools.params:DMRG: reading 'combine'=False
INFO:tenpy.tools.params:DMRG: subconfig 'lanczos_params'=Config(<9 options>, 'lanczos_params')
INFO:tenpy.tools.params:DMRG: reading 'chi_list'=None
INFO:tenpy.tools.params:DMRG: reading 'start_env'=1
INFO:tenpy.algorithms.mps_common:start environment_sweep
INFO:tenpy.tools.params:DMRG: reading 'N_sweeps_check'=10
INFO:tenpy.tools.params:DMRG: subconfig 'mixer_params'=Config(<3 options>, 'mixer_params')
INFO:tenpy.tools.params:DMRG: reading 'mixer'=None
INFO:tenpy.tools.params:DMRG: reading 'max_sweeps'=100
INFO:tenpy.tools.params:DMRG: reading 'max_hours'=8760
INFO:tenpy.tools.params:DMRG: reading 'P_tol_to_trunc'=0.05
INFO:tenpy.tools.params:DMRG: reading 'P_tol_min'=5.0000000000000004e-30
INFO:tenpy.tools.params:DMRG: reading 'P_tol_max'=0.0001
INFO:tenpy.tools.params:DMRG: reading 'E_tol_to_trunc'=None
INFO:tenpy.algorithms.dmrg:Running sweep with optimization
INFO:tenpy.tools.params:DMRG: reading 'max_N_for_ED'=400
INFO:tenpy.tools.params:DMRG: reading 'update_env'=5
INFO:tenpy.algorithms.mps_common:start environment_sweep
INFO:tenpy.algorithms.dmrg:checkpoint after sweep 10
energy=-0.4144680655887427, max S=0.5874406480668801, age=198, norm_err=2.0e-12
Current memory usage 222.2MB, wall time: 29.5s
Delta E = nan, Delta S = -5.1718e-03 (per sweep)
max trunc_err = 7.7964e-13, max E_trunc = 7.8444e-12
chi: [256, 256, 256, 256, 256, 256]
================================================================================
INFO:tenpy.algorithms.dmrg:Running sweep with optimization
INFO:tenpy.algorithms.mps_common:start environment_sweep
INFO:tenpy.algorithms.dmrg:checkpoint after sweep 20
energy=-0.4144680655885414, max S=0.5874406119627721, age=378, norm_err=5.2e-14
Current memory usage 222.2MB, wall time: 20.7s
Delta E = 2.0134e-14, Delta S = -4.0706e-09 (per sweep)
max trunc_err = 1.3448e-12, max E_trunc = 1.1056e-11
chi: [256, 256, 256, 256, 256, 256]
================================================================================
INFO:tenpy.tools.params:DMRG: reading 'max_E_err'=1e-08
INFO:tenpy.tools.params:DMRG: reading 'max_S_err'=1e-05
INFO:tenpy.tools.params:DMRG: reading 'norm_tol'=1e-05
INFO:tenpy.tools.params:DMRG: reading 'norm_tol_final'=1e-10
INFO:tenpy.tools.params:DMRG: reading 'norm_tol_iter'=5
INFO:tenpy.algorithms.dmrg:TwoSiteDMRGEngine finished after 20 sweeps, max chi=256
INFO:tenpy.tools.params:DMRG: reading 'max_trunc_err'=0.0001
INFO:tenpy.tools.params:MixedHofstadterLandauGauge_Pi_2: reading 'explicit_plus_hc'=False
INFO:tenpy.tools.params:MixedHofstadterLandauGauge_Pi_2: reading 'Lx'=2
INFO:tenpy.tools.params:MixedHofstadterLandauGauge_Pi_2: setting 'N_rings'=2
INFO:tenpy.tools.params:MixedHofstadterLandauGauge_Pi_2: reading 'xy_lattice'='Square'
INFO:tenpy.tools.params:MixedHofstadterLandauGauge_Pi_2: reading 'Ly'=3
INFO:tenpy.tools.params:MixedHofstadterLandauGauge_Pi_2: reading 'ring_order'=None
INFO:tenpy.tools.params:MixedHofstadterLandauGauge_Pi_2: reading 'conserve_k'=True
INFO:tenpy.tools.params:MixedHofstadterLandauGauge_Pi_2: reading 'bc_MPS'='infinite'
INFO:tenpy.tools.params:MixedHofstadterLandauGauge_Pi_2: reading 't'=-1
INFO:tenpy.tools.params:MixedHofstadterLandauGauge_Pi_2: reading 't2'=-0.25
INFO:tenpy.tools.params:MixedHofstadterLandauGauge_Pi_2: reading 'V1'=0.6
INFO:tenpy.tools.params:MixedHofstadterLandauGauge_Pi_2: reading 'phi_ext'=np.float64(1.3)
INFO:tenpy.tools.params:MixedHofstadterLandauGauge_Pi_2: reading 'sort_mpo_legs'=False
/home/t30/kna/ge54yin/Documents/MasterThesisFQHinTMDs/MPS_stuff/MPScalculations/.venv/lib/python3.12/site-packages/tenpy/tools/params.py:232: UserWarning: unused options for config MixedHofstadterLandauGauge_Pi_2:
['Delta', 'N_rings', 'Nsec', 'bc', 'chi_max', 'ktot', 'saveAll']
  warnings.warn(msg.format(keys=sorted(unused), name=self.name))
INFO:tenpy.tools.params:DMRG: reading 'active_sites'=2
INFO:tenpy.tools.params:DMRG: reading 'diag_method'='default'
INFO:tenpy.tools.params:DMRG: subconfig 'trunc_params'=Config(<5 options>, 'trunc_params')
INFO:tenpy.tools.params:DMRG: reading 'max_N_sites_per_ring'=18
INFO:tenpy.tools.params:DMRG: reading 'combine'=False
INFO:tenpy.tools.params:DMRG: subconfig 'lanczos_params'=Config(<9 options>, 'lanczos_params')
INFO:tenpy.tools.params:DMRG: reading 'chi_list'=None
INFO:tenpy.tools.params:DMRG: reading 'start_env'=1
INFO:tenpy.algorithms.mps_common:start environment_sweep
INFO:tenpy.tools.params:DMRG: reading 'N_sweeps_check'=10
INFO:tenpy.tools.params:DMRG: subconfig 'mixer_params'=Config(<3 options>, 'mixer_params')
INFO:tenpy.tools.params:DMRG: reading 'mixer'=None
INFO:tenpy.tools.params:DMRG: reading 'max_sweeps'=100
INFO:tenpy.tools.params:DMRG: reading 'max_hours'=8760
INFO:tenpy.tools.params:DMRG: reading 'P_tol_to_trunc'=0.05
INFO:tenpy.tools.params:DMRG: reading 'P_tol_min'=5.0000000000000004e-30
INFO:tenpy.tools.params:DMRG: reading 'P_tol_max'=0.0001
INFO:tenpy.tools.params:DMRG: reading 'E_tol_to_trunc'=None
INFO:tenpy.algorithms.dmrg:Running sweep with optimization
INFO:tenpy.tools.params:DMRG: reading 'max_N_for_ED'=400
INFO:tenpy.tools.params:DMRG: reading 'update_env'=5
INFO:tenpy.algorithms.mps_common:start environment_sweep
INFO:tenpy.algorithms.dmrg:checkpoint after sweep 10
energy=-0.4149598399802947, max S=0.5153036971597156, age=198, norm_err=1.5e-12
Current memory usage 222.2MB, wall time: 28.3s
Delta E = nan, Delta S = -4.0308e-03 (per sweep)
max trunc_err = 4.6200e-13, max E_trunc = 4.6612e-12
chi: [256, 256, 256, 256, 256, 256]
================================================================================
INFO:tenpy.algorithms.dmrg:Running sweep with optimization
INFO:tenpy.algorithms.mps_common:start environment_sweep
INFO:tenpy.algorithms.dmrg:checkpoint after sweep 20
energy=-0.4149598399802628, max S=0.5153036432441147, age=378, norm_err=3.4e-14
Current memory usage 222.2MB, wall time: 19.8s
Delta E = 3.1974e-15, Delta S = -5.9554e-09 (per sweep)
max trunc_err = 7.5213e-13, max E_trunc = 6.3096e-12
chi: [256, 256, 256, 256, 256, 256]
================================================================================
INFO:tenpy.tools.params:DMRG: reading 'max_E_err'=1e-08
INFO:tenpy.tools.params:DMRG: reading 'max_S_err'=1e-05
INFO:tenpy.tools.params:DMRG: reading 'norm_tol'=1e-05
INFO:tenpy.tools.params:DMRG: reading 'norm_tol_final'=1e-10
INFO:tenpy.tools.params:DMRG: reading 'norm_tol_iter'=5
INFO:tenpy.algorithms.dmrg:TwoSiteDMRGEngine finished after 20 sweeps, max chi=256
INFO:tenpy.tools.params:DMRG: reading 'max_trunc_err'=0.0001
INFO:tenpy.tools.params:MixedHofstadterLandauGauge_Pi_2: reading 'explicit_plus_hc'=False
INFO:tenpy.tools.params:MixedHofstadterLandauGauge_Pi_2: reading 'Lx'=2
INFO:tenpy.tools.params:MixedHofstadterLandauGauge_Pi_2: setting 'N_rings'=2
INFO:tenpy.tools.params:MixedHofstadterLandauGauge_Pi_2: reading 'xy_lattice'='Square'
INFO:tenpy.tools.params:MixedHofstadterLandauGauge_Pi_2: reading 'Ly'=3
INFO:tenpy.tools.params:MixedHofstadterLandauGauge_Pi_2: reading 'ring_order'=None
INFO:tenpy.tools.params:MixedHofstadterLandauGauge_Pi_2: reading 'conserve_k'=True
INFO:tenpy.tools.params:MixedHofstadterLandauGauge_Pi_2: reading 'bc_MPS'='infinite'
INFO:tenpy.tools.params:MixedHofstadterLandauGauge_Pi_2: reading 't'=-1
INFO:tenpy.tools.params:MixedHofstadterLandauGauge_Pi_2: reading 't2'=-0.25
INFO:tenpy.tools.params:MixedHofstadterLandauGauge_Pi_2: reading 'V1'=0.6
INFO:tenpy.tools.params:MixedHofstadterLandauGauge_Pi_2: reading 'phi_ext'=np.float64(1.35)
INFO:tenpy.tools.params:MixedHofstadterLandauGauge_Pi_2: reading 'sort_mpo_legs'=False
/home/t30/kna/ge54yin/Documents/MasterThesisFQHinTMDs/MPS_stuff/MPScalculations/.venv/lib/python3.12/site-packages/tenpy/tools/params.py:232: UserWarning: unused options for config MixedHofstadterLandauGauge_Pi_2:
['Delta', 'N_rings', 'Nsec', 'bc', 'chi_max', 'ktot', 'saveAll']
  warnings.warn(msg.format(keys=sorted(unused), name=self.name))
INFO:tenpy.tools.params:DMRG: reading 'active_sites'=2
INFO:tenpy.tools.params:DMRG: reading 'diag_method'='default'
INFO:tenpy.tools.params:DMRG: subconfig 'trunc_params'=Config(<5 options>, 'trunc_params')
INFO:tenpy.tools.params:DMRG: reading 'max_N_sites_per_ring'=18
INFO:tenpy.tools.params:DMRG: reading 'combine'=False
INFO:tenpy.tools.params:DMRG: subconfig 'lanczos_params'=Config(<9 options>, 'lanczos_params')
INFO:tenpy.tools.params:DMRG: reading 'chi_list'=None
INFO:tenpy.tools.params:DMRG: reading 'start_env'=1
INFO:tenpy.algorithms.mps_common:start environment_sweep
INFO:tenpy.tools.params:DMRG: reading 'N_sweeps_check'=10
INFO:tenpy.tools.params:DMRG: subconfig 'mixer_params'=Config(<3 options>, 'mixer_params')
INFO:tenpy.tools.params:DMRG: reading 'mixer'=None
INFO:tenpy.tools.params:DMRG: reading 'max_sweeps'=100
INFO:tenpy.tools.params:DMRG: reading 'max_hours'=8760
INFO:tenpy.tools.params:DMRG: reading 'P_tol_to_trunc'=0.05
INFO:tenpy.tools.params:DMRG: reading 'P_tol_min'=5.0000000000000004e-30
INFO:tenpy.tools.params:DMRG: reading 'P_tol_max'=0.0001
INFO:tenpy.tools.params:DMRG: reading 'E_tol_to_trunc'=None
INFO:tenpy.algorithms.dmrg:Running sweep with optimization
INFO:tenpy.tools.params:DMRG: reading 'max_N_for_ED'=400
INFO:tenpy.tools.params:DMRG: reading 'update_env'=5
INFO:tenpy.algorithms.mps_common:start environment_sweep
INFO:tenpy.algorithms.dmrg:checkpoint after sweep 10
energy=-0.4153999491393172, max S=0.4532933954373985, age=198, norm_err=2.1e-13
Current memory usage 222.2MB, wall time: 30.7s
Delta E = nan, Delta S = -2.9644e-03 (per sweep)
max trunc_err = 5.7953e-13, max E_trunc = 5.1159e-12
chi: [256, 256, 256, 256, 256, 256]
================================================================================
INFO:tenpy.algorithms.dmrg:Running sweep with optimization
INFO:tenpy.algorithms.mps_common:start environment_sweep
INFO:tenpy.algorithms.dmrg:checkpoint after sweep 20
energy=-0.4153999491393492, max S=0.4532933963848478, age=378, norm_err=5.2e-14
Current memory usage 222.2MB, wall time: 17.3s
Delta E = -3.1974e-15, Delta S = 2.4498e-10 (per sweep)
max trunc_err = 5.7960e-13, max E_trunc = 4.9170e-12
chi: [256, 256, 256, 256, 256, 256]
================================================================================
INFO:tenpy.tools.params:DMRG: reading 'max_E_err'=1e-08
INFO:tenpy.tools.params:DMRG: reading 'max_S_err'=1e-05
INFO:tenpy.tools.params:DMRG: reading 'norm_tol'=1e-05
INFO:tenpy.tools.params:DMRG: reading 'norm_tol_final'=1e-10
INFO:tenpy.tools.params:DMRG: reading 'norm_tol_iter'=5
INFO:tenpy.algorithms.dmrg:TwoSiteDMRGEngine finished after 20 sweeps, max chi=256
INFO:tenpy.tools.params:DMRG: reading 'max_trunc_err'=0.0001
INFO:tenpy.tools.params:MixedHofstadterLandauGauge_Pi_2: reading 'explicit_plus_hc'=False
INFO:tenpy.tools.params:MixedHofstadterLandauGauge_Pi_2: reading 'Lx'=2
INFO:tenpy.tools.params:MixedHofstadterLandauGauge_Pi_2: setting 'N_rings'=2
INFO:tenpy.tools.params:MixedHofstadterLandauGauge_Pi_2: reading 'xy_lattice'='Square'
INFO:tenpy.tools.params:MixedHofstadterLandauGauge_Pi_2: reading 'Ly'=3
INFO:tenpy.tools.params:MixedHofstadterLandauGauge_Pi_2: reading 'ring_order'=None
INFO:tenpy.tools.params:MixedHofstadterLandauGauge_Pi_2: reading 'conserve_k'=True
INFO:tenpy.tools.params:MixedHofstadterLandauGauge_Pi_2: reading 'bc_MPS'='infinite'
INFO:tenpy.tools.params:MixedHofstadterLandauGauge_Pi_2: reading 't'=-1
INFO:tenpy.tools.params:MixedHofstadterLandauGauge_Pi_2: reading 't2'=-0.25
INFO:tenpy.tools.params:MixedHofstadterLandauGauge_Pi_2: reading 'V1'=0.6
INFO:tenpy.tools.params:MixedHofstadterLandauGauge_Pi_2: reading 'phi_ext'=np.float64(1.4000000000000001)
INFO:tenpy.tools.params:MixedHofstadterLandauGauge_Pi_2: reading 'sort_mpo_legs'=False
/home/t30/kna/ge54yin/Documents/MasterThesisFQHinTMDs/MPS_stuff/MPScalculations/.venv/lib/python3.12/site-packages/tenpy/tools/params.py:232: UserWarning: unused options for config MixedHofstadterLandauGauge_Pi_2:
['Delta', 'N_rings', 'Nsec', 'bc', 'chi_max', 'ktot', 'saveAll']
  warnings.warn(msg.format(keys=sorted(unused), name=self.name))
INFO:tenpy.tools.params:DMRG: reading 'active_sites'=2
INFO:tenpy.tools.params:DMRG: reading 'diag_method'='default'
INFO:tenpy.tools.params:DMRG: subconfig 'trunc_params'=Config(<5 options>, 'trunc_params')
INFO:tenpy.tools.params:DMRG: reading 'max_N_sites_per_ring'=18
INFO:tenpy.tools.params:DMRG: reading 'combine'=False
INFO:tenpy.tools.params:DMRG: subconfig 'lanczos_params'=Config(<9 options>, 'lanczos_params')
INFO:tenpy.tools.params:DMRG: reading 'chi_list'=None
INFO:tenpy.tools.params:DMRG: reading 'start_env'=1
INFO:tenpy.algorithms.mps_common:start environment_sweep
INFO:tenpy.tools.params:DMRG: reading 'N_sweeps_check'=10
INFO:tenpy.tools.params:DMRG: subconfig 'mixer_params'=Config(<3 options>, 'mixer_params')
INFO:tenpy.tools.params:DMRG: reading 'mixer'=None
INFO:tenpy.tools.params:DMRG: reading 'max_sweeps'=100
INFO:tenpy.tools.params:DMRG: reading 'max_hours'=8760
INFO:tenpy.tools.params:DMRG: reading 'P_tol_to_trunc'=0.05
INFO:tenpy.tools.params:DMRG: reading 'P_tol_min'=5.0000000000000004e-30
INFO:tenpy.tools.params:DMRG: reading 'P_tol_max'=0.0001
INFO:tenpy.tools.params:DMRG: reading 'E_tol_to_trunc'=None
INFO:tenpy.algorithms.dmrg:Running sweep with optimization
INFO:tenpy.tools.params:DMRG: reading 'max_N_for_ED'=400
INFO:tenpy.tools.params:DMRG: reading 'update_env'=5
INFO:tenpy.algorithms.mps_common:start environment_sweep
INFO:tenpy.algorithms.dmrg:checkpoint after sweep 10
energy=-0.4157456777734498, max S=0.4007003827814931, age=198, norm_err=3.9e-14
Current memory usage 222.2MB, wall time: 30.1s
Delta E = nan, Delta S = -2.0103e-03 (per sweep)
max trunc_err = 6.7605e-13, max E_trunc = 5.5422e-12
chi: [256, 256, 256, 256, 256, 256]
================================================================================
INFO:tenpy.algorithms.dmrg:Running sweep with optimization
INFO:tenpy.algorithms.mps_common:start environment_sweep
INFO:tenpy.algorithms.dmrg:checkpoint after sweep 20
energy=-0.4157456777734652, max S=0.4007003820590516, age=378, norm_err=4.1e-14
Current memory usage 222.2MB, wall time: 17.4s
Delta E = -1.5377e-15, Delta S = -7.0635e-11 (per sweep)
max trunc_err = 6.0514e-13, max E_trunc = 5.2580e-12
chi: [256, 256, 256, 256, 256, 256]
================================================================================
INFO:tenpy.tools.params:DMRG: reading 'max_E_err'=1e-08
INFO:tenpy.tools.params:DMRG: reading 'max_S_err'=1e-05
INFO:tenpy.tools.params:DMRG: reading 'norm_tol'=1e-05
INFO:tenpy.tools.params:DMRG: reading 'norm_tol_final'=1e-10
INFO:tenpy.tools.params:DMRG: reading 'norm_tol_iter'=5
INFO:tenpy.algorithms.dmrg:TwoSiteDMRGEngine finished after 20 sweeps, max chi=256
INFO:tenpy.tools.params:DMRG: reading 'max_trunc_err'=0.0001
INFO:tenpy.tools.params:MixedHofstadterLandauGauge_Pi_2: reading 'explicit_plus_hc'=False
INFO:tenpy.tools.params:MixedHofstadterLandauGauge_Pi_2: reading 'Lx'=2
INFO:tenpy.tools.params:MixedHofstadterLandauGauge_Pi_2: setting 'N_rings'=2
INFO:tenpy.tools.params:MixedHofstadterLandauGauge_Pi_2: reading 'xy_lattice'='Square'
INFO:tenpy.tools.params:MixedHofstadterLandauGauge_Pi_2: reading 'Ly'=3
INFO:tenpy.tools.params:MixedHofstadterLandauGauge_Pi_2: reading 'ring_order'=None
INFO:tenpy.tools.params:MixedHofstadterLandauGauge_Pi_2: reading 'conserve_k'=True
INFO:tenpy.tools.params:MixedHofstadterLandauGauge_Pi_2: reading 'bc_MPS'='infinite'
INFO:tenpy.tools.params:MixedHofstadterLandauGauge_Pi_2: reading 't'=-1
INFO:tenpy.tools.params:MixedHofstadterLandauGauge_Pi_2: reading 't2'=-0.25
INFO:tenpy.tools.params:MixedHofstadterLandauGauge_Pi_2: reading 'V1'=0.6
INFO:tenpy.tools.params:MixedHofstadterLandauGauge_Pi_2: reading 'phi_ext'=np.float64(1.4500000000000002)
INFO:tenpy.tools.params:MixedHofstadterLandauGauge_Pi_2: reading 'sort_mpo_legs'=False
/home/t30/kna/ge54yin/Documents/MasterThesisFQHinTMDs/MPS_stuff/MPScalculations/.venv/lib/python3.12/site-packages/tenpy/tools/params.py:232: UserWarning: unused options for config MixedHofstadterLandauGauge_Pi_2:
['Delta', 'N_rings', 'Nsec', 'bc', 'chi_max', 'ktot', 'saveAll']
  warnings.warn(msg.format(keys=sorted(unused), name=self.name))
INFO:tenpy.tools.params:DMRG: reading 'active_sites'=2
INFO:tenpy.tools.params:DMRG: reading 'diag_method'='default'
INFO:tenpy.tools.params:DMRG: subconfig 'trunc_params'=Config(<5 options>, 'trunc_params')
INFO:tenpy.tools.params:DMRG: reading 'max_N_sites_per_ring'=18
INFO:tenpy.tools.params:DMRG: reading 'combine'=False
INFO:tenpy.tools.params:DMRG: subconfig 'lanczos_params'=Config(<9 options>, 'lanczos_params')
INFO:tenpy.tools.params:DMRG: reading 'chi_list'=None
INFO:tenpy.tools.params:DMRG: reading 'start_env'=1
INFO:tenpy.algorithms.mps_common:start environment_sweep
INFO:tenpy.tools.params:DMRG: reading 'N_sweeps_check'=10
INFO:tenpy.tools.params:DMRG: subconfig 'mixer_params'=Config(<3 options>, 'mixer_params')
INFO:tenpy.tools.params:DMRG: reading 'mixer'=None
INFO:tenpy.tools.params:DMRG: reading 'max_sweeps'=100
INFO:tenpy.tools.params:DMRG: reading 'max_hours'=8760
INFO:tenpy.tools.params:DMRG: reading 'P_tol_to_trunc'=0.05
INFO:tenpy.tools.params:DMRG: reading 'P_tol_min'=5.0000000000000004e-30
INFO:tenpy.tools.params:DMRG: reading 'P_tol_max'=0.0001
INFO:tenpy.tools.params:DMRG: reading 'E_tol_to_trunc'=None
INFO:tenpy.algorithms.dmrg:Running sweep with optimization
INFO:tenpy.tools.params:DMRG: reading 'max_N_for_ED'=400
INFO:tenpy.tools.params:DMRG: reading 'update_env'=5
INFO:tenpy.algorithms.mps_common:start environment_sweep
INFO:tenpy.algorithms.dmrg:checkpoint after sweep 10
energy=-0.4159656586612084, max S=0.3568878611274715, age=198, norm_err=2.3e-13
Current memory usage 222.2MB, wall time: 29.7s
Delta E = nan, Delta S = -1.1546e-03 (per sweep)
max trunc_err = 6.1863e-13, max E_trunc = 5.5067e-12
chi: [256, 256, 256, 256, 256, 256]
================================================================================
INFO:tenpy.algorithms.dmrg:Running sweep with optimization
INFO:tenpy.algorithms.mps_common:start environment_sweep
INFO:tenpy.algorithms.dmrg:checkpoint after sweep 20
energy=-0.4159656586611528, max S=0.3568878541948374, age=378, norm_err=1.3e-14
Current memory usage 222.2MB, wall time: 17.7s
Delta E = 5.5622e-15, Delta S = -6.6793e-10 (per sweep)
max trunc_err = 6.1900e-13, max E_trunc = 5.4285e-12
chi: [256, 256, 256, 256, 256, 256]
================================================================================
INFO:tenpy.tools.params:DMRG: reading 'max_E_err'=1e-08
INFO:tenpy.tools.params:DMRG: reading 'max_S_err'=1e-05
INFO:tenpy.tools.params:DMRG: reading 'norm_tol'=1e-05
INFO:tenpy.tools.params:DMRG: reading 'norm_tol_final'=1e-10
INFO:tenpy.tools.params:DMRG: reading 'norm_tol_iter'=5
INFO:tenpy.algorithms.dmrg:TwoSiteDMRGEngine finished after 20 sweeps, max chi=256
INFO:tenpy.tools.params:DMRG: reading 'max_trunc_err'=0.0001
INFO:tenpy.tools.params:MixedHofstadterLandauGauge_Pi_2: reading 'explicit_plus_hc'=False
INFO:tenpy.tools.params:MixedHofstadterLandauGauge_Pi_2: reading 'Lx'=2
INFO:tenpy.tools.params:MixedHofstadterLandauGauge_Pi_2: setting 'N_rings'=2
INFO:tenpy.tools.params:MixedHofstadterLandauGauge_Pi_2: reading 'xy_lattice'='Square'
INFO:tenpy.tools.params:MixedHofstadterLandauGauge_Pi_2: reading 'Ly'=3
INFO:tenpy.tools.params:MixedHofstadterLandauGauge_Pi_2: reading 'ring_order'=None
INFO:tenpy.tools.params:MixedHofstadterLandauGauge_Pi_2: reading 'conserve_k'=True
INFO:tenpy.tools.params:MixedHofstadterLandauGauge_Pi_2: reading 'bc_MPS'='infinite'
INFO:tenpy.tools.params:MixedHofstadterLandauGauge_Pi_2: reading 't'=-1
INFO:tenpy.tools.params:MixedHofstadterLandauGauge_Pi_2: reading 't2'=-0.25
INFO:tenpy.tools.params:MixedHofstadterLandauGauge_Pi_2: reading 'V1'=0.6
INFO:tenpy.tools.params:MixedHofstadterLandauGauge_Pi_2: reading 'phi_ext'=np.float64(1.5)
INFO:tenpy.tools.params:MixedHofstadterLandauGauge_Pi_2: reading 'sort_mpo_legs'=False
/home/t30/kna/ge54yin/Documents/MasterThesisFQHinTMDs/MPS_stuff/MPScalculations/.venv/lib/python3.12/site-packages/tenpy/tools/params.py:232: UserWarning: unused options for config MixedHofstadterLandauGauge_Pi_2:
['Delta', 'N_rings', 'Nsec', 'bc', 'chi_max', 'ktot', 'saveAll']
  warnings.warn(msg.format(keys=sorted(unused), name=self.name))
INFO:tenpy.tools.params:DMRG: reading 'active_sites'=2
INFO:tenpy.tools.params:DMRG: reading 'diag_method'='default'
INFO:tenpy.tools.params:DMRG: subconfig 'trunc_params'=Config(<5 options>, 'trunc_params')
INFO:tenpy.tools.params:DMRG: reading 'max_N_sites_per_ring'=18
INFO:tenpy.tools.params:DMRG: reading 'combine'=False
INFO:tenpy.tools.params:DMRG: subconfig 'lanczos_params'=Config(<9 options>, 'lanczos_params')
INFO:tenpy.tools.params:DMRG: reading 'chi_list'=None
INFO:tenpy.tools.params:DMRG: reading 'start_env'=1
INFO:tenpy.algorithms.mps_common:start environment_sweep
INFO:tenpy.tools.params:DMRG: reading 'N_sweeps_check'=10
INFO:tenpy.tools.params:DMRG: subconfig 'mixer_params'=Config(<3 options>, 'mixer_params')
INFO:tenpy.tools.params:DMRG: reading 'mixer'=None
INFO:tenpy.tools.params:DMRG: reading 'max_sweeps'=100
INFO:tenpy.tools.params:DMRG: reading 'max_hours'=8760
INFO:tenpy.tools.params:DMRG: reading 'P_tol_to_trunc'=0.05
INFO:tenpy.tools.params:DMRG: reading 'P_tol_min'=5.0000000000000004e-30
INFO:tenpy.tools.params:DMRG: reading 'P_tol_max'=0.0001
INFO:tenpy.tools.params:DMRG: reading 'E_tol_to_trunc'=None
INFO:tenpy.algorithms.dmrg:Running sweep with optimization
INFO:tenpy.tools.params:DMRG: reading 'max_N_for_ED'=400
INFO:tenpy.tools.params:DMRG: reading 'update_env'=5
INFO:tenpy.algorithms.mps_common:start environment_sweep
INFO:tenpy.algorithms.dmrg:checkpoint after sweep 10
energy=-0.4160410678974529, max S=0.3343795205696412, age=198, norm_err=6.5e-14
Current memory usage 222.2MB, wall time: 30.0s
Delta E = nan, Delta S = -3.6362e-04 (per sweep)
max trunc_err = 6.5125e-13, max E_trunc = 5.7412e-12
chi: [256, 256, 256, 256, 256, 256]
================================================================================
INFO:tenpy.algorithms.dmrg:Running sweep with optimization
INFO:tenpy.algorithms.mps_common:start environment_sweep
INFO:tenpy.algorithms.dmrg:checkpoint after sweep 20
energy=-0.4160410678974245, max S=0.3343795209019468, age=378, norm_err=2.8e-14
Current memory usage 222.2MB, wall time: 17.7s
Delta E = 2.8422e-15, Delta S = -3.3349e-11 (per sweep)
max trunc_err = 6.5160e-13, max E_trunc = 5.6701e-12
chi: [256, 256, 256, 256, 256, 256]
================================================================================
INFO:tenpy.tools.params:DMRG: reading 'max_E_err'=1e-08
INFO:tenpy.tools.params:DMRG: reading 'max_S_err'=1e-05
INFO:tenpy.tools.params:DMRG: reading 'norm_tol'=1e-05
INFO:tenpy.tools.params:DMRG: reading 'norm_tol_final'=1e-10
INFO:tenpy.tools.params:DMRG: reading 'norm_tol_iter'=5
INFO:tenpy.algorithms.dmrg:TwoSiteDMRGEngine finished after 20 sweeps, max chi=256
INFO:tenpy.tools.params:DMRG: reading 'max_trunc_err'=0.0001
INFO:tenpy.tools.params:MixedHofstadterLandauGauge_Pi_2: reading 'explicit_plus_hc'=False
INFO:tenpy.tools.params:MixedHofstadterLandauGauge_Pi_2: reading 'Lx'=2
INFO:tenpy.tools.params:MixedHofstadterLandauGauge_Pi_2: setting 'N_rings'=2
INFO:tenpy.tools.params:MixedHofstadterLandauGauge_Pi_2: reading 'xy_lattice'='Square'
INFO:tenpy.tools.params:MixedHofstadterLandauGauge_Pi_2: reading 'Ly'=3
INFO:tenpy.tools.params:MixedHofstadterLandauGauge_Pi_2: reading 'ring_order'=None
INFO:tenpy.tools.params:MixedHofstadterLandauGauge_Pi_2: reading 'conserve_k'=True
INFO:tenpy.tools.params:MixedHofstadterLandauGauge_Pi_2: reading 'bc_MPS'='infinite'
INFO:tenpy.tools.params:MixedHofstadterLandauGauge_Pi_2: reading 't'=-1
INFO:tenpy.tools.params:MixedHofstadterLandauGauge_Pi_2: reading 't2'=-0.25
INFO:tenpy.tools.params:MixedHofstadterLandauGauge_Pi_2: reading 'V1'=0.6
INFO:tenpy.tools.params:MixedHofstadterLandauGauge_Pi_2: reading 'phi_ext'=np.float64(1.55)
INFO:tenpy.tools.params:MixedHofstadterLandauGauge_Pi_2: reading 'sort_mpo_legs'=False
/home/t30/kna/ge54yin/Documents/MasterThesisFQHinTMDs/MPS_stuff/MPScalculations/.venv/lib/python3.12/site-packages/tenpy/tools/params.py:232: UserWarning: unused options for config MixedHofstadterLandauGauge_Pi_2:
['Delta', 'N_rings', 'Nsec', 'bc', 'chi_max', 'ktot', 'saveAll']
  warnings.warn(msg.format(keys=sorted(unused), name=self.name))
INFO:tenpy.tools.params:DMRG: reading 'active_sites'=2
INFO:tenpy.tools.params:DMRG: reading 'diag_method'='default'
INFO:tenpy.tools.params:DMRG: subconfig 'trunc_params'=Config(<5 options>, 'trunc_params')
INFO:tenpy.tools.params:DMRG: reading 'max_N_sites_per_ring'=18
INFO:tenpy.tools.params:DMRG: reading 'combine'=False
INFO:tenpy.tools.params:DMRG: subconfig 'lanczos_params'=Config(<9 options>, 'lanczos_params')
INFO:tenpy.tools.params:DMRG: reading 'chi_list'=None
INFO:tenpy.tools.params:DMRG: reading 'start_env'=1
INFO:tenpy.algorithms.mps_common:start environment_sweep
INFO:tenpy.tools.params:DMRG: reading 'N_sweeps_check'=10
INFO:tenpy.tools.params:DMRG: subconfig 'mixer_params'=Config(<3 options>, 'mixer_params')
INFO:tenpy.tools.params:DMRG: reading 'mixer'=None
INFO:tenpy.tools.params:DMRG: reading 'max_sweeps'=100
INFO:tenpy.tools.params:DMRG: reading 'max_hours'=8760
INFO:tenpy.tools.params:DMRG: reading 'P_tol_to_trunc'=0.05
INFO:tenpy.tools.params:DMRG: reading 'P_tol_min'=5.0000000000000004e-30
INFO:tenpy.tools.params:DMRG: reading 'P_tol_max'=0.0001
INFO:tenpy.tools.params:DMRG: reading 'E_tol_to_trunc'=None
INFO:tenpy.algorithms.dmrg:Running sweep with optimization
INFO:tenpy.tools.params:DMRG: reading 'max_N_for_ED'=400
INFO:tenpy.tools.params:DMRG: reading 'update_env'=5
INFO:tenpy.algorithms.mps_common:start environment_sweep
INFO:tenpy.algorithms.dmrg:checkpoint after sweep 10
energy=-0.4159656586727465, max S=0.3667667413966216, age=198, norm_err=1.4e-13
Current memory usage 222.2MB, wall time: 29.5s
Delta E = nan, Delta S = 4.0769e-04 (per sweep)
max trunc_err = 6.6838e-13, max E_trunc = 5.8122e-12
chi: [256, 256, 256, 256, 256, 256]
================================================================================
INFO:tenpy.algorithms.dmrg:Running sweep with optimization
INFO:tenpy.algorithms.mps_common:start environment_sweep
INFO:tenpy.algorithms.dmrg:checkpoint after sweep 20
energy=-0.4159656586727560, max S=0.3667667511104225, age=378, norm_err=4.5e-14
Current memory usage 222.2MB, wall time: 17.4s
Delta E = -9.4924e-16, Delta S = 8.0512e-10 (per sweep)
max trunc_err = 6.6872e-13, max E_trunc = 6.0254e-12
chi: [256, 256, 256, 256, 256, 256]
================================================================================
INFO:tenpy.tools.params:DMRG: reading 'max_E_err'=1e-08
INFO:tenpy.tools.params:DMRG: reading 'max_S_err'=1e-05
INFO:tenpy.tools.params:DMRG: reading 'norm_tol'=1e-05
INFO:tenpy.tools.params:DMRG: reading 'norm_tol_final'=1e-10
INFO:tenpy.tools.params:DMRG: reading 'norm_tol_iter'=5
INFO:tenpy.algorithms.dmrg:TwoSiteDMRGEngine finished after 20 sweeps, max chi=256
INFO:tenpy.tools.params:DMRG: reading 'max_trunc_err'=0.0001
INFO:tenpy.tools.params:MixedHofstadterLandauGauge_Pi_2: reading 'explicit_plus_hc'=False
INFO:tenpy.tools.params:MixedHofstadterLandauGauge_Pi_2: reading 'Lx'=2
INFO:tenpy.tools.params:MixedHofstadterLandauGauge_Pi_2: setting 'N_rings'=2
INFO:tenpy.tools.params:MixedHofstadterLandauGauge_Pi_2: reading 'xy_lattice'='Square'
INFO:tenpy.tools.params:MixedHofstadterLandauGauge_Pi_2: reading 'Ly'=3
INFO:tenpy.tools.params:MixedHofstadterLandauGauge_Pi_2: reading 'ring_order'=None
INFO:tenpy.tools.params:MixedHofstadterLandauGauge_Pi_2: reading 'conserve_k'=True
INFO:tenpy.tools.params:MixedHofstadterLandauGauge_Pi_2: reading 'bc_MPS'='infinite'
INFO:tenpy.tools.params:MixedHofstadterLandauGauge_Pi_2: reading 't'=-1
INFO:tenpy.tools.params:MixedHofstadterLandauGauge_Pi_2: reading 't2'=-0.25
INFO:tenpy.tools.params:MixedHofstadterLandauGauge_Pi_2: reading 'V1'=0.6
INFO:tenpy.tools.params:MixedHofstadterLandauGauge_Pi_2: reading 'phi_ext'=np.float64(1.6)
INFO:tenpy.tools.params:MixedHofstadterLandauGauge_Pi_2: reading 'sort_mpo_legs'=False
/home/t30/kna/ge54yin/Documents/MasterThesisFQHinTMDs/MPS_stuff/MPScalculations/.venv/lib/python3.12/site-packages/tenpy/tools/params.py:232: UserWarning: unused options for config MixedHofstadterLandauGauge_Pi_2:
['Delta', 'N_rings', 'Nsec', 'bc', 'chi_max', 'ktot', 'saveAll']
  warnings.warn(msg.format(keys=sorted(unused), name=self.name))
INFO:tenpy.tools.params:DMRG: reading 'active_sites'=2
INFO:tenpy.tools.params:DMRG: reading 'diag_method'='default'
INFO:tenpy.tools.params:DMRG: subconfig 'trunc_params'=Config(<5 options>, 'trunc_params')
INFO:tenpy.tools.params:DMRG: reading 'max_N_sites_per_ring'=18
INFO:tenpy.tools.params:DMRG: reading 'combine'=False
INFO:tenpy.tools.params:DMRG: subconfig 'lanczos_params'=Config(<9 options>, 'lanczos_params')
INFO:tenpy.tools.params:DMRG: reading 'chi_list'=None
INFO:tenpy.tools.params:DMRG: reading 'start_env'=1
INFO:tenpy.algorithms.mps_common:start environment_sweep
INFO:tenpy.tools.params:DMRG: reading 'N_sweeps_check'=10
INFO:tenpy.tools.params:DMRG: subconfig 'mixer_params'=Config(<3 options>, 'mixer_params')
INFO:tenpy.tools.params:DMRG: reading 'mixer'=None
INFO:tenpy.tools.params:DMRG: reading 'max_sweeps'=100
INFO:tenpy.tools.params:DMRG: reading 'max_hours'=8760
INFO:tenpy.tools.params:DMRG: reading 'P_tol_to_trunc'=0.05
INFO:tenpy.tools.params:DMRG: reading 'P_tol_min'=5.0000000000000004e-30
INFO:tenpy.tools.params:DMRG: reading 'P_tol_max'=0.0001
INFO:tenpy.tools.params:DMRG: reading 'E_tol_to_trunc'=None
INFO:tenpy.algorithms.dmrg:Running sweep with optimization
INFO:tenpy.tools.params:DMRG: reading 'max_N_for_ED'=400
INFO:tenpy.tools.params:DMRG: reading 'update_env'=5
INFO:tenpy.algorithms.mps_common:start environment_sweep
INFO:tenpy.algorithms.dmrg:checkpoint after sweep 10
energy=-0.4157456777377095, max S=0.4073754693334954, age=198, norm_err=4.5e-13
Current memory usage 222.2MB, wall time: 29.5s
Delta E = nan, Delta S = 1.2092e-03 (per sweep)
max trunc_err = 6.6037e-13, max E_trunc = 5.8122e-12
chi: [256, 256, 256, 256, 256, 256]
================================================================================
INFO:tenpy.algorithms.dmrg:Running sweep with optimization
INFO:tenpy.algorithms.mps_common:start environment_sweep
INFO:tenpy.algorithms.dmrg:checkpoint after sweep 20
energy=-0.4157456777377035, max S=0.4073754816988657, age=378, norm_err=4.1e-14
Current memory usage 222.2MB, wall time: 17.4s
Delta E = 5.9397e-16, Delta S = 1.2387e-09 (per sweep)
max trunc_err = 6.6227e-13, max E_trunc = 5.9401e-12
chi: [256, 256, 256, 256, 256, 256]
================================================================================
INFO:tenpy.tools.params:DMRG: reading 'max_E_err'=1e-08
INFO:tenpy.tools.params:DMRG: reading 'max_S_err'=1e-05
INFO:tenpy.tools.params:DMRG: reading 'norm_tol'=1e-05
INFO:tenpy.tools.params:DMRG: reading 'norm_tol_final'=1e-10
INFO:tenpy.tools.params:DMRG: reading 'norm_tol_iter'=5
INFO:tenpy.algorithms.dmrg:TwoSiteDMRGEngine finished after 20 sweeps, max chi=256
INFO:tenpy.tools.params:DMRG: reading 'max_trunc_err'=0.0001
INFO:tenpy.tools.params:MixedHofstadterLandauGauge_Pi_2: reading 'explicit_plus_hc'=False
INFO:tenpy.tools.params:MixedHofstadterLandauGauge_Pi_2: reading 'Lx'=2
INFO:tenpy.tools.params:MixedHofstadterLandauGauge_Pi_2: setting 'N_rings'=2
INFO:tenpy.tools.params:MixedHofstadterLandauGauge_Pi_2: reading 'xy_lattice'='Square'
INFO:tenpy.tools.params:MixedHofstadterLandauGauge_Pi_2: reading 'Ly'=3
INFO:tenpy.tools.params:MixedHofstadterLandauGauge_Pi_2: reading 'ring_order'=None
INFO:tenpy.tools.params:MixedHofstadterLandauGauge_Pi_2: reading 'conserve_k'=True
INFO:tenpy.tools.params:MixedHofstadterLandauGauge_Pi_2: reading 'bc_MPS'='infinite'
INFO:tenpy.tools.params:MixedHofstadterLandauGauge_Pi_2: reading 't'=-1
INFO:tenpy.tools.params:MixedHofstadterLandauGauge_Pi_2: reading 't2'=-0.25
INFO:tenpy.tools.params:MixedHofstadterLandauGauge_Pi_2: reading 'V1'=0.6
INFO:tenpy.tools.params:MixedHofstadterLandauGauge_Pi_2: reading 'phi_ext'=np.float64(1.6500000000000001)
INFO:tenpy.tools.params:MixedHofstadterLandauGauge_Pi_2: reading 'sort_mpo_legs'=False
/home/t30/kna/ge54yin/Documents/MasterThesisFQHinTMDs/MPS_stuff/MPScalculations/.venv/lib/python3.12/site-packages/tenpy/tools/params.py:232: UserWarning: unused options for config MixedHofstadterLandauGauge_Pi_2:
['Delta', 'N_rings', 'Nsec', 'bc', 'chi_max', 'ktot', 'saveAll']
  warnings.warn(msg.format(keys=sorted(unused), name=self.name))
INFO:tenpy.tools.params:DMRG: reading 'active_sites'=2
INFO:tenpy.tools.params:DMRG: reading 'diag_method'='default'
INFO:tenpy.tools.params:DMRG: subconfig 'trunc_params'=Config(<5 options>, 'trunc_params')
INFO:tenpy.tools.params:DMRG: reading 'max_N_sites_per_ring'=18
INFO:tenpy.tools.params:DMRG: reading 'combine'=False
INFO:tenpy.tools.params:DMRG: subconfig 'lanczos_params'=Config(<9 options>, 'lanczos_params')
INFO:tenpy.tools.params:DMRG: reading 'chi_list'=None
INFO:tenpy.tools.params:DMRG: reading 'start_env'=1
INFO:tenpy.algorithms.mps_common:start environment_sweep
INFO:tenpy.tools.params:DMRG: reading 'N_sweeps_check'=10
INFO:tenpy.tools.params:DMRG: subconfig 'mixer_params'=Config(<3 options>, 'mixer_params')
INFO:tenpy.tools.params:DMRG: reading 'mixer'=None
INFO:tenpy.tools.params:DMRG: reading 'max_sweeps'=100
INFO:tenpy.tools.params:DMRG: reading 'max_hours'=8760
INFO:tenpy.tools.params:DMRG: reading 'P_tol_to_trunc'=0.05
INFO:tenpy.tools.params:DMRG: reading 'P_tol_min'=5.0000000000000004e-30
INFO:tenpy.tools.params:DMRG: reading 'P_tol_max'=0.0001
INFO:tenpy.tools.params:DMRG: reading 'E_tol_to_trunc'=None
INFO:tenpy.algorithms.dmrg:Running sweep with optimization
INFO:tenpy.tools.params:DMRG: reading 'max_N_for_ED'=400
INFO:tenpy.tools.params:DMRG: reading 'update_env'=5
INFO:tenpy.algorithms.mps_common:start environment_sweep
INFO:tenpy.algorithms.dmrg:checkpoint after sweep 10
energy=-0.4153999489776581, max S=0.4602935330240629, age=198, norm_err=6.5e-14
Current memory usage 222.2MB, wall time: 30.3s
Delta E = nan, Delta S = 2.0867e-03 (per sweep)
max trunc_err = 7.8819e-13, max E_trunc = 6.6649e-12
chi: [256, 256, 256, 256, 256, 256]
================================================================================
INFO:tenpy.algorithms.dmrg:Running sweep with optimization
INFO:tenpy.algorithms.mps_common:start environment_sweep
INFO:tenpy.algorithms.dmrg:checkpoint after sweep 20
energy=-0.4153999489776841, max S=0.4602935372805728, age=378, norm_err=3.6e-14
Current memory usage 222.2MB, wall time: 16.8s
Delta E = -2.6035e-15, Delta S = 4.3937e-10 (per sweep)
max trunc_err = 7.1459e-13, max E_trunc = 6.3380e-12
chi: [256, 256, 256, 256, 256, 256]
================================================================================
INFO:tenpy.tools.params:DMRG: reading 'max_E_err'=1e-08
INFO:tenpy.tools.params:DMRG: reading 'max_S_err'=1e-05
INFO:tenpy.tools.params:DMRG: reading 'norm_tol'=1e-05
INFO:tenpy.tools.params:DMRG: reading 'norm_tol_final'=1e-10
INFO:tenpy.tools.params:DMRG: reading 'norm_tol_iter'=5
INFO:tenpy.algorithms.dmrg:TwoSiteDMRGEngine finished after 20 sweeps, max chi=256
INFO:tenpy.tools.params:DMRG: reading 'max_trunc_err'=0.0001
INFO:tenpy.tools.params:MixedHofstadterLandauGauge_Pi_2: reading 'explicit_plus_hc'=False
INFO:tenpy.tools.params:MixedHofstadterLandauGauge_Pi_2: reading 'Lx'=2
INFO:tenpy.tools.params:MixedHofstadterLandauGauge_Pi_2: setting 'N_rings'=2
INFO:tenpy.tools.params:MixedHofstadterLandauGauge_Pi_2: reading 'xy_lattice'='Square'
INFO:tenpy.tools.params:MixedHofstadterLandauGauge_Pi_2: reading 'Ly'=3
INFO:tenpy.tools.params:MixedHofstadterLandauGauge_Pi_2: reading 'ring_order'=None
INFO:tenpy.tools.params:MixedHofstadterLandauGauge_Pi_2: reading 'conserve_k'=True
INFO:tenpy.tools.params:MixedHofstadterLandauGauge_Pi_2: reading 'bc_MPS'='infinite'
INFO:tenpy.tools.params:MixedHofstadterLandauGauge_Pi_2: reading 't'=-1
INFO:tenpy.tools.params:MixedHofstadterLandauGauge_Pi_2: reading 't2'=-0.25
INFO:tenpy.tools.params:MixedHofstadterLandauGauge_Pi_2: reading 'V1'=0.6
INFO:tenpy.tools.params:MixedHofstadterLandauGauge_Pi_2: reading 'phi_ext'=np.float64(1.7000000000000002)
INFO:tenpy.tools.params:MixedHofstadterLandauGauge_Pi_2: reading 'sort_mpo_legs'=False
/home/t30/kna/ge54yin/Documents/MasterThesisFQHinTMDs/MPS_stuff/MPScalculations/.venv/lib/python3.12/site-packages/tenpy/tools/params.py:232: UserWarning: unused options for config MixedHofstadterLandauGauge_Pi_2:
['Delta', 'N_rings', 'Nsec', 'bc', 'chi_max', 'ktot', 'saveAll']
  warnings.warn(msg.format(keys=sorted(unused), name=self.name))
INFO:tenpy.tools.params:DMRG: reading 'active_sites'=2
INFO:tenpy.tools.params:DMRG: reading 'diag_method'='default'
INFO:tenpy.tools.params:DMRG: subconfig 'trunc_params'=Config(<5 options>, 'trunc_params')
INFO:tenpy.tools.params:DMRG: reading 'max_N_sites_per_ring'=18
INFO:tenpy.tools.params:DMRG: reading 'combine'=False
INFO:tenpy.tools.params:DMRG: subconfig 'lanczos_params'=Config(<9 options>, 'lanczos_params')
INFO:tenpy.tools.params:DMRG: reading 'chi_list'=None
INFO:tenpy.tools.params:DMRG: reading 'start_env'=1
INFO:tenpy.algorithms.mps_common:start environment_sweep
INFO:tenpy.tools.params:DMRG: reading 'N_sweeps_check'=10
INFO:tenpy.tools.params:DMRG: subconfig 'mixer_params'=Config(<3 options>, 'mixer_params')
INFO:tenpy.tools.params:DMRG: reading 'mixer'=None
INFO:tenpy.tools.params:DMRG: reading 'max_sweeps'=100
INFO:tenpy.tools.params:DMRG: reading 'max_hours'=8760
INFO:tenpy.tools.params:DMRG: reading 'P_tol_to_trunc'=0.05
INFO:tenpy.tools.params:DMRG: reading 'P_tol_min'=5.0000000000000004e-30
INFO:tenpy.tools.params:DMRG: reading 'P_tol_max'=0.0001
INFO:tenpy.tools.params:DMRG: reading 'E_tol_to_trunc'=None
INFO:tenpy.algorithms.dmrg:Running sweep with optimization
INFO:tenpy.tools.params:DMRG: reading 'max_N_for_ED'=400
INFO:tenpy.tools.params:DMRG: reading 'update_env'=5
INFO:tenpy.algorithms.mps_common:start environment_sweep
INFO:tenpy.algorithms.dmrg:checkpoint after sweep 10
energy=-0.4149598399304892, max S=0.5226871904563315, age=198, norm_err=2.5e-13
Current memory usage 222.2MB, wall time: 31.5s
Delta E = nan, Delta S = 3.0753e-03 (per sweep)
max trunc_err = 8.4608e-13, max E_trunc = 6.8283e-12
chi: [256, 256, 256, 256, 256, 256]
================================================================================
INFO:tenpy.algorithms.dmrg:Running sweep with optimization
INFO:tenpy.algorithms.mps_common:start environment_sweep
INFO:tenpy.algorithms.dmrg:checkpoint after sweep 20
energy=-0.4149598399305106, max S=0.5226871866066418, age=378, norm_err=9.1e-15
Current memory usage 222.2MB, wall time: 17.3s
Delta E = -2.1316e-15, Delta S = -3.6269e-10 (per sweep)
max trunc_err = 7.5929e-13, max E_trunc = 6.4659e-12
chi: [256, 256, 256, 256, 256, 256]
================================================================================
INFO:tenpy.tools.params:DMRG: reading 'max_E_err'=1e-08
INFO:tenpy.tools.params:DMRG: reading 'max_S_err'=1e-05
INFO:tenpy.tools.params:DMRG: reading 'norm_tol'=1e-05
INFO:tenpy.tools.params:DMRG: reading 'norm_tol_final'=1e-10
INFO:tenpy.tools.params:DMRG: reading 'norm_tol_iter'=5
INFO:tenpy.algorithms.dmrg:TwoSiteDMRGEngine finished after 20 sweeps, max chi=256
INFO:tenpy.tools.params:DMRG: reading 'max_trunc_err'=0.0001
INFO:tenpy.tools.params:MixedHofstadterLandauGauge_Pi_2: reading 'explicit_plus_hc'=False
INFO:tenpy.tools.params:MixedHofstadterLandauGauge_Pi_2: reading 'Lx'=2
INFO:tenpy.tools.params:MixedHofstadterLandauGauge_Pi_2: setting 'N_rings'=2
INFO:tenpy.tools.params:MixedHofstadterLandauGauge_Pi_2: reading 'xy_lattice'='Square'
INFO:tenpy.tools.params:MixedHofstadterLandauGauge_Pi_2: reading 'Ly'=3
INFO:tenpy.tools.params:MixedHofstadterLandauGauge_Pi_2: reading 'ring_order'=None
INFO:tenpy.tools.params:MixedHofstadterLandauGauge_Pi_2: reading 'conserve_k'=True
INFO:tenpy.tools.params:MixedHofstadterLandauGauge_Pi_2: reading 'bc_MPS'='infinite'
INFO:tenpy.tools.params:MixedHofstadterLandauGauge_Pi_2: reading 't'=-1
INFO:tenpy.tools.params:MixedHofstadterLandauGauge_Pi_2: reading 't2'=-0.25
INFO:tenpy.tools.params:MixedHofstadterLandauGauge_Pi_2: reading 'V1'=0.6
INFO:tenpy.tools.params:MixedHofstadterLandauGauge_Pi_2: reading 'phi_ext'=np.float64(1.75)
INFO:tenpy.tools.params:MixedHofstadterLandauGauge_Pi_2: reading 'sort_mpo_legs'=False
/home/t30/kna/ge54yin/Documents/MasterThesisFQHinTMDs/MPS_stuff/MPScalculations/.venv/lib/python3.12/site-packages/tenpy/tools/params.py:232: UserWarning: unused options for config MixedHofstadterLandauGauge_Pi_2:
['Delta', 'N_rings', 'Nsec', 'bc', 'chi_max', 'ktot', 'saveAll']
  warnings.warn(msg.format(keys=sorted(unused), name=self.name))
INFO:tenpy.tools.params:DMRG: reading 'active_sites'=2
INFO:tenpy.tools.params:DMRG: reading 'diag_method'='default'
INFO:tenpy.tools.params:DMRG: subconfig 'trunc_params'=Config(<5 options>, 'trunc_params')
INFO:tenpy.tools.params:DMRG: reading 'max_N_sites_per_ring'=18
INFO:tenpy.tools.params:DMRG: reading 'combine'=False
INFO:tenpy.tools.params:DMRG: subconfig 'lanczos_params'=Config(<9 options>, 'lanczos_params')
INFO:tenpy.tools.params:DMRG: reading 'chi_list'=None
INFO:tenpy.tools.params:DMRG: reading 'start_env'=1
INFO:tenpy.algorithms.mps_common:start environment_sweep
INFO:tenpy.tools.params:DMRG: reading 'N_sweeps_check'=10
INFO:tenpy.tools.params:DMRG: subconfig 'mixer_params'=Config(<3 options>, 'mixer_params')
INFO:tenpy.tools.params:DMRG: reading 'mixer'=None
INFO:tenpy.tools.params:DMRG: reading 'max_sweeps'=100
INFO:tenpy.tools.params:DMRG: reading 'max_hours'=8760
INFO:tenpy.tools.params:DMRG: reading 'P_tol_to_trunc'=0.05
INFO:tenpy.tools.params:DMRG: reading 'P_tol_min'=5.0000000000000004e-30
INFO:tenpy.tools.params:DMRG: reading 'P_tol_max'=0.0001
INFO:tenpy.tools.params:DMRG: reading 'E_tol_to_trunc'=None
INFO:tenpy.algorithms.dmrg:Running sweep with optimization
INFO:tenpy.tools.params:DMRG: reading 'max_N_for_ED'=400
INFO:tenpy.tools.params:DMRG: reading 'update_env'=5
INFO:tenpy.algorithms.mps_common:start environment_sweep
INFO:tenpy.algorithms.dmrg:checkpoint after sweep 10
energy=-0.4144680667054293, max S=0.5952774744847322, age=198, norm_err=1.4e-13
Current memory usage 222.2MB, wall time: 36.2s
Delta E = nan, Delta S = 4.1868e-03 (per sweep)
max trunc_err = 1.6049e-12, max E_trunc = 1.2570e-11
chi: [256, 256, 256, 256, 256, 256]
================================================================================
INFO:tenpy.algorithms.dmrg:Running sweep with optimization
INFO:tenpy.algorithms.mps_common:start environment_sweep
INFO:tenpy.algorithms.dmrg:checkpoint after sweep 20
energy=-0.4144680667057135, max S=0.5952774741661349, age=378, norm_err=1.0e-14
Current memory usage 222.2MB, wall time: 17.3s
Delta E = -2.8422e-14, Delta S = -3.0778e-11 (per sweep)
max trunc_err = 1.2956e-12, max E_trunc = 1.1227e-11
chi: [256, 256, 256, 256, 256, 256]
================================================================================
INFO:tenpy.tools.params:DMRG: reading 'max_E_err'=1e-08
INFO:tenpy.tools.params:DMRG: reading 'max_S_err'=1e-05
INFO:tenpy.tools.params:DMRG: reading 'norm_tol'=1e-05
INFO:tenpy.tools.params:DMRG: reading 'norm_tol_final'=1e-10
INFO:tenpy.tools.params:DMRG: reading 'norm_tol_iter'=5
INFO:tenpy.algorithms.dmrg:TwoSiteDMRGEngine finished after 20 sweeps, max chi=256
INFO:tenpy.tools.params:DMRG: reading 'max_trunc_err'=0.0001
INFO:tenpy.tools.params:MixedHofstadterLandauGauge_Pi_2: reading 'explicit_plus_hc'=False
INFO:tenpy.tools.params:MixedHofstadterLandauGauge_Pi_2: reading 'Lx'=2
INFO:tenpy.tools.params:MixedHofstadterLandauGauge_Pi_2: setting 'N_rings'=2
INFO:tenpy.tools.params:MixedHofstadterLandauGauge_Pi_2: reading 'xy_lattice'='Square'
INFO:tenpy.tools.params:MixedHofstadterLandauGauge_Pi_2: reading 'Ly'=3
INFO:tenpy.tools.params:MixedHofstadterLandauGauge_Pi_2: reading 'ring_order'=None
INFO:tenpy.tools.params:MixedHofstadterLandauGauge_Pi_2: reading 'conserve_k'=True
INFO:tenpy.tools.params:MixedHofstadterLandauGauge_Pi_2: reading 'bc_MPS'='infinite'
INFO:tenpy.tools.params:MixedHofstadterLandauGauge_Pi_2: reading 't'=-1
INFO:tenpy.tools.params:MixedHofstadterLandauGauge_Pi_2: reading 't2'=-0.25
INFO:tenpy.tools.params:MixedHofstadterLandauGauge_Pi_2: reading 'V1'=0.6
INFO:tenpy.tools.params:MixedHofstadterLandauGauge_Pi_2: reading 'phi_ext'=np.float64(1.8)
INFO:tenpy.tools.params:MixedHofstadterLandauGauge_Pi_2: reading 'sort_mpo_legs'=False
/home/t30/kna/ge54yin/Documents/MasterThesisFQHinTMDs/MPS_stuff/MPScalculations/.venv/lib/python3.12/site-packages/tenpy/tools/params.py:232: UserWarning: unused options for config MixedHofstadterLandauGauge_Pi_2:
['Delta', 'N_rings', 'Nsec', 'bc', 'chi_max', 'ktot', 'saveAll']
  warnings.warn(msg.format(keys=sorted(unused), name=self.name))
INFO:tenpy.tools.params:DMRG: reading 'active_sites'=2
INFO:tenpy.tools.params:DMRG: reading 'diag_method'='default'
INFO:tenpy.tools.params:DMRG: subconfig 'trunc_params'=Config(<5 options>, 'trunc_params')
INFO:tenpy.tools.params:DMRG: reading 'max_N_sites_per_ring'=18
INFO:tenpy.tools.params:DMRG: reading 'combine'=False
INFO:tenpy.tools.params:DMRG: subconfig 'lanczos_params'=Config(<9 options>, 'lanczos_params')
INFO:tenpy.tools.params:DMRG: reading 'chi_list'=None
INFO:tenpy.tools.params:DMRG: reading 'start_env'=1
INFO:tenpy.algorithms.mps_common:start environment_sweep
INFO:tenpy.tools.params:DMRG: reading 'N_sweeps_check'=10
INFO:tenpy.tools.params:DMRG: subconfig 'mixer_params'=Config(<3 options>, 'mixer_params')
INFO:tenpy.tools.params:DMRG: reading 'mixer'=None
INFO:tenpy.tools.params:DMRG: reading 'max_sweeps'=100
INFO:tenpy.tools.params:DMRG: reading 'max_hours'=8760
INFO:tenpy.tools.params:DMRG: reading 'P_tol_to_trunc'=0.05
INFO:tenpy.tools.params:DMRG: reading 'P_tol_min'=5.0000000000000004e-30
INFO:tenpy.tools.params:DMRG: reading 'P_tol_max'=0.0001
INFO:tenpy.tools.params:DMRG: reading 'E_tol_to_trunc'=None
INFO:tenpy.algorithms.dmrg:Running sweep with optimization
INFO:tenpy.tools.params:DMRG: reading 'max_N_for_ED'=400
INFO:tenpy.tools.params:DMRG: reading 'update_env'=5
INFO:tenpy.algorithms.mps_common:start environment_sweep
INFO:tenpy.algorithms.dmrg:checkpoint after sweep 10
energy=-0.4139742648817742, max S=0.6781930408939993, age=198, norm_err=1.2e-12
Current memory usage 222.2MB, wall time: 39.7s
Delta E = nan, Delta S = 5.3786e-03 (per sweep)
max trunc_err = 3.3406e-12, max E_trunc = 2.6567e-11
chi: [256, 256, 256, 256, 256, 256]
================================================================================
INFO:tenpy.algorithms.dmrg:Running sweep with optimization
INFO:tenpy.algorithms.mps_common:start environment_sweep
INFO:tenpy.algorithms.dmrg:checkpoint after sweep 20
energy=-0.4139742648823296, max S=0.6781930264504297, age=378, norm_err=5.1e-14
Current memory usage 222.2MB, wall time: 17.3s
Delta E = -5.5544e-14, Delta S = -1.4713e-09 (per sweep)
max trunc_err = 2.7269e-12, max E_trunc = 2.3093e-11
chi: [256, 256, 256, 256, 256, 256]
================================================================================
INFO:tenpy.tools.params:DMRG: reading 'max_E_err'=1e-08
INFO:tenpy.tools.params:DMRG: reading 'max_S_err'=1e-05
INFO:tenpy.tools.params:DMRG: reading 'norm_tol'=1e-05
INFO:tenpy.tools.params:DMRG: reading 'norm_tol_final'=1e-10
INFO:tenpy.tools.params:DMRG: reading 'norm_tol_iter'=5
INFO:tenpy.algorithms.dmrg:TwoSiteDMRGEngine finished after 20 sweeps, max chi=256
INFO:tenpy.tools.params:DMRG: reading 'max_trunc_err'=0.0001
INFO:tenpy.tools.params:MixedHofstadterLandauGauge_Pi_2: reading 'explicit_plus_hc'=False
INFO:tenpy.tools.params:MixedHofstadterLandauGauge_Pi_2: reading 'Lx'=2
INFO:tenpy.tools.params:MixedHofstadterLandauGauge_Pi_2: setting 'N_rings'=2
INFO:tenpy.tools.params:MixedHofstadterLandauGauge_Pi_2: reading 'xy_lattice'='Square'
INFO:tenpy.tools.params:MixedHofstadterLandauGauge_Pi_2: reading 'Ly'=3
INFO:tenpy.tools.params:MixedHofstadterLandauGauge_Pi_2: reading 'ring_order'=None
INFO:tenpy.tools.params:MixedHofstadterLandauGauge_Pi_2: reading 'conserve_k'=True
INFO:tenpy.tools.params:MixedHofstadterLandauGauge_Pi_2: reading 'bc_MPS'='infinite'
INFO:tenpy.tools.params:MixedHofstadterLandauGauge_Pi_2: reading 't'=-1
INFO:tenpy.tools.params:MixedHofstadterLandauGauge_Pi_2: reading 't2'=-0.25
INFO:tenpy.tools.params:MixedHofstadterLandauGauge_Pi_2: reading 'V1'=0.6
INFO:tenpy.tools.params:MixedHofstadterLandauGauge_Pi_2: reading 'phi_ext'=np.float64(1.85)
INFO:tenpy.tools.params:MixedHofstadterLandauGauge_Pi_2: reading 'sort_mpo_legs'=False
/home/t30/kna/ge54yin/Documents/MasterThesisFQHinTMDs/MPS_stuff/MPScalculations/.venv/lib/python3.12/site-packages/tenpy/tools/params.py:232: UserWarning: unused options for config MixedHofstadterLandauGauge_Pi_2:
['Delta', 'N_rings', 'Nsec', 'bc', 'chi_max', 'ktot', 'saveAll']
  warnings.warn(msg.format(keys=sorted(unused), name=self.name))
INFO:tenpy.tools.params:DMRG: reading 'active_sites'=2
INFO:tenpy.tools.params:DMRG: reading 'diag_method'='default'
INFO:tenpy.tools.params:DMRG: subconfig 'trunc_params'=Config(<5 options>, 'trunc_params')
INFO:tenpy.tools.params:DMRG: reading 'max_N_sites_per_ring'=18
INFO:tenpy.tools.params:DMRG: reading 'combine'=False
INFO:tenpy.tools.params:DMRG: subconfig 'lanczos_params'=Config(<9 options>, 'lanczos_params')
INFO:tenpy.tools.params:DMRG: reading 'chi_list'=None
INFO:tenpy.tools.params:DMRG: reading 'start_env'=1
INFO:tenpy.algorithms.mps_common:start environment_sweep
INFO:tenpy.tools.params:DMRG: reading 'N_sweeps_check'=10
INFO:tenpy.tools.params:DMRG: subconfig 'mixer_params'=Config(<3 options>, 'mixer_params')
INFO:tenpy.tools.params:DMRG: reading 'mixer'=None
INFO:tenpy.tools.params:DMRG: reading 'max_sweeps'=100
INFO:tenpy.tools.params:DMRG: reading 'max_hours'=8760
INFO:tenpy.tools.params:DMRG: reading 'P_tol_to_trunc'=0.05
INFO:tenpy.tools.params:DMRG: reading 'P_tol_min'=5.0000000000000004e-30
INFO:tenpy.tools.params:DMRG: reading 'P_tol_max'=0.0001
INFO:tenpy.tools.params:DMRG: reading 'E_tol_to_trunc'=None
INFO:tenpy.algorithms.dmrg:Running sweep with optimization
INFO:tenpy.tools.params:DMRG: reading 'max_N_for_ED'=400
INFO:tenpy.tools.params:DMRG: reading 'update_env'=5
INFO:tenpy.algorithms.mps_common:start environment_sweep
INFO:tenpy.algorithms.dmrg:checkpoint after sweep 10
energy=-0.4135248922992266, max S=0.7696919120386838, age=198, norm_err=3.7e-12
Current memory usage 222.2MB, wall time: 44.0s
Delta E = nan, Delta S = 6.4834e-03 (per sweep)
max trunc_err = 8.7943e-12, max E_trunc = 6.8482e-11
chi: [256, 256, 256, 256, 256, 256]
================================================================================
INFO:tenpy.algorithms.dmrg:Running sweep with optimization
INFO:tenpy.algorithms.mps_common:start environment_sweep
INFO:tenpy.algorithms.dmrg:checkpoint after sweep 20
energy=-0.4135248923010977, max S=0.7696919122293757, age=378, norm_err=1.1e-13
Current memory usage 222.2MB, wall time: 17.5s
Delta E = -1.8711e-13, Delta S = 2.4479e-11 (per sweep)
max trunc_err = 6.9519e-12, max E_trunc = 5.8293e-11
chi: [256, 256, 256, 256, 256, 256]
================================================================================
INFO:tenpy.tools.params:DMRG: reading 'max_E_err'=1e-08
INFO:tenpy.tools.params:DMRG: reading 'max_S_err'=1e-05
INFO:tenpy.tools.params:DMRG: reading 'norm_tol'=1e-05
INFO:tenpy.tools.params:DMRG: reading 'norm_tol_final'=1e-10
INFO:tenpy.tools.params:DMRG: reading 'norm_tol_iter'=5
INFO:tenpy.algorithms.dmrg:TwoSiteDMRGEngine finished after 20 sweeps, max chi=256
INFO:tenpy.tools.params:DMRG: reading 'max_trunc_err'=0.0001
INFO:tenpy.tools.params:MixedHofstadterLandauGauge_Pi_2: reading 'explicit_plus_hc'=False
INFO:tenpy.tools.params:MixedHofstadterLandauGauge_Pi_2: reading 'Lx'=2
INFO:tenpy.tools.params:MixedHofstadterLandauGauge_Pi_2: setting 'N_rings'=2
INFO:tenpy.tools.params:MixedHofstadterLandauGauge_Pi_2: reading 'xy_lattice'='Square'
INFO:tenpy.tools.params:MixedHofstadterLandauGauge_Pi_2: reading 'Ly'=3
INFO:tenpy.tools.params:MixedHofstadterLandauGauge_Pi_2: reading 'ring_order'=None
INFO:tenpy.tools.params:MixedHofstadterLandauGauge_Pi_2: reading 'conserve_k'=True
INFO:tenpy.tools.params:MixedHofstadterLandauGauge_Pi_2: reading 'bc_MPS'='infinite'
INFO:tenpy.tools.params:MixedHofstadterLandauGauge_Pi_2: reading 't'=-1
INFO:tenpy.tools.params:MixedHofstadterLandauGauge_Pi_2: reading 't2'=-0.25
INFO:tenpy.tools.params:MixedHofstadterLandauGauge_Pi_2: reading 'V1'=0.6
INFO:tenpy.tools.params:MixedHofstadterLandauGauge_Pi_2: reading 'phi_ext'=np.float64(1.9000000000000001)
INFO:tenpy.tools.params:MixedHofstadterLandauGauge_Pi_2: reading 'sort_mpo_legs'=False
/home/t30/kna/ge54yin/Documents/MasterThesisFQHinTMDs/MPS_stuff/MPScalculations/.venv/lib/python3.12/site-packages/tenpy/tools/params.py:232: UserWarning: unused options for config MixedHofstadterLandauGauge_Pi_2:
['Delta', 'N_rings', 'Nsec', 'bc', 'chi_max', 'ktot', 'saveAll']
  warnings.warn(msg.format(keys=sorted(unused), name=self.name))
INFO:tenpy.tools.params:DMRG: reading 'active_sites'=2
INFO:tenpy.tools.params:DMRG: reading 'diag_method'='default'
INFO:tenpy.tools.params:DMRG: subconfig 'trunc_params'=Config(<5 options>, 'trunc_params')
INFO:tenpy.tools.params:DMRG: reading 'max_N_sites_per_ring'=18
INFO:tenpy.tools.params:DMRG: reading 'combine'=False
INFO:tenpy.tools.params:DMRG: subconfig 'lanczos_params'=Config(<9 options>, 'lanczos_params')
INFO:tenpy.tools.params:DMRG: reading 'chi_list'=None
INFO:tenpy.tools.params:DMRG: reading 'start_env'=1
INFO:tenpy.algorithms.mps_common:start environment_sweep
INFO:tenpy.tools.params:DMRG: reading 'N_sweeps_check'=10
INFO:tenpy.tools.params:DMRG: subconfig 'mixer_params'=Config(<3 options>, 'mixer_params')
INFO:tenpy.tools.params:DMRG: reading 'mixer'=None
INFO:tenpy.tools.params:DMRG: reading 'max_sweeps'=100
INFO:tenpy.tools.params:DMRG: reading 'max_hours'=8760
INFO:tenpy.tools.params:DMRG: reading 'P_tol_to_trunc'=0.05
INFO:tenpy.tools.params:DMRG: reading 'P_tol_min'=5.0000000000000004e-30
INFO:tenpy.tools.params:DMRG: reading 'P_tol_max'=0.0001
INFO:tenpy.tools.params:DMRG: reading 'E_tol_to_trunc'=None
INFO:tenpy.algorithms.dmrg:Running sweep with optimization
INFO:tenpy.tools.params:DMRG: reading 'max_N_for_ED'=400
INFO:tenpy.tools.params:DMRG: reading 'update_env'=5
INFO:tenpy.algorithms.mps_common:start environment_sweep
INFO:tenpy.algorithms.dmrg:checkpoint after sweep 10
energy=-0.4131478670293672, max S=0.8642599721832486, age=198, norm_err=2.6e-11
Current memory usage 222.2MB, wall time: 46.1s
Delta E = nan, Delta S = 7.1203e-03 (per sweep)
max trunc_err = 2.4801e-11, max E_trunc = 1.9384e-10
chi: [256, 256, 256, 256, 256, 256]
================================================================================
INFO:tenpy.algorithms.dmrg:Running sweep with optimization
INFO:tenpy.algorithms.mps_common:start environment_sweep
INFO:tenpy.algorithms.dmrg:checkpoint after sweep 20
energy=-0.4131478670358770, max S=0.8642599646416276, age=378, norm_err=1.3e-12
Current memory usage 222.2MB, wall time: 17.3s
Delta E = -6.5098e-13, Delta S = -7.8091e-10 (per sweep)
max trunc_err = 1.9774e-11, max E_trunc = 1.6449e-10
chi: [256, 256, 256, 256, 256, 256]
================================================================================
INFO:tenpy.tools.params:DMRG: reading 'max_E_err'=1e-08
INFO:tenpy.tools.params:DMRG: reading 'max_S_err'=1e-05
INFO:tenpy.tools.params:DMRG: reading 'norm_tol'=1e-05
INFO:tenpy.tools.params:DMRG: reading 'norm_tol_final'=1e-10
INFO:tenpy.tools.params:DMRG: reading 'norm_tol_iter'=5
INFO:tenpy.algorithms.dmrg:TwoSiteDMRGEngine finished after 20 sweeps, max chi=256
INFO:tenpy.tools.params:DMRG: reading 'max_trunc_err'=0.0001
INFO:tenpy.tools.params:MixedHofstadterLandauGauge_Pi_2: reading 'explicit_plus_hc'=False
INFO:tenpy.tools.params:MixedHofstadterLandauGauge_Pi_2: reading 'Lx'=2
INFO:tenpy.tools.params:MixedHofstadterLandauGauge_Pi_2: setting 'N_rings'=2
INFO:tenpy.tools.params:MixedHofstadterLandauGauge_Pi_2: reading 'xy_lattice'='Square'
INFO:tenpy.tools.params:MixedHofstadterLandauGauge_Pi_2: reading 'Ly'=3
INFO:tenpy.tools.params:MixedHofstadterLandauGauge_Pi_2: reading 'ring_order'=None
INFO:tenpy.tools.params:MixedHofstadterLandauGauge_Pi_2: reading 'conserve_k'=True
INFO:tenpy.tools.params:MixedHofstadterLandauGauge_Pi_2: reading 'bc_MPS'='infinite'
INFO:tenpy.tools.params:MixedHofstadterLandauGauge_Pi_2: reading 't'=-1
INFO:tenpy.tools.params:MixedHofstadterLandauGauge_Pi_2: reading 't2'=-0.25
INFO:tenpy.tools.params:MixedHofstadterLandauGauge_Pi_2: reading 'V1'=0.6
INFO:tenpy.tools.params:MixedHofstadterLandauGauge_Pi_2: reading 'phi_ext'=np.float64(1.9500000000000002)
INFO:tenpy.tools.params:MixedHofstadterLandauGauge_Pi_2: reading 'sort_mpo_legs'=False
/home/t30/kna/ge54yin/Documents/MasterThesisFQHinTMDs/MPS_stuff/MPScalculations/.venv/lib/python3.12/site-packages/tenpy/tools/params.py:232: UserWarning: unused options for config MixedHofstadterLandauGauge_Pi_2:
['Delta', 'N_rings', 'Nsec', 'bc', 'chi_max', 'ktot', 'saveAll']
  warnings.warn(msg.format(keys=sorted(unused), name=self.name))
INFO:tenpy.tools.params:DMRG: reading 'active_sites'=2
INFO:tenpy.tools.params:DMRG: reading 'diag_method'='default'
INFO:tenpy.tools.params:DMRG: subconfig 'trunc_params'=Config(<5 options>, 'trunc_params')
INFO:tenpy.tools.params:DMRG: reading 'max_N_sites_per_ring'=18
INFO:tenpy.tools.params:DMRG: reading 'combine'=False
INFO:tenpy.tools.params:DMRG: subconfig 'lanczos_params'=Config(<9 options>, 'lanczos_params')
INFO:tenpy.tools.params:DMRG: reading 'chi_list'=None
INFO:tenpy.tools.params:DMRG: reading 'start_env'=1
INFO:tenpy.algorithms.mps_common:start environment_sweep
INFO:tenpy.tools.params:DMRG: reading 'N_sweeps_check'=10
INFO:tenpy.tools.params:DMRG: subconfig 'mixer_params'=Config(<3 options>, 'mixer_params')
INFO:tenpy.tools.params:DMRG: reading 'mixer'=None
INFO:tenpy.tools.params:DMRG: reading 'max_sweeps'=100
INFO:tenpy.tools.params:DMRG: reading 'max_hours'=8760
INFO:tenpy.tools.params:DMRG: reading 'P_tol_to_trunc'=0.05
INFO:tenpy.tools.params:DMRG: reading 'P_tol_min'=5.0000000000000004e-30
INFO:tenpy.tools.params:DMRG: reading 'P_tol_max'=0.0001
INFO:tenpy.tools.params:DMRG: reading 'E_tol_to_trunc'=None
INFO:tenpy.algorithms.dmrg:Running sweep with optimization
INFO:tenpy.tools.params:DMRG: reading 'max_N_for_ED'=400
INFO:tenpy.tools.params:DMRG: reading 'update_env'=5
INFO:tenpy.algorithms.mps_common:start environment_sweep
INFO:tenpy.algorithms.dmrg:checkpoint after sweep 10
energy=-0.4128404046100845, max S=0.9519332668566900, age=198, norm_err=1.7e-10
Current memory usage 222.2MB, wall time: 47.2s
Delta E = nan, Delta S = 6.7766e-03 (per sweep)
max trunc_err = 6.9547e-11, max E_trunc = 5.3219e-10
chi: [256, 256, 256, 256, 256, 256]
================================================================================
INFO:tenpy.algorithms.dmrg:Running sweep with optimization
INFO:tenpy.algorithms.mps_common:start environment_sweep
INFO:tenpy.algorithms.dmrg:checkpoint after sweep 20
energy=-0.4128404046302758, max S=0.9519332560018403, age=378, norm_err=7.5e-12
Current memory usage 222.2MB, wall time: 17.3s
Delta E = -2.0191e-12, Delta S = -1.0845e-09 (per sweep)
max trunc_err = 5.5220e-11, max E_trunc = 4.4898e-10
chi: [256, 256, 256, 256, 256, 256]
================================================================================
INFO:tenpy.tools.params:DMRG: reading 'max_E_err'=1e-08
INFO:tenpy.tools.params:DMRG: reading 'max_S_err'=1e-05
INFO:tenpy.tools.params:DMRG: reading 'norm_tol'=1e-05
INFO:tenpy.tools.params:DMRG: reading 'norm_tol_final'=1e-10
INFO:tenpy.tools.params:DMRG: reading 'norm_tol_iter'=5
INFO:tenpy.algorithms.dmrg:TwoSiteDMRGEngine finished after 20 sweeps, max chi=256
INFO:tenpy.tools.params:DMRG: reading 'max_trunc_err'=0.0001
INFO:tenpy.tools.params:MixedHofstadterLandauGauge_Pi_2: reading 'explicit_plus_hc'=False
INFO:tenpy.tools.params:MixedHofstadterLandauGauge_Pi_2: reading 'Lx'=2
INFO:tenpy.tools.params:MixedHofstadterLandauGauge_Pi_2: setting 'N_rings'=2
INFO:tenpy.tools.params:MixedHofstadterLandauGauge_Pi_2: reading 'xy_lattice'='Square'
INFO:tenpy.tools.params:MixedHofstadterLandauGauge_Pi_2: reading 'Ly'=3
INFO:tenpy.tools.params:MixedHofstadterLandauGauge_Pi_2: reading 'ring_order'=None
INFO:tenpy.tools.params:MixedHofstadterLandauGauge_Pi_2: reading 'conserve_k'=True
INFO:tenpy.tools.params:MixedHofstadterLandauGauge_Pi_2: reading 'bc_MPS'='infinite'
INFO:tenpy.tools.params:MixedHofstadterLandauGauge_Pi_2: reading 't'=-1
INFO:tenpy.tools.params:MixedHofstadterLandauGauge_Pi_2: reading 't2'=-0.25
INFO:tenpy.tools.params:MixedHofstadterLandauGauge_Pi_2: reading 'V1'=0.6
INFO:tenpy.tools.params:MixedHofstadterLandauGauge_Pi_2: reading 'phi_ext'=np.float64(2.0)
INFO:tenpy.tools.params:MixedHofstadterLandauGauge_Pi_2: reading 'sort_mpo_legs'=False
/home/t30/kna/ge54yin/Documents/MasterThesisFQHinTMDs/MPS_stuff/MPScalculations/.venv/lib/python3.12/site-packages/tenpy/tools/params.py:232: UserWarning: unused options for config MixedHofstadterLandauGauge_Pi_2:
['Delta', 'N_rings', 'Nsec', 'bc', 'chi_max', 'ktot', 'saveAll']
  warnings.warn(msg.format(keys=sorted(unused), name=self.name))
INFO:tenpy.tools.params:DMRG: reading 'active_sites'=2
INFO:tenpy.tools.params:DMRG: reading 'diag_method'='default'
INFO:tenpy.tools.params:DMRG: subconfig 'trunc_params'=Config(<5 options>, 'trunc_params')
INFO:tenpy.tools.params:DMRG: reading 'max_N_sites_per_ring'=18
INFO:tenpy.tools.params:DMRG: reading 'combine'=False
INFO:tenpy.tools.params:DMRG: subconfig 'lanczos_params'=Config(<9 options>, 'lanczos_params')
INFO:tenpy.tools.params:DMRG: reading 'chi_list'=None
INFO:tenpy.tools.params:DMRG: reading 'start_env'=1
INFO:tenpy.algorithms.mps_common:start environment_sweep
INFO:tenpy.tools.params:DMRG: reading 'N_sweeps_check'=10
INFO:tenpy.tools.params:DMRG: subconfig 'mixer_params'=Config(<3 options>, 'mixer_params')
INFO:tenpy.tools.params:DMRG: reading 'mixer'=None
INFO:tenpy.tools.params:DMRG: reading 'max_sweeps'=100
INFO:tenpy.tools.params:DMRG: reading 'max_hours'=8760
INFO:tenpy.tools.params:DMRG: reading 'P_tol_to_trunc'=0.05
INFO:tenpy.tools.params:DMRG: reading 'P_tol_min'=5.0000000000000004e-30
INFO:tenpy.tools.params:DMRG: reading 'P_tol_max'=0.0001
INFO:tenpy.tools.params:DMRG: reading 'E_tol_to_trunc'=None
INFO:tenpy.algorithms.dmrg:Running sweep with optimization
INFO:tenpy.tools.params:DMRG: reading 'max_N_for_ED'=400
INFO:tenpy.tools.params:DMRG: reading 'update_env'=5
INFO:tenpy.algorithms.mps_common:start environment_sweep
INFO:tenpy.algorithms.dmrg:checkpoint after sweep 10
energy=-0.4125742544433765, max S=1.0214331815103677, age=198, norm_err=2.4e-09
Current memory usage 222.2MB, wall time: 48.4s
Delta E = nan, Delta S = 5.2123e-03 (per sweep)
max trunc_err = 1.5743e-10, max E_trunc = 1.1456e-09
chi: [256, 256, 256, 256, 256, 256]
================================================================================
INFO:tenpy.algorithms.dmrg:Running sweep with optimization
INFO:tenpy.algorithms.mps_common:start environment_sweep
INFO:tenpy.algorithms.dmrg:checkpoint after sweep 20
energy=-0.4125742544848805, max S=1.0214331869286686, age=378, norm_err=6.4e-11
Current memory usage 222.2MB, wall time: 17.3s
Delta E = -4.1504e-12, Delta S = 1.1017e-09 (per sweep)
max trunc_err = 1.2582e-10, max E_trunc = 9.8127e-10
chi: [256, 256, 256, 256, 256, 256]
================================================================================
INFO:tenpy.tools.params:DMRG: reading 'max_E_err'=1e-08
INFO:tenpy.tools.params:DMRG: reading 'max_S_err'=1e-05
INFO:tenpy.tools.params:DMRG: reading 'norm_tol'=1e-05
INFO:tenpy.tools.params:DMRG: reading 'norm_tol_final'=1e-10
INFO:tenpy.tools.params:DMRG: reading 'norm_tol_iter'=5
INFO:tenpy.algorithms.dmrg:TwoSiteDMRGEngine finished after 20 sweeps, max chi=256
INFO:tenpy.tools.params:DMRG: reading 'max_trunc_err'=0.0001
INFO:tenpy.tools.params:MixedHofstadterLandauGauge_Pi_2: reading 'explicit_plus_hc'=False
INFO:tenpy.tools.params:MixedHofstadterLandauGauge_Pi_2: reading 'Lx'=2
INFO:tenpy.tools.params:MixedHofstadterLandauGauge_Pi_2: setting 'N_rings'=2
INFO:tenpy.tools.params:MixedHofstadterLandauGauge_Pi_2: reading 'xy_lattice'='Square'
INFO:tenpy.tools.params:MixedHofstadterLandauGauge_Pi_2: reading 'Ly'=3
INFO:tenpy.tools.params:MixedHofstadterLandauGauge_Pi_2: reading 'ring_order'=None
INFO:tenpy.tools.params:MixedHofstadterLandauGauge_Pi_2: reading 'conserve_k'=True
INFO:tenpy.tools.params:MixedHofstadterLandauGauge_Pi_2: reading 'bc_MPS'='infinite'
INFO:tenpy.tools.params:MixedHofstadterLandauGauge_Pi_2: reading 't'=-1
INFO:tenpy.tools.params:MixedHofstadterLandauGauge_Pi_2: reading 't2'=-0.25
INFO:tenpy.tools.params:MixedHofstadterLandauGauge_Pi_2: reading 'V1'=0.6
INFO:tenpy.tools.params:MixedHofstadterLandauGauge_Pi_2: reading 'phi_ext'=np.float64(2.0500000000000003)
INFO:tenpy.tools.params:MixedHofstadterLandauGauge_Pi_2: reading 'sort_mpo_legs'=False
/home/t30/kna/ge54yin/Documents/MasterThesisFQHinTMDs/MPS_stuff/MPScalculations/.venv/lib/python3.12/site-packages/tenpy/tools/params.py:232: UserWarning: unused options for config MixedHofstadterLandauGauge_Pi_2:
['Delta', 'N_rings', 'Nsec', 'bc', 'chi_max', 'ktot', 'saveAll']
  warnings.warn(msg.format(keys=sorted(unused), name=self.name))
INFO:tenpy.tools.params:DMRG: reading 'active_sites'=2
INFO:tenpy.tools.params:DMRG: reading 'diag_method'='default'
INFO:tenpy.tools.params:DMRG: subconfig 'trunc_params'=Config(<5 options>, 'trunc_params')
INFO:tenpy.tools.params:DMRG: reading 'max_N_sites_per_ring'=18
INFO:tenpy.tools.params:DMRG: reading 'combine'=False
INFO:tenpy.tools.params:DMRG: subconfig 'lanczos_params'=Config(<9 options>, 'lanczos_params')
INFO:tenpy.tools.params:DMRG: reading 'chi_list'=None
INFO:tenpy.tools.params:DMRG: reading 'start_env'=1
INFO:tenpy.algorithms.mps_common:start environment_sweep
INFO:tenpy.tools.params:DMRG: reading 'N_sweeps_check'=10
INFO:tenpy.tools.params:DMRG: subconfig 'mixer_params'=Config(<3 options>, 'mixer_params')
INFO:tenpy.tools.params:DMRG: reading 'mixer'=None
INFO:tenpy.tools.params:DMRG: reading 'max_sweeps'=100
INFO:tenpy.tools.params:DMRG: reading 'max_hours'=8760
INFO:tenpy.tools.params:DMRG: reading 'P_tol_to_trunc'=0.05
INFO:tenpy.tools.params:DMRG: reading 'P_tol_min'=5.0000000000000004e-30
INFO:tenpy.tools.params:DMRG: reading 'P_tol_max'=0.0001
INFO:tenpy.tools.params:DMRG: reading 'E_tol_to_trunc'=None
INFO:tenpy.algorithms.dmrg:Running sweep with optimization
INFO:tenpy.tools.params:DMRG: reading 'max_N_for_ED'=400
INFO:tenpy.tools.params:DMRG: reading 'update_env'=5
INFO:tenpy.algorithms.mps_common:start environment_sweep
INFO:tenpy.algorithms.dmrg:checkpoint after sweep 10
energy=-0.4123203973877689, max S=1.0669070941555709, age=198, norm_err=1.5e-06
Current memory usage 222.2MB, wall time: 68.5s
Delta E = nan, Delta S = 2.9295e-03 (per sweep)
max trunc_err = 4.6360e-10, max E_trunc = 3.3816e-09
chi: [256, 256, 256, 256, 256, 256]
================================================================================
INFO:tenpy.algorithms.dmrg:Running sweep with optimization
INFO:tenpy.algorithms.mps_common:start environment_sweep
INFO:tenpy.algorithms.dmrg:checkpoint after sweep 20
energy=-0.4128399321184493, max S=2.0320177065348597, age=378, norm_err=1.4e-01
Current memory usage 222.2MB, wall time: 53.7s
Delta E = -5.1953e-05, Delta S = 1.0063e-01 (per sweep)
max trunc_err = 8.1387e-08, max E_trunc = 4.6358e-08
chi: [256, 256, 256, 254, 256, 256]
================================================================================
INFO:tenpy.tools.params:DMRG: reading 'max_E_err'=1e-08
INFO:tenpy.tools.params:DMRG: reading 'max_S_err'=1e-05
INFO:tenpy.algorithms.dmrg:Running sweep with optimization
INFO:tenpy.algorithms.mps_common:start environment_sweep
INFO:tenpy.algorithms.dmrg:checkpoint after sweep 30
energy=-0.4128439012670929, max S=1.8351835856258405, age=558, norm_err=6.6e-01
Current memory usage 222.2MB, wall time: 74.1s
Delta E = -3.9691e-07, Delta S = -1.3415e-02 (per sweep)
max trunc_err = 1.3867e-08, max E_trunc = 4.7387e-08
chi: [256, 256, 256, 256, 256, 256]
================================================================================
INFO:tenpy.algorithms.dmrg:Running sweep with optimization
INFO:tenpy.algorithms.mps_common:start environment_sweep
INFO:tenpy.algorithms.dmrg:checkpoint after sweep 40
energy=-0.4128452840505853, max S=1.5292627630414595, age=738, norm_err=1.1e+00
Current memory usage 222.2MB, wall time: 87.5s
Delta E = -1.3828e-07, Delta S = -3.4518e-02 (per sweep)
max trunc_err = 7.0759e-09, max E_trunc = 3.0793e-08
chi: [256, 256, 256, 256, 256, 256]
================================================================================
INFO:tenpy.algorithms.dmrg:Running sweep with optimization
INFO:tenpy.algorithms.mps_common:start environment_sweep
INFO:tenpy.algorithms.dmrg:checkpoint after sweep 50
energy=-0.4128411820767847, max S=1.5449531167666031, age=918, norm_err=1.2e+00
Current memory usage 222.2MB, wall time: 87.6s
Delta E = 4.1020e-07, Delta S = 6.1434e-04 (per sweep)
max trunc_err = 3.3283e-09, max E_trunc = 1.7827e-08
chi: [256, 256, 256, 256, 256, 256]
================================================================================
INFO:tenpy.algorithms.dmrg:Running sweep with optimization
INFO:tenpy.algorithms.mps_common:start environment_sweep
INFO:tenpy.algorithms.dmrg:checkpoint after sweep 60
energy=0.0165368888932041, max S=1.2080825922740011, age=1098, norm_err=2.6e-03
Current memory usage 222.2MB, wall time: 88.1s
Delta E = 4.2938e-02, Delta S = -2.6015e-02 (per sweep)
max trunc_err = 1.4463e-07, max E_trunc = -1.9838e-08
chi: [256, 256, 256, 256, 256, 256]
================================================================================
INFO:tenpy.algorithms.dmrg:Running sweep with optimization
INFO:tenpy.algorithms.mps_common:start environment_sweep
INFO:tenpy.algorithms.dmrg:checkpoint after sweep 70
energy=-0.3241679172289906, max S=1.4633992717522522, age=1278, norm_err=1.6e-02
Current memory usage 222.2MB, wall time: 89.4s
Delta E = -3.4070e-02, Delta S = 1.8486e-02 (per sweep)
max trunc_err = 4.3655e-08, max E_trunc = -2.4511e-08
chi: [256, 256, 256, 256, 256, 256]
================================================================================
INFO:tenpy.algorithms.dmrg:Running sweep with optimization
INFO:tenpy.algorithms.mps_common:start environment_sweep
INFO:tenpy.algorithms.dmrg:checkpoint after sweep 80
energy=-0.4123010479320044, max S=1.0715724411725693, age=1458, norm_err=1.2e-02
Current memory usage 222.2MB, wall time: 90.5s
Delta E = -8.8133e-03, Delta S = -4.5315e-02 (per sweep)
max trunc_err = 4.8844e-09, max E_trunc = -4.0817e-09
chi: [256, 256, 256, 256, 256, 256]
================================================================================
INFO:tenpy.algorithms.dmrg:Running sweep with optimization
INFO:tenpy.algorithms.mps_common:start environment_sweep
INFO:tenpy.algorithms.dmrg:checkpoint after sweep 90
energy=-0.4123203968089323, max S=1.0679524287010058, age=1638, norm_err=2.9e-04
Current memory usage 222.2MB, wall time: 60.2s
Delta E = -1.9349e-06, Delta S = -3.6169e-04 (per sweep)
max trunc_err = 5.9311e-10, max E_trunc = 4.0717e-09
chi: [256, 256, 256, 256, 256, 256]
================================================================================
INFO:tenpy.algorithms.dmrg:Running sweep with optimization
INFO:tenpy.algorithms.mps_common:start environment_sweep
INFO:tenpy.algorithms.dmrg:checkpoint after sweep 100
energy=-0.4123019721890652, max S=1.0475658546811166, age=1818, norm_err=9.2e-03
Current memory usage 222.2MB, wall time: 89.0s
Delta E = 1.8425e-06, Delta S = -2.5138e-03 (per sweep)
max trunc_err = 5.5988e-09, max E_trunc = -5.9581e-09
chi: [256, 255, 256, 256, 256, 256]
================================================================================
INFO:tenpy.algorithms.dmrg:Running sweep with optimization
INFO:tenpy.algorithms.mps_common:start environment_sweep
INFO:tenpy.algorithms.dmrg:checkpoint after sweep 110
energy=-0.4123144549463404, max S=1.0848016631985276, age=1998, norm_err=2.2e-02
Current memory usage 222.2MB, wall time: 87.8s
Delta E = -1.2483e-06, Delta S = 3.9729e-03 (per sweep)
max trunc_err = 7.2746e-09, max E_trunc = -3.0442e-09
chi: [256, 256, 256, 256, 256, 256]
================================================================================
INFO:tenpy.algorithms.mps_common:TwoSiteDMRGEngine: Maximum number of sweeps reached
INFO:tenpy.tools.params:DMRG: reading 'norm_tol'=1e-05
INFO:tenpy.tools.params:DMRG: reading 'norm_tol_final'=1e-10
INFO:tenpy.tools.params:DMRG: reading 'norm_tol_iter'=5
WARNING:tenpy.algorithms.dmrg:final DMRG state not in canonical form up to norm_tol=1.00e-05: norm_err=2.18e-02
INFO:tenpy.algorithms.mps_common:start environment_sweep
INFO:tenpy.algorithms.mps_common:start environment_sweep
WARNING:tenpy.algorithms.dmrg:final DMRG state not in canonical form up to norm_tol_final=1.00e-10: norm_err=1.86e-06, calling psi.canonical_form()
INFO:tenpy.algorithms.dmrg:TwoSiteDMRGEngine finished after 110 sweeps, max chi=256
INFO:tenpy.tools.params:DMRG: reading 'max_trunc_err'=0.0001
INFO:tenpy.tools.params:MixedHofstadterLandauGauge_Pi_2: reading 'explicit_plus_hc'=False
INFO:tenpy.tools.params:MixedHofstadterLandauGauge_Pi_2: reading 'Lx'=2
INFO:tenpy.tools.params:MixedHofstadterLandauGauge_Pi_2: setting 'N_rings'=2
INFO:tenpy.tools.params:MixedHofstadterLandauGauge_Pi_2: reading 'xy_lattice'='Square'
INFO:tenpy.tools.params:MixedHofstadterLandauGauge_Pi_2: reading 'Ly'=3
INFO:tenpy.tools.params:MixedHofstadterLandauGauge_Pi_2: reading 'ring_order'=None
INFO:tenpy.tools.params:MixedHofstadterLandauGauge_Pi_2: reading 'conserve_k'=True
INFO:tenpy.tools.params:MixedHofstadterLandauGauge_Pi_2: reading 'bc_MPS'='infinite'
INFO:tenpy.tools.params:MixedHofstadterLandauGauge_Pi_2: reading 't'=-1
INFO:tenpy.tools.params:MixedHofstadterLandauGauge_Pi_2: reading 't2'=-0.25
INFO:tenpy.tools.params:MixedHofstadterLandauGauge_Pi_2: reading 'V1'=0.6
INFO:tenpy.tools.params:MixedHofstadterLandauGauge_Pi_2: reading 'phi_ext'=np.float64(2.1)
INFO:tenpy.tools.params:MixedHofstadterLandauGauge_Pi_2: reading 'sort_mpo_legs'=False
/home/t30/kna/ge54yin/Documents/MasterThesisFQHinTMDs/MPS_stuff/MPScalculations/.venv/lib/python3.12/site-packages/tenpy/tools/params.py:232: UserWarning: unused options for config MixedHofstadterLandauGauge_Pi_2:
['Delta', 'N_rings', 'Nsec', 'bc', 'chi_max', 'ktot', 'saveAll']
  warnings.warn(msg.format(keys=sorted(unused), name=self.name))
INFO:tenpy.tools.params:DMRG: reading 'active_sites'=2
INFO:tenpy.tools.params:DMRG: reading 'diag_method'='default'
INFO:tenpy.tools.params:DMRG: subconfig 'trunc_params'=Config(<5 options>, 'trunc_params')
INFO:tenpy.tools.params:DMRG: reading 'max_N_sites_per_ring'=18
INFO:tenpy.tools.params:DMRG: reading 'combine'=False
INFO:tenpy.tools.params:DMRG: subconfig 'lanczos_params'=Config(<9 options>, 'lanczos_params')
INFO:tenpy.tools.params:DMRG: reading 'chi_list'=None
INFO:tenpy.tools.params:DMRG: reading 'start_env'=1
INFO:tenpy.algorithms.mps_common:start environment_sweep
INFO:tenpy.tools.params:DMRG: reading 'N_sweeps_check'=10
INFO:tenpy.tools.params:DMRG: subconfig 'mixer_params'=Config(<3 options>, 'mixer_params')
INFO:tenpy.tools.params:DMRG: reading 'mixer'=None
INFO:tenpy.tools.params:DMRG: reading 'max_sweeps'=100
INFO:tenpy.tools.params:DMRG: reading 'max_hours'=8760
INFO:tenpy.tools.params:DMRG: reading 'P_tol_to_trunc'=0.05
INFO:tenpy.tools.params:DMRG: reading 'P_tol_min'=5.0000000000000004e-30
INFO:tenpy.tools.params:DMRG: reading 'P_tol_max'=0.0001
INFO:tenpy.tools.params:DMRG: reading 'E_tol_to_trunc'=None
INFO:tenpy.algorithms.dmrg:Running sweep with optimization
INFO:tenpy.tools.params:DMRG: reading 'max_N_for_ED'=400
INFO:tenpy.tools.params:DMRG: reading 'update_env'=5
INFO:tenpy.algorithms.mps_common:start environment_sweep
INFO:tenpy.algorithms.dmrg:checkpoint after sweep 10
energy=-0.3522215686506034, max S=2.1011861054957111, age=198, norm_err=6.4e-01
Current memory usage 222.2MB, wall time: 70.2s
Delta E = nan, Delta S = 5.4760e-02 (per sweep)
max trunc_err = 1.7468e-08, max E_trunc = 6.9273e-09
chi: [256, 256, 256, 256, 256, 256]
================================================================================
INFO:tenpy.algorithms.dmrg:Running sweep with optimization
INFO:tenpy.algorithms.mps_common:start environment_sweep
INFO:tenpy.algorithms.dmrg:checkpoint after sweep 20
energy=0.1558543753072984, max S=1.5797640747439115, age=378, norm_err=6.5e-02
Current memory usage 222.2MB, wall time: 89.9s
Delta E = 5.0808e-02, Delta S = 2.0301e-02 (per sweep)
max trunc_err = 2.2724e-08, max E_trunc = -2.3146e-08
chi: [256, 256, 256, 256, 256, 256]
================================================================================
INFO:tenpy.tools.params:DMRG: reading 'max_E_err'=1e-08
INFO:tenpy.tools.params:DMRG: reading 'max_S_err'=1e-05
INFO:tenpy.algorithms.dmrg:Running sweep with optimization
INFO:tenpy.algorithms.mps_common:start environment_sweep
INFO:tenpy.algorithms.dmrg:checkpoint after sweep 30
energy=0.0492100051326124, max S=1.9010389170962718, age=558, norm_err=4.1e-02
Current memory usage 222.2MB, wall time: 88.0s
Delta E = -1.0664e-02, Delta S = 2.8344e-02 (per sweep)
max trunc_err = 2.7575e-08, max E_trunc = -5.3719e-09
chi: [256, 256, 256, 256, 256, 256]
================================================================================
INFO:tenpy.algorithms.dmrg:Running sweep with optimization
INFO:tenpy.algorithms.mps_common:start environment_sweep
INFO:tenpy.algorithms.dmrg:checkpoint after sweep 40
energy=-0.3494916999111079, max S=1.8616272120867690, age=738, norm_err=7.2e-03
Current memory usage 222.2MB, wall time: 89.7s
Delta E = -3.9870e-02, Delta S = -1.3688e-02 (per sweep)
max trunc_err = 4.3110e-07, max E_trunc = -4.5195e-08
chi: [256, 255, 256, 256, 256, 256]
================================================================================
INFO:tenpy.algorithms.dmrg:Running sweep with optimization
INFO:tenpy.algorithms.mps_common:start environment_sweep
INFO:tenpy.algorithms.dmrg:checkpoint after sweep 50
energy=0.4091934148629548, max S=2.1645028729817879, age=918, norm_err=1.3e-01
Current memory usage 222.2MB, wall time: 85.2s
Delta E = 7.5869e-02, Delta S = 3.9570e-02 (per sweep)
max trunc_err = 1.1622e-07, max E_trunc = -5.2882e-08
chi: [256, 255, 256, 256, 256, 256]
================================================================================
INFO:tenpy.algorithms.dmrg:Running sweep with optimization
INFO:tenpy.algorithms.mps_common:start environment_sweep
INFO:tenpy.algorithms.dmrg:checkpoint after sweep 60
energy=-0.0523735656983604, max S=0.9665882695040787, age=1098, norm_err=2.8e-02
Current memory usage 222.2MB, wall time: 84.5s
Delta E = -4.6157e-02, Delta S = -1.1940e-01 (per sweep)
max trunc_err = 9.8971e-08, max E_trunc = -2.9077e-08
chi: [256, 255, 256, 256, 256, 256]
================================================================================
INFO:tenpy.algorithms.dmrg:Running sweep with optimization
INFO:tenpy.algorithms.mps_common:start environment_sweep
INFO:tenpy.algorithms.dmrg:checkpoint after sweep 70
energy=0.2706902412099718, max S=2.0667258490293103, age=1278, norm_err=1.0e-01
Current memory usage 222.2MB, wall time: 84.6s
Delta E = 3.2306e-02, Delta S = 1.1236e-01 (per sweep)
max trunc_err = 8.5631e-08, max E_trunc = -1.1032e-08
chi: [256, 255, 256, 256, 256, 256]
================================================================================
INFO:tenpy.algorithms.dmrg:Running sweep with optimization
INFO:tenpy.algorithms.mps_common:start environment_sweep
INFO:tenpy.algorithms.dmrg:checkpoint after sweep 80
energy=0.1269664504759570, max S=0.7855844759910322, age=1458, norm_err=1.1e-01
Current memory usage 222.2MB, wall time: 82.9s
Delta E = -1.4372e-02, Delta S = -1.2845e-01 (per sweep)
max trunc_err = 1.6355e-07, max E_trunc = -1.1990e-07
chi: [256, 253, 256, 256, 256, 256]
================================================================================
INFO:tenpy.algorithms.dmrg:Running sweep with optimization
INFO:tenpy.algorithms.mps_common:start environment_sweep
INFO:tenpy.algorithms.dmrg:checkpoint after sweep 90
energy=0.0575942736305611, max S=1.0980468941199923, age=1638, norm_err=1.5e-01
Current memory usage 222.2MB, wall time: 82.4s
Delta E = -6.9372e-03, Delta S = 2.9353e-02 (per sweep)
max trunc_err = 1.6166e-07, max E_trunc = -2.4535e-08
chi: [256, 256, 256, 256, 256, 256]
================================================================================
INFO:tenpy.algorithms.dmrg:Running sweep with optimization
INFO:tenpy.algorithms.mps_common:start environment_sweep
INFO:tenpy.algorithms.dmrg:checkpoint after sweep 100
energy=0.1455436092259580, max S=1.9963976204049891, age=1818, norm_err=1.6e-01
Current memory usage 222.2MB, wall time: 84.7s
Delta E = 8.7949e-03, Delta S = 8.5194e-02 (per sweep)
max trunc_err = 4.7329e-08, max E_trunc = -4.5476e-09
chi: [256, 256, 256, 256, 256, 256]
================================================================================
INFO:tenpy.algorithms.dmrg:Running sweep with optimization
INFO:tenpy.algorithms.mps_common:start environment_sweep
INFO:tenpy.algorithms.dmrg:checkpoint after sweep 110
energy=1.1650060908267410, max S=1.9917151920825806, age=1998, norm_err=2.3e-01
Current memory usage 222.2MB, wall time: 86.3s
Delta E = 1.0195e-01, Delta S = 6.8605e-03 (per sweep)
max trunc_err = 5.5961e-09, max E_trunc = -8.9619e-10
chi: [256, 254, 256, 256, 256, 256]
================================================================================
INFO:tenpy.algorithms.mps_common:TwoSiteDMRGEngine: Maximum number of sweeps reached
INFO:tenpy.tools.params:DMRG: reading 'norm_tol'=1e-05
INFO:tenpy.tools.params:DMRG: reading 'norm_tol_final'=1e-10
INFO:tenpy.tools.params:DMRG: reading 'norm_tol_iter'=5
WARNING:tenpy.algorithms.dmrg:final DMRG state not in canonical form up to norm_tol=1.00e-05: norm_err=2.35e-01
INFO:tenpy.algorithms.mps_common:start environment_sweep
INFO:tenpy.algorithms.mps_common:start environment_sweep
WARNING:tenpy.algorithms.dmrg:final DMRG state not in canonical form up to norm_tol_final=1.00e-10: norm_err=3.67e-06, calling psi.canonical_form()
INFO:tenpy.algorithms.dmrg:TwoSiteDMRGEngine finished after 110 sweeps, max chi=256
INFO:tenpy.tools.params:DMRG: reading 'max_trunc_err'=0.0001
INFO:tenpy.tools.params:MixedHofstadterLandauGauge_Pi_2: reading 'explicit_plus_hc'=False
INFO:tenpy.tools.params:MixedHofstadterLandauGauge_Pi_2: reading 'Lx'=2
INFO:tenpy.tools.params:MixedHofstadterLandauGauge_Pi_2: setting 'N_rings'=2
INFO:tenpy.tools.params:MixedHofstadterLandauGauge_Pi_2: reading 'xy_lattice'='Square'
INFO:tenpy.tools.params:MixedHofstadterLandauGauge_Pi_2: reading 'Ly'=3
INFO:tenpy.tools.params:MixedHofstadterLandauGauge_Pi_2: reading 'ring_order'=None
INFO:tenpy.tools.params:MixedHofstadterLandauGauge_Pi_2: reading 'conserve_k'=True
INFO:tenpy.tools.params:MixedHofstadterLandauGauge_Pi_2: reading 'bc_MPS'='infinite'
INFO:tenpy.tools.params:MixedHofstadterLandauGauge_Pi_2: reading 't'=-1
INFO:tenpy.tools.params:MixedHofstadterLandauGauge_Pi_2: reading 't2'=-0.25
INFO:tenpy.tools.params:MixedHofstadterLandauGauge_Pi_2: reading 'V1'=0.6
INFO:tenpy.tools.params:MixedHofstadterLandauGauge_Pi_2: reading 'phi_ext'=np.float64(2.15)
INFO:tenpy.tools.params:MixedHofstadterLandauGauge_Pi_2: reading 'sort_mpo_legs'=False
/home/t30/kna/ge54yin/Documents/MasterThesisFQHinTMDs/MPS_stuff/MPScalculations/.venv/lib/python3.12/site-packages/tenpy/tools/params.py:232: UserWarning: unused options for config MixedHofstadterLandauGauge_Pi_2:
['Delta', 'N_rings', 'Nsec', 'bc', 'chi_max', 'ktot', 'saveAll']
  warnings.warn(msg.format(keys=sorted(unused), name=self.name))
INFO:tenpy.tools.params:DMRG: reading 'active_sites'=2
INFO:tenpy.tools.params:DMRG: reading 'diag_method'='default'
INFO:tenpy.tools.params:DMRG: subconfig 'trunc_params'=Config(<5 options>, 'trunc_params')
INFO:tenpy.tools.params:DMRG: reading 'max_N_sites_per_ring'=18
INFO:tenpy.tools.params:DMRG: reading 'combine'=False
INFO:tenpy.tools.params:DMRG: subconfig 'lanczos_params'=Config(<9 options>, 'lanczos_params')
INFO:tenpy.tools.params:DMRG: reading 'chi_list'=None
INFO:tenpy.tools.params:DMRG: reading 'start_env'=1
INFO:tenpy.algorithms.mps_common:start environment_sweep
INFO:tenpy.tools.params:DMRG: reading 'N_sweeps_check'=10
INFO:tenpy.tools.params:DMRG: subconfig 'mixer_params'=Config(<3 options>, 'mixer_params')
INFO:tenpy.tools.params:DMRG: reading 'mixer'=None
INFO:tenpy.tools.params:DMRG: reading 'max_sweeps'=100
INFO:tenpy.tools.params:DMRG: reading 'max_hours'=8760
INFO:tenpy.tools.params:DMRG: reading 'P_tol_to_trunc'=0.05
INFO:tenpy.tools.params:DMRG: reading 'P_tol_min'=5.0000000000000004e-30
INFO:tenpy.tools.params:DMRG: reading 'P_tol_max'=0.0001
INFO:tenpy.tools.params:DMRG: reading 'E_tol_to_trunc'=None
INFO:tenpy.algorithms.dmrg:Running sweep with optimization
INFO:tenpy.tools.params:DMRG: reading 'max_N_for_ED'=400
INFO:tenpy.tools.params:DMRG: reading 'update_env'=5
INFO:tenpy.algorithms.mps_common:start environment_sweep
INFO:tenpy.algorithms.dmrg:checkpoint after sweep 10
energy=-0.3728734073408972, max S=1.9636204188319584, age=198, norm_err=1.2e-02
Current memory usage 222.9MB, wall time: 84.4s
Delta E = nan, Delta S = 3.1282e-02 (per sweep)
max trunc_err = 5.9547e-08, max E_trunc = -3.8490e-08
chi: [256, 256, 256, 256, 256, 256]
================================================================================
INFO:tenpy.algorithms.dmrg:Running sweep with optimization
INFO:tenpy.algorithms.mps_common:start environment_sweep
INFO:tenpy.algorithms.dmrg:checkpoint after sweep 20
energy=-0.4004218556079948, max S=1.0781187718601986, age=378, norm_err=3.3e-04
Current memory usage 222.9MB, wall time: 84.7s
Delta E = -2.7548e-03, Delta S = -9.3124e-02 (per sweep)
max trunc_err = 1.2062e-07, max E_trunc = -2.4408e-09
chi: [256, 255, 256, 256, 256, 256]
================================================================================
INFO:tenpy.tools.params:DMRG: reading 'max_E_err'=1e-08
INFO:tenpy.tools.params:DMRG: reading 'max_S_err'=1e-05
INFO:tenpy.algorithms.dmrg:Running sweep with optimization
INFO:tenpy.algorithms.mps_common:start environment_sweep
INFO:tenpy.algorithms.dmrg:checkpoint after sweep 30
energy=-0.1920280778772181, max S=1.9159851643733274, age=558, norm_err=5.0e-02
Current memory usage 222.9MB, wall time: 72.8s
Delta E = 2.0839e-02, Delta S = 9.3448e-02 (per sweep)
max trunc_err = 3.4930e-09, max E_trunc = -1.4914e-09
chi: [256, 256, 256, 256, 256, 256]
================================================================================
INFO:tenpy.algorithms.dmrg:Running sweep with optimization
INFO:tenpy.algorithms.mps_common:start environment_sweep
INFO:tenpy.algorithms.dmrg:checkpoint after sweep 40
energy=0.0577114473072271, max S=2.2168333291465707, age=738, norm_err=9.9e-03
Current memory usage 222.9MB, wall time: 81.3s
Delta E = 2.4974e-02, Delta S = 3.8736e-02 (per sweep)
max trunc_err = 4.3241e-09, max E_trunc = -1.4211e-12
chi: [256, 256, 256, 256, 256, 256]
================================================================================
INFO:tenpy.algorithms.dmrg:Running sweep with optimization
INFO:tenpy.algorithms.mps_common:start environment_sweep
INFO:tenpy.algorithms.dmrg:checkpoint after sweep 50
energy=-0.3911402446805615, max S=1.2933025946414709, age=918, norm_err=3.6e-03
Current memory usage 222.9MB, wall time: 83.2s
Delta E = -4.4885e-02, Delta S = -1.0475e-01 (per sweep)
max trunc_err = 7.3201e-08, max E_trunc = -1.5179e-08
chi: [256, 256, 256, 256, 256, 256]
================================================================================
INFO:tenpy.algorithms.dmrg:Running sweep with optimization
INFO:tenpy.algorithms.mps_common:start environment_sweep
INFO:tenpy.algorithms.dmrg:checkpoint after sweep 60
energy=-0.4031573717538113, max S=1.2165647619204298, age=1098, norm_err=9.3e-04
Current memory usage 222.9MB, wall time: 83.9s
Delta E = -1.2017e-03, Delta S = -1.0531e-02 (per sweep)
max trunc_err = 1.0121e-07, max E_trunc = -1.6119e-08
chi: [256, 256, 256, 256, 256, 256]
================================================================================
INFO:tenpy.algorithms.dmrg:Running sweep with optimization
INFO:tenpy.algorithms.mps_common:start environment_sweep
INFO:tenpy.algorithms.dmrg:checkpoint after sweep 70
energy=0.4954800174358430, max S=2.7924326768357606, age=1278, norm_err=1.5e-01
Current memory usage 222.9MB, wall time: 79.1s
Delta E = 8.9864e-02, Delta S = 1.5050e-01 (per sweep)
max trunc_err = 1.1661e-08, max E_trunc = -1.6312e-08
chi: [256, 256, 256, 256, 256, 256]
================================================================================
INFO:tenpy.algorithms.dmrg:Running sweep with optimization
INFO:tenpy.algorithms.mps_common:start environment_sweep
INFO:tenpy.algorithms.dmrg:checkpoint after sweep 80
energy=0.2152848351393099, max S=1.6191272052969743, age=1458, norm_err=1.9e-02
Current memory usage 222.9MB, wall time: 75.3s
Delta E = -2.8020e-02, Delta S = -9.5402e-02 (per sweep)
max trunc_err = 4.1175e-08, max E_trunc = -1.2506e-12
chi: [256, 256, 256, 255, 256, 256]
================================================================================
INFO:tenpy.algorithms.dmrg:Running sweep with optimization
INFO:tenpy.algorithms.mps_common:start environment_sweep
INFO:tenpy.algorithms.dmrg:checkpoint after sweep 90
energy=-0.3976682799969448, max S=1.6055968462007049, age=1638, norm_err=2.1e-02
Current memory usage 222.9MB, wall time: 84.1s
Delta E = -6.1295e-02, Delta S = -1.7228e-02 (per sweep)
max trunc_err = 1.4668e-07, max E_trunc = -1.1828e-08
chi: [256, 255, 256, 256, 256, 256]
================================================================================
INFO:tenpy.algorithms.dmrg:Running sweep with optimization
INFO:tenpy.algorithms.mps_common:start environment_sweep
INFO:tenpy.algorithms.dmrg:checkpoint after sweep 100
energy=0.0726036766417242, max S=2.7365526780709857, age=1818, norm_err=3.0e-02
Current memory usage 222.9MB, wall time: 61.6s
Delta E = 4.7027e-02, Delta S = 1.3646e-01 (per sweep)
max trunc_err = 3.7188e-09, max E_trunc = -9.0949e-12
chi: [256, 255, 256, 256, 256, 256]
================================================================================
INFO:tenpy.algorithms.dmrg:Running sweep with optimization
INFO:tenpy.algorithms.mps_common:start environment_sweep
INFO:tenpy.algorithms.dmrg:checkpoint after sweep 110
energy=0.1606228469362823, max S=1.7751734294079771, age=1998, norm_err=5.6e-02
Current memory usage 222.9MB, wall time: 82.8s
Delta E = 8.8019e-03, Delta S = -9.2775e-02 (per sweep)
max trunc_err = 3.3823e-08, max E_trunc = -8.5621e-09
chi: [256, 254, 256, 256, 256, 256]
================================================================================
INFO:tenpy.algorithms.mps_common:TwoSiteDMRGEngine: Maximum number of sweeps reached
INFO:tenpy.tools.params:DMRG: reading 'norm_tol'=1e-05
INFO:tenpy.tools.params:DMRG: reading 'norm_tol_final'=1e-10
INFO:tenpy.tools.params:DMRG: reading 'norm_tol_iter'=5
WARNING:tenpy.algorithms.dmrg:final DMRG state not in canonical form up to norm_tol=1.00e-05: norm_err=5.55e-02
INFO:tenpy.algorithms.mps_common:start environment_sweep
INFO:tenpy.algorithms.mps_common:start environment_sweep
INFO:tenpy.algorithms.mps_common:start environment_sweep
WARNING:tenpy.algorithms.dmrg:final DMRG state not in canonical form up to norm_tol_final=1.00e-10: norm_err=3.43e-06, calling psi.canonical_form()
INFO:tenpy.algorithms.dmrg:TwoSiteDMRGEngine finished after 110 sweeps, max chi=256
INFO:tenpy.tools.params:DMRG: reading 'max_trunc_err'=0.0001
INFO:tenpy.tools.params:MixedHofstadterLandauGauge_Pi_2: reading 'explicit_plus_hc'=False
INFO:tenpy.tools.params:MixedHofstadterLandauGauge_Pi_2: reading 'Lx'=2
INFO:tenpy.tools.params:MixedHofstadterLandauGauge_Pi_2: setting 'N_rings'=2
INFO:tenpy.tools.params:MixedHofstadterLandauGauge_Pi_2: reading 'xy_lattice'='Square'
INFO:tenpy.tools.params:MixedHofstadterLandauGauge_Pi_2: reading 'Ly'=3
INFO:tenpy.tools.params:MixedHofstadterLandauGauge_Pi_2: reading 'ring_order'=None
INFO:tenpy.tools.params:MixedHofstadterLandauGauge_Pi_2: reading 'conserve_k'=True
INFO:tenpy.tools.params:MixedHofstadterLandauGauge_Pi_2: reading 'bc_MPS'='infinite'
INFO:tenpy.tools.params:MixedHofstadterLandauGauge_Pi_2: reading 't'=-1
INFO:tenpy.tools.params:MixedHofstadterLandauGauge_Pi_2: reading 't2'=-0.25
INFO:tenpy.tools.params:MixedHofstadterLandauGauge_Pi_2: reading 'V1'=0.6
INFO:tenpy.tools.params:MixedHofstadterLandauGauge_Pi_2: reading 'phi_ext'=np.float64(2.2)
INFO:tenpy.tools.params:MixedHofstadterLandauGauge_Pi_2: reading 'sort_mpo_legs'=False
/home/t30/kna/ge54yin/Documents/MasterThesisFQHinTMDs/MPS_stuff/MPScalculations/.venv/lib/python3.12/site-packages/tenpy/tools/params.py:232: UserWarning: unused options for config MixedHofstadterLandauGauge_Pi_2:
['Delta', 'N_rings', 'Nsec', 'bc', 'chi_max', 'ktot', 'saveAll']
  warnings.warn(msg.format(keys=sorted(unused), name=self.name))
INFO:tenpy.tools.params:DMRG: reading 'active_sites'=2
INFO:tenpy.tools.params:DMRG: reading 'diag_method'='default'
INFO:tenpy.tools.params:DMRG: subconfig 'trunc_params'=Config(<5 options>, 'trunc_params')
INFO:tenpy.tools.params:DMRG: reading 'max_N_sites_per_ring'=18
INFO:tenpy.tools.params:DMRG: reading 'combine'=False
INFO:tenpy.tools.params:DMRG: subconfig 'lanczos_params'=Config(<9 options>, 'lanczos_params')
INFO:tenpy.tools.params:DMRG: reading 'chi_list'=None
INFO:tenpy.tools.params:DMRG: reading 'start_env'=1
INFO:tenpy.algorithms.mps_common:start environment_sweep
INFO:tenpy.tools.params:DMRG: reading 'N_sweeps_check'=10
INFO:tenpy.tools.params:DMRG: subconfig 'mixer_params'=Config(<3 options>, 'mixer_params')
INFO:tenpy.tools.params:DMRG: reading 'mixer'=None
INFO:tenpy.tools.params:DMRG: reading 'max_sweeps'=100
INFO:tenpy.tools.params:DMRG: reading 'max_hours'=8760
INFO:tenpy.tools.params:DMRG: reading 'P_tol_to_trunc'=0.05
INFO:tenpy.tools.params:DMRG: reading 'P_tol_min'=5.0000000000000004e-30
INFO:tenpy.tools.params:DMRG: reading 'P_tol_max'=0.0001
INFO:tenpy.tools.params:DMRG: reading 'E_tol_to_trunc'=None
INFO:tenpy.algorithms.dmrg:Running sweep with optimization
INFO:tenpy.tools.params:DMRG: reading 'max_N_for_ED'=400
INFO:tenpy.tools.params:DMRG: reading 'update_env'=5
INFO:tenpy.algorithms.mps_common:start environment_sweep
INFO:tenpy.algorithms.dmrg:checkpoint after sweep 10
energy=-0.1051537935510514, max S=2.8257813761269057, age=198, norm_err=3.2e-02
Current memory usage 222.9MB, wall time: 85.0s
Delta E = nan, Delta S = 9.9441e-02 (per sweep)
max trunc_err = 6.2632e-08, max E_trunc = -6.2217e-10
chi: [256, 256, 256, 256, 256, 256]
================================================================================
INFO:tenpy.algorithms.dmrg:Running sweep with optimization
INFO:tenpy.algorithms.mps_common:start environment_sweep
INFO:tenpy.algorithms.dmrg:checkpoint after sweep 20
energy=-0.3651259255009738, max S=2.1783311174351470, age=378, norm_err=1.8e-01
Current memory usage 222.9MB, wall time: 85.0s
Delta E = -2.5997e-02, Delta S = -7.7408e-02 (per sweep)
max trunc_err = 1.1339e-07, max E_trunc = -2.2533e-08
chi: [256, 256, 256, 256, 256, 256]
================================================================================
INFO:tenpy.tools.params:DMRG: reading 'max_E_err'=1e-08
INFO:tenpy.tools.params:DMRG: reading 'max_S_err'=1e-05
INFO:tenpy.algorithms.dmrg:Running sweep with optimization
INFO:tenpy.algorithms.mps_common:start environment_sweep
INFO:tenpy.algorithms.dmrg:checkpoint after sweep 30
energy=-0.4007702687716848, max S=0.9780932495019919, age=558, norm_err=1.5e-03
Current memory usage 222.9MB, wall time: 84.3s
Delta E = -3.5644e-03, Delta S = -1.3370e-01 (per sweep)
max trunc_err = 1.9162e-08, max E_trunc = -1.6505e-09
chi: [256, 255, 256, 256, 256, 256]
================================================================================
INFO:tenpy.algorithms.dmrg:Running sweep with optimization
INFO:tenpy.algorithms.mps_common:start environment_sweep
INFO:tenpy.algorithms.dmrg:checkpoint after sweep 40
energy=0.0903566059312150, max S=2.5318692269904286, age=738, norm_err=4.7e-02
Current memory usage 222.9MB, wall time: 81.5s
Delta E = 4.9113e-02, Delta S = 1.8372e-01 (per sweep)
max trunc_err = 5.8029e-08, max E_trunc = -6.2016e-09
chi: [256, 254, 256, 256, 256, 256]
================================================================================
INFO:tenpy.algorithms.dmrg:Running sweep with optimization
INFO:tenpy.algorithms.mps_common:start environment_sweep
INFO:tenpy.algorithms.dmrg:checkpoint after sweep 50
energy=-0.4157950818172462, max S=1.2576426402638650, age=918, norm_err=9.2e-01
Current memory usage 222.9MB, wall time: 83.5s
Delta E = -5.0615e-02, Delta S = -1.4813e-01 (per sweep)
max trunc_err = 1.7739e-09, max E_trunc = 5.6275e-11
chi: [256, 255, 256, 256, 256, 256]
================================================================================
INFO:tenpy.algorithms.dmrg:Running sweep with optimization
INFO:tenpy.algorithms.mps_common:start environment_sweep
INFO:tenpy.algorithms.dmrg:checkpoint after sweep 60
energy=0.0517365861815762, max S=1.9387560304893214, age=1098, norm_err=2.0e-01
Current memory usage 222.9MB, wall time: 85.0s
Delta E = 4.6753e-02, Delta S = 8.5551e-02 (per sweep)
max trunc_err = 3.4430e-08, max E_trunc = -5.9458e-11
chi: [256, 255, 256, 256, 256, 256]
================================================================================
INFO:tenpy.algorithms.dmrg:Running sweep with optimization
INFO:tenpy.algorithms.mps_common:start environment_sweep
INFO:tenpy.algorithms.dmrg:checkpoint after sweep 70
energy=-0.2006214972577519, max S=2.4400272062928128, age=1278, norm_err=6.8e-02
Current memory usage 222.9MB, wall time: 85.0s
Delta E = -2.5236e-02, Delta S = 5.1316e-02 (per sweep)
max trunc_err = 3.4297e-07, max E_trunc = -4.6953e-11
chi: [256, 256, 256, 256, 256, 256]
================================================================================
INFO:tenpy.algorithms.dmrg:Running sweep with optimization
INFO:tenpy.algorithms.mps_common:start environment_sweep
INFO:tenpy.algorithms.dmrg:checkpoint after sweep 80
energy=-0.3880163186300838, max S=1.1538049445537331, age=1458, norm_err=1.3e-03
Current memory usage 222.9MB, wall time: 84.3s
Delta E = -1.8739e-02, Delta S = -1.5228e-01 (per sweep)
max trunc_err = 1.0557e-07, max E_trunc = -2.9240e-10
chi: [256, 256, 256, 256, 256, 256]
================================================================================
INFO:tenpy.algorithms.dmrg:Running sweep with optimization
INFO:tenpy.algorithms.mps_common:start environment_sweep
INFO:tenpy.algorithms.dmrg:checkpoint after sweep 90
energy=-0.4084976296636948, max S=0.9721342936188471, age=1638, norm_err=1.6e-05
Current memory usage 222.9MB, wall time: 81.6s
Delta E = -2.0481e-03, Delta S = -2.1119e-02 (per sweep)
max trunc_err = 2.1744e-07, max E_trunc = -6.4526e-08
chi: [256, 256, 256, 256, 256, 256]
================================================================================
INFO:tenpy.algorithms.dmrg:Running sweep with optimization
INFO:tenpy.algorithms.mps_common:start environment_sweep
INFO:tenpy.algorithms.dmrg:checkpoint after sweep 100
energy=-0.3738479474938288, max S=1.0148542305624284, age=1818, norm_err=3.4e-04
Current memory usage 222.9MB, wall time: 65.6s
Delta E = 3.4650e-03, Delta S = 8.2598e-03 (per sweep)
max trunc_err = 3.6726e-08, max E_trunc = -1.8679e-10
chi: [256, 254, 256, 254, 256, 256]
================================================================================
INFO:tenpy.algorithms.dmrg:Running sweep with optimization
INFO:tenpy.algorithms.mps_common:start environment_sweep
INFO:tenpy.algorithms.dmrg:checkpoint after sweep 110
energy=0.4556840771733827, max S=2.4510396914163195, age=1998, norm_err=1.0e-01
Current memory usage 222.9MB, wall time: 84.0s
Delta E = 8.2953e-02, Delta S = 1.6864e-01 (per sweep)
max trunc_err = 1.1457e-07, max E_trunc = -5.5873e-08
chi: [256, 256, 256, 256, 256, 256]
================================================================================
INFO:tenpy.algorithms.mps_common:TwoSiteDMRGEngine: Maximum number of sweeps reached
INFO:tenpy.tools.params:DMRG: reading 'norm_tol'=1e-05
INFO:tenpy.tools.params:DMRG: reading 'norm_tol_final'=1e-10
INFO:tenpy.tools.params:DMRG: reading 'norm_tol_iter'=5
WARNING:tenpy.algorithms.dmrg:final DMRG state not in canonical form up to norm_tol=1.00e-05: norm_err=1.02e-01
INFO:tenpy.algorithms.mps_common:start environment_sweep
INFO:tenpy.algorithms.mps_common:start environment_sweep
INFO:tenpy.algorithms.mps_common:start environment_sweep
WARNING:tenpy.algorithms.dmrg:final DMRG state not in canonical form up to norm_tol_final=1.00e-10: norm_err=6.77e-06, calling psi.canonical_form()
INFO:tenpy.algorithms.dmrg:TwoSiteDMRGEngine finished after 110 sweeps, max chi=256
INFO:tenpy.tools.params:DMRG: reading 'max_trunc_err'=0.0001
INFO:tenpy.tools.params:MixedHofstadterLandauGauge_Pi_2: reading 'explicit_plus_hc'=False
INFO:tenpy.tools.params:MixedHofstadterLandauGauge_Pi_2: reading 'Lx'=2
INFO:tenpy.tools.params:MixedHofstadterLandauGauge_Pi_2: setting 'N_rings'=2
INFO:tenpy.tools.params:MixedHofstadterLandauGauge_Pi_2: reading 'xy_lattice'='Square'
INFO:tenpy.tools.params:MixedHofstadterLandauGauge_Pi_2: reading 'Ly'=3
INFO:tenpy.tools.params:MixedHofstadterLandauGauge_Pi_2: reading 'ring_order'=None
INFO:tenpy.tools.params:MixedHofstadterLandauGauge_Pi_2: reading 'conserve_k'=True
INFO:tenpy.tools.params:MixedHofstadterLandauGauge_Pi_2: reading 'bc_MPS'='infinite'
INFO:tenpy.tools.params:MixedHofstadterLandauGauge_Pi_2: reading 't'=-1
INFO:tenpy.tools.params:MixedHofstadterLandauGauge_Pi_2: reading 't2'=-0.25
INFO:tenpy.tools.params:MixedHofstadterLandauGauge_Pi_2: reading 'V1'=0.6
INFO:tenpy.tools.params:MixedHofstadterLandauGauge_Pi_2: reading 'phi_ext'=np.float64(2.25)
INFO:tenpy.tools.params:MixedHofstadterLandauGauge_Pi_2: reading 'sort_mpo_legs'=False
/home/t30/kna/ge54yin/Documents/MasterThesisFQHinTMDs/MPS_stuff/MPScalculations/.venv/lib/python3.12/site-packages/tenpy/tools/params.py:232: UserWarning: unused options for config MixedHofstadterLandauGauge_Pi_2:
['Delta', 'N_rings', 'Nsec', 'bc', 'chi_max', 'ktot', 'saveAll']
  warnings.warn(msg.format(keys=sorted(unused), name=self.name))
INFO:tenpy.tools.params:DMRG: reading 'active_sites'=2
INFO:tenpy.tools.params:DMRG: reading 'diag_method'='default'
INFO:tenpy.tools.params:DMRG: subconfig 'trunc_params'=Config(<5 options>, 'trunc_params')
INFO:tenpy.tools.params:DMRG: reading 'max_N_sites_per_ring'=18
INFO:tenpy.tools.params:DMRG: reading 'combine'=False
INFO:tenpy.tools.params:DMRG: subconfig 'lanczos_params'=Config(<9 options>, 'lanczos_params')
INFO:tenpy.tools.params:DMRG: reading 'chi_list'=None
INFO:tenpy.tools.params:DMRG: reading 'start_env'=1
INFO:tenpy.algorithms.mps_common:start environment_sweep
INFO:tenpy.tools.params:DMRG: reading 'N_sweeps_check'=10
INFO:tenpy.tools.params:DMRG: subconfig 'mixer_params'=Config(<3 options>, 'mixer_params')
INFO:tenpy.tools.params:DMRG: reading 'mixer'=None
INFO:tenpy.tools.params:DMRG: reading 'max_sweeps'=100
INFO:tenpy.tools.params:DMRG: reading 'max_hours'=8760
INFO:tenpy.tools.params:DMRG: reading 'P_tol_to_trunc'=0.05
INFO:tenpy.tools.params:DMRG: reading 'P_tol_min'=5.0000000000000004e-30
INFO:tenpy.tools.params:DMRG: reading 'P_tol_max'=0.0001
INFO:tenpy.tools.params:DMRG: reading 'E_tol_to_trunc'=None
INFO:tenpy.algorithms.dmrg:Running sweep with optimization
INFO:tenpy.tools.params:DMRG: reading 'max_N_for_ED'=400
INFO:tenpy.tools.params:DMRG: reading 'update_env'=5
INFO:tenpy.algorithms.mps_common:start environment_sweep
INFO:tenpy.algorithms.dmrg:checkpoint after sweep 10
energy=-0.4141320975330973, max S=1.3216751241218851, age=198, norm_err=5.4e-01
Current memory usage 222.9MB, wall time: 85.0s
Delta E = nan, Delta S = -8.5213e-02 (per sweep)
max trunc_err = 7.0581e-08, max E_trunc = 8.1523e-08
chi: [256, 256, 256, 256, 256, 256]
================================================================================
INFO:tenpy.algorithms.dmrg:Running sweep with optimization
INFO:tenpy.algorithms.mps_common:start environment_sweep
INFO:tenpy.algorithms.dmrg:checkpoint after sweep 20
energy=-0.0056794256616399, max S=2.6208404314755613, age=378, norm_err=2.5e-02
Current memory usage 222.9MB, wall time: 86.4s
Delta E = 4.0845e-02, Delta S = 1.3333e-01 (per sweep)
max trunc_err = 8.8218e-09, max E_trunc = -2.3931e-11
chi: [256, 256, 256, 255, 256, 256]
================================================================================
INFO:tenpy.tools.params:DMRG: reading 'max_E_err'=1e-08
INFO:tenpy.tools.params:DMRG: reading 'max_S_err'=1e-05
INFO:tenpy.algorithms.dmrg:Running sweep with optimization
INFO:tenpy.algorithms.mps_common:start environment_sweep
INFO:tenpy.algorithms.dmrg:checkpoint after sweep 30
energy=-0.4127293721611759, max S=1.6013029900147671, age=558, norm_err=3.6e-01
Current memory usage 222.9MB, wall time: 85.1s
Delta E = -4.0705e-02, Delta S = -1.1259e-01 (per sweep)
max trunc_err = 7.7663e-08, max E_trunc = -2.4011e-08
chi: [256, 256, 256, 256, 256, 256]
================================================================================
INFO:tenpy.algorithms.dmrg:Running sweep with optimization
INFO:tenpy.algorithms.mps_common:start environment_sweep
INFO:tenpy.algorithms.dmrg:checkpoint after sweep 40
energy=0.1266687616267982, max S=2.6605017169013254, age=738, norm_err=3.4e-02
Current memory usage 222.9MB, wall time: 83.1s
Delta E = 5.3940e-02, Delta S = 1.1688e-01 (per sweep)
max trunc_err = 2.4901e-08, max E_trunc = -3.3674e-10
chi: [256, 256, 256, 255, 256, 256]
================================================================================
INFO:tenpy.algorithms.dmrg:Running sweep with optimization
INFO:tenpy.algorithms.mps_common:start environment_sweep
INFO:tenpy.algorithms.dmrg:checkpoint after sweep 50
energy=-0.0085645374091996, max S=1.2245955545693841, age=918, norm_err=8.6e-02
Current memory usage 222.9MB, wall time: 83.7s
Delta E = -1.3523e-02, Delta S = -1.5054e-01 (per sweep)
max trunc_err = 3.7244e-08, max E_trunc = -6.1034e-08
chi: [256, 256, 256, 256, 256, 256]
================================================================================
INFO:tenpy.algorithms.dmrg:Running sweep with optimization
INFO:tenpy.algorithms.mps_common:start environment_sweep
INFO:tenpy.algorithms.dmrg:checkpoint after sweep 60
energy=-0.3954792681136183, max S=0.9520137498177241, age=1098, norm_err=7.0e-03
Current memory usage 222.9MB, wall time: 83.1s
Delta E = -3.8691e-02, Delta S = -4.6851e-02 (per sweep)
max trunc_err = 2.1454e-07, max E_trunc = -4.7106e-08
chi: [256, 256, 256, 256, 256, 256]
================================================================================
INFO:tenpy.algorithms.dmrg:Running sweep with optimization
INFO:tenpy.algorithms.mps_common:start environment_sweep
INFO:tenpy.algorithms.dmrg:checkpoint after sweep 70
energy=0.4774454466952136, max S=2.3143341229011942, age=1278, norm_err=1.7e-01
Current memory usage 222.9MB, wall time: 85.2s
Delta E = 8.7292e-02, Delta S = 1.4993e-01 (per sweep)
max trunc_err = 2.7204e-08, max E_trunc = -1.2798e-09
chi: [256, 256, 256, 256, 256, 256]
================================================================================
INFO:tenpy.algorithms.dmrg:Running sweep with optimization
INFO:tenpy.algorithms.mps_common:start environment_sweep
INFO:tenpy.algorithms.dmrg:checkpoint after sweep 80
energy=0.0965085587658810, max S=0.8305392197258072, age=1458, norm_err=6.2e-02
Current memory usage 222.9MB, wall time: 86.2s
Delta E = -3.8094e-02, Delta S = -1.3174e-01 (per sweep)
max trunc_err = 3.9320e-08, max E_trunc = -3.0951e-09
chi: [256, 255, 256, 256, 256, 256]
================================================================================
INFO:tenpy.algorithms.dmrg:Running sweep with optimization
INFO:tenpy.algorithms.mps_common:start environment_sweep
INFO:tenpy.algorithms.dmrg:checkpoint after sweep 90
energy=-0.4035182441414425, max S=1.4442945844195640, age=1638, norm_err=9.3e-01
Current memory usage 222.9MB, wall time: 86.0s
Delta E = -5.0003e-02, Delta S = 4.7794e-02 (per sweep)
max trunc_err = 2.9520e-08, max E_trunc = -1.3152e-08
chi: [256, 255, 256, 256, 256, 256]
================================================================================
INFO:tenpy.algorithms.dmrg:Running sweep with optimization
INFO:tenpy.algorithms.mps_common:start environment_sweep
INFO:tenpy.algorithms.dmrg:checkpoint after sweep 100
energy=-0.1004810935513660, max S=1.2533805619678831, age=1818, norm_err=5.5e-02
Current memory usage 222.9MB, wall time: 87.5s
Delta E = 3.0304e-02, Delta S = -1.5874e-02 (per sweep)
max trunc_err = 4.4607e-07, max E_trunc = -2.3164e-08
chi: [256, 256, 256, 256, 256, 256]
================================================================================
INFO:tenpy.algorithms.dmrg:Running sweep with optimization
INFO:tenpy.algorithms.mps_common:start environment_sweep
INFO:tenpy.algorithms.dmrg:checkpoint after sweep 110
energy=-0.4151156235450155, max S=0.7763367552503992, age=1998, norm_err=1.1e+00
Current memory usage 222.9MB, wall time: 85.0s
Delta E = -3.1463e-02, Delta S = -4.7304e-02 (per sweep)
max trunc_err = 1.5326e-08, max E_trunc = -9.0162e-09
chi: [256, 256, 256, 256, 256, 256]
================================================================================
INFO:tenpy.algorithms.mps_common:TwoSiteDMRGEngine: Maximum number of sweeps reached
INFO:tenpy.tools.params:DMRG: reading 'norm_tol'=1e-05
INFO:tenpy.tools.params:DMRG: reading 'norm_tol_final'=1e-10
INFO:tenpy.tools.params:DMRG: reading 'norm_tol_iter'=5
WARNING:tenpy.algorithms.dmrg:final DMRG state not in canonical form up to norm_tol=1.00e-05: norm_err=1.12e+00
INFO:tenpy.algorithms.mps_common:start environment_sweep
INFO:tenpy.algorithms.mps_common:start environment_sweep
INFO:tenpy.algorithms.mps_common:start environment_sweep
INFO:tenpy.algorithms.mps_common:start environment_sweep
INFO:tenpy.algorithms.mps_common:start environment_sweep
WARNING:tenpy.algorithms.dmrg:norm_err=1.04e+00 still too high after environment_sweeps
WARNING:tenpy.algorithms.dmrg:final DMRG state not in canonical form up to norm_tol_final=1.00e-10: norm_err=1.04e+00, calling psi.canonical_form()
INFO:tenpy.algorithms.dmrg:TwoSiteDMRGEngine finished after 110 sweeps, max chi=256
INFO:tenpy.tools.params:DMRG: reading 'max_trunc_err'=0.0001
INFO:tenpy.tools.params:MixedHofstadterLandauGauge_Pi_2: reading 'explicit_plus_hc'=False
INFO:tenpy.tools.params:MixedHofstadterLandauGauge_Pi_2: reading 'Lx'=2
INFO:tenpy.tools.params:MixedHofstadterLandauGauge_Pi_2: setting 'N_rings'=2
INFO:tenpy.tools.params:MixedHofstadterLandauGauge_Pi_2: reading 'xy_lattice'='Square'
INFO:tenpy.tools.params:MixedHofstadterLandauGauge_Pi_2: reading 'Ly'=3
INFO:tenpy.tools.params:MixedHofstadterLandauGauge_Pi_2: reading 'ring_order'=None
INFO:tenpy.tools.params:MixedHofstadterLandauGauge_Pi_2: reading 'conserve_k'=True
INFO:tenpy.tools.params:MixedHofstadterLandauGauge_Pi_2: reading 'bc_MPS'='infinite'
INFO:tenpy.tools.params:MixedHofstadterLandauGauge_Pi_2: reading 't'=-1
INFO:tenpy.tools.params:MixedHofstadterLandauGauge_Pi_2: reading 't2'=-0.25
INFO:tenpy.tools.params:MixedHofstadterLandauGauge_Pi_2: reading 'V1'=0.6
INFO:tenpy.tools.params:MixedHofstadterLandauGauge_Pi_2: reading 'phi_ext'=np.float64(2.3000000000000003)
INFO:tenpy.tools.params:MixedHofstadterLandauGauge_Pi_2: reading 'sort_mpo_legs'=False
/home/t30/kna/ge54yin/Documents/MasterThesisFQHinTMDs/MPS_stuff/MPScalculations/.venv/lib/python3.12/site-packages/tenpy/tools/params.py:232: UserWarning: unused options for config MixedHofstadterLandauGauge_Pi_2:
['Delta', 'N_rings', 'Nsec', 'bc', 'chi_max', 'ktot', 'saveAll']
  warnings.warn(msg.format(keys=sorted(unused), name=self.name))
INFO:tenpy.tools.params:DMRG: reading 'active_sites'=2
INFO:tenpy.tools.params:DMRG: reading 'diag_method'='default'
INFO:tenpy.tools.params:DMRG: subconfig 'trunc_params'=Config(<5 options>, 'trunc_params')
INFO:tenpy.tools.params:DMRG: reading 'max_N_sites_per_ring'=18
INFO:tenpy.tools.params:DMRG: reading 'combine'=False
INFO:tenpy.tools.params:DMRG: subconfig 'lanczos_params'=Config(<9 options>, 'lanczos_params')
INFO:tenpy.tools.params:DMRG: reading 'chi_list'=None
INFO:tenpy.tools.params:DMRG: reading 'start_env'=1
INFO:tenpy.algorithms.mps_common:start environment_sweep
INFO:tenpy.tools.params:DMRG: reading 'N_sweeps_check'=10
INFO:tenpy.tools.params:DMRG: subconfig 'mixer_params'=Config(<3 options>, 'mixer_params')
INFO:tenpy.tools.params:DMRG: reading 'mixer'=None
INFO:tenpy.tools.params:DMRG: reading 'max_sweeps'=100
INFO:tenpy.tools.params:DMRG: reading 'max_hours'=8760
INFO:tenpy.tools.params:DMRG: reading 'P_tol_to_trunc'=0.05
INFO:tenpy.tools.params:DMRG: reading 'P_tol_min'=5.0000000000000004e-30
INFO:tenpy.tools.params:DMRG: reading 'P_tol_max'=0.0001
INFO:tenpy.tools.params:DMRG: reading 'E_tol_to_trunc'=None
INFO:tenpy.algorithms.dmrg:Running sweep with optimization
INFO:tenpy.tools.params:DMRG: reading 'max_N_for_ED'=400
INFO:tenpy.tools.params:DMRG: reading 'update_env'=5
INFO:tenpy.algorithms.mps_common:start environment_sweep
INFO:tenpy.algorithms.dmrg:checkpoint after sweep 10
energy=-0.4148705994962079, max S=1.5099948205048837, age=198, norm_err=1.1e+00
Current memory usage 222.9MB, wall time: 82.1s
Delta E = nan, Delta S = -9.3389e-02 (per sweep)
max trunc_err = 1.2145e-08, max E_trunc = 1.1367e-10
chi: [256, 256, 256, 256, 256, 256]
================================================================================
INFO:tenpy.algorithms.dmrg:Running sweep with optimization
INFO:tenpy.algorithms.mps_common:start environment_sweep
INFO:tenpy.algorithms.dmrg:checkpoint after sweep 20
energy=-0.4121862438515933, max S=1.2673148930403109, age=378, norm_err=1.2e+00
Current memory usage 222.9MB, wall time: 74.5s
Delta E = 2.6844e-04, Delta S = -8.3946e-03 (per sweep)
max trunc_err = 2.2537e-09, max E_trunc = 3.9506e-11
chi: [256, 255, 256, 255, 256, 256]
================================================================================
INFO:tenpy.tools.params:DMRG: reading 'max_E_err'=1e-08
INFO:tenpy.tools.params:DMRG: reading 'max_S_err'=1e-05
INFO:tenpy.algorithms.dmrg:Running sweep with optimization
INFO:tenpy.algorithms.mps_common:start environment_sweep
INFO:tenpy.algorithms.dmrg:checkpoint after sweep 30
energy=-0.0031855209139380, max S=1.9268997586385117, age=558, norm_err=7.3e-02
Current memory usage 222.9MB, wall time: 72.7s
Delta E = 4.0900e-02, Delta S = 1.3815e-01 (per sweep)
max trunc_err = 5.3261e-08, max E_trunc = -5.8512e-08
chi: [255, 253, 256, 256, 256, 256]
================================================================================
INFO:tenpy.algorithms.dmrg:Running sweep with optimization
INFO:tenpy.algorithms.mps_common:start environment_sweep
INFO:tenpy.algorithms.dmrg:checkpoint after sweep 40
energy=-0.3921424016928749, max S=1.7030255197394923, age=738, norm_err=1.9e-02
Current memory usage 222.9MB, wall time: 65.5s
Delta E = -3.8896e-02, Delta S = -4.5648e-02 (per sweep)
max trunc_err = 1.1242e-07, max E_trunc = -5.0607e-09
chi: [256, 256, 256, 256, 256, 256]
================================================================================
INFO:tenpy.algorithms.dmrg:Running sweep with optimization
INFO:tenpy.algorithms.mps_common:start environment_sweep
INFO:tenpy.algorithms.dmrg:checkpoint after sweep 50
energy=-0.3409555694595620, max S=2.1578760909419930, age=918, norm_err=7.6e-03
Current memory usage 222.9MB, wall time: 64.4s
Delta E = 5.1187e-03, Delta S = 5.3657e-02 (per sweep)
max trunc_err = 2.4941e-07, max E_trunc = -7.6924e-08
chi: [256, 255, 256, 256, 256, 256]
================================================================================
INFO:tenpy.algorithms.dmrg:Running sweep with optimization
INFO:tenpy.algorithms.mps_common:start environment_sweep
INFO:tenpy.algorithms.dmrg:checkpoint after sweep 60
energy=0.0440413571123012, max S=1.8916183751731293, age=1098, norm_err=5.6e-02
Current memory usage 222.9MB, wall time: 62.9s
Delta E = 3.8500e-02, Delta S = -2.0399e-02 (per sweep)
max trunc_err = 4.0218e-08, max E_trunc = -1.4212e-08
chi: [256, 256, 256, 256, 256, 256]
================================================================================
INFO:tenpy.algorithms.dmrg:Running sweep with optimization
INFO:tenpy.algorithms.mps_common:start environment_sweep
INFO:tenpy.algorithms.dmrg:checkpoint after sweep 70
energy=0.1694832043376143, max S=2.4183241285139170, age=1278, norm_err=5.8e-02
Current memory usage 222.9MB, wall time: 61.0s
Delta E = 1.2544e-02, Delta S = 5.7744e-02 (per sweep)
max trunc_err = 3.9783e-08, max E_trunc = -5.7594e-10
chi: [256, 255, 256, 255, 256, 256]
================================================================================
INFO:tenpy.algorithms.dmrg:Running sweep with optimization
INFO:tenpy.algorithms.mps_common:start environment_sweep
INFO:tenpy.algorithms.dmrg:checkpoint after sweep 80
energy=0.2536653666210308, max S=2.8585219876181442, age=1458, norm_err=1.2e-01
Current memory usage 222.9MB, wall time: 60.6s
Delta E = 8.4182e-03, Delta S = 3.9921e-02 (per sweep)
max trunc_err = 7.0161e-08, max E_trunc = -3.0167e-08
chi: [254, 248, 256, 256, 256, 256]
================================================================================
INFO:tenpy.algorithms.dmrg:Running sweep with optimization
INFO:tenpy.algorithms.mps_common:start environment_sweep
INFO:tenpy.algorithms.dmrg:checkpoint after sweep 90
energy=-0.0871295738649849, max S=1.3066861268663468, age=1638, norm_err=2.6e-01
Current memory usage 222.9MB, wall time: 61.0s
Delta E = -3.4079e-02, Delta S = -1.5561e-01 (per sweep)
max trunc_err = 4.1967e-08, max E_trunc = -4.0966e-08
chi: [256, 256, 256, 256, 256, 256]
================================================================================
INFO:tenpy.algorithms.dmrg:Running sweep with optimization
INFO:tenpy.algorithms.mps_common:start environment_sweep
INFO:tenpy.algorithms.dmrg:checkpoint after sweep 100
energy=0.0693218656014949, max S=1.2811162685246913, age=1818, norm_err=5.2e-02
Current memory usage 222.9MB, wall time: 64.6s
Delta E = 1.5645e-02, Delta S = -4.1971e-03 (per sweep)
max trunc_err = 3.2114e-08, max E_trunc = -3.1445e-09
chi: [256, 255, 256, 256, 256, 256]
================================================================================
INFO:tenpy.algorithms.dmrg:Running sweep with optimization
INFO:tenpy.algorithms.mps_common:start environment_sweep
INFO:tenpy.algorithms.dmrg:checkpoint after sweep 110
energy=0.2923036853944059, max S=1.7185845379172537, age=1998, norm_err=7.6e-02
Current memory usage 222.9MB, wall time: 65.3s
Delta E = 2.2298e-02, Delta S = 4.6964e-02 (per sweep)
max trunc_err = 6.5070e-08, max E_trunc = -1.8687e-08
chi: [256, 256, 256, 256, 256, 256]
================================================================================
INFO:tenpy.algorithms.mps_common:TwoSiteDMRGEngine: Maximum number of sweeps reached
INFO:tenpy.tools.params:DMRG: reading 'norm_tol'=1e-05
INFO:tenpy.tools.params:DMRG: reading 'norm_tol_final'=1e-10
INFO:tenpy.tools.params:DMRG: reading 'norm_tol_iter'=5
WARNING:tenpy.algorithms.dmrg:final DMRG state not in canonical form up to norm_tol=1.00e-05: norm_err=7.56e-02
INFO:tenpy.algorithms.mps_common:start environment_sweep
INFO:tenpy.algorithms.mps_common:start environment_sweep
INFO:tenpy.algorithms.mps_common:start environment_sweep
WARNING:tenpy.algorithms.dmrg:final DMRG state not in canonical form up to norm_tol_final=1.00e-10: norm_err=3.80e-06, calling psi.canonical_form()
INFO:tenpy.algorithms.dmrg:TwoSiteDMRGEngine finished after 110 sweeps, max chi=256
INFO:tenpy.tools.params:DMRG: reading 'max_trunc_err'=0.0001
INFO:tenpy.tools.params:MixedHofstadterLandauGauge_Pi_2: reading 'explicit_plus_hc'=False
INFO:tenpy.tools.params:MixedHofstadterLandauGauge_Pi_2: reading 'Lx'=2
INFO:tenpy.tools.params:MixedHofstadterLandauGauge_Pi_2: setting 'N_rings'=2
INFO:tenpy.tools.params:MixedHofstadterLandauGauge_Pi_2: reading 'xy_lattice'='Square'
INFO:tenpy.tools.params:MixedHofstadterLandauGauge_Pi_2: reading 'Ly'=3
INFO:tenpy.tools.params:MixedHofstadterLandauGauge_Pi_2: reading 'ring_order'=None
INFO:tenpy.tools.params:MixedHofstadterLandauGauge_Pi_2: reading 'conserve_k'=True
INFO:tenpy.tools.params:MixedHofstadterLandauGauge_Pi_2: reading 'bc_MPS'='infinite'
INFO:tenpy.tools.params:MixedHofstadterLandauGauge_Pi_2: reading 't'=-1
INFO:tenpy.tools.params:MixedHofstadterLandauGauge_Pi_2: reading 't2'=-0.25
INFO:tenpy.tools.params:MixedHofstadterLandauGauge_Pi_2: reading 'V1'=0.6
INFO:tenpy.tools.params:MixedHofstadterLandauGauge_Pi_2: reading 'phi_ext'=np.float64(2.35)
INFO:tenpy.tools.params:MixedHofstadterLandauGauge_Pi_2: reading 'sort_mpo_legs'=False
/home/t30/kna/ge54yin/Documents/MasterThesisFQHinTMDs/MPS_stuff/MPScalculations/.venv/lib/python3.12/site-packages/tenpy/tools/params.py:232: UserWarning: unused options for config MixedHofstadterLandauGauge_Pi_2:
['Delta', 'N_rings', 'Nsec', 'bc', 'chi_max', 'ktot', 'saveAll']
  warnings.warn(msg.format(keys=sorted(unused), name=self.name))
INFO:tenpy.tools.params:DMRG: reading 'active_sites'=2
INFO:tenpy.tools.params:DMRG: reading 'diag_method'='default'
INFO:tenpy.tools.params:DMRG: subconfig 'trunc_params'=Config(<5 options>, 'trunc_params')
INFO:tenpy.tools.params:DMRG: reading 'max_N_sites_per_ring'=18
INFO:tenpy.tools.params:DMRG: reading 'combine'=False
INFO:tenpy.tools.params:DMRG: subconfig 'lanczos_params'=Config(<9 options>, 'lanczos_params')
INFO:tenpy.tools.params:DMRG: reading 'chi_list'=None
INFO:tenpy.tools.params:DMRG: reading 'start_env'=1
INFO:tenpy.algorithms.mps_common:start environment_sweep
INFO:tenpy.tools.params:DMRG: reading 'N_sweeps_check'=10
INFO:tenpy.tools.params:DMRG: subconfig 'mixer_params'=Config(<3 options>, 'mixer_params')
INFO:tenpy.tools.params:DMRG: reading 'mixer'=None
INFO:tenpy.tools.params:DMRG: reading 'max_sweeps'=100
INFO:tenpy.tools.params:DMRG: reading 'max_hours'=8760
INFO:tenpy.tools.params:DMRG: reading 'P_tol_to_trunc'=0.05
INFO:tenpy.tools.params:DMRG: reading 'P_tol_min'=5.0000000000000004e-30
INFO:tenpy.tools.params:DMRG: reading 'P_tol_max'=0.0001
INFO:tenpy.tools.params:DMRG: reading 'E_tol_to_trunc'=None
INFO:tenpy.algorithms.dmrg:Running sweep with optimization
INFO:tenpy.tools.params:DMRG: reading 'max_N_for_ED'=400
INFO:tenpy.tools.params:DMRG: reading 'update_env'=5
INFO:tenpy.algorithms.mps_common:start environment_sweep
INFO:tenpy.algorithms.dmrg:checkpoint after sweep 10
energy=-0.4051188741417680, max S=1.1179062300768634, age=198, norm_err=6.9e-03
Current memory usage 222.9MB, wall time: 63.5s
Delta E = nan, Delta S = -6.1239e-02 (per sweep)
max trunc_err = 1.5313e-07, max E_trunc = -8.7900e-09
chi: [256, 256, 256, 256, 256, 256]
================================================================================
INFO:tenpy.algorithms.dmrg:Running sweep with optimization
INFO:tenpy.algorithms.mps_common:start environment_sweep
INFO:tenpy.algorithms.dmrg:checkpoint after sweep 20
energy=0.5644750398524513, max S=2.8320976995155771, age=378, norm_err=1.3e-01
Current memory usage 222.9MB, wall time: 58.3s
Delta E = 9.6959e-02, Delta S = 2.0111e-01 (per sweep)
max trunc_err = 2.9783e-07, max E_trunc = -2.3936e-08
chi: [256, 256, 256, 256, 256, 256]
================================================================================
INFO:tenpy.tools.params:DMRG: reading 'max_E_err'=1e-08
INFO:tenpy.tools.params:DMRG: reading 'max_S_err'=1e-05
INFO:tenpy.algorithms.dmrg:Running sweep with optimization
INFO:tenpy.algorithms.mps_common:start environment_sweep
INFO:tenpy.algorithms.dmrg:checkpoint after sweep 30
energy=-0.1133685898355334, max S=1.8972481567180957, age=558, norm_err=5.1e-02
Current memory usage 222.9MB, wall time: 60.8s
Delta E = -6.7784e-02, Delta S = -1.0610e-01 (per sweep)
max trunc_err = 2.4839e-07, max E_trunc = -1.0934e-07
chi: [256, 255, 256, 256, 256, 256]
================================================================================
INFO:tenpy.algorithms.dmrg:Running sweep with optimization
INFO:tenpy.algorithms.mps_common:start environment_sweep
INFO:tenpy.algorithms.dmrg:checkpoint after sweep 40
energy=-0.0048979754599448, max S=1.4205076376010695, age=738, norm_err=1.1e-01
Current memory usage 222.9MB, wall time: 60.7s
Delta E = 1.0847e-02, Delta S = -4.4466e-02 (per sweep)
max trunc_err = 9.7420e-09, max E_trunc = -1.1084e-11
chi: [256, 253, 256, 256, 256, 256]
================================================================================
INFO:tenpy.algorithms.dmrg:Running sweep with optimization
INFO:tenpy.algorithms.mps_common:start environment_sweep
INFO:tenpy.algorithms.dmrg:checkpoint after sweep 50
energy=0.0119615748478026, max S=1.9028918904290455, age=918, norm_err=7.5e-02
Current memory usage 222.9MB, wall time: 57.9s
Delta E = 1.6860e-03, Delta S = 5.5488e-02 (per sweep)
max trunc_err = 3.8006e-09, max E_trunc = -2.9891e-09
chi: [256, 256, 256, 256, 256, 256]
================================================================================
INFO:tenpy.algorithms.dmrg:Running sweep with optimization
INFO:tenpy.algorithms.mps_common:start environment_sweep
INFO:tenpy.algorithms.dmrg:checkpoint after sweep 60
energy=-0.0153143590319379, max S=1.6810758246840598, age=1098, norm_err=4.7e-02
Current memory usage 222.9MB, wall time: 60.4s
Delta E = -2.7276e-03, Delta S = -2.8674e-02 (per sweep)
max trunc_err = 4.5868e-09, max E_trunc = -5.1159e-13
chi: [256, 255, 256, 251, 256, 256]
================================================================================
INFO:tenpy.algorithms.dmrg:Running sweep with optimization
INFO:tenpy.algorithms.mps_common:start environment_sweep
INFO:tenpy.algorithms.dmrg:checkpoint after sweep 70
energy=0.0380118410250674, max S=1.9429298056268474, age=1278, norm_err=4.8e-02
Current memory usage 222.9MB, wall time: 65.0s
Delta E = 5.3326e-03, Delta S = 3.0219e-02 (per sweep)
max trunc_err = 1.4355e-07, max E_trunc = -4.4050e-08
chi: [256, 256, 256, 256, 256, 256]
================================================================================
INFO:tenpy.algorithms.dmrg:Running sweep with optimization
INFO:tenpy.algorithms.mps_common:start environment_sweep
INFO:tenpy.algorithms.dmrg:checkpoint after sweep 80
energy=0.1140686181405404, max S=0.7354003492392467, age=1458, norm_err=9.8e-02
Current memory usage 222.9MB, wall time: 66.1s
Delta E = 7.6057e-03, Delta S = -1.2281e-01 (per sweep)
max trunc_err = 2.4150e-07, max E_trunc = -2.5966e-09
chi: [256, 256, 256, 254, 256, 256]
================================================================================
INFO:tenpy.algorithms.dmrg:Running sweep with optimization
INFO:tenpy.algorithms.mps_common:start environment_sweep
INFO:tenpy.algorithms.dmrg:checkpoint after sweep 90
energy=-0.1022930549140426, max S=0.3224751624700274, age=1638, norm_err=4.9e-03
Current memory usage 222.9MB, wall time: 64.9s
Delta E = -2.1636e-02, Delta S = -4.2724e-02 (per sweep)
max trunc_err = 6.3506e-08, max E_trunc = -2.8348e-09
chi: [256, 256, 256, 256, 256, 256]
================================================================================
INFO:tenpy.algorithms.dmrg:Running sweep with optimization
INFO:tenpy.algorithms.mps_common:start environment_sweep
INFO:tenpy.algorithms.dmrg:checkpoint after sweep 100
energy=0.1330272226040468, max S=1.6699742333001981, age=1818, norm_err=3.9e-02
Current memory usage 222.9MB, wall time: 65.5s
Delta E = 2.3532e-02, Delta S = 1.2978e-01 (per sweep)
max trunc_err = 6.5986e-08, max E_trunc = -1.7365e-07
chi: [256, 255, 256, 256, 256, 256]
================================================================================
INFO:tenpy.algorithms.dmrg:Running sweep with optimization
INFO:tenpy.algorithms.mps_common:start environment_sweep
INFO:tenpy.algorithms.dmrg:checkpoint after sweep 110
energy=0.0435207957983531, max S=2.5656293367038900, age=1998, norm_err=9.1e-02
Current memory usage 222.9MB, wall time: 65.7s
Delta E = -8.9506e-03, Delta S = 9.9249e-02 (per sweep)
max trunc_err = 9.9925e-08, max E_trunc = -2.3741e-08
chi: [256, 256, 256, 256, 256, 256]
================================================================================
INFO:tenpy.algorithms.mps_common:TwoSiteDMRGEngine: Maximum number of sweeps reached
INFO:tenpy.tools.params:DMRG: reading 'norm_tol'=1e-05
INFO:tenpy.tools.params:DMRG: reading 'norm_tol_final'=1e-10
INFO:tenpy.tools.params:DMRG: reading 'norm_tol_iter'=5
WARNING:tenpy.algorithms.dmrg:final DMRG state not in canonical form up to norm_tol=1.00e-05: norm_err=9.15e-02
INFO:tenpy.algorithms.mps_common:start environment_sweep
INFO:tenpy.algorithms.mps_common:start environment_sweep
INFO:tenpy.algorithms.mps_common:start environment_sweep
INFO:tenpy.algorithms.mps_common:start environment_sweep
INFO:tenpy.algorithms.mps_common:start environment_sweep
WARNING:tenpy.algorithms.dmrg:final DMRG state not in canonical form up to norm_tol_final=1.00e-10: norm_err=3.17e-06, calling psi.canonical_form()
INFO:tenpy.algorithms.dmrg:TwoSiteDMRGEngine finished after 110 sweeps, max chi=256
INFO:tenpy.tools.params:DMRG: reading 'max_trunc_err'=0.0001
INFO:tenpy.tools.params:MixedHofstadterLandauGauge_Pi_2: reading 'explicit_plus_hc'=False
INFO:tenpy.tools.params:MixedHofstadterLandauGauge_Pi_2: reading 'Lx'=2
INFO:tenpy.tools.params:MixedHofstadterLandauGauge_Pi_2: setting 'N_rings'=2
INFO:tenpy.tools.params:MixedHofstadterLandauGauge_Pi_2: reading 'xy_lattice'='Square'
INFO:tenpy.tools.params:MixedHofstadterLandauGauge_Pi_2: reading 'Ly'=3
INFO:tenpy.tools.params:MixedHofstadterLandauGauge_Pi_2: reading 'ring_order'=None
INFO:tenpy.tools.params:MixedHofstadterLandauGauge_Pi_2: reading 'conserve_k'=True
INFO:tenpy.tools.params:MixedHofstadterLandauGauge_Pi_2: reading 'bc_MPS'='infinite'
INFO:tenpy.tools.params:MixedHofstadterLandauGauge_Pi_2: reading 't'=-1
INFO:tenpy.tools.params:MixedHofstadterLandauGauge_Pi_2: reading 't2'=-0.25
INFO:tenpy.tools.params:MixedHofstadterLandauGauge_Pi_2: reading 'V1'=0.6
INFO:tenpy.tools.params:MixedHofstadterLandauGauge_Pi_2: reading 'phi_ext'=np.float64(2.4000000000000004)
INFO:tenpy.tools.params:MixedHofstadterLandauGauge_Pi_2: reading 'sort_mpo_legs'=False
/home/t30/kna/ge54yin/Documents/MasterThesisFQHinTMDs/MPS_stuff/MPScalculations/.venv/lib/python3.12/site-packages/tenpy/tools/params.py:232: UserWarning: unused options for config MixedHofstadterLandauGauge_Pi_2:
['Delta', 'N_rings', 'Nsec', 'bc', 'chi_max', 'ktot', 'saveAll']
  warnings.warn(msg.format(keys=sorted(unused), name=self.name))
INFO:tenpy.tools.params:DMRG: reading 'active_sites'=2
INFO:tenpy.tools.params:DMRG: reading 'diag_method'='default'
INFO:tenpy.tools.params:DMRG: subconfig 'trunc_params'=Config(<5 options>, 'trunc_params')
INFO:tenpy.tools.params:DMRG: reading 'max_N_sites_per_ring'=18
INFO:tenpy.tools.params:DMRG: reading 'combine'=False
INFO:tenpy.tools.params:DMRG: subconfig 'lanczos_params'=Config(<9 options>, 'lanczos_params')
INFO:tenpy.tools.params:DMRG: reading 'chi_list'=None
INFO:tenpy.tools.params:DMRG: reading 'start_env'=1
INFO:tenpy.algorithms.mps_common:start environment_sweep
INFO:tenpy.tools.params:DMRG: reading 'N_sweeps_check'=10
INFO:tenpy.tools.params:DMRG: subconfig 'mixer_params'=Config(<3 options>, 'mixer_params')
INFO:tenpy.tools.params:DMRG: reading 'mixer'=None
INFO:tenpy.tools.params:DMRG: reading 'max_sweeps'=100
INFO:tenpy.tools.params:DMRG: reading 'max_hours'=8760
INFO:tenpy.tools.params:DMRG: reading 'P_tol_to_trunc'=0.05
INFO:tenpy.tools.params:DMRG: reading 'P_tol_min'=5.0000000000000004e-30
INFO:tenpy.tools.params:DMRG: reading 'P_tol_max'=0.0001
INFO:tenpy.tools.params:DMRG: reading 'E_tol_to_trunc'=None
INFO:tenpy.algorithms.dmrg:Running sweep with optimization
INFO:tenpy.tools.params:DMRG: reading 'max_N_for_ED'=400
INFO:tenpy.tools.params:DMRG: reading 'update_env'=5
INFO:tenpy.algorithms.mps_common:start environment_sweep
INFO:tenpy.algorithms.dmrg:checkpoint after sweep 10
energy=-0.2775525298329586, max S=2.4111803783841808, age=198, norm_err=1.0e-02
Current memory usage 223.0MB, wall time: 64.2s
Delta E = nan, Delta S = 6.7267e-02 (per sweep)
max trunc_err = 1.0378e-07, max E_trunc = -6.3111e-09
chi: [256, 256, 256, 256, 256, 256]
================================================================================
INFO:tenpy.algorithms.dmrg:Running sweep with optimization
INFO:tenpy.algorithms.mps_common:start environment_sweep
INFO:tenpy.algorithms.dmrg:checkpoint after sweep 20
energy=0.1319979045137458, max S=2.1931281550101831, age=378, norm_err=2.1e-02
Current memory usage 223.0MB, wall time: 64.9s
Delta E = 4.0955e-02, Delta S = -1.1352e-02 (per sweep)
max trunc_err = 7.7154e-08, max E_trunc = -2.1181e-08
chi: [256, 256, 256, 256, 256, 256]
================================================================================
INFO:tenpy.tools.params:DMRG: reading 'max_E_err'=1e-08
INFO:tenpy.tools.params:DMRG: reading 'max_S_err'=1e-05
INFO:tenpy.algorithms.dmrg:Running sweep with optimization
INFO:tenpy.algorithms.mps_common:start environment_sweep
INFO:tenpy.algorithms.dmrg:checkpoint after sweep 30
energy=-0.4006004622150125, max S=0.9418613253068591, age=558, norm_err=4.8e-05
Current memory usage 223.0MB, wall time: 65.2s
Delta E = -5.3260e-02, Delta S = -1.5396e-01 (per sweep)
max trunc_err = 9.9394e-08, max E_trunc = -2.4222e-08
chi: [256, 255, 256, 256, 256, 256]
================================================================================
INFO:tenpy.algorithms.dmrg:Running sweep with optimization
INFO:tenpy.algorithms.mps_common:start environment_sweep
INFO:tenpy.algorithms.dmrg:checkpoint after sweep 40
energy=-0.4120125044242684, max S=1.0469751847888389, age=738, norm_err=2.1e-03
Current memory usage 223.0MB, wall time: 49.0s
Delta E = -1.1412e-03, Delta S = 9.6409e-03 (per sweep)
max trunc_err = 2.2955e-08, max E_trunc = -3.4839e-09
chi: [256, 256, 256, 256, 256, 256]
================================================================================
INFO:tenpy.algorithms.dmrg:Running sweep with optimization
INFO:tenpy.algorithms.mps_common:start environment_sweep
INFO:tenpy.algorithms.dmrg:checkpoint after sweep 50
energy=-0.4134137907798514, max S=1.3068592006564326, age=918, norm_err=8.9e-01
Current memory usage 223.0MB, wall time: 37.1s
Delta E = -1.4013e-04, Delta S = 2.8214e-02 (per sweep)
max trunc_err = 2.1511e-08, max E_trunc = 2.4269e-09
chi: [256, 256, 256, 256, 256, 256]
================================================================================
INFO:tenpy.algorithms.dmrg:Running sweep with optimization
INFO:tenpy.algorithms.mps_common:start environment_sweep
INFO:tenpy.algorithms.dmrg:checkpoint after sweep 60
energy=-0.2795806244570684, max S=1.9361060698548174, age=1098, norm_err=1.4e-03
Current memory usage 223.0MB, wall time: 64.6s
Delta E = 1.3383e-02, Delta S = 7.9945e-02 (per sweep)
max trunc_err = 1.2061e-07, max E_trunc = 6.7644e-12
chi: [256, 255, 256, 256, 256, 256]
================================================================================
INFO:tenpy.algorithms.dmrg:Running sweep with optimization
INFO:tenpy.algorithms.mps_common:start environment_sweep
INFO:tenpy.algorithms.dmrg:checkpoint after sweep 70
energy=0.0243949912680392, max S=1.5284449784531380, age=1278, norm_err=2.2e-01
Current memory usage 223.0MB, wall time: 63.1s
Delta E = 3.0398e-02, Delta S = -3.3304e-02 (per sweep)
max trunc_err = 1.9726e-08, max E_trunc = -1.2506e-11
chi: [256, 256, 256, 256, 256, 256]
================================================================================
INFO:tenpy.algorithms.dmrg:Running sweep with optimization
INFO:tenpy.algorithms.mps_common:start environment_sweep
INFO:tenpy.algorithms.dmrg:checkpoint after sweep 80
energy=-0.3996386979525539, max S=1.7238916730031593, age=1458, norm_err=3.5e-02
Current memory usage 223.0MB, wall time: 62.8s
Delta E = -4.2403e-02, Delta S = -5.2537e-03 (per sweep)
max trunc_err = 4.6244e-08, max E_trunc = -3.2620e-08
chi: [256, 255, 256, 256, 256, 256]
================================================================================
INFO:tenpy.algorithms.dmrg:Running sweep with optimization
INFO:tenpy.algorithms.mps_common:start environment_sweep
INFO:tenpy.algorithms.dmrg:checkpoint after sweep 90
energy=0.0375904993183838, max S=2.3267492972597799, age=1638, norm_err=5.3e-02
Current memory usage 223.0MB, wall time: 63.9s
Delta E = 4.3723e-02, Delta S = 8.8709e-02 (per sweep)
max trunc_err = 3.4912e-08, max E_trunc = -1.7145e-08
chi: [256, 256, 256, 256, 256, 256]
================================================================================
INFO:tenpy.algorithms.dmrg:Running sweep with optimization
INFO:tenpy.algorithms.mps_common:start environment_sweep
INFO:tenpy.algorithms.dmrg:checkpoint after sweep 100
energy=0.9641782778280875, max S=1.2071717940939113, age=1818, norm_err=7.3e-02
Current memory usage 223.0MB, wall time: 63.1s
Delta E = 9.2659e-02, Delta S = -1.2604e-01 (per sweep)
max trunc_err = 5.4780e-08, max E_trunc = -1.9699e-08
chi: [256, 256, 256, 256, 256, 256]
================================================================================
INFO:tenpy.algorithms.dmrg:Running sweep with optimization
INFO:tenpy.algorithms.mps_common:start environment_sweep
INFO:tenpy.algorithms.dmrg:checkpoint after sweep 110
energy=-0.4087056460747268, max S=1.4636597440352230, age=1998, norm_err=6.1e-01
Current memory usage 223.0MB, wall time: 33.7s
Delta E = -1.3729e-01, Delta S = 1.7653e-02 (per sweep)
max trunc_err = 1.4441e-07, max E_trunc = 1.5858e-08
chi: [256, 256, 256, 256, 256, 256]
================================================================================
INFO:tenpy.algorithms.mps_common:TwoSiteDMRGEngine: Maximum number of sweeps reached
INFO:tenpy.tools.params:DMRG: reading 'norm_tol'=1e-05
INFO:tenpy.tools.params:DMRG: reading 'norm_tol_final'=1e-10
INFO:tenpy.tools.params:DMRG: reading 'norm_tol_iter'=5
WARNING:tenpy.algorithms.dmrg:final DMRG state not in canonical form up to norm_tol=1.00e-05: norm_err=6.15e-01
INFO:tenpy.algorithms.mps_common:start environment_sweep
INFO:tenpy.algorithms.mps_common:start environment_sweep
INFO:tenpy.algorithms.mps_common:start environment_sweep
INFO:tenpy.algorithms.mps_common:start environment_sweep
INFO:tenpy.algorithms.mps_common:start environment_sweep
WARNING:tenpy.algorithms.dmrg:norm_err=2.70e-01 still too high after environment_sweeps
WARNING:tenpy.algorithms.dmrg:final DMRG state not in canonical form up to norm_tol_final=1.00e-10: norm_err=2.70e-01, calling psi.canonical_form()
INFO:tenpy.algorithms.dmrg:TwoSiteDMRGEngine finished after 110 sweeps, max chi=256
INFO:tenpy.tools.params:DMRG: reading 'max_trunc_err'=0.0001
INFO:tenpy.tools.params:MixedHofstadterLandauGauge_Pi_2: reading 'explicit_plus_hc'=False
INFO:tenpy.tools.params:MixedHofstadterLandauGauge_Pi_2: reading 'Lx'=2
INFO:tenpy.tools.params:MixedHofstadterLandauGauge_Pi_2: setting 'N_rings'=2
INFO:tenpy.tools.params:MixedHofstadterLandauGauge_Pi_2: reading 'xy_lattice'='Square'
INFO:tenpy.tools.params:MixedHofstadterLandauGauge_Pi_2: reading 'Ly'=3
INFO:tenpy.tools.params:MixedHofstadterLandauGauge_Pi_2: reading 'ring_order'=None
INFO:tenpy.tools.params:MixedHofstadterLandauGauge_Pi_2: reading 'conserve_k'=True
INFO:tenpy.tools.params:MixedHofstadterLandauGauge_Pi_2: reading 'bc_MPS'='infinite'
INFO:tenpy.tools.params:MixedHofstadterLandauGauge_Pi_2: reading 't'=-1
INFO:tenpy.tools.params:MixedHofstadterLandauGauge_Pi_2: reading 't2'=-0.25
INFO:tenpy.tools.params:MixedHofstadterLandauGauge_Pi_2: reading 'V1'=0.6
INFO:tenpy.tools.params:MixedHofstadterLandauGauge_Pi_2: reading 'phi_ext'=np.float64(2.45)
INFO:tenpy.tools.params:MixedHofstadterLandauGauge_Pi_2: reading 'sort_mpo_legs'=False
/home/t30/kna/ge54yin/Documents/MasterThesisFQHinTMDs/MPS_stuff/MPScalculations/.venv/lib/python3.12/site-packages/tenpy/tools/params.py:232: UserWarning: unused options for config MixedHofstadterLandauGauge_Pi_2:
['Delta', 'N_rings', 'Nsec', 'bc', 'chi_max', 'ktot', 'saveAll']
  warnings.warn(msg.format(keys=sorted(unused), name=self.name))
INFO:tenpy.tools.params:DMRG: reading 'active_sites'=2
INFO:tenpy.tools.params:DMRG: reading 'diag_method'='default'
INFO:tenpy.tools.params:DMRG: subconfig 'trunc_params'=Config(<5 options>, 'trunc_params')
INFO:tenpy.tools.params:DMRG: reading 'max_N_sites_per_ring'=18
INFO:tenpy.tools.params:DMRG: reading 'combine'=False
INFO:tenpy.tools.params:DMRG: subconfig 'lanczos_params'=Config(<9 options>, 'lanczos_params')
INFO:tenpy.tools.params:DMRG: reading 'chi_list'=None
INFO:tenpy.tools.params:DMRG: reading 'start_env'=1
INFO:tenpy.algorithms.mps_common:start environment_sweep
INFO:tenpy.tools.params:DMRG: reading 'N_sweeps_check'=10
INFO:tenpy.tools.params:DMRG: subconfig 'mixer_params'=Config(<3 options>, 'mixer_params')
INFO:tenpy.tools.params:DMRG: reading 'mixer'=None
INFO:tenpy.tools.params:DMRG: reading 'max_sweeps'=100
INFO:tenpy.tools.params:DMRG: reading 'max_hours'=8760
INFO:tenpy.tools.params:DMRG: reading 'P_tol_to_trunc'=0.05
INFO:tenpy.tools.params:DMRG: reading 'P_tol_min'=5.0000000000000004e-30
INFO:tenpy.tools.params:DMRG: reading 'P_tol_max'=0.0001
INFO:tenpy.tools.params:DMRG: reading 'E_tol_to_trunc'=None
INFO:tenpy.algorithms.dmrg:Running sweep with optimization
INFO:tenpy.tools.params:DMRG: reading 'max_N_for_ED'=400
INFO:tenpy.tools.params:DMRG: reading 'update_env'=5
INFO:tenpy.algorithms.mps_common:start environment_sweep
INFO:tenpy.algorithms.dmrg:checkpoint after sweep 10
energy=0.1285975172607034, max S=1.6084542240193282, age=198, norm_err=2.6e-02
Current memory usage 223.9MB, wall time: 63.7s
Delta E = nan, Delta S = -1.8361e-02 (per sweep)
max trunc_err = 6.5674e-08, max E_trunc = -8.0200e-09
chi: [255, 255, 256, 256, 256, 256]
================================================================================
INFO:tenpy.algorithms.dmrg:Running sweep with optimization
INFO:tenpy.algorithms.mps_common:start environment_sweep
INFO:tenpy.algorithms.dmrg:checkpoint after sweep 20
energy=0.0983362934661471, max S=1.7878407846860189, age=378, norm_err=5.9e-02
Current memory usage 223.9MB, wall time: 64.7s
Delta E = -3.0261e-03, Delta S = 1.3162e-02 (per sweep)
max trunc_err = 1.2375e-07, max E_trunc = -1.1187e-08
chi: [256, 256, 256, 256, 256, 256]
================================================================================
INFO:tenpy.tools.params:DMRG: reading 'max_E_err'=1e-08
INFO:tenpy.tools.params:DMRG: reading 'max_S_err'=1e-05
INFO:tenpy.algorithms.dmrg:Running sweep with optimization
INFO:tenpy.algorithms.mps_common:start environment_sweep
INFO:tenpy.algorithms.dmrg:checkpoint after sweep 30
energy=0.2248497656060096, max S=1.8430804321523730, age=558, norm_err=1.6e-01
Current memory usage 223.9MB, wall time: 64.1s
Delta E = 1.2651e-02, Delta S = 1.4450e-03 (per sweep)
max trunc_err = 1.3454e-07, max E_trunc = -1.7644e-08
chi: [256, 256, 256, 256, 256, 256]
================================================================================
INFO:tenpy.algorithms.dmrg:Running sweep with optimization
INFO:tenpy.algorithms.mps_common:start environment_sweep
INFO:tenpy.algorithms.dmrg:checkpoint after sweep 40
energy=0.1596289447470672, max S=1.2550631473393101, age=738, norm_err=8.7e-02
Current memory usage 223.9MB, wall time: 65.1s
Delta E = -6.5221e-03, Delta S = -5.9409e-02 (per sweep)
max trunc_err = 6.5942e-08, max E_trunc = -2.5709e-08
chi: [256, 255, 256, 256, 256, 256]
================================================================================
INFO:tenpy.algorithms.dmrg:Running sweep with optimization
INFO:tenpy.algorithms.mps_common:start environment_sweep
INFO:tenpy.algorithms.dmrg:checkpoint after sweep 50
energy=0.1326933253981556, max S=1.8311914097401705, age=918, norm_err=8.8e-02
Current memory usage 223.9MB, wall time: 63.6s
Delta E = -2.6936e-03, Delta S = 5.7637e-02 (per sweep)
max trunc_err = 4.2557e-08, max E_trunc = -1.0232e-12
chi: [254, 244, 256, 256, 256, 256]
================================================================================
INFO:tenpy.algorithms.dmrg:Running sweep with optimization
INFO:tenpy.algorithms.mps_common:start environment_sweep
INFO:tenpy.algorithms.dmrg:checkpoint after sweep 60
energy=-0.4069640747124955, max S=0.9167333011643020, age=1098, norm_err=3.9e-06
Current memory usage 223.9MB, wall time: 64.1s
Delta E = -5.3966e-02, Delta S = -1.0948e-01 (per sweep)
max trunc_err = 9.2729e-08, max E_trunc = -1.4482e-08
chi: [256, 256, 256, 256, 256, 256]
================================================================================
INFO:tenpy.algorithms.dmrg:Running sweep with optimization
INFO:tenpy.algorithms.mps_common:start environment_sweep
INFO:tenpy.algorithms.dmrg:checkpoint after sweep 70
energy=-0.4123204033941666, max S=1.0575150393328183, age=1278, norm_err=9.0e-07
Current memory usage 223.9MB, wall time: 20.6s
Delta E = -5.3563e-04, Delta S = 1.4439e-02 (per sweep)
max trunc_err = 1.3302e-10, max E_trunc = 1.2190e-09
chi: [256, 256, 256, 256, 256, 256]
================================================================================
INFO:tenpy.algorithms.dmrg:Running sweep with optimization
INFO:tenpy.algorithms.mps_common:start environment_sweep
INFO:tenpy.algorithms.dmrg:checkpoint after sweep 80
energy=-0.4123204178117608, max S=1.0588064633524887, age=1458, norm_err=2.9e-06
Current memory usage 223.9MB, wall time: 45.9s
Delta E = -1.4418e-09, Delta S = 1.3290e-04 (per sweep)
max trunc_err = 6.5858e-10, max E_trunc = 4.4993e-09
chi: [256, 256, 256, 256, 256, 256]
================================================================================
INFO:tenpy.algorithms.dmrg:Running sweep with optimization
INFO:tenpy.algorithms.mps_common:start environment_sweep
INFO:tenpy.algorithms.dmrg:checkpoint after sweep 90
energy=-0.4128249109195773, max S=1.5846762423458576, age=1638, norm_err=5.9e-01
Current memory usage 223.9MB, wall time: 59.6s
Delta E = -5.0449e-05, Delta S = 6.4752e-02 (per sweep)
max trunc_err = 1.7818e-08, max E_trunc = 6.5898e-08
chi: [256, 256, 256, 256, 256, 256]
================================================================================
INFO:tenpy.algorithms.dmrg:Running sweep with optimization
INFO:tenpy.algorithms.mps_common:start environment_sweep
INFO:tenpy.algorithms.dmrg:checkpoint after sweep 100
energy=-0.4128188456487862, max S=1.3518379631517206, age=1818, norm_err=8.5e-01
Current memory usage 223.9MB, wall time: 62.0s
Delta E = 6.0653e-07, Delta S = -5.0265e-02 (per sweep)
max trunc_err = 1.0680e-08, max E_trunc = 4.3549e-08
chi: [256, 256, 256, 256, 256, 256]
================================================================================
INFO:tenpy.algorithms.dmrg:Running sweep with optimization
INFO:tenpy.algorithms.mps_common:start environment_sweep
INFO:tenpy.algorithms.dmrg:checkpoint after sweep 110
energy=-0.4128082242142170, max S=1.1378447104502634, age=1998, norm_err=9.0e-01
Current memory usage 223.9MB, wall time: 61.4s
Delta E = 1.0621e-06, Delta S = -8.9212e-03 (per sweep)
max trunc_err = 8.7003e-09, max E_trunc = 1.4182e-08
chi: [256, 256, 256, 256, 256, 256]
================================================================================
INFO:tenpy.algorithms.mps_common:TwoSiteDMRGEngine: Maximum number of sweeps reached
INFO:tenpy.tools.params:DMRG: reading 'norm_tol'=1e-05
INFO:tenpy.tools.params:DMRG: reading 'norm_tol_final'=1e-10
INFO:tenpy.tools.params:DMRG: reading 'norm_tol_iter'=5
WARNING:tenpy.algorithms.dmrg:final DMRG state not in canonical form up to norm_tol=1.00e-05: norm_err=8.96e-01
INFO:tenpy.algorithms.mps_common:start environment_sweep
INFO:tenpy.algorithms.mps_common:start environment_sweep
INFO:tenpy.algorithms.mps_common:start environment_sweep
INFO:tenpy.algorithms.mps_common:start environment_sweep
INFO:tenpy.algorithms.mps_common:start environment_sweep
WARNING:tenpy.algorithms.dmrg:norm_err=9.21e-01 still too high after environment_sweeps
WARNING:tenpy.algorithms.dmrg:final DMRG state not in canonical form up to norm_tol_final=1.00e-10: norm_err=9.21e-01, calling psi.canonical_form()
INFO:tenpy.algorithms.dmrg:TwoSiteDMRGEngine finished after 110 sweeps, max chi=256
INFO:tenpy.tools.params:DMRG: reading 'max_trunc_err'=0.0001
INFO:tenpy.tools.params:MixedHofstadterLandauGauge_Pi_2: reading 'explicit_plus_hc'=False
INFO:tenpy.tools.params:MixedHofstadterLandauGauge_Pi_2: reading 'Lx'=2
INFO:tenpy.tools.params:MixedHofstadterLandauGauge_Pi_2: setting 'N_rings'=2
INFO:tenpy.tools.params:MixedHofstadterLandauGauge_Pi_2: reading 'xy_lattice'='Square'
INFO:tenpy.tools.params:MixedHofstadterLandauGauge_Pi_2: reading 'Ly'=3
INFO:tenpy.tools.params:MixedHofstadterLandauGauge_Pi_2: reading 'ring_order'=None
INFO:tenpy.tools.params:MixedHofstadterLandauGauge_Pi_2: reading 'conserve_k'=True
INFO:tenpy.tools.params:MixedHofstadterLandauGauge_Pi_2: reading 'bc_MPS'='infinite'
INFO:tenpy.tools.params:MixedHofstadterLandauGauge_Pi_2: reading 't'=-1
INFO:tenpy.tools.params:MixedHofstadterLandauGauge_Pi_2: reading 't2'=-0.25
INFO:tenpy.tools.params:MixedHofstadterLandauGauge_Pi_2: reading 'V1'=0.6
INFO:tenpy.tools.params:MixedHofstadterLandauGauge_Pi_2: reading 'phi_ext'=np.float64(2.5)
INFO:tenpy.tools.params:MixedHofstadterLandauGauge_Pi_2: reading 'sort_mpo_legs'=False
/home/t30/kna/ge54yin/Documents/MasterThesisFQHinTMDs/MPS_stuff/MPScalculations/.venv/lib/python3.12/site-packages/tenpy/tools/params.py:232: UserWarning: unused options for config MixedHofstadterLandauGauge_Pi_2:
['Delta', 'N_rings', 'Nsec', 'bc', 'chi_max', 'ktot', 'saveAll']
  warnings.warn(msg.format(keys=sorted(unused), name=self.name))
INFO:tenpy.tools.params:DMRG: reading 'active_sites'=2
INFO:tenpy.tools.params:DMRG: reading 'diag_method'='default'
INFO:tenpy.tools.params:DMRG: subconfig 'trunc_params'=Config(<5 options>, 'trunc_params')
INFO:tenpy.tools.params:DMRG: reading 'max_N_sites_per_ring'=18
INFO:tenpy.tools.params:DMRG: reading 'combine'=False
INFO:tenpy.tools.params:DMRG: subconfig 'lanczos_params'=Config(<9 options>, 'lanczos_params')
INFO:tenpy.tools.params:DMRG: reading 'chi_list'=None
INFO:tenpy.tools.params:DMRG: reading 'start_env'=1
INFO:tenpy.algorithms.mps_common:start environment_sweep
INFO:tenpy.tools.params:DMRG: reading 'N_sweeps_check'=10
INFO:tenpy.tools.params:DMRG: subconfig 'mixer_params'=Config(<3 options>, 'mixer_params')
INFO:tenpy.tools.params:DMRG: reading 'mixer'=None
INFO:tenpy.tools.params:DMRG: reading 'max_sweeps'=100
INFO:tenpy.tools.params:DMRG: reading 'max_hours'=8760
INFO:tenpy.tools.params:DMRG: reading 'P_tol_to_trunc'=0.05
INFO:tenpy.tools.params:DMRG: reading 'P_tol_min'=5.0000000000000004e-30
INFO:tenpy.tools.params:DMRG: reading 'P_tol_max'=0.0001
INFO:tenpy.tools.params:DMRG: reading 'E_tol_to_trunc'=None
INFO:tenpy.algorithms.dmrg:Running sweep with optimization
INFO:tenpy.tools.params:DMRG: reading 'max_N_for_ED'=400
INFO:tenpy.tools.params:DMRG: reading 'update_env'=5
INFO:tenpy.algorithms.mps_common:start environment_sweep
INFO:tenpy.algorithms.dmrg:checkpoint after sweep 10
energy=-0.4019883248388183, max S=1.5998473832913860, age=198, norm_err=1.5e-02
Current memory usage 223.9MB, wall time: 64.3s
Delta E = nan, Delta S = -4.1593e-02 (per sweep)
max trunc_err = 2.9155e-08, max E_trunc = 5.9487e-11
chi: [256, 256, 256, 256, 256, 256]
================================================================================
INFO:tenpy.algorithms.dmrg:Running sweep with optimization
INFO:tenpy.algorithms.mps_common:start environment_sweep
INFO:tenpy.algorithms.dmrg:checkpoint after sweep 20
energy=-0.4125742563701706, max S=1.0120942820458985, age=378, norm_err=5.5e-08
Current memory usage 223.9MB, wall time: 20.6s
Delta E = -1.0586e-03, Delta S = -6.5261e-02 (per sweep)
max trunc_err = 6.5376e-11, max E_trunc = 7.2859e-10
chi: [256, 256, 256, 256, 256, 256]
================================================================================
INFO:tenpy.tools.params:DMRG: reading 'max_E_err'=1e-08
INFO:tenpy.tools.params:DMRG: reading 'max_S_err'=1e-05
INFO:tenpy.algorithms.dmrg:Running sweep with optimization
INFO:tenpy.algorithms.mps_common:start environment_sweep
INFO:tenpy.algorithms.dmrg:checkpoint after sweep 30
energy=-0.4125742568363672, max S=1.0121362898668056, age=558, norm_err=1.8e-09
Current memory usage 223.9MB, wall time: 22.9s
Delta E = -4.6620e-11, Delta S = 4.3232e-06 (per sweep)
max trunc_err = 1.7814e-10, max E_trunc = 1.2537e-09
chi: [256, 256, 256, 256, 256, 256]
================================================================================
INFO:tenpy.tools.params:DMRG: reading 'norm_tol'=1e-05
INFO:tenpy.tools.params:DMRG: reading 'norm_tol_final'=1e-10
INFO:tenpy.tools.params:DMRG: reading 'norm_tol_iter'=5
WARNING:tenpy.algorithms.dmrg:final DMRG state not in canonical form up to norm_tol_final=1.00e-10: norm_err=1.84e-09, calling psi.canonical_form()
INFO:tenpy.algorithms.dmrg:TwoSiteDMRGEngine finished after 30 sweeps, max chi=256
INFO:tenpy.tools.params:DMRG: reading 'max_trunc_err'=0.0001
INFO:tenpy.tools.params:MixedHofstadterLandauGauge_Pi_2: reading 'explicit_plus_hc'=False
INFO:tenpy.tools.params:MixedHofstadterLandauGauge_Pi_2: reading 'Lx'=2
INFO:tenpy.tools.params:MixedHofstadterLandauGauge_Pi_2: setting 'N_rings'=2
INFO:tenpy.tools.params:MixedHofstadterLandauGauge_Pi_2: reading 'xy_lattice'='Square'
INFO:tenpy.tools.params:MixedHofstadterLandauGauge_Pi_2: reading 'Ly'=3
INFO:tenpy.tools.params:MixedHofstadterLandauGauge_Pi_2: reading 'ring_order'=None
INFO:tenpy.tools.params:MixedHofstadterLandauGauge_Pi_2: reading 'conserve_k'=True
INFO:tenpy.tools.params:MixedHofstadterLandauGauge_Pi_2: reading 'bc_MPS'='infinite'
INFO:tenpy.tools.params:MixedHofstadterLandauGauge_Pi_2: reading 't'=-1
INFO:tenpy.tools.params:MixedHofstadterLandauGauge_Pi_2: reading 't2'=-0.25
INFO:tenpy.tools.params:MixedHofstadterLandauGauge_Pi_2: reading 'V1'=0.6
INFO:tenpy.tools.params:MixedHofstadterLandauGauge_Pi_2: reading 'phi_ext'=np.float64(2.5500000000000003)
INFO:tenpy.tools.params:MixedHofstadterLandauGauge_Pi_2: reading 'sort_mpo_legs'=False
/home/t30/kna/ge54yin/Documents/MasterThesisFQHinTMDs/MPS_stuff/MPScalculations/.venv/lib/python3.12/site-packages/tenpy/tools/params.py:232: UserWarning: unused options for config MixedHofstadterLandauGauge_Pi_2:
['Delta', 'N_rings', 'Nsec', 'bc', 'chi_max', 'ktot', 'saveAll']
  warnings.warn(msg.format(keys=sorted(unused), name=self.name))
INFO:tenpy.tools.params:DMRG: reading 'active_sites'=2
INFO:tenpy.tools.params:DMRG: reading 'diag_method'='default'
INFO:tenpy.tools.params:DMRG: subconfig 'trunc_params'=Config(<5 options>, 'trunc_params')
INFO:tenpy.tools.params:DMRG: reading 'max_N_sites_per_ring'=18
INFO:tenpy.tools.params:DMRG: reading 'combine'=False
INFO:tenpy.tools.params:DMRG: subconfig 'lanczos_params'=Config(<9 options>, 'lanczos_params')
INFO:tenpy.tools.params:DMRG: reading 'chi_list'=None
INFO:tenpy.tools.params:DMRG: reading 'start_env'=1
INFO:tenpy.algorithms.mps_common:start environment_sweep
INFO:tenpy.tools.params:DMRG: reading 'N_sweeps_check'=10
INFO:tenpy.tools.params:DMRG: subconfig 'mixer_params'=Config(<3 options>, 'mixer_params')
INFO:tenpy.tools.params:DMRG: reading 'mixer'=None
INFO:tenpy.tools.params:DMRG: reading 'max_sweeps'=100
INFO:tenpy.tools.params:DMRG: reading 'max_hours'=8760
INFO:tenpy.tools.params:DMRG: reading 'P_tol_to_trunc'=0.05
INFO:tenpy.tools.params:DMRG: reading 'P_tol_min'=5.0000000000000004e-30
INFO:tenpy.tools.params:DMRG: reading 'P_tol_max'=0.0001
INFO:tenpy.tools.params:DMRG: reading 'E_tol_to_trunc'=None
INFO:tenpy.algorithms.dmrg:Running sweep with optimization
INFO:tenpy.tools.params:DMRG: reading 'max_N_for_ED'=400
INFO:tenpy.tools.params:DMRG: reading 'update_env'=5
INFO:tenpy.algorithms.mps_common:start environment_sweep
INFO:tenpy.algorithms.dmrg:checkpoint after sweep 10
energy=-0.4128404054803181, max S=0.9424578778135666, age=198, norm_err=1.5e-09
Current memory usage 223.9MB, wall time: 21.6s
Delta E = nan, Delta S = -5.0688e-03 (per sweep)
max trunc_err = 3.3003e-11, max E_trunc = 3.4733e-10
chi: [256, 256, 256, 256, 256, 256]
================================================================================
INFO:tenpy.algorithms.dmrg:Running sweep with optimization
INFO:tenpy.algorithms.mps_common:start environment_sweep
INFO:tenpy.algorithms.dmrg:checkpoint after sweep 20
energy=-0.4128404054805681, max S=0.9424596518784027, age=378, norm_err=6.6e-10
Current memory usage 223.9MB, wall time: 17.6s
Delta E = -2.4991e-14, Delta S = 1.8482e-07 (per sweep)
max trunc_err = 7.8472e-11, max E_trunc = 5.6997e-10
chi: [256, 256, 256, 256, 256, 256]
================================================================================
INFO:tenpy.tools.params:DMRG: reading 'max_E_err'=1e-08
INFO:tenpy.tools.params:DMRG: reading 'max_S_err'=1e-05
INFO:tenpy.tools.params:DMRG: reading 'norm_tol'=1e-05
INFO:tenpy.tools.params:DMRG: reading 'norm_tol_final'=1e-10
INFO:tenpy.tools.params:DMRG: reading 'norm_tol_iter'=5
WARNING:tenpy.algorithms.dmrg:final DMRG state not in canonical form up to norm_tol_final=1.00e-10: norm_err=6.59e-10, calling psi.canonical_form()
INFO:tenpy.algorithms.dmrg:TwoSiteDMRGEngine finished after 20 sweeps, max chi=256
INFO:tenpy.tools.params:DMRG: reading 'max_trunc_err'=0.0001
INFO:tenpy.tools.params:MixedHofstadterLandauGauge_Pi_2: reading 'explicit_plus_hc'=False
INFO:tenpy.tools.params:MixedHofstadterLandauGauge_Pi_2: reading 'Lx'=2
INFO:tenpy.tools.params:MixedHofstadterLandauGauge_Pi_2: setting 'N_rings'=2
INFO:tenpy.tools.params:MixedHofstadterLandauGauge_Pi_2: reading 'xy_lattice'='Square'
INFO:tenpy.tools.params:MixedHofstadterLandauGauge_Pi_2: reading 'Ly'=3
INFO:tenpy.tools.params:MixedHofstadterLandauGauge_Pi_2: reading 'ring_order'=None
INFO:tenpy.tools.params:MixedHofstadterLandauGauge_Pi_2: reading 'conserve_k'=True
INFO:tenpy.tools.params:MixedHofstadterLandauGauge_Pi_2: reading 'bc_MPS'='infinite'
INFO:tenpy.tools.params:MixedHofstadterLandauGauge_Pi_2: reading 't'=-1
INFO:tenpy.tools.params:MixedHofstadterLandauGauge_Pi_2: reading 't2'=-0.25
INFO:tenpy.tools.params:MixedHofstadterLandauGauge_Pi_2: reading 'V1'=0.6
INFO:tenpy.tools.params:MixedHofstadterLandauGauge_Pi_2: reading 'phi_ext'=np.float64(2.6)
INFO:tenpy.tools.params:MixedHofstadterLandauGauge_Pi_2: reading 'sort_mpo_legs'=False
/home/t30/kna/ge54yin/Documents/MasterThesisFQHinTMDs/MPS_stuff/MPScalculations/.venv/lib/python3.12/site-packages/tenpy/tools/params.py:232: UserWarning: unused options for config MixedHofstadterLandauGauge_Pi_2:
['Delta', 'N_rings', 'Nsec', 'bc', 'chi_max', 'ktot', 'saveAll']
  warnings.warn(msg.format(keys=sorted(unused), name=self.name))
INFO:tenpy.tools.params:DMRG: reading 'active_sites'=2
INFO:tenpy.tools.params:DMRG: reading 'diag_method'='default'
INFO:tenpy.tools.params:DMRG: subconfig 'trunc_params'=Config(<5 options>, 'trunc_params')
INFO:tenpy.tools.params:DMRG: reading 'max_N_sites_per_ring'=18
INFO:tenpy.tools.params:DMRG: reading 'combine'=False
INFO:tenpy.tools.params:DMRG: subconfig 'lanczos_params'=Config(<9 options>, 'lanczos_params')
INFO:tenpy.tools.params:DMRG: reading 'chi_list'=None
INFO:tenpy.tools.params:DMRG: reading 'start_env'=1
INFO:tenpy.algorithms.mps_common:start environment_sweep
INFO:tenpy.tools.params:DMRG: reading 'N_sweeps_check'=10
INFO:tenpy.tools.params:DMRG: subconfig 'mixer_params'=Config(<3 options>, 'mixer_params')
INFO:tenpy.tools.params:DMRG: reading 'mixer'=None
INFO:tenpy.tools.params:DMRG: reading 'max_sweeps'=100
INFO:tenpy.tools.params:DMRG: reading 'max_hours'=8760
INFO:tenpy.tools.params:DMRG: reading 'P_tol_to_trunc'=0.05
INFO:tenpy.tools.params:DMRG: reading 'P_tol_min'=5.0000000000000004e-30
INFO:tenpy.tools.params:DMRG: reading 'P_tol_max'=0.0001
INFO:tenpy.tools.params:DMRG: reading 'E_tol_to_trunc'=None
INFO:tenpy.algorithms.dmrg:Running sweep with optimization
INFO:tenpy.tools.params:DMRG: reading 'max_N_for_ED'=400
INFO:tenpy.tools.params:DMRG: reading 'update_env'=5
INFO:tenpy.algorithms.mps_common:start environment_sweep
INFO:tenpy.algorithms.dmrg:checkpoint after sweep 10
energy=-0.4131478689605548, max S=0.8550398696092982, age=198, norm_err=4.0e-10
Current memory usage 223.9MB, wall time: 21.6s
Delta E = nan, Delta S = -6.5259e-03 (per sweep)
max trunc_err = 1.2314e-11, max E_trunc = 1.3338e-10
chi: [256, 256, 256, 256, 256, 256]
================================================================================
INFO:tenpy.algorithms.dmrg:Running sweep with optimization
INFO:tenpy.algorithms.mps_common:start environment_sweep
INFO:tenpy.algorithms.dmrg:checkpoint after sweep 20
energy=-0.4131478689587761, max S=0.8550401441943104, age=378, norm_err=3.1e-11
Current memory usage 223.9MB, wall time: 17.3s
Delta E = 1.7787e-13, Delta S = 2.8076e-08 (per sweep)
max trunc_err = 2.7275e-11, max E_trunc = 2.0640e-10
chi: [256, 256, 256, 256, 256, 256]
================================================================================
INFO:tenpy.tools.params:DMRG: reading 'max_E_err'=1e-08
INFO:tenpy.tools.params:DMRG: reading 'max_S_err'=1e-05
INFO:tenpy.tools.params:DMRG: reading 'norm_tol'=1e-05
INFO:tenpy.tools.params:DMRG: reading 'norm_tol_final'=1e-10
INFO:tenpy.tools.params:DMRG: reading 'norm_tol_iter'=5
INFO:tenpy.algorithms.dmrg:TwoSiteDMRGEngine finished after 20 sweeps, max chi=256
INFO:tenpy.tools.params:DMRG: reading 'max_trunc_err'=0.0001
INFO:tenpy.tools.params:MixedHofstadterLandauGauge_Pi_2: reading 'explicit_plus_hc'=False
INFO:tenpy.tools.params:MixedHofstadterLandauGauge_Pi_2: reading 'Lx'=2
INFO:tenpy.tools.params:MixedHofstadterLandauGauge_Pi_2: setting 'N_rings'=2
INFO:tenpy.tools.params:MixedHofstadterLandauGauge_Pi_2: reading 'xy_lattice'='Square'
INFO:tenpy.tools.params:MixedHofstadterLandauGauge_Pi_2: reading 'Ly'=3
INFO:tenpy.tools.params:MixedHofstadterLandauGauge_Pi_2: reading 'ring_order'=None
INFO:tenpy.tools.params:MixedHofstadterLandauGauge_Pi_2: reading 'conserve_k'=True
INFO:tenpy.tools.params:MixedHofstadterLandauGauge_Pi_2: reading 'bc_MPS'='infinite'
INFO:tenpy.tools.params:MixedHofstadterLandauGauge_Pi_2: reading 't'=-1
INFO:tenpy.tools.params:MixedHofstadterLandauGauge_Pi_2: reading 't2'=-0.25
INFO:tenpy.tools.params:MixedHofstadterLandauGauge_Pi_2: reading 'V1'=0.6
INFO:tenpy.tools.params:MixedHofstadterLandauGauge_Pi_2: reading 'phi_ext'=np.float64(2.6500000000000004)
INFO:tenpy.tools.params:MixedHofstadterLandauGauge_Pi_2: reading 'sort_mpo_legs'=False
/home/t30/kna/ge54yin/Documents/MasterThesisFQHinTMDs/MPS_stuff/MPScalculations/.venv/lib/python3.12/site-packages/tenpy/tools/params.py:232: UserWarning: unused options for config MixedHofstadterLandauGauge_Pi_2:
['Delta', 'N_rings', 'Nsec', 'bc', 'chi_max', 'ktot', 'saveAll']
  warnings.warn(msg.format(keys=sorted(unused), name=self.name))
INFO:tenpy.tools.params:DMRG: reading 'active_sites'=2
INFO:tenpy.tools.params:DMRG: reading 'diag_method'='default'
INFO:tenpy.tools.params:DMRG: subconfig 'trunc_params'=Config(<5 options>, 'trunc_params')
INFO:tenpy.tools.params:DMRG: reading 'max_N_sites_per_ring'=18
INFO:tenpy.tools.params:DMRG: reading 'combine'=False
INFO:tenpy.tools.params:DMRG: subconfig 'lanczos_params'=Config(<9 options>, 'lanczos_params')
INFO:tenpy.tools.params:DMRG: reading 'chi_list'=None
INFO:tenpy.tools.params:DMRG: reading 'start_env'=1
INFO:tenpy.algorithms.mps_common:start environment_sweep
INFO:tenpy.tools.params:DMRG: reading 'N_sweeps_check'=10
INFO:tenpy.tools.params:DMRG: subconfig 'mixer_params'=Config(<3 options>, 'mixer_params')
INFO:tenpy.tools.params:DMRG: reading 'mixer'=None
INFO:tenpy.tools.params:DMRG: reading 'max_sweeps'=100
INFO:tenpy.tools.params:DMRG: reading 'max_hours'=8760
INFO:tenpy.tools.params:DMRG: reading 'P_tol_to_trunc'=0.05
INFO:tenpy.tools.params:DMRG: reading 'P_tol_min'=5.0000000000000004e-30
INFO:tenpy.tools.params:DMRG: reading 'P_tol_max'=0.0001
INFO:tenpy.tools.params:DMRG: reading 'E_tol_to_trunc'=None
INFO:tenpy.algorithms.dmrg:Running sweep with optimization
INFO:tenpy.tools.params:DMRG: reading 'max_N_for_ED'=400
INFO:tenpy.tools.params:DMRG: reading 'update_env'=5
INFO:tenpy.algorithms.mps_common:start environment_sweep
INFO:tenpy.algorithms.dmrg:checkpoint after sweep 10
energy=-0.4135248977231818, max S=0.7609006959491321, age=198, norm_err=8.2e-11
Current memory usage 223.9MB, wall time: 21.7s
Delta E = nan, Delta S = -6.8392e-03 (per sweep)
max trunc_err = 4.7888e-12, max E_trunc = 4.5468e-11
chi: [256, 256, 256, 256, 256, 256]
================================================================================
INFO:tenpy.algorithms.dmrg:Running sweep with optimization
INFO:tenpy.algorithms.mps_common:start environment_sweep
INFO:tenpy.algorithms.dmrg:checkpoint after sweep 20
energy=-0.4135248977230195, max S=0.7609008772682211, age=378, norm_err=4.5e-12
Current memory usage 223.9MB, wall time: 16.4s
Delta E = 1.6226e-14, Delta S = 1.8158e-08 (per sweep)
max trunc_err = 8.3738e-12, max E_trunc = 6.4574e-11
chi: [256, 256, 256, 256, 256, 256]
================================================================================
INFO:tenpy.tools.params:DMRG: reading 'max_E_err'=1e-08
INFO:tenpy.tools.params:DMRG: reading 'max_S_err'=1e-05
INFO:tenpy.tools.params:DMRG: reading 'norm_tol'=1e-05
INFO:tenpy.tools.params:DMRG: reading 'norm_tol_final'=1e-10
INFO:tenpy.tools.params:DMRG: reading 'norm_tol_iter'=5
INFO:tenpy.algorithms.dmrg:TwoSiteDMRGEngine finished after 20 sweeps, max chi=256
INFO:tenpy.tools.params:DMRG: reading 'max_trunc_err'=0.0001
INFO:tenpy.tools.params:MixedHofstadterLandauGauge_Pi_2: reading 'explicit_plus_hc'=False
INFO:tenpy.tools.params:MixedHofstadterLandauGauge_Pi_2: reading 'Lx'=2
INFO:tenpy.tools.params:MixedHofstadterLandauGauge_Pi_2: setting 'N_rings'=2
INFO:tenpy.tools.params:MixedHofstadterLandauGauge_Pi_2: reading 'xy_lattice'='Square'
INFO:tenpy.tools.params:MixedHofstadterLandauGauge_Pi_2: reading 'Ly'=3
INFO:tenpy.tools.params:MixedHofstadterLandauGauge_Pi_2: reading 'ring_order'=None
INFO:tenpy.tools.params:MixedHofstadterLandauGauge_Pi_2: reading 'conserve_k'=True
INFO:tenpy.tools.params:MixedHofstadterLandauGauge_Pi_2: reading 'bc_MPS'='infinite'
INFO:tenpy.tools.params:MixedHofstadterLandauGauge_Pi_2: reading 't'=-1
INFO:tenpy.tools.params:MixedHofstadterLandauGauge_Pi_2: reading 't2'=-0.25
INFO:tenpy.tools.params:MixedHofstadterLandauGauge_Pi_2: reading 'V1'=0.6
INFO:tenpy.tools.params:MixedHofstadterLandauGauge_Pi_2: reading 'phi_ext'=np.float64(2.7)
INFO:tenpy.tools.params:MixedHofstadterLandauGauge_Pi_2: reading 'sort_mpo_legs'=False
/home/t30/kna/ge54yin/Documents/MasterThesisFQHinTMDs/MPS_stuff/MPScalculations/.venv/lib/python3.12/site-packages/tenpy/tools/params.py:232: UserWarning: unused options for config MixedHofstadterLandauGauge_Pi_2:
['Delta', 'N_rings', 'Nsec', 'bc', 'chi_max', 'ktot', 'saveAll']
  warnings.warn(msg.format(keys=sorted(unused), name=self.name))
INFO:tenpy.tools.params:DMRG: reading 'active_sites'=2
INFO:tenpy.tools.params:DMRG: reading 'diag_method'='default'
INFO:tenpy.tools.params:DMRG: subconfig 'trunc_params'=Config(<5 options>, 'trunc_params')
INFO:tenpy.tools.params:DMRG: reading 'max_N_sites_per_ring'=18
INFO:tenpy.tools.params:DMRG: reading 'combine'=False
INFO:tenpy.tools.params:DMRG: subconfig 'lanczos_params'=Config(<9 options>, 'lanczos_params')
INFO:tenpy.tools.params:DMRG: reading 'chi_list'=None
INFO:tenpy.tools.params:DMRG: reading 'start_env'=1
INFO:tenpy.algorithms.mps_common:start environment_sweep
INFO:tenpy.tools.params:DMRG: reading 'N_sweeps_check'=10
INFO:tenpy.tools.params:DMRG: subconfig 'mixer_params'=Config(<3 options>, 'mixer_params')
INFO:tenpy.tools.params:DMRG: reading 'mixer'=None
INFO:tenpy.tools.params:DMRG: reading 'max_sweeps'=100
INFO:tenpy.tools.params:DMRG: reading 'max_hours'=8760
INFO:tenpy.tools.params:DMRG: reading 'P_tol_to_trunc'=0.05
INFO:tenpy.tools.params:DMRG: reading 'P_tol_min'=5.0000000000000004e-30
INFO:tenpy.tools.params:DMRG: reading 'P_tol_max'=0.0001
INFO:tenpy.tools.params:DMRG: reading 'E_tol_to_trunc'=None
INFO:tenpy.algorithms.dmrg:Running sweep with optimization
INFO:tenpy.tools.params:DMRG: reading 'max_N_for_ED'=400
INFO:tenpy.tools.params:DMRG: reading 'update_env'=5
INFO:tenpy.algorithms.mps_common:start environment_sweep
INFO:tenpy.algorithms.dmrg:checkpoint after sweep 10
energy=-0.4139742641841077, max S=0.6698758011532798, age=198, norm_err=8.6e-12
Current memory usage 223.9MB, wall time: 21.8s
Delta E = nan, Delta S = -6.2281e-03 (per sweep)
max trunc_err = 1.6750e-12, max E_trunc = 1.6833e-11
chi: [256, 256, 256, 256, 256, 256]
================================================================================
INFO:tenpy.algorithms.dmrg:Running sweep with optimization
INFO:tenpy.algorithms.mps_common:start environment_sweep
INFO:tenpy.algorithms.dmrg:checkpoint after sweep 20
energy=-0.4139742641841219, max S=0.6698757814815528, age=378, norm_err=5.7e-13
Current memory usage 223.9MB, wall time: 16.1s
Delta E = -1.4211e-15, Delta S = -2.3428e-09 (per sweep)
max trunc_err = 2.9545e-12, max E_trunc = 2.3391e-11
chi: [256, 256, 256, 256, 256, 256]
================================================================================
INFO:tenpy.tools.params:DMRG: reading 'max_E_err'=1e-08
INFO:tenpy.tools.params:DMRG: reading 'max_S_err'=1e-05
INFO:tenpy.tools.params:DMRG: reading 'norm_tol'=1e-05
INFO:tenpy.tools.params:DMRG: reading 'norm_tol_final'=1e-10
INFO:tenpy.tools.params:DMRG: reading 'norm_tol_iter'=5
INFO:tenpy.algorithms.dmrg:TwoSiteDMRGEngine finished after 20 sweeps, max chi=256
INFO:tenpy.tools.params:DMRG: reading 'max_trunc_err'=0.0001
INFO:tenpy.tools.params:MixedHofstadterLandauGauge_Pi_2: reading 'explicit_plus_hc'=False
INFO:tenpy.tools.params:MixedHofstadterLandauGauge_Pi_2: reading 'Lx'=2
INFO:tenpy.tools.params:MixedHofstadterLandauGauge_Pi_2: setting 'N_rings'=2
INFO:tenpy.tools.params:MixedHofstadterLandauGauge_Pi_2: reading 'xy_lattice'='Square'
INFO:tenpy.tools.params:MixedHofstadterLandauGauge_Pi_2: reading 'Ly'=3
INFO:tenpy.tools.params:MixedHofstadterLandauGauge_Pi_2: reading 'ring_order'=None
INFO:tenpy.tools.params:MixedHofstadterLandauGauge_Pi_2: reading 'conserve_k'=True
INFO:tenpy.tools.params:MixedHofstadterLandauGauge_Pi_2: reading 'bc_MPS'='infinite'
INFO:tenpy.tools.params:MixedHofstadterLandauGauge_Pi_2: reading 't'=-1
INFO:tenpy.tools.params:MixedHofstadterLandauGauge_Pi_2: reading 't2'=-0.25
INFO:tenpy.tools.params:MixedHofstadterLandauGauge_Pi_2: reading 'V1'=0.6
INFO:tenpy.tools.params:MixedHofstadterLandauGauge_Pi_2: reading 'phi_ext'=np.float64(2.75)
INFO:tenpy.tools.params:MixedHofstadterLandauGauge_Pi_2: reading 'sort_mpo_legs'=False
/home/t30/kna/ge54yin/Documents/MasterThesisFQHinTMDs/MPS_stuff/MPScalculations/.venv/lib/python3.12/site-packages/tenpy/tools/params.py:232: UserWarning: unused options for config MixedHofstadterLandauGauge_Pi_2:
['Delta', 'N_rings', 'Nsec', 'bc', 'chi_max', 'ktot', 'saveAll']
  warnings.warn(msg.format(keys=sorted(unused), name=self.name))
INFO:tenpy.tools.params:DMRG: reading 'active_sites'=2
INFO:tenpy.tools.params:DMRG: reading 'diag_method'='default'
INFO:tenpy.tools.params:DMRG: subconfig 'trunc_params'=Config(<5 options>, 'trunc_params')
INFO:tenpy.tools.params:DMRG: reading 'max_N_sites_per_ring'=18
INFO:tenpy.tools.params:DMRG: reading 'combine'=False
INFO:tenpy.tools.params:DMRG: subconfig 'lanczos_params'=Config(<9 options>, 'lanczos_params')
INFO:tenpy.tools.params:DMRG: reading 'chi_list'=None
INFO:tenpy.tools.params:DMRG: reading 'start_env'=1
INFO:tenpy.algorithms.mps_common:start environment_sweep
INFO:tenpy.tools.params:DMRG: reading 'N_sweeps_check'=10
INFO:tenpy.tools.params:DMRG: subconfig 'mixer_params'=Config(<3 options>, 'mixer_params')
INFO:tenpy.tools.params:DMRG: reading 'mixer'=None
INFO:tenpy.tools.params:DMRG: reading 'max_sweeps'=100
INFO:tenpy.tools.params:DMRG: reading 'max_hours'=8760
INFO:tenpy.tools.params:DMRG: reading 'P_tol_to_trunc'=0.05
INFO:tenpy.tools.params:DMRG: reading 'P_tol_min'=5.0000000000000004e-30
INFO:tenpy.tools.params:DMRG: reading 'P_tol_max'=0.0001
INFO:tenpy.tools.params:DMRG: reading 'E_tol_to_trunc'=None
INFO:tenpy.algorithms.dmrg:Running sweep with optimization
INFO:tenpy.tools.params:DMRG: reading 'max_N_for_ED'=400
INFO:tenpy.tools.params:DMRG: reading 'update_env'=5
INFO:tenpy.algorithms.mps_common:start environment_sweep
INFO:tenpy.algorithms.dmrg:checkpoint after sweep 10
energy=-0.4144680668335023, max S=0.5874404292730395, age=198, norm_err=5.1e-12
Current memory usage 223.9MB, wall time: 21.6s
Delta E = nan, Delta S = -5.1718e-03 (per sweep)
max trunc_err = 7.3555e-13, max E_trunc = 7.4323e-12
chi: [256, 256, 256, 256, 256, 256]
================================================================================
INFO:tenpy.algorithms.dmrg:Running sweep with optimization
INFO:tenpy.algorithms.mps_common:start environment_sweep
INFO:tenpy.algorithms.dmrg:checkpoint after sweep 20
energy=-0.4144680668334407, max S=0.5874406288974072, age=378, norm_err=1.7e-13
Current memory usage 223.9MB, wall time: 15.9s
Delta E = 6.1617e-15, Delta S = 2.1397e-08 (per sweep)
max trunc_err = 1.2127e-12, max E_trunc = 1.0147e-11
chi: [256, 256, 256, 256, 256, 256]
================================================================================
INFO:tenpy.tools.params:DMRG: reading 'max_E_err'=1e-08
INFO:tenpy.tools.params:DMRG: reading 'max_S_err'=1e-05
INFO:tenpy.tools.params:DMRG: reading 'norm_tol'=1e-05
INFO:tenpy.tools.params:DMRG: reading 'norm_tol_final'=1e-10
INFO:tenpy.tools.params:DMRG: reading 'norm_tol_iter'=5
INFO:tenpy.algorithms.dmrg:TwoSiteDMRGEngine finished after 20 sweeps, max chi=256
INFO:tenpy.tools.params:DMRG: reading 'max_trunc_err'=0.0001
INFO:tenpy.tools.params:MixedHofstadterLandauGauge_Pi_2: reading 'explicit_plus_hc'=False
INFO:tenpy.tools.params:MixedHofstadterLandauGauge_Pi_2: reading 'Lx'=2
INFO:tenpy.tools.params:MixedHofstadterLandauGauge_Pi_2: setting 'N_rings'=2
INFO:tenpy.tools.params:MixedHofstadterLandauGauge_Pi_2: reading 'xy_lattice'='Square'
INFO:tenpy.tools.params:MixedHofstadterLandauGauge_Pi_2: reading 'Ly'=3
INFO:tenpy.tools.params:MixedHofstadterLandauGauge_Pi_2: reading 'ring_order'=None
INFO:tenpy.tools.params:MixedHofstadterLandauGauge_Pi_2: reading 'conserve_k'=True
INFO:tenpy.tools.params:MixedHofstadterLandauGauge_Pi_2: reading 'bc_MPS'='infinite'
INFO:tenpy.tools.params:MixedHofstadterLandauGauge_Pi_2: reading 't'=-1
INFO:tenpy.tools.params:MixedHofstadterLandauGauge_Pi_2: reading 't2'=-0.25
INFO:tenpy.tools.params:MixedHofstadterLandauGauge_Pi_2: reading 'V1'=0.6
INFO:tenpy.tools.params:MixedHofstadterLandauGauge_Pi_2: reading 'phi_ext'=np.float64(2.8000000000000003)
INFO:tenpy.tools.params:MixedHofstadterLandauGauge_Pi_2: reading 'sort_mpo_legs'=False
/home/t30/kna/ge54yin/Documents/MasterThesisFQHinTMDs/MPS_stuff/MPScalculations/.venv/lib/python3.12/site-packages/tenpy/tools/params.py:232: UserWarning: unused options for config MixedHofstadterLandauGauge_Pi_2:
['Delta', 'N_rings', 'Nsec', 'bc', 'chi_max', 'ktot', 'saveAll']
  warnings.warn(msg.format(keys=sorted(unused), name=self.name))
INFO:tenpy.tools.params:DMRG: reading 'active_sites'=2
INFO:tenpy.tools.params:DMRG: reading 'diag_method'='default'
INFO:tenpy.tools.params:DMRG: subconfig 'trunc_params'=Config(<5 options>, 'trunc_params')
INFO:tenpy.tools.params:DMRG: reading 'max_N_sites_per_ring'=18
INFO:tenpy.tools.params:DMRG: reading 'combine'=False
INFO:tenpy.tools.params:DMRG: subconfig 'lanczos_params'=Config(<9 options>, 'lanczos_params')
INFO:tenpy.tools.params:DMRG: reading 'chi_list'=None
INFO:tenpy.tools.params:DMRG: reading 'start_env'=1
INFO:tenpy.algorithms.mps_common:start environment_sweep
INFO:tenpy.tools.params:DMRG: reading 'N_sweeps_check'=10
INFO:tenpy.tools.params:DMRG: subconfig 'mixer_params'=Config(<3 options>, 'mixer_params')
INFO:tenpy.tools.params:DMRG: reading 'mixer'=None
INFO:tenpy.tools.params:DMRG: reading 'max_sweeps'=100
INFO:tenpy.tools.params:DMRG: reading 'max_hours'=8760
INFO:tenpy.tools.params:DMRG: reading 'P_tol_to_trunc'=0.05
INFO:tenpy.tools.params:DMRG: reading 'P_tol_min'=5.0000000000000004e-30
INFO:tenpy.tools.params:DMRG: reading 'P_tol_max'=0.0001
INFO:tenpy.tools.params:DMRG: reading 'E_tol_to_trunc'=None
INFO:tenpy.algorithms.dmrg:Running sweep with optimization
INFO:tenpy.tools.params:DMRG: reading 'max_N_for_ED'=400
INFO:tenpy.tools.params:DMRG: reading 'update_env'=5
INFO:tenpy.algorithms.mps_common:start environment_sweep
INFO:tenpy.algorithms.dmrg:checkpoint after sweep 10
energy=-0.4149598394711731, max S=0.5153036518808630, age=198, norm_err=4.6e-13
Current memory usage 223.9MB, wall time: 22.2s
Delta E = nan, Delta S = -4.0308e-03 (per sweep)
max trunc_err = 5.8567e-13, max E_trunc = 5.1728e-12
chi: [256, 256, 256, 256, 256, 256]
================================================================================
INFO:tenpy.algorithms.dmrg:Running sweep with optimization
INFO:tenpy.algorithms.mps_common:start environment_sweep
INFO:tenpy.algorithms.dmrg:checkpoint after sweep 20
energy=-0.4149598394711968, max S=0.5153036451147215, age=378, norm_err=1.8e-14
Current memory usage 223.9MB, wall time: 13.1s
Delta E = -2.3703e-15, Delta S = -5.5168e-10 (per sweep)
max trunc_err = 7.5536e-13, max E_trunc = 6.3665e-12
chi: [256, 256, 256, 256, 256, 256]
================================================================================
INFO:tenpy.tools.params:DMRG: reading 'max_E_err'=1e-08
INFO:tenpy.tools.params:DMRG: reading 'max_S_err'=1e-05
INFO:tenpy.tools.params:DMRG: reading 'norm_tol'=1e-05
INFO:tenpy.tools.params:DMRG: reading 'norm_tol_final'=1e-10
INFO:tenpy.tools.params:DMRG: reading 'norm_tol_iter'=5
INFO:tenpy.algorithms.dmrg:TwoSiteDMRGEngine finished after 20 sweeps, max chi=256
INFO:tenpy.tools.params:DMRG: reading 'max_trunc_err'=0.0001
INFO:tenpy.tools.params:MixedHofstadterLandauGauge_Pi_2: reading 'explicit_plus_hc'=False
INFO:tenpy.tools.params:MixedHofstadterLandauGauge_Pi_2: reading 'Lx'=2
INFO:tenpy.tools.params:MixedHofstadterLandauGauge_Pi_2: setting 'N_rings'=2
INFO:tenpy.tools.params:MixedHofstadterLandauGauge_Pi_2: reading 'xy_lattice'='Square'
INFO:tenpy.tools.params:MixedHofstadterLandauGauge_Pi_2: reading 'Ly'=3
INFO:tenpy.tools.params:MixedHofstadterLandauGauge_Pi_2: reading 'ring_order'=None
INFO:tenpy.tools.params:MixedHofstadterLandauGauge_Pi_2: reading 'conserve_k'=True
INFO:tenpy.tools.params:MixedHofstadterLandauGauge_Pi_2: reading 'bc_MPS'='infinite'
INFO:tenpy.tools.params:MixedHofstadterLandauGauge_Pi_2: reading 't'=-1
INFO:tenpy.tools.params:MixedHofstadterLandauGauge_Pi_2: reading 't2'=-0.25
INFO:tenpy.tools.params:MixedHofstadterLandauGauge_Pi_2: reading 'V1'=0.6
INFO:tenpy.tools.params:MixedHofstadterLandauGauge_Pi_2: reading 'phi_ext'=np.float64(2.85)
INFO:tenpy.tools.params:MixedHofstadterLandauGauge_Pi_2: reading 'sort_mpo_legs'=False
/home/t30/kna/ge54yin/Documents/MasterThesisFQHinTMDs/MPS_stuff/MPScalculations/.venv/lib/python3.12/site-packages/tenpy/tools/params.py:232: UserWarning: unused options for config MixedHofstadterLandauGauge_Pi_2:
['Delta', 'N_rings', 'Nsec', 'bc', 'chi_max', 'ktot', 'saveAll']
  warnings.warn(msg.format(keys=sorted(unused), name=self.name))
INFO:tenpy.tools.params:DMRG: reading 'active_sites'=2
INFO:tenpy.tools.params:DMRG: reading 'diag_method'='default'
INFO:tenpy.tools.params:DMRG: subconfig 'trunc_params'=Config(<5 options>, 'trunc_params')
INFO:tenpy.tools.params:DMRG: reading 'max_N_sites_per_ring'=18
INFO:tenpy.tools.params:DMRG: reading 'combine'=False
INFO:tenpy.tools.params:DMRG: subconfig 'lanczos_params'=Config(<9 options>, 'lanczos_params')
INFO:tenpy.tools.params:DMRG: reading 'chi_list'=None
INFO:tenpy.tools.params:DMRG: reading 'start_env'=1
INFO:tenpy.algorithms.mps_common:start environment_sweep
INFO:tenpy.tools.params:DMRG: reading 'N_sweeps_check'=10
INFO:tenpy.tools.params:DMRG: subconfig 'mixer_params'=Config(<3 options>, 'mixer_params')
INFO:tenpy.tools.params:DMRG: reading 'mixer'=None
INFO:tenpy.tools.params:DMRG: reading 'max_sweeps'=100
INFO:tenpy.tools.params:DMRG: reading 'max_hours'=8760
INFO:tenpy.tools.params:DMRG: reading 'P_tol_to_trunc'=0.05
INFO:tenpy.tools.params:DMRG: reading 'P_tol_min'=5.0000000000000004e-30
INFO:tenpy.tools.params:DMRG: reading 'P_tol_max'=0.0001
INFO:tenpy.tools.params:DMRG: reading 'E_tol_to_trunc'=None
INFO:tenpy.algorithms.dmrg:Running sweep with optimization
INFO:tenpy.tools.params:DMRG: reading 'max_N_for_ED'=400
INFO:tenpy.tools.params:DMRG: reading 'update_env'=5
INFO:tenpy.algorithms.mps_common:start environment_sweep
INFO:tenpy.algorithms.dmrg:checkpoint after sweep 10
energy=-0.4153999488757414, max S=0.4532934020451710, age=198, norm_err=1.5e-13
Current memory usage 223.9MB, wall time: 21.9s
Delta E = nan, Delta S = -2.9644e-03 (per sweep)
max trunc_err = 5.9383e-13, max E_trunc = 5.1728e-12
chi: [256, 256, 256, 256, 256, 256]
================================================================================
INFO:tenpy.algorithms.dmrg:Running sweep with optimization
INFO:tenpy.algorithms.mps_common:start environment_sweep
INFO:tenpy.algorithms.dmrg:checkpoint after sweep 20
energy=-0.4153999488757568, max S=0.4532933974088936, age=378, norm_err=2.0e-14
Current memory usage 223.9MB, wall time: 12.6s
Delta E = -1.5377e-15, Delta S = -5.2683e-10 (per sweep)
max trunc_err = 5.9176e-13, max E_trunc = 5.4285e-12
chi: [256, 256, 256, 256, 256, 256]
================================================================================
INFO:tenpy.tools.params:DMRG: reading 'max_E_err'=1e-08
INFO:tenpy.tools.params:DMRG: reading 'max_S_err'=1e-05
INFO:tenpy.tools.params:DMRG: reading 'norm_tol'=1e-05
INFO:tenpy.tools.params:DMRG: reading 'norm_tol_final'=1e-10
INFO:tenpy.tools.params:DMRG: reading 'norm_tol_iter'=5
INFO:tenpy.algorithms.dmrg:TwoSiteDMRGEngine finished after 20 sweeps, max chi=256
INFO:tenpy.tools.params:DMRG: reading 'max_trunc_err'=0.0001
INFO:tenpy.tools.params:MixedHofstadterLandauGauge_Pi_2: reading 'explicit_plus_hc'=False
INFO:tenpy.tools.params:MixedHofstadterLandauGauge_Pi_2: reading 'Lx'=2
INFO:tenpy.tools.params:MixedHofstadterLandauGauge_Pi_2: setting 'N_rings'=2
INFO:tenpy.tools.params:MixedHofstadterLandauGauge_Pi_2: reading 'xy_lattice'='Square'
INFO:tenpy.tools.params:MixedHofstadterLandauGauge_Pi_2: reading 'Ly'=3
INFO:tenpy.tools.params:MixedHofstadterLandauGauge_Pi_2: reading 'ring_order'=None
INFO:tenpy.tools.params:MixedHofstadterLandauGauge_Pi_2: reading 'conserve_k'=True
INFO:tenpy.tools.params:MixedHofstadterLandauGauge_Pi_2: reading 'bc_MPS'='infinite'
INFO:tenpy.tools.params:MixedHofstadterLandauGauge_Pi_2: reading 't'=-1
INFO:tenpy.tools.params:MixedHofstadterLandauGauge_Pi_2: reading 't2'=-0.25
INFO:tenpy.tools.params:MixedHofstadterLandauGauge_Pi_2: reading 'V1'=0.6
INFO:tenpy.tools.params:MixedHofstadterLandauGauge_Pi_2: reading 'phi_ext'=np.float64(2.9000000000000004)
INFO:tenpy.tools.params:MixedHofstadterLandauGauge_Pi_2: reading 'sort_mpo_legs'=False
/home/t30/kna/ge54yin/Documents/MasterThesisFQHinTMDs/MPS_stuff/MPScalculations/.venv/lib/python3.12/site-packages/tenpy/tools/params.py:232: UserWarning: unused options for config MixedHofstadterLandauGauge_Pi_2:
['Delta', 'N_rings', 'Nsec', 'bc', 'chi_max', 'ktot', 'saveAll']
  warnings.warn(msg.format(keys=sorted(unused), name=self.name))
INFO:tenpy.tools.params:DMRG: reading 'active_sites'=2
INFO:tenpy.tools.params:DMRG: reading 'diag_method'='default'
INFO:tenpy.tools.params:DMRG: subconfig 'trunc_params'=Config(<5 options>, 'trunc_params')
INFO:tenpy.tools.params:DMRG: reading 'max_N_sites_per_ring'=18
INFO:tenpy.tools.params:DMRG: reading 'combine'=False
INFO:tenpy.tools.params:DMRG: subconfig 'lanczos_params'=Config(<9 options>, 'lanczos_params')
INFO:tenpy.tools.params:DMRG: reading 'chi_list'=None
INFO:tenpy.tools.params:DMRG: reading 'start_env'=1
INFO:tenpy.algorithms.mps_common:start environment_sweep
INFO:tenpy.tools.params:DMRG: reading 'N_sweeps_check'=10
INFO:tenpy.tools.params:DMRG: subconfig 'mixer_params'=Config(<3 options>, 'mixer_params')
INFO:tenpy.tools.params:DMRG: reading 'mixer'=None
INFO:tenpy.tools.params:DMRG: reading 'max_sweeps'=100
INFO:tenpy.tools.params:DMRG: reading 'max_hours'=8760
INFO:tenpy.tools.params:DMRG: reading 'P_tol_to_trunc'=0.05
INFO:tenpy.tools.params:DMRG: reading 'P_tol_min'=5.0000000000000004e-30
INFO:tenpy.tools.params:DMRG: reading 'P_tol_max'=0.0001
INFO:tenpy.tools.params:DMRG: reading 'E_tol_to_trunc'=None
INFO:tenpy.algorithms.dmrg:Running sweep with optimization
INFO:tenpy.tools.params:DMRG: reading 'max_N_for_ED'=400
INFO:tenpy.tools.params:DMRG: reading 'update_env'=5
INFO:tenpy.algorithms.mps_common:start environment_sweep
INFO:tenpy.algorithms.dmrg:checkpoint after sweep 10
energy=-0.4157456776702150, max S=0.4007003738553208, age=198, norm_err=1.4e-13
Current memory usage 223.9MB, wall time: 22.1s
Delta E = nan, Delta S = -2.0103e-03 (per sweep)
max trunc_err = 5.7970e-13, max E_trunc = 5.0164e-12
chi: [256, 256, 256, 256, 256, 256]
================================================================================
INFO:tenpy.algorithms.dmrg:Running sweep with optimization
INFO:tenpy.algorithms.mps_common:start environment_sweep
INFO:tenpy.algorithms.dmrg:checkpoint after sweep 20
energy=-0.4157456776702186, max S=0.4007003806476505, age=378, norm_err=1.0e-14
Current memory usage 223.9MB, wall time: 12.7s
Delta E = -3.5527e-16, Delta S = 7.3733e-10 (per sweep)
max trunc_err = 5.7843e-13, max E_trunc = 5.1017e-12
chi: [256, 256, 256, 256, 256, 256]
================================================================================
INFO:tenpy.tools.params:DMRG: reading 'max_E_err'=1e-08
INFO:tenpy.tools.params:DMRG: reading 'max_S_err'=1e-05
INFO:tenpy.tools.params:DMRG: reading 'norm_tol'=1e-05
INFO:tenpy.tools.params:DMRG: reading 'norm_tol_final'=1e-10
INFO:tenpy.tools.params:DMRG: reading 'norm_tol_iter'=5
INFO:tenpy.algorithms.dmrg:TwoSiteDMRGEngine finished after 20 sweeps, max chi=256
INFO:tenpy.tools.params:DMRG: reading 'max_trunc_err'=0.0001
INFO:tenpy.tools.params:MixedHofstadterLandauGauge_Pi_2: reading 'explicit_plus_hc'=False
INFO:tenpy.tools.params:MixedHofstadterLandauGauge_Pi_2: reading 'Lx'=2
INFO:tenpy.tools.params:MixedHofstadterLandauGauge_Pi_2: setting 'N_rings'=2
INFO:tenpy.tools.params:MixedHofstadterLandauGauge_Pi_2: reading 'xy_lattice'='Square'
INFO:tenpy.tools.params:MixedHofstadterLandauGauge_Pi_2: reading 'Ly'=3
INFO:tenpy.tools.params:MixedHofstadterLandauGauge_Pi_2: reading 'ring_order'=None
INFO:tenpy.tools.params:MixedHofstadterLandauGauge_Pi_2: reading 'conserve_k'=True
INFO:tenpy.tools.params:MixedHofstadterLandauGauge_Pi_2: reading 'bc_MPS'='infinite'
INFO:tenpy.tools.params:MixedHofstadterLandauGauge_Pi_2: reading 't'=-1
INFO:tenpy.tools.params:MixedHofstadterLandauGauge_Pi_2: reading 't2'=-0.25
INFO:tenpy.tools.params:MixedHofstadterLandauGauge_Pi_2: reading 'V1'=0.6
INFO:tenpy.tools.params:MixedHofstadterLandauGauge_Pi_2: reading 'phi_ext'=np.float64(2.95)
INFO:tenpy.tools.params:MixedHofstadterLandauGauge_Pi_2: reading 'sort_mpo_legs'=False
/home/t30/kna/ge54yin/Documents/MasterThesisFQHinTMDs/MPS_stuff/MPScalculations/.venv/lib/python3.12/site-packages/tenpy/tools/params.py:232: UserWarning: unused options for config MixedHofstadterLandauGauge_Pi_2:
['Delta', 'N_rings', 'Nsec', 'bc', 'chi_max', 'ktot', 'saveAll']
  warnings.warn(msg.format(keys=sorted(unused), name=self.name))
INFO:tenpy.tools.params:DMRG: reading 'active_sites'=2
INFO:tenpy.tools.params:DMRG: reading 'diag_method'='default'
INFO:tenpy.tools.params:DMRG: subconfig 'trunc_params'=Config(<5 options>, 'trunc_params')
INFO:tenpy.tools.params:DMRG: reading 'max_N_sites_per_ring'=18
INFO:tenpy.tools.params:DMRG: reading 'combine'=False
INFO:tenpy.tools.params:DMRG: subconfig 'lanczos_params'=Config(<9 options>, 'lanczos_params')
INFO:tenpy.tools.params:DMRG: reading 'chi_list'=None
INFO:tenpy.tools.params:DMRG: reading 'start_env'=1
INFO:tenpy.algorithms.mps_common:start environment_sweep
INFO:tenpy.tools.params:DMRG: reading 'N_sweeps_check'=10
INFO:tenpy.tools.params:DMRG: subconfig 'mixer_params'=Config(<3 options>, 'mixer_params')
INFO:tenpy.tools.params:DMRG: reading 'mixer'=None
INFO:tenpy.tools.params:DMRG: reading 'max_sweeps'=100
INFO:tenpy.tools.params:DMRG: reading 'max_hours'=8760
INFO:tenpy.tools.params:DMRG: reading 'P_tol_to_trunc'=0.05
INFO:tenpy.tools.params:DMRG: reading 'P_tol_min'=5.0000000000000004e-30
INFO:tenpy.tools.params:DMRG: reading 'P_tol_max'=0.0001
INFO:tenpy.tools.params:DMRG: reading 'E_tol_to_trunc'=None
INFO:tenpy.algorithms.dmrg:Running sweep with optimization
INFO:tenpy.tools.params:DMRG: reading 'max_N_for_ED'=400
INFO:tenpy.tools.params:DMRG: reading 'update_env'=5
INFO:tenpy.algorithms.mps_common:start environment_sweep
INFO:tenpy.algorithms.dmrg:checkpoint after sweep 10
energy=-0.4159656587766729, max S=0.3568878602962622, age=198, norm_err=2.0e-13
Current memory usage 223.9MB, wall time: 22.2s
Delta E = nan, Delta S = -1.1546e-03 (per sweep)
max trunc_err = 6.1004e-13, max E_trunc = 5.3788e-12
chi: [256, 256, 256, 256, 256, 256]
================================================================================
INFO:tenpy.algorithms.dmrg:Running sweep with optimization
INFO:tenpy.algorithms.mps_common:start environment_sweep
INFO:tenpy.algorithms.dmrg:checkpoint after sweep 20
energy=-0.4159656587766705, max S=0.3568878539023400, age=378, norm_err=2.9e-14
Current memory usage 223.9MB, wall time: 12.7s
Delta E = 2.3870e-16, Delta S = -5.4396e-10 (per sweep)
max trunc_err = 6.0972e-13, max E_trunc = 5.3433e-12
chi: [256, 256, 256, 256, 256, 256]
================================================================================
INFO:tenpy.tools.params:DMRG: reading 'max_E_err'=1e-08
INFO:tenpy.tools.params:DMRG: reading 'max_S_err'=1e-05
INFO:tenpy.tools.params:DMRG: reading 'norm_tol'=1e-05
INFO:tenpy.tools.params:DMRG: reading 'norm_tol_final'=1e-10
INFO:tenpy.tools.params:DMRG: reading 'norm_tol_iter'=5
INFO:tenpy.algorithms.dmrg:TwoSiteDMRGEngine finished after 20 sweeps, max chi=256
INFO:tenpy.tools.params:DMRG: reading 'max_trunc_err'=0.0001
INFO:tenpy.tools.params:MixedHofstadterLandauGauge_Pi_2: reading 'explicit_plus_hc'=False
INFO:tenpy.tools.params:MixedHofstadterLandauGauge_Pi_2: reading 'Lx'=2
INFO:tenpy.tools.params:MixedHofstadterLandauGauge_Pi_2: setting 'N_rings'=2
INFO:tenpy.tools.params:MixedHofstadterLandauGauge_Pi_2: reading 'xy_lattice'='Square'
INFO:tenpy.tools.params:MixedHofstadterLandauGauge_Pi_2: reading 'Ly'=3
INFO:tenpy.tools.params:MixedHofstadterLandauGauge_Pi_2: reading 'ring_order'=None
INFO:tenpy.tools.params:MixedHofstadterLandauGauge_Pi_2: reading 'conserve_k'=True
INFO:tenpy.tools.params:MixedHofstadterLandauGauge_Pi_2: reading 'bc_MPS'='infinite'
INFO:tenpy.tools.params:MixedHofstadterLandauGauge_Pi_2: reading 't'=-1
INFO:tenpy.tools.params:MixedHofstadterLandauGauge_Pi_2: reading 't2'=-0.25
INFO:tenpy.tools.params:MixedHofstadterLandauGauge_Pi_2: reading 'V1'=0.6
INFO:tenpy.tools.params:MixedHofstadterLandauGauge_Pi_2: reading 'phi_ext'=np.float64(3.0)
INFO:tenpy.tools.params:MixedHofstadterLandauGauge_Pi_2: reading 'sort_mpo_legs'=False
/home/t30/kna/ge54yin/Documents/MasterThesisFQHinTMDs/MPS_stuff/MPScalculations/.venv/lib/python3.12/site-packages/tenpy/tools/params.py:232: UserWarning: unused options for config MixedHofstadterLandauGauge_Pi_2:
['Delta', 'N_rings', 'Nsec', 'bc', 'chi_max', 'ktot', 'saveAll']
  warnings.warn(msg.format(keys=sorted(unused), name=self.name))
INFO:tenpy.tools.params:DMRG: reading 'active_sites'=2
INFO:tenpy.tools.params:DMRG: reading 'diag_method'='default'
INFO:tenpy.tools.params:DMRG: subconfig 'trunc_params'=Config(<5 options>, 'trunc_params')
INFO:tenpy.tools.params:DMRG: reading 'max_N_sites_per_ring'=18
INFO:tenpy.tools.params:DMRG: reading 'combine'=False
INFO:tenpy.tools.params:DMRG: subconfig 'lanczos_params'=Config(<9 options>, 'lanczos_params')
INFO:tenpy.tools.params:DMRG: reading 'chi_list'=None
INFO:tenpy.tools.params:DMRG: reading 'start_env'=1
INFO:tenpy.algorithms.mps_common:start environment_sweep
INFO:tenpy.tools.params:DMRG: reading 'N_sweeps_check'=10
INFO:tenpy.tools.params:DMRG: subconfig 'mixer_params'=Config(<3 options>, 'mixer_params')
INFO:tenpy.tools.params:DMRG: reading 'mixer'=None
INFO:tenpy.tools.params:DMRG: reading 'max_sweeps'=100
INFO:tenpy.tools.params:DMRG: reading 'max_hours'=8760
INFO:tenpy.tools.params:DMRG: reading 'P_tol_to_trunc'=0.05
INFO:tenpy.tools.params:DMRG: reading 'P_tol_min'=5.0000000000000004e-30
INFO:tenpy.tools.params:DMRG: reading 'P_tol_max'=0.0001
INFO:tenpy.tools.params:DMRG: reading 'E_tol_to_trunc'=None
INFO:tenpy.algorithms.dmrg:Running sweep with optimization
INFO:tenpy.tools.params:DMRG: reading 'max_N_for_ED'=400
INFO:tenpy.tools.params:DMRG: reading 'update_env'=5
INFO:tenpy.algorithms.mps_common:start environment_sweep
INFO:tenpy.algorithms.dmrg:checkpoint after sweep 10
energy=-0.4160410679153396, max S=0.3343795192641016, age=198, norm_err=2.3e-13
Current memory usage 223.9MB, wall time: 22.3s
Delta E = nan, Delta S = -3.6362e-04 (per sweep)
max trunc_err = 6.3949e-13, max E_trunc = 5.5920e-12
chi: [256, 256, 256, 256, 256, 256]
================================================================================
INFO:tenpy.algorithms.dmrg:Running sweep with optimization
INFO:tenpy.algorithms.mps_common:start environment_sweep
INFO:tenpy.algorithms.dmrg:checkpoint after sweep 20
energy=-0.4160410679153396, max S=0.3343795205457356, age=378, norm_err=3.8e-14
Current memory usage 223.9MB, wall time: 12.7s
Delta E = 0.0000e+00, Delta S = -3.6693e-11 (per sweep)
max trunc_err = 6.3735e-13, max E_trunc = 5.7696e-12
chi: [256, 256, 256, 256, 256, 256]
================================================================================
INFO:tenpy.tools.params:DMRG: reading 'max_E_err'=1e-08
INFO:tenpy.tools.params:DMRG: reading 'max_S_err'=1e-05
INFO:tenpy.tools.params:DMRG: reading 'norm_tol'=1e-05
INFO:tenpy.tools.params:DMRG: reading 'norm_tol_final'=1e-10
INFO:tenpy.tools.params:DMRG: reading 'norm_tol_iter'=5
INFO:tenpy.algorithms.dmrg:TwoSiteDMRGEngine finished after 20 sweeps, max chi=256
INFO:tenpy.tools.params:DMRG: reading 'max_trunc_err'=0.0001
started simualtion
phi_ext = 0.00
started to simulate
{'bc_MPS': 'infinite', 'bc': ['periodic', 'periodic'], 'V1': 0.6, 't': -1, 't2': -0.25, 'Lx': 2, 'Ly': 3, 'chi_max': 256, 'Nsec': 1, 'ktot': np.int64(0), 'saveAll': False, 'Delta': 0, 'phi_ext': np.float64(0.0)}
1
[1.57079633 3.14159265 0.        ] 0
[-1.57079633  3.14159265  3.14159265] 1
[1.57079633 3.14159265 0.        ] 0
[-1.57079633  3.14159265  3.14159265] 1
[1.57079633 3.14159265 0.        ] 0
[-1.57079633  3.14159265  3.14159265] 1
created model
initial state [0 0 0 1 0 0]
momentum of initial state: 0 , particle number of initial state: 1
starting drmg run
E= -0.41604106799235296
max bond dimension= 256
[0.05980526 1.98498456]
started to simulate
{'bc_MPS': 'infinite', 'bc': ['periodic', 'periodic'], 'V1': 0.6, 't': -1, 't2': -0.25, 'Lx': 2, 'Ly': 3, 'chi_max': 256, 'Nsec': 1, 'ktot': np.int64(0), 'saveAll': False, 'Delta': 0, 'phi_ext': np.float64(0.05), 'explicit_plus_hc': False, 'N_rings': 2, 'xy_lattice': 'Square', 'ring_order': None, 'conserve_k': True, 'sort_mpo_legs': False}
1
[1.57079633 3.14159265 0.        ] 0
[-1.57079633  3.14159265  3.14159265] 1
[1.57079633 3.14159265 0.        ] 0
[-1.57079633  3.14159265  3.14159265] 1
[1.57079633 3.14159265 0.        ] 0
[-1.57079633  3.14159265  3.14159265] 1
created model
loaded psi
momentum of initial state: 0 , particle number of initial state: 1
starting drmg run
E= -0.41596566385037903
max bond dimension= 256
[0.07255393 1.98525616]
started to simulate
{'bc_MPS': 'infinite', 'bc': ['periodic', 'periodic'], 'V1': 0.6, 't': -1, 't2': -0.25, 'Lx': 2, 'Ly': 3, 'chi_max': 256, 'Nsec': 1, 'ktot': np.int64(0), 'saveAll': False, 'Delta': 0, 'phi_ext': np.float64(0.1), 'explicit_plus_hc': False, 'N_rings': 2, 'xy_lattice': 'Square', 'ring_order': None, 'conserve_k': True, 'sort_mpo_legs': False}
1
[1.57079633 3.14159265 0.        ] 0
[-1.57079633  3.14159265  3.14159265] 1
[1.57079633 3.14159265 0.        ] 0
[-1.57079633  3.14159265  3.14159265] 1
[1.57079633 3.14159265 0.        ] 0
[-1.57079633  3.14159265  3.14159265] 1
created model
loaded psi
momentum of initial state: 0 , particle number of initial state: 1
starting drmg run
E= -0.415745677623363
max bond dimension= 256
[0.08824299 1.9851719 ]
started to simulate
{'bc_MPS': 'infinite', 'bc': ['periodic', 'periodic'], 'V1': 0.6, 't': -1, 't2': -0.25, 'Lx': 2, 'Ly': 3, 'chi_max': 256, 'Nsec': 1, 'ktot': np.int64(0), 'saveAll': False, 'Delta': 0, 'phi_ext': np.float64(0.15000000000000002), 'explicit_plus_hc': False, 'N_rings': 2, 'xy_lattice': 'Square', 'ring_order': None, 'conserve_k': True, 'sort_mpo_legs': False}
1
[1.57079633 3.14159265 0.        ] 0
[-1.57079633  3.14159265  3.14159265] 1
[1.57079633 3.14159265 0.        ] 0
[-1.57079633  3.14159265  3.14159265] 1
[1.57079633 3.14159265 0.        ] 0
[-1.57079633  3.14159265  3.14159265] 1
created model
loaded psi
momentum of initial state: 0 , particle number of initial state: 1
starting drmg run
E= -0.4153999489979796
max bond dimension= 256
[0.10720087 1.98467183]
started to simulate
{'bc_MPS': 'infinite', 'bc': ['periodic', 'periodic'], 'V1': 0.6, 't': -1, 't2': -0.25, 'Lx': 2, 'Ly': 3, 'chi_max': 256, 'Nsec': 1, 'ktot': np.int64(0), 'saveAll': False, 'Delta': 0, 'phi_ext': np.float64(0.2), 'explicit_plus_hc': False, 'N_rings': 2, 'xy_lattice': 'Square', 'ring_order': None, 'conserve_k': True, 'sort_mpo_legs': False}
1
[1.57079633 3.14159265 0.        ] 0
[-1.57079633  3.14159265  3.14159265] 1
[1.57079633 3.14159265 0.        ] 0
[-1.57079633  3.14159265  3.14159265] 1
[1.57079633 3.14159265 0.        ] 0
[-1.57079633  3.14159265  3.14159265] 1
created model
loaded psi
momentum of initial state: 0 , particle number of initial state: 1
starting drmg run
E= -0.4149598399406287
max bond dimension= 256
[0.12971713 1.9835812 ]
started to simulate
{'bc_MPS': 'infinite', 'bc': ['periodic', 'periodic'], 'V1': 0.6, 't': -1, 't2': -0.25, 'Lx': 2, 'Ly': 3, 'chi_max': 256, 'Nsec': 1, 'ktot': np.int64(0), 'saveAll': False, 'Delta': 0, 'phi_ext': np.float64(0.25), 'explicit_plus_hc': False, 'N_rings': 2, 'xy_lattice': 'Square', 'ring_order': None, 'conserve_k': True, 'sort_mpo_legs': False}
1
[1.57079633 3.14159265 0.        ] 0
[-1.57079633  3.14159265  3.14159265] 1
[1.57079633 3.14159265 0.        ] 0
[-1.57079633  3.14159265  3.14159265] 1
[1.57079633 3.14159265 0.        ] 0
[-1.57079633  3.14159265  3.14159265] 1
created model
loaded psi
momentum of initial state: 0 , particle number of initial state: 1
starting drmg run
E= -0.414468066671463
max bond dimension= 256
[0.15592239 1.98160505]
started to simulate
{'bc_MPS': 'infinite', 'bc': ['periodic', 'periodic'], 'V1': 0.6, 't': -1, 't2': -0.25, 'Lx': 2, 'Ly': 3, 'chi_max': 256, 'Nsec': 1, 'ktot': np.int64(0), 'saveAll': False, 'Delta': 0, 'phi_ext': np.float64(0.30000000000000004), 'explicit_plus_hc': False, 'N_rings': 2, 'xy_lattice': 'Square', 'ring_order': None, 'conserve_k': True, 'sort_mpo_legs': False}
1
[1.57079633 3.14159265 0.        ] 0
[-1.57079633  3.14159265  3.14159265] 1
[1.57079633 3.14159265 0.        ] 0
[-1.57079633  3.14159265  3.14159265] 1
[1.57079633 3.14159265 0.        ] 0
[-1.57079633  3.14159265  3.14159265] 1
created model
loaded psi
momentum of initial state: 0 , particle number of initial state: 1
starting drmg run
E= -0.41397426492437717
max bond dimension= 256
[0.18557876 1.97832668]
started to simulate
{'bc_MPS': 'infinite', 'bc': ['periodic', 'periodic'], 'V1': 0.6, 't': -1, 't2': -0.25, 'Lx': 2, 'Ly': 3, 'chi_max': 256, 'Nsec': 1, 'ktot': np.int64(0), 'saveAll': False, 'Delta': 0, 'phi_ext': np.float64(0.35000000000000003), 'explicit_plus_hc': False, 'N_rings': 2, 'xy_lattice': 'Square', 'ring_order': None, 'conserve_k': True, 'sort_mpo_legs': False}
1
[1.57079633 3.14159265 0.        ] 0
[-1.57079633  3.14159265  3.14159265] 1
[1.57079633 3.14159265 0.        ] 0
[-1.57079633  3.14159265  3.14159265] 1
[1.57079633 3.14159265 0.        ] 0
[-1.57079633  3.14159265  3.14159265] 1
created model
loaded psi
momentum of initial state: 0 , particle number of initial state: 1
starting drmg run
E= -0.4135248921933273
max bond dimension= 256
[0.21783169 1.9733331 ]
started to simulate
{'bc_MPS': 'infinite', 'bc': ['periodic', 'periodic'], 'V1': 0.6, 't': -1, 't2': -0.25, 'Lx': 2, 'Ly': 3, 'chi_max': 256, 'Nsec': 1, 'ktot': np.int64(0), 'saveAll': False, 'Delta': 0, 'phi_ext': np.float64(0.4), 'explicit_plus_hc': False, 'N_rings': 2, 'xy_lattice': 'Square', 'ring_order': None, 'conserve_k': True, 'sort_mpo_legs': False}
1
[1.57079633 3.14159265 0.        ] 0
[-1.57079633  3.14159265  3.14159265] 1
[1.57079633 3.14159265 0.        ] 0
[-1.57079633  3.14159265  3.14159265] 1
[1.57079633 3.14159265 0.        ] 0
[-1.57079633  3.14159265  3.14159265] 1
created model
loaded psi
momentum of initial state: 0 , particle number of initial state: 1
starting drmg run
E= -0.41314786652665464
max bond dimension= 256
[0.25120914 1.96668721]
started to simulate
{'bc_MPS': 'infinite', 'bc': ['periodic', 'periodic'], 'V1': 0.6, 't': -1, 't2': -0.25, 'Lx': 2, 'Ly': 3, 'chi_max': 256, 'Nsec': 1, 'ktot': np.int64(0), 'saveAll': False, 'Delta': 0, 'phi_ext': np.float64(0.45), 'explicit_plus_hc': False, 'N_rings': 2, 'xy_lattice': 'Square', 'ring_order': None, 'conserve_k': True, 'sort_mpo_legs': False}
1
[1.57079633 3.14159265 0.        ] 0
[-1.57079633  3.14159265  3.14159265] 1
[1.57079633 3.14159265 0.        ] 0
[-1.57079633  3.14159265  3.14159265] 1
[1.57079633 3.14159265 0.        ] 0
[-1.57079633  3.14159265  3.14159265] 1
created model
loaded psi
momentum of initial state: 0 , particle number of initial state: 1
starting drmg run
E= -0.4128404065727788
max bond dimension= 256
[0.2842631  1.95966883]
started to simulate
{'bc_MPS': 'infinite', 'bc': ['periodic', 'periodic'], 'V1': 0.6, 't': -1, 't2': -0.25, 'Lx': 2, 'Ly': 3, 'chi_max': 256, 'Nsec': 1, 'ktot': np.int64(0), 'saveAll': False, 'Delta': 0, 'phi_ext': np.float64(0.5), 'explicit_plus_hc': False, 'N_rings': 2, 'xy_lattice': 'Square', 'ring_order': None, 'conserve_k': True, 'sort_mpo_legs': False}
1
[1.57079633 3.14159265 0.        ] 0
[-1.57079633  3.14159265  3.14159265] 1
[1.57079633 3.14159265 0.        ] 0
[-1.57079633  3.14159265  3.14159265] 1
[1.57079633 3.14159265 0.        ] 0
[-1.57079633  3.14159265  3.14159265] 1
created model
loaded psi
momentum of initial state: 0 , particle number of initial state: 1
starting drmg run
E= -0.4125742496686158
max bond dimension= 256
[0.31657455 1.95484321]
started to simulate
{'bc_MPS': 'infinite', 'bc': ['periodic', 'periodic'], 'V1': 0.6, 't': -1, 't2': -0.25, 'Lx': 2, 'Ly': 3, 'chi_max': 256, 'Nsec': 1, 'ktot': np.int64(0), 'saveAll': False, 'Delta': 0, 'phi_ext': np.float64(0.55), 'explicit_plus_hc': False, 'N_rings': 2, 'xy_lattice': 'Square', 'ring_order': None, 'conserve_k': True, 'sort_mpo_legs': False}
1
[1.57079633 3.14159265 0.        ] 0
[-1.57079633  3.14159265  3.14159265] 1
[1.57079633 3.14159265 0.        ] 0
[-1.57079633  3.14159265  3.14159265] 1
[1.57079633 3.14159265 0.        ] 0
[-1.57079633  3.14159265  3.14159265] 1
created model
loaded psi
momentum of initial state: 0 , particle number of initial state: 1
starting drmg run
E= -0.4123204151372306
max bond dimension= 256
[0.34891503 1.95433119]
started to simulate
{'bc_MPS': 'infinite', 'bc': ['periodic', 'periodic'], 'V1': 0.6, 't': -1, 't2': -0.25, 'Lx': 2, 'Ly': 3, 'chi_max': 256, 'Nsec': 1, 'ktot': np.int64(0), 'saveAll': False, 'Delta': 0, 'phi_ext': np.float64(0.6000000000000001), 'explicit_plus_hc': False, 'N_rings': 2, 'xy_lattice': 'Square', 'ring_order': None, 'conserve_k': True, 'sort_mpo_legs': False}
1
[1.57079633 3.14159265 0.        ] 0
[-1.57079633  3.14159265  3.14159265] 1
[1.57079633 3.14159265 0.        ] 0
[-1.57079633  3.14159265  3.14159265] 1
[1.57079633 3.14159265 0.        ] 0
[-1.57079633  3.14159265  3.14159265] 1
created model
loaded psi
momentum of initial state: 0 , particle number of initial state: 1
starting drmg run
E= -0.4114380176326051
max bond dimension= 256
[-0.61090311  0.04005501]
started to simulate
{'bc_MPS': 'infinite', 'bc': ['periodic', 'periodic'], 'V1': 0.6, 't': -1, 't2': -0.25, 'Lx': 2, 'Ly': 3, 'chi_max': 256, 'Nsec': 1, 'ktot': np.int64(0), 'saveAll': False, 'Delta': 0, 'phi_ext': np.float64(0.65), 'explicit_plus_hc': False, 'N_rings': 2, 'xy_lattice': 'Square', 'ring_order': None, 'conserve_k': True, 'sort_mpo_legs': False}
1
[1.57079633 3.14159265 0.        ] 0
[-1.57079633  3.14159265  3.14159265] 1
[1.57079633 3.14159265 0.        ] 0
[-1.57079633  3.14159265  3.14159265] 1
[1.57079633 3.14159265 0.        ] 0
[-1.57079633  3.14159265  3.14159265] 1
created model
loaded psi
momentum of initial state: 0 , particle number of initial state: 1
starting drmg run
E= 0.016447207764182774
max bond dimension= 256
[-0.23556453  1.99071466]
started to simulate
{'bc_MPS': 'infinite', 'bc': ['periodic', 'periodic'], 'V1': 0.6, 't': -1, 't2': -0.25, 'Lx': 2, 'Ly': 3, 'chi_max': 256, 'Nsec': 1, 'ktot': np.int64(0), 'saveAll': False, 'Delta': 0, 'phi_ext': np.float64(0.7000000000000001), 'explicit_plus_hc': False, 'N_rings': 2, 'xy_lattice': 'Square', 'ring_order': None, 'conserve_k': True, 'sort_mpo_legs': False}
1
[1.57079633 3.14159265 0.        ] 0
[-1.57079633  3.14159265  3.14159265] 1
[1.57079633 3.14159265 0.        ] 0
[-1.57079633  3.14159265  3.14159265] 1
[1.57079633 3.14159265 0.        ] 0
[-1.57079633  3.14159265  3.14159265] 1
created model
loaded psi
momentum of initial state: 0 , particle number of initial state: 1
starting drmg run
E= -0.05649677489374957
max bond dimension= 241
[-0.46316231  0.98877019]
started to simulate
{'bc_MPS': 'infinite', 'bc': ['periodic', 'periodic'], 'V1': 0.6, 't': -1, 't2': -0.25, 'Lx': 2, 'Ly': 3, 'chi_max': 256, 'Nsec': 1, 'ktot': np.int64(0), 'saveAll': False, 'Delta': 0, 'phi_ext': np.float64(0.75), 'explicit_plus_hc': False, 'N_rings': 2, 'xy_lattice': 'Square', 'ring_order': None, 'conserve_k': True, 'sort_mpo_legs': False}
1
[1.57079633 3.14159265 0.        ] 0
[-1.57079633  3.14159265  3.14159265] 1
[1.57079633 3.14159265 0.        ] 0
[-1.57079633  3.14159265  3.14159265] 1
[1.57079633 3.14159265 0.        ] 0
[-1.57079633  3.14159265  3.14159265] 1
created model
loaded psi
momentum of initial state: 0 , particle number of initial state: 1
starting drmg run
E= -0.4155386175483689
max bond dimension= 256
[-3.96908566  0.99942935]
started to simulate
{'bc_MPS': 'infinite', 'bc': ['periodic', 'periodic'], 'V1': 0.6, 't': -1, 't2': -0.25, 'Lx': 2, 'Ly': 3, 'chi_max': 256, 'Nsec': 1, 'ktot': np.int64(0), 'saveAll': False, 'Delta': 0, 'phi_ext': np.float64(0.8), 'explicit_plus_hc': False, 'N_rings': 2, 'xy_lattice': 'Square', 'ring_order': None, 'conserve_k': True, 'sort_mpo_legs': False}
1
[1.57079633 3.14159265 0.        ] 0
[-1.57079633  3.14159265  3.14159265] 1
[1.57079633 3.14159265 0.        ] 0
[-1.57079633  3.14159265  3.14159265] 1
[1.57079633 3.14159265 0.        ] 0
[-1.57079633  3.14159265  3.14159265] 1
created model
loaded psi
momentum of initial state: 0 , particle number of initial state: 1
starting drmg run
E= -0.24397008752990246
max bond dimension= 256
[-2.55351904  0.00817988]
started to simulate
{'bc_MPS': 'infinite', 'bc': ['periodic', 'periodic'], 'V1': 0.6, 't': -1, 't2': -0.25, 'Lx': 2, 'Ly': 3, 'chi_max': 256, 'Nsec': 1, 'ktot': np.int64(0), 'saveAll': False, 'Delta': 0, 'phi_ext': np.float64(0.8500000000000001), 'explicit_plus_hc': False, 'N_rings': 2, 'xy_lattice': 'Square', 'ring_order': None, 'conserve_k': True, 'sort_mpo_legs': False}
1
[1.57079633 3.14159265 0.        ] 0
[-1.57079633  3.14159265  3.14159265] 1
[1.57079633 3.14159265 0.        ] 0
[-1.57079633  3.14159265  3.14159265] 1
[1.57079633 3.14159265 0.        ] 0
[-1.57079633  3.14159265  3.14159265] 1
created model
loaded psi
momentum of initial state: 0 , particle number of initial state: 1
starting drmg run
E= 0.3272307533714051
max bond dimension= 256
[0.74838018 0.99992537]
started to simulate
{'bc_MPS': 'infinite', 'bc': ['periodic', 'periodic'], 'V1': 0.6, 't': -1, 't2': -0.25, 'Lx': 2, 'Ly': 3, 'chi_max': 256, 'Nsec': 1, 'ktot': np.int64(0), 'saveAll': False, 'Delta': 0, 'phi_ext': np.float64(0.9), 'explicit_plus_hc': False, 'N_rings': 2, 'xy_lattice': 'Square', 'ring_order': None, 'conserve_k': True, 'sort_mpo_legs': False}
1
[1.57079633 3.14159265 0.        ] 0
[-1.57079633  3.14159265  3.14159265] 1
[1.57079633 3.14159265 0.        ] 0
[-1.57079633  3.14159265  3.14159265] 1
[1.57079633 3.14159265 0.        ] 0
[-1.57079633  3.14159265  3.14159265] 1
created model
loaded psi
momentum of initial state: 0 , particle number of initial state: 1
starting drmg run
E= -0.2175708804176395
max bond dimension= 256
[0.95165572 1.35652211]
started to simulate
{'bc_MPS': 'infinite', 'bc': ['periodic', 'periodic'], 'V1': 0.6, 't': -1, 't2': -0.25, 'Lx': 2, 'Ly': 3, 'chi_max': 256, 'Nsec': 1, 'ktot': np.int64(0), 'saveAll': False, 'Delta': 0, 'phi_ext': np.float64(0.9500000000000001), 'explicit_plus_hc': False, 'N_rings': 2, 'xy_lattice': 'Square', 'ring_order': None, 'conserve_k': True, 'sort_mpo_legs': False}
1
[1.57079633 3.14159265 0.        ] 0
[-1.57079633  3.14159265  3.14159265] 1
[1.57079633 3.14159265 0.        ] 0
[-1.57079633  3.14159265  3.14159265] 1
[1.57079633 3.14159265 0.        ] 0
[-1.57079633  3.14159265  3.14159265] 1
created model
loaded psi
momentum of initial state: 0 , particle number of initial state: 1
starting drmg run
E= -0.4123203842343817
max bond dimension= 256
[-0.3489788   0.99122637]
started to simulate
{'bc_MPS': 'infinite', 'bc': ['periodic', 'periodic'], 'V1': 0.6, 't': -1, 't2': -0.25, 'Lx': 2, 'Ly': 3, 'chi_max': 256, 'Nsec': 1, 'ktot': np.int64(0), 'saveAll': False, 'Delta': 0, 'phi_ext': np.float64(1.0), 'explicit_plus_hc': False, 'N_rings': 2, 'xy_lattice': 'Square', 'ring_order': None, 'conserve_k': True, 'sort_mpo_legs': False}
1
[1.57079633 3.14159265 0.        ] 0
[-1.57079633  3.14159265  3.14159265] 1
[1.57079633 3.14159265 0.        ] 0
[-1.57079633  3.14159265  3.14159265] 1
[1.57079633 3.14159265 0.        ] 0
[-1.57079633  3.14159265  3.14159265] 1
created model
loaded psi
momentum of initial state: 0 , particle number of initial state: 1
starting drmg run
E= -0.41257424125705455
max bond dimension= 256
[-0.31657465  0.99222059]
started to simulate
{'bc_MPS': 'infinite', 'bc': ['periodic', 'periodic'], 'V1': 0.6, 't': -1, 't2': -0.25, 'Lx': 2, 'Ly': 3, 'chi_max': 256, 'Nsec': 1, 'ktot': np.int64(0), 'saveAll': False, 'Delta': 0, 'phi_ext': np.float64(1.05), 'explicit_plus_hc': False, 'N_rings': 2, 'xy_lattice': 'Square', 'ring_order': None, 'conserve_k': True, 'sort_mpo_legs': False}
1
[1.57079633 3.14159265 0.        ] 0
[-1.57079633  3.14159265  3.14159265] 1
[1.57079633 3.14159265 0.        ] 0
[-1.57079633  3.14159265  3.14159265] 1
[1.57079633 3.14159265 0.        ] 0
[-1.57079633  3.14159265  3.14159265] 1
created model
loaded psi
momentum of initial state: 0 , particle number of initial state: 1
starting drmg run
E= -0.41284039686428525
max bond dimension= 256
[-0.28426304  0.99407224]
started to simulate
{'bc_MPS': 'infinite', 'bc': ['periodic', 'periodic'], 'V1': 0.6, 't': -1, 't2': -0.25, 'Lx': 2, 'Ly': 3, 'chi_max': 256, 'Nsec': 1, 'ktot': np.int64(0), 'saveAll': False, 'Delta': 0, 'phi_ext': np.float64(1.1), 'explicit_plus_hc': False, 'N_rings': 2, 'xy_lattice': 'Square', 'ring_order': None, 'conserve_k': True, 'sort_mpo_legs': False}
1
[1.57079633 3.14159265 0.        ] 0
[-1.57079633  3.14159265  3.14159265] 1
[1.57079633 3.14159265 0.        ] 0
[-1.57079633  3.14159265  3.14159265] 1
[1.57079633 3.14159265 0.        ] 0
[-1.57079633  3.14159265  3.14159265] 1
created model
loaded psi
momentum of initial state: 0 , particle number of initial state: 1
starting drmg run
E= -0.4131478605223909
max bond dimension= 256
[-0.25120913  0.9961297 ]
started to simulate
{'bc_MPS': 'infinite', 'bc': ['periodic', 'periodic'], 'V1': 0.6, 't': -1, 't2': -0.25, 'Lx': 2, 'Ly': 3, 'chi_max': 256, 'Nsec': 1, 'ktot': np.int64(0), 'saveAll': False, 'Delta': 0, 'phi_ext': np.float64(1.1500000000000001), 'explicit_plus_hc': False, 'N_rings': 2, 'xy_lattice': 'Square', 'ring_order': None, 'conserve_k': True, 'sort_mpo_legs': False}
1
[1.57079633 3.14159265 0.        ] 0
[-1.57079633  3.14159265  3.14159265] 1
[1.57079633 3.14159265 0.        ] 0
[-1.57079633  3.14159265  3.14159265] 1
[1.57079633 3.14159265 0.        ] 0
[-1.57079633  3.14159265  3.14159265] 1
created model
loaded psi
momentum of initial state: 0 , particle number of initial state: 1
starting drmg run
E= -0.4135249151309874
max bond dimension= 256
[-0.21783169  0.99779601]
started to simulate
{'bc_MPS': 'infinite', 'bc': ['periodic', 'periodic'], 'V1': 0.6, 't': -1, 't2': -0.25, 'Lx': 2, 'Ly': 3, 'chi_max': 256, 'Nsec': 1, 'ktot': np.int64(0), 'saveAll': False, 'Delta': 0, 'phi_ext': np.float64(1.2000000000000002), 'explicit_plus_hc': False, 'N_rings': 2, 'xy_lattice': 'Square', 'ring_order': None, 'conserve_k': True, 'sort_mpo_legs': False}
1
[1.57079633 3.14159265 0.        ] 0
[-1.57079633  3.14159265  3.14159265] 1
[1.57079633 3.14159265 0.        ] 0
[-1.57079633  3.14159265  3.14159265] 1
[1.57079633 3.14159265 0.        ] 0
[-1.57079633  3.14159265  3.14159265] 1
created model
loaded psi
momentum of initial state: 0 , particle number of initial state: 1
starting drmg run
E= -0.41397426442949364
max bond dimension= 256
[-0.18557876  0.99884424]
started to simulate
{'bc_MPS': 'infinite', 'bc': ['periodic', 'periodic'], 'V1': 0.6, 't': -1, 't2': -0.25, 'Lx': 2, 'Ly': 3, 'chi_max': 256, 'Nsec': 1, 'ktot': np.int64(0), 'saveAll': False, 'Delta': 0, 'phi_ext': np.float64(1.25), 'explicit_plus_hc': False, 'N_rings': 2, 'xy_lattice': 'Square', 'ring_order': None, 'conserve_k': True, 'sort_mpo_legs': False}
1
[1.57079633 3.14159265 0.        ] 0
[-1.57079633  3.14159265  3.14159265] 1
[1.57079633 3.14159265 0.        ] 0
[-1.57079633  3.14159265  3.14159265] 1
[1.57079633 3.14159265 0.        ] 0
[-1.57079633  3.14159265  3.14159265] 1
created model
loaded psi
momentum of initial state: 0 , particle number of initial state: 1
starting drmg run
E= -0.4144680655885414
max bond dimension= 256
[-0.15592239  0.99938277]
started to simulate
{'bc_MPS': 'infinite', 'bc': ['periodic', 'periodic'], 'V1': 0.6, 't': -1, 't2': -0.25, 'Lx': 2, 'Ly': 3, 'chi_max': 256, 'Nsec': 1, 'ktot': np.int64(0), 'saveAll': False, 'Delta': 0, 'phi_ext': np.float64(1.3), 'explicit_plus_hc': False, 'N_rings': 2, 'xy_lattice': 'Square', 'ring_order': None, 'conserve_k': True, 'sort_mpo_legs': False}
1
[1.57079633 3.14159265 0.        ] 0
[-1.57079633  3.14159265  3.14159265] 1
[1.57079633 3.14159265 0.        ] 0
[-1.57079633  3.14159265  3.14159265] 1
[1.57079633 3.14159265 0.        ] 0
[-1.57079633  3.14159265  3.14159265] 1
created model
loaded psi
momentum of initial state: 0 , particle number of initial state: 1
starting drmg run
E= -0.41495983998026276
max bond dimension= 256
[-0.12971713  0.99960547]
started to simulate
{'bc_MPS': 'infinite', 'bc': ['periodic', 'periodic'], 'V1': 0.6, 't': -1, 't2': -0.25, 'Lx': 2, 'Ly': 3, 'chi_max': 256, 'Nsec': 1, 'ktot': np.int64(0), 'saveAll': False, 'Delta': 0, 'phi_ext': np.float64(1.35), 'explicit_plus_hc': False, 'N_rings': 2, 'xy_lattice': 'Square', 'ring_order': None, 'conserve_k': True, 'sort_mpo_legs': False}
1
[1.57079633 3.14159265 0.        ] 0
[-1.57079633  3.14159265  3.14159265] 1
[1.57079633 3.14159265 0.        ] 0
[-1.57079633  3.14159265  3.14159265] 1
[1.57079633 3.14159265 0.        ] 0
[-1.57079633  3.14159265  3.14159265] 1
created model
loaded psi
momentum of initial state: 0 , particle number of initial state: 1
starting drmg run
E= -0.4153999491393492
max bond dimension= 256
[-0.10720087  0.99963259]
started to simulate
{'bc_MPS': 'infinite', 'bc': ['periodic', 'periodic'], 'V1': 0.6, 't': -1, 't2': -0.25, 'Lx': 2, 'Ly': 3, 'chi_max': 256, 'Nsec': 1, 'ktot': np.int64(0), 'saveAll': False, 'Delta': 0, 'phi_ext': np.float64(1.4000000000000001), 'explicit_plus_hc': False, 'N_rings': 2, 'xy_lattice': 'Square', 'ring_order': None, 'conserve_k': True, 'sort_mpo_legs': False}
1
[1.57079633 3.14159265 0.        ] 0
[-1.57079633  3.14159265  3.14159265] 1
[1.57079633 3.14159265 0.        ] 0
[-1.57079633  3.14159265  3.14159265] 1
[1.57079633 3.14159265 0.        ] 0
[-1.57079633  3.14159265  3.14159265] 1
created model
loaded psi
momentum of initial state: 0 , particle number of initial state: 1
starting drmg run
E= -0.41574567777346516
max bond dimension= 256
[-0.08824299  0.99948613]
started to simulate
{'bc_MPS': 'infinite', 'bc': ['periodic', 'periodic'], 'V1': 0.6, 't': -1, 't2': -0.25, 'Lx': 2, 'Ly': 3, 'chi_max': 256, 'Nsec': 1, 'ktot': np.int64(0), 'saveAll': False, 'Delta': 0, 'phi_ext': np.float64(1.4500000000000002), 'explicit_plus_hc': False, 'N_rings': 2, 'xy_lattice': 'Square', 'ring_order': None, 'conserve_k': True, 'sort_mpo_legs': False}
1
[1.57079633 3.14159265 0.        ] 0
[-1.57079633  3.14159265  3.14159265] 1
[1.57079633 3.14159265 0.        ] 0
[-1.57079633  3.14159265  3.14159265] 1
[1.57079633 3.14159265 0.        ] 0
[-1.57079633  3.14159265  3.14159265] 1
created model
loaded psi
momentum of initial state: 0 , particle number of initial state: 1
starting drmg run
E= -0.4159656586611528
max bond dimension= 256
[-0.07255393  0.99911749]
started to simulate
{'bc_MPS': 'infinite', 'bc': ['periodic', 'periodic'], 'V1': 0.6, 't': -1, 't2': -0.25, 'Lx': 2, 'Ly': 3, 'chi_max': 256, 'Nsec': 1, 'ktot': np.int64(0), 'saveAll': False, 'Delta': 0, 'phi_ext': np.float64(1.5), 'explicit_plus_hc': False, 'N_rings': 2, 'xy_lattice': 'Square', 'ring_order': None, 'conserve_k': True, 'sort_mpo_legs': False}
1
[1.57079633 3.14159265 0.        ] 0
[-1.57079633  3.14159265  3.14159265] 1
[1.57079633 3.14159265 0.        ] 0
[-1.57079633  3.14159265  3.14159265] 1
[1.57079633 3.14159265 0.        ] 0
[-1.57079633  3.14159265  3.14159265] 1
created model
loaded psi
momentum of initial state: 0 , particle number of initial state: 1
starting drmg run
E= -0.41604106789742445
max bond dimension= 256
[-0.05980526  0.99843737]
started to simulate
{'bc_MPS': 'infinite', 'bc': ['periodic', 'periodic'], 'V1': 0.6, 't': -1, 't2': -0.25, 'Lx': 2, 'Ly': 3, 'chi_max': 256, 'Nsec': 1, 'ktot': np.int64(0), 'saveAll': False, 'Delta': 0, 'phi_ext': np.float64(1.55), 'explicit_plus_hc': False, 'N_rings': 2, 'xy_lattice': 'Square', 'ring_order': None, 'conserve_k': True, 'sort_mpo_legs': False}
1
[1.57079633 3.14159265 0.        ] 0
[-1.57079633  3.14159265  3.14159265] 1
[1.57079633 3.14159265 0.        ] 0
[-1.57079633  3.14159265  3.14159265] 1
[1.57079633 3.14159265 0.        ] 0
[-1.57079633  3.14159265  3.14159265] 1
created model
loaded psi
momentum of initial state: 0 , particle number of initial state: 1
starting drmg run
E= -0.415965658672756
max bond dimension= 256
[-0.04968964  0.99733132]
started to simulate
{'bc_MPS': 'infinite', 'bc': ['periodic', 'periodic'], 'V1': 0.6, 't': -1, 't2': -0.25, 'Lx': 2, 'Ly': 3, 'chi_max': 256, 'Nsec': 1, 'ktot': np.int64(0), 'saveAll': False, 'Delta': 0, 'phi_ext': np.float64(1.6), 'explicit_plus_hc': False, 'N_rings': 2, 'xy_lattice': 'Square', 'ring_order': None, 'conserve_k': True, 'sort_mpo_legs': False}
1
[1.57079633 3.14159265 0.        ] 0
[-1.57079633  3.14159265  3.14159265] 1
[1.57079633 3.14159265 0.        ] 0
[-1.57079633  3.14159265  3.14159265] 1
[1.57079633 3.14159265 0.        ] 0
[-1.57079633  3.14159265  3.14159265] 1
created model
loaded psi
momentum of initial state: 0 , particle number of initial state: 1
starting drmg run
E= -0.41574567773770355
max bond dimension= 256
[-0.0419469   0.99565008]
started to simulate
{'bc_MPS': 'infinite', 'bc': ['periodic', 'periodic'], 'V1': 0.6, 't': -1, 't2': -0.25, 'Lx': 2, 'Ly': 3, 'chi_max': 256, 'Nsec': 1, 'ktot': np.int64(0), 'saveAll': False, 'Delta': 0, 'phi_ext': np.float64(1.6500000000000001), 'explicit_plus_hc': False, 'N_rings': 2, 'xy_lattice': 'Square', 'ring_order': None, 'conserve_k': True, 'sort_mpo_legs': False}
1
[1.57079633 3.14159265 0.        ] 0
[-1.57079633  3.14159265  3.14159265] 1
[1.57079633 3.14159265 0.        ] 0
[-1.57079633  3.14159265  3.14159265] 1
[1.57079633 3.14159265 0.        ] 0
[-1.57079633  3.14159265  3.14159265] 1
created model
loaded psi
momentum of initial state: 0 , particle number of initial state: 1
starting drmg run
E= -0.4153999489776841
max bond dimension= 256
[-0.0363686   0.99317129]
started to simulate
{'bc_MPS': 'infinite', 'bc': ['periodic', 'periodic'], 'V1': 0.6, 't': -1, 't2': -0.25, 'Lx': 2, 'Ly': 3, 'chi_max': 256, 'Nsec': 1, 'ktot': np.int64(0), 'saveAll': False, 'Delta': 0, 'phi_ext': np.float64(1.7000000000000002), 'explicit_plus_hc': False, 'N_rings': 2, 'xy_lattice': 'Square', 'ring_order': None, 'conserve_k': True, 'sort_mpo_legs': False}
1
[1.57079633 3.14159265 0.        ] 0
[-1.57079633  3.14159265  3.14159265] 1
[1.57079633 3.14159265 0.        ] 0
[-1.57079633  3.14159265  3.14159265] 1
[1.57079633 3.14159265 0.        ] 0
[-1.57079633  3.14159265  3.14159265] 1
created model
loaded psi
momentum of initial state: 0 , particle number of initial state: 1
starting drmg run
E= -0.41495983993051055
max bond dimension= 256
[-0.03278967  0.98954508]
started to simulate
{'bc_MPS': 'infinite', 'bc': ['periodic', 'periodic'], 'V1': 0.6, 't': -1, 't2': -0.25, 'Lx': 2, 'Ly': 3, 'chi_max': 256, 'Nsec': 1, 'ktot': np.int64(0), 'saveAll': False, 'Delta': 0, 'phi_ext': np.float64(1.75), 'explicit_plus_hc': False, 'N_rings': 2, 'xy_lattice': 'Square', 'ring_order': None, 'conserve_k': True, 'sort_mpo_legs': False}
1
[1.57079633 3.14159265 0.        ] 0
[-1.57079633  3.14159265  3.14159265] 1
[1.57079633 3.14159265 0.        ] 0
[-1.57079633  3.14159265  3.14159265] 1
[1.57079633 3.14159265 0.        ] 0
[-1.57079633  3.14159265  3.14159265] 1
created model
loaded psi
momentum of initial state: 0 , particle number of initial state: 1
starting drmg run
E= -0.4144680667057135
max bond dimension= 256
[-0.03106886  0.9842549 ]
started to simulate
{'bc_MPS': 'infinite', 'bc': ['periodic', 'periodic'], 'V1': 0.6, 't': -1, 't2': -0.25, 'Lx': 2, 'Ly': 3, 'chi_max': 256, 'Nsec': 1, 'ktot': np.int64(0), 'saveAll': False, 'Delta': 0, 'phi_ext': np.float64(1.8), 'explicit_plus_hc': False, 'N_rings': 2, 'xy_lattice': 'Square', 'ring_order': None, 'conserve_k': True, 'sort_mpo_legs': False}
1
[1.57079633 3.14159265 0.        ] 0
[-1.57079633  3.14159265  3.14159265] 1
[1.57079633 3.14159265 0.        ] 0
[-1.57079633  3.14159265  3.14159265] 1
[1.57079633 3.14159265 0.        ] 0
[-1.57079633  3.14159265  3.14159265] 1
created model
loaded psi
momentum of initial state: 0 , particle number of initial state: 1
starting drmg run
E= -0.41397426488232963
max bond dimension= 256
[-0.03103912  0.97666322]
started to simulate
{'bc_MPS': 'infinite', 'bc': ['periodic', 'periodic'], 'V1': 0.6, 't': -1, 't2': -0.25, 'Lx': 2, 'Ly': 3, 'chi_max': 256, 'Nsec': 1, 'ktot': np.int64(0), 'saveAll': False, 'Delta': 0, 'phi_ext': np.float64(1.85), 'explicit_plus_hc': False, 'N_rings': 2, 'xy_lattice': 'Square', 'ring_order': None, 'conserve_k': True, 'sort_mpo_legs': False}
1
[1.57079633 3.14159265 0.        ] 0
[-1.57079633  3.14159265  3.14159265] 1
[1.57079633 3.14159265 0.        ] 0
[-1.57079633  3.14159265  3.14159265] 1
[1.57079633 3.14159265 0.        ] 0
[-1.57079633  3.14159265  3.14159265] 1
created model
loaded psi
momentum of initial state: 0 , particle number of initial state: 1
starting drmg run
E= -0.4135248923010977
max bond dimension= 256
[-0.03237923  0.96627825]
started to simulate
{'bc_MPS': 'infinite', 'bc': ['periodic', 'periodic'], 'V1': 0.6, 't': -1, 't2': -0.25, 'Lx': 2, 'Ly': 3, 'chi_max': 256, 'Nsec': 1, 'ktot': np.int64(0), 'saveAll': False, 'Delta': 0, 'phi_ext': np.float64(1.9000000000000001), 'explicit_plus_hc': False, 'N_rings': 2, 'xy_lattice': 'Square', 'ring_order': None, 'conserve_k': True, 'sort_mpo_legs': False}
1
[1.57079633 3.14159265 0.        ] 0
[-1.57079633  3.14159265  3.14159265] 1
[1.57079633 3.14159265 0.        ] 0
[-1.57079633  3.14159265  3.14159265] 1
[1.57079633 3.14159265 0.        ] 0
[-1.57079633  3.14159265  3.14159265] 1
created model
loaded psi
momentum of initial state: 0 , particle number of initial state: 1
starting drmg run
E= -0.41314786703587697
max bond dimension= 256
[-0.03438091  0.95333214]
started to simulate
{'bc_MPS': 'infinite', 'bc': ['periodic', 'periodic'], 'V1': 0.6, 't': -1, 't2': -0.25, 'Lx': 2, 'Ly': 3, 'chi_max': 256, 'Nsec': 1, 'ktot': np.int64(0), 'saveAll': False, 'Delta': 0, 'phi_ext': np.float64(1.9500000000000002), 'explicit_plus_hc': False, 'N_rings': 2, 'xy_lattice': 'Square', 'ring_order': None, 'conserve_k': True, 'sort_mpo_legs': False}
1
[1.57079633 3.14159265 0.        ] 0
[-1.57079633  3.14159265  3.14159265] 1
[1.57079633 3.14159265 0.        ] 0
[-1.57079633  3.14159265  3.14159265] 1
[1.57079633 3.14159265 0.        ] 0
[-1.57079633  3.14159265  3.14159265] 1
created model
loaded psi
momentum of initial state: 0 , particle number of initial state: 1
starting drmg run
E= -0.41284040463027577
max bond dimension= 256
[-0.03579441  0.93931252]
started to simulate
{'bc_MPS': 'infinite', 'bc': ['periodic', 'periodic'], 'V1': 0.6, 't': -1, 't2': -0.25, 'Lx': 2, 'Ly': 3, 'chi_max': 256, 'Nsec': 1, 'ktot': np.int64(0), 'saveAll': False, 'Delta': 0, 'phi_ext': np.float64(2.0), 'explicit_plus_hc': False, 'N_rings': 2, 'xy_lattice': 'Square', 'ring_order': None, 'conserve_k': True, 'sort_mpo_legs': False}
1
[1.57079633 3.14159265 0.        ] 0
[-1.57079633  3.14159265  3.14159265] 1
[1.57079633 3.14159265 0.        ] 0
[-1.57079633  3.14159265  3.14159265] 1
[1.57079633 3.14159265 0.        ] 0
[-1.57079633  3.14159265  3.14159265] 1
created model
loaded psi
momentum of initial state: 0 , particle number of initial state: 1
starting drmg run
E= -0.4125742544848805
max bond dimension= 256
[-0.03516276  0.92662191]
started to simulate
{'bc_MPS': 'infinite', 'bc': ['periodic', 'periodic'], 'V1': 0.6, 't': -1, 't2': -0.25, 'Lx': 2, 'Ly': 3, 'chi_max': 256, 'Nsec': 1, 'ktot': np.int64(0), 'saveAll': False, 'Delta': 0, 'phi_ext': np.float64(2.0500000000000003), 'explicit_plus_hc': False, 'N_rings': 2, 'xy_lattice': 'Square', 'ring_order': None, 'conserve_k': True, 'sort_mpo_legs': False}
1
[1.57079633 3.14159265 0.        ] 0
[-1.57079633  3.14159265  3.14159265] 1
[1.57079633 3.14159265 0.        ] 0
[-1.57079633  3.14159265  3.14159265] 1
[1.57079633 3.14159265 0.        ] 0
[-1.57079633  3.14159265  3.14159265] 1
created model
loaded psi
momentum of initial state: 0 , particle number of initial state: 1
starting drmg run
E= -0.41231445494634045
max bond dimension= 256
[-0.03129334  1.88866806]
started to simulate
{'bc_MPS': 'infinite', 'bc': ['periodic', 'periodic'], 'V1': 0.6, 't': -1, 't2': -0.25, 'Lx': 2, 'Ly': 3, 'chi_max': 256, 'Nsec': 1, 'ktot': np.int64(0), 'saveAll': False, 'Delta': 0, 'phi_ext': np.float64(2.1), 'explicit_plus_hc': False, 'N_rings': 2, 'xy_lattice': 'Square', 'ring_order': None, 'conserve_k': True, 'sort_mpo_legs': False}
1
[1.57079633 3.14159265 0.        ] 0
[-1.57079633  3.14159265  3.14159265] 1
[1.57079633 3.14159265 0.        ] 0
[-1.57079633  3.14159265  3.14159265] 1
[1.57079633 3.14159265 0.        ] 0
[-1.57079633  3.14159265  3.14159265] 1
created model
loaded psi
momentum of initial state: 0 , particle number of initial state: 1
starting drmg run
E= 1.165006090826741
max bond dimension= 256
[1.58225607 0.16184846]
started to simulate
{'bc_MPS': 'infinite', 'bc': ['periodic', 'periodic'], 'V1': 0.6, 't': -1, 't2': -0.25, 'Lx': 2, 'Ly': 3, 'chi_max': 256, 'Nsec': 1, 'ktot': np.int64(0), 'saveAll': False, 'Delta': 0, 'phi_ext': np.float64(2.15), 'explicit_plus_hc': False, 'N_rings': 2, 'xy_lattice': 'Square', 'ring_order': None, 'conserve_k': True, 'sort_mpo_legs': False}
1
[1.57079633 3.14159265 0.        ] 0
[-1.57079633  3.14159265  3.14159265] 1
[1.57079633 3.14159265 0.        ] 0
[-1.57079633  3.14159265  3.14159265] 1
[1.57079633 3.14159265 0.        ] 0
[-1.57079633  3.14159265  3.14159265] 1
created model
loaded psi
momentum of initial state: 0 , particle number of initial state: 1
starting drmg run
E= 0.16062284693628234
max bond dimension= 256
[7.18500403 0.97190429]
started to simulate
{'bc_MPS': 'infinite', 'bc': ['periodic', 'periodic'], 'V1': 0.6, 't': -1, 't2': -0.25, 'Lx': 2, 'Ly': 3, 'chi_max': 256, 'Nsec': 1, 'ktot': np.int64(0), 'saveAll': False, 'Delta': 0, 'phi_ext': np.float64(2.2), 'explicit_plus_hc': False, 'N_rings': 2, 'xy_lattice': 'Square', 'ring_order': None, 'conserve_k': True, 'sort_mpo_legs': False}
1
[1.57079633 3.14159265 0.        ] 0
[-1.57079633  3.14159265  3.14159265] 1
[1.57079633 3.14159265 0.        ] 0
[-1.57079633  3.14159265  3.14159265] 1
[1.57079633 3.14159265 0.        ] 0
[-1.57079633  3.14159265  3.14159265] 1
created model
loaded psi
momentum of initial state: 0 , particle number of initial state: 1
starting drmg run
E= 0.4556840771733827
max bond dimension= 256
[6.85108356 1.92146697]
started to simulate
{'bc_MPS': 'infinite', 'bc': ['periodic', 'periodic'], 'V1': 0.6, 't': -1, 't2': -0.25, 'Lx': 2, 'Ly': 3, 'chi_max': 256, 'Nsec': 1, 'ktot': np.int64(0), 'saveAll': False, 'Delta': 0, 'phi_ext': np.float64(2.25), 'explicit_plus_hc': False, 'N_rings': 2, 'xy_lattice': 'Square', 'ring_order': None, 'conserve_k': True, 'sort_mpo_legs': False}
1
[1.57079633 3.14159265 0.        ] 0
[-1.57079633  3.14159265  3.14159265] 1
[1.57079633 3.14159265 0.        ] 0
[-1.57079633  3.14159265  3.14159265] 1
[1.57079633 3.14159265 0.        ] 0
[-1.57079633  3.14159265  3.14159265] 1
created model
loaded psi
momentum of initial state: 0 , particle number of initial state: 1
starting drmg run
E= -0.41511562354501547
max bond dimension= 256
[7.84397334 1.00215936]
started to simulate
{'bc_MPS': 'infinite', 'bc': ['periodic', 'periodic'], 'V1': 0.6, 't': -1, 't2': -0.25, 'Lx': 2, 'Ly': 3, 'chi_max': 256, 'Nsec': 1, 'ktot': np.int64(0), 'saveAll': False, 'Delta': 0, 'phi_ext': np.float64(2.3000000000000003), 'explicit_plus_hc': False, 'N_rings': 2, 'xy_lattice': 'Square', 'ring_order': None, 'conserve_k': True, 'sort_mpo_legs': False}
1
[1.57079633 3.14159265 0.        ] 0
[-1.57079633  3.14159265  3.14159265] 1
[1.57079633 3.14159265 0.        ] 0
[-1.57079633  3.14159265  3.14159265] 1
[1.57079633 3.14159265 0.        ] 0
[-1.57079633  3.14159265  3.14159265] 1
created model
loaded psi
momentum of initial state: 0 , particle number of initial state: 1
starting drmg run
E= 0.29230368539440593
max bond dimension= 256
[10.20139719  1.08466781]
started to simulate
{'bc_MPS': 'infinite', 'bc': ['periodic', 'periodic'], 'V1': 0.6, 't': -1, 't2': -0.25, 'Lx': 2, 'Ly': 3, 'chi_max': 256, 'Nsec': 1, 'ktot': np.int64(0), 'saveAll': False, 'Delta': 0, 'phi_ext': np.float64(2.35), 'explicit_plus_hc': False, 'N_rings': 2, 'xy_lattice': 'Square', 'ring_order': None, 'conserve_k': True, 'sort_mpo_legs': False}
1
[1.57079633 3.14159265 0.        ] 0
[-1.57079633  3.14159265  3.14159265] 1
[1.57079633 3.14159265 0.        ] 0
[-1.57079633  3.14159265  3.14159265] 1
[1.57079633 3.14159265 0.        ] 0
[-1.57079633  3.14159265  3.14159265] 1
created model
loaded psi
momentum of initial state: 0 , particle number of initial state: 1
starting drmg run
E= 0.04352079579835314
max bond dimension= 256
[7.9671101  0.04701751]
started to simulate
{'bc_MPS': 'infinite', 'bc': ['periodic', 'periodic'], 'V1': 0.6, 't': -1, 't2': -0.25, 'Lx': 2, 'Ly': 3, 'chi_max': 256, 'Nsec': 1, 'ktot': np.int64(0), 'saveAll': False, 'Delta': 0, 'phi_ext': np.float64(2.4000000000000004), 'explicit_plus_hc': False, 'N_rings': 2, 'xy_lattice': 'Square', 'ring_order': None, 'conserve_k': True, 'sort_mpo_legs': False}
1
[1.57079633 3.14159265 0.        ] 0
[-1.57079633  3.14159265  3.14159265] 1
[1.57079633 3.14159265 0.        ] 0
[-1.57079633  3.14159265  3.14159265] 1
[1.57079633 3.14159265 0.        ] 0
[-1.57079633  3.14159265  3.14159265] 1
created model
loaded psi
momentum of initial state: 0 , particle number of initial state: 1
starting drmg run
E= -0.40870564607472676
max bond dimension= 256
[9.25544099 0.96108182]
started to simulate
{'bc_MPS': 'infinite', 'bc': ['periodic', 'periodic'], 'V1': 0.6, 't': -1, 't2': -0.25, 'Lx': 2, 'Ly': 3, 'chi_max': 256, 'Nsec': 1, 'ktot': np.int64(0), 'saveAll': False, 'Delta': 0, 'phi_ext': np.float64(2.45), 'explicit_plus_hc': False, 'N_rings': 2, 'xy_lattice': 'Square', 'ring_order': None, 'conserve_k': True, 'sort_mpo_legs': False}
1
[1.57079633 3.14159265 0.        ] 0
[-1.57079633  3.14159265  3.14159265] 1
[1.57079633 3.14159265 0.        ] 0
[-1.57079633  3.14159265  3.14159265] 1
[1.57079633 3.14159265 0.        ] 0
[-1.57079633  3.14159265  3.14159265] 1
created model
loaded psi
momentum of initial state: 0 , particle number of initial state: 1
starting drmg run
E= -0.41280822421421703
max bond dimension= 256
[9.28431604 0.9999709 ]
started to simulate
{'bc_MPS': 'infinite', 'bc': ['periodic', 'periodic'], 'V1': 0.6, 't': -1, 't2': -0.25, 'Lx': 2, 'Ly': 3, 'chi_max': 256, 'Nsec': 1, 'ktot': np.int64(0), 'saveAll': False, 'Delta': 0, 'phi_ext': np.float64(2.5), 'explicit_plus_hc': False, 'N_rings': 2, 'xy_lattice': 'Square', 'ring_order': None, 'conserve_k': True, 'sort_mpo_legs': False}
1
[1.57079633 3.14159265 0.        ] 0
[-1.57079633  3.14159265  3.14159265] 1
[1.57079633 3.14159265 0.        ] 0
[-1.57079633  3.14159265  3.14159265] 1
[1.57079633 3.14159265 0.        ] 0
[-1.57079633  3.14159265  3.14159265] 1
created model
loaded psi
momentum of initial state: 0 , particle number of initial state: 1
starting drmg run
E= -0.4125742568363672
max bond dimension= 256
[9.03516288 1.89848177]
started to simulate
{'bc_MPS': 'infinite', 'bc': ['periodic', 'periodic'], 'V1': 0.6, 't': -1, 't2': -0.25, 'Lx': 2, 'Ly': 3, 'chi_max': 256, 'Nsec': 1, 'ktot': np.int64(0), 'saveAll': False, 'Delta': 0, 'phi_ext': np.float64(2.5500000000000003), 'explicit_plus_hc': False, 'N_rings': 2, 'xy_lattice': 'Square', 'ring_order': None, 'conserve_k': True, 'sort_mpo_legs': False}
1
[1.57079633 3.14159265 0.        ] 0
[-1.57079633  3.14159265  3.14159265] 1
[1.57079633 3.14159265 0.        ] 0
[-1.57079633  3.14159265  3.14159265] 1
[1.57079633 3.14159265 0.        ] 0
[-1.57079633  3.14159265  3.14159265] 1
created model
loaded psi
momentum of initial state: 0 , particle number of initial state: 1
starting drmg run
E= -0.41284040548056805
max bond dimension= 256
[9.03579438 1.91477061]
started to simulate
{'bc_MPS': 'infinite', 'bc': ['periodic', 'periodic'], 'V1': 0.6, 't': -1, 't2': -0.25, 'Lx': 2, 'Ly': 3, 'chi_max': 256, 'Nsec': 1, 'ktot': np.int64(0), 'saveAll': False, 'Delta': 0, 'phi_ext': np.float64(2.6), 'explicit_plus_hc': False, 'N_rings': 2, 'xy_lattice': 'Square', 'ring_order': None, 'conserve_k': True, 'sort_mpo_legs': False}
1
[1.57079633 3.14159265 0.        ] 0
[-1.57079633  3.14159265  3.14159265] 1
[1.57079633 3.14159265 0.        ] 0
[-1.57079633  3.14159265  3.14159265] 1
[1.57079633 3.14159265 0.        ] 0
[-1.57079633  3.14159265  3.14159265] 1
created model
loaded psi
momentum of initial state: 0 , particle number of initial state: 1
starting drmg run
E= -0.41314786895877614
max bond dimension= 256
[9.03438091 1.93283486]
started to simulate
{'bc_MPS': 'infinite', 'bc': ['periodic', 'periodic'], 'V1': 0.6, 't': -1, 't2': -0.25, 'Lx': 2, 'Ly': 3, 'chi_max': 256, 'Nsec': 1, 'ktot': np.int64(0), 'saveAll': False, 'Delta': 0, 'phi_ext': np.float64(2.6500000000000004), 'explicit_plus_hc': False, 'N_rings': 2, 'xy_lattice': 'Square', 'ring_order': None, 'conserve_k': True, 'sort_mpo_legs': False}
1
[1.57079633 3.14159265 0.        ] 0
[-1.57079633  3.14159265  3.14159265] 1
[1.57079633 3.14159265 0.        ] 0
[-1.57079633  3.14159265  3.14159265] 1
[1.57079633 3.14159265 0.        ] 0
[-1.57079633  3.14159265  3.14159265] 1
created model
loaded psi
momentum of initial state: 0 , particle number of initial state: 1
starting drmg run
E= -0.41352489772301954
max bond dimension= 256
[9.03237923 1.94917029]
started to simulate
{'bc_MPS': 'infinite', 'bc': ['periodic', 'periodic'], 'V1': 0.6, 't': -1, 't2': -0.25, 'Lx': 2, 'Ly': 3, 'chi_max': 256, 'Nsec': 1, 'ktot': np.int64(0), 'saveAll': False, 'Delta': 0, 'phi_ext': np.float64(2.7), 'explicit_plus_hc': False, 'N_rings': 2, 'xy_lattice': 'Square', 'ring_order': None, 'conserve_k': True, 'sort_mpo_legs': False}
1
[1.57079633 3.14159265 0.        ] 0
[-1.57079633  3.14159265  3.14159265] 1
[1.57079633 3.14159265 0.        ] 0
[-1.57079633  3.14159265  3.14159265] 1
[1.57079633 3.14159265 0.        ] 0
[-1.57079633  3.14159265  3.14159265] 1
created model
loaded psi
momentum of initial state: 0 , particle number of initial state: 1
starting drmg run
E= -0.4139742641841219
max bond dimension= 256
[9.03103912 1.96190191]
started to simulate
{'bc_MPS': 'infinite', 'bc': ['periodic', 'periodic'], 'V1': 0.6, 't': -1, 't2': -0.25, 'Lx': 2, 'Ly': 3, 'chi_max': 256, 'Nsec': 1, 'ktot': np.int64(0), 'saveAll': False, 'Delta': 0, 'phi_ext': np.float64(2.75), 'explicit_plus_hc': False, 'N_rings': 2, 'xy_lattice': 'Square', 'ring_order': None, 'conserve_k': True, 'sort_mpo_legs': False}
1
[1.57079633 3.14159265 0.        ] 0
[-1.57079633  3.14159265  3.14159265] 1
[1.57079633 3.14159265 0.        ] 0
[-1.57079633  3.14159265  3.14159265] 1
[1.57079633 3.14159265 0.        ] 0
[-1.57079633  3.14159265  3.14159265] 1
created model
loaded psi
momentum of initial state: 0 , particle number of initial state: 1
starting drmg run
E= -0.4144680668334407
max bond dimension= 256
[9.03106886 1.97089748]
started to simulate
{'bc_MPS': 'infinite', 'bc': ['periodic', 'periodic'], 'V1': 0.6, 't': -1, 't2': -0.25, 'Lx': 2, 'Ly': 3, 'chi_max': 256, 'Nsec': 1, 'ktot': np.int64(0), 'saveAll': False, 'Delta': 0, 'phi_ext': np.float64(2.8000000000000003), 'explicit_plus_hc': False, 'N_rings': 2, 'xy_lattice': 'Square', 'ring_order': None, 'conserve_k': True, 'sort_mpo_legs': False}
1
[1.57079633 3.14159265 0.        ] 0
[-1.57079633  3.14159265  3.14159265] 1
[1.57079633 3.14159265 0.        ] 0
[-1.57079633  3.14159265  3.14159265] 1
[1.57079633 3.14159265 0.        ] 0
[-1.57079633  3.14159265  3.14159265] 1
created model
loaded psi
momentum of initial state: 0 , particle number of initial state: 1
starting drmg run
E= -0.4149598394711968
max bond dimension= 256
[9.03278967 1.97687208]
started to simulate
{'bc_MPS': 'infinite', 'bc': ['periodic', 'periodic'], 'V1': 0.6, 't': -1, 't2': -0.25, 'Lx': 2, 'Ly': 3, 'chi_max': 256, 'Nsec': 1, 'ktot': np.int64(0), 'saveAll': False, 'Delta': 0, 'phi_ext': np.float64(2.85), 'explicit_plus_hc': False, 'N_rings': 2, 'xy_lattice': 'Square', 'ring_order': None, 'conserve_k': True, 'sort_mpo_legs': False}
1
[1.57079633 3.14159265 0.        ] 0
[-1.57079633  3.14159265  3.14159265] 1
[1.57079633 3.14159265 0.        ] 0
[-1.57079633  3.14159265  3.14159265] 1
[1.57079633 3.14159265 0.        ] 0
[-1.57079633  3.14159265  3.14159265] 1
created model
loaded psi
momentum of initial state: 0 , particle number of initial state: 1
starting drmg run
E= -0.41539994887575676
max bond dimension= 256
[9.0363686  1.98066497]
started to simulate
{'bc_MPS': 'infinite', 'bc': ['periodic', 'periodic'], 'V1': 0.6, 't': -1, 't2': -0.25, 'Lx': 2, 'Ly': 3, 'chi_max': 256, 'Nsec': 1, 'ktot': np.int64(0), 'saveAll': False, 'Delta': 0, 'phi_ext': np.float64(2.9000000000000004), 'explicit_plus_hc': False, 'N_rings': 2, 'xy_lattice': 'Square', 'ring_order': None, 'conserve_k': True, 'sort_mpo_legs': False}
1
[1.57079633 3.14159265 0.        ] 0
[-1.57079633  3.14159265  3.14159265] 1
[1.57079633 3.14159265 0.        ] 0
[-1.57079633  3.14159265  3.14159265] 1
[1.57079633 3.14159265 0.        ] 0
[-1.57079633  3.14159265  3.14159265] 1
created model
loaded psi
momentum of initial state: 0 , particle number of initial state: 1
starting drmg run
E= -0.4157456776702186
max bond dimension= 256
[9.0419469  1.98296768]
started to simulate
{'bc_MPS': 'infinite', 'bc': ['periodic', 'periodic'], 'V1': 0.6, 't': -1, 't2': -0.25, 'Lx': 2, 'Ly': 3, 'chi_max': 256, 'Nsec': 1, 'ktot': np.int64(0), 'saveAll': False, 'Delta': 0, 'phi_ext': np.float64(2.95), 'explicit_plus_hc': False, 'N_rings': 2, 'xy_lattice': 'Square', 'ring_order': None, 'conserve_k': True, 'sort_mpo_legs': False}
1
[1.57079633 3.14159265 0.        ] 0
[-1.57079633  3.14159265  3.14159265] 1
[1.57079633 3.14159265 0.        ] 0
[-1.57079633  3.14159265  3.14159265] 1
[1.57079633 3.14159265 0.        ] 0
[-1.57079633  3.14159265  3.14159265] 1
created model
loaded psi
momentum of initial state: 0 , particle number of initial state: 1
starting drmg run
E= -0.41596565877667047
max bond dimension= 256
[9.04968964 1.98429039]
started to simulate
{'bc_MPS': 'infinite', 'bc': ['periodic', 'periodic'], 'V1': 0.6, 't': -1, 't2': -0.25, 'Lx': 2, 'Ly': 3, 'chi_max': 256, 'Nsec': 1, 'ktot': np.int64(0), 'saveAll': False, 'Delta': 0, 'phi_ext': np.float64(3.0), 'explicit_plus_hc': False, 'N_rings': 2, 'xy_lattice': 'Square', 'ring_order': None, 'conserve_k': True, 'sort_mpo_legs': False}
1
[1.57079633 3.14159265 0.        ] 0
[-1.57079633  3.14159265  3.14159265] 1
[1.57079633 3.14159265 0.        ] 0
[-1.57079633  3.14159265  3.14159265] 1
[1.57079633 3.14159265 0.        ] 0
[-1.57079633  3.14159265  3.14159265] 1
created model
loaded psi
momentum of initial state: 0 , particle number of initial state: 1
starting drmg run
E= -0.4160410679153396
max bond dimension= 256
[9.05980526 1.98498455]
finished at Sun 26 Oct 00:23:59 CEST 2025
