Running task 3 specified in logfiles/cpump_ML_02.config.pkl on anderson22 at Sun 26 Oct 14:53:43 CET 2025 with 6 threads
INFO:tenpy.tools.params:MixedHofstadterLandauGauge_Pi_2: reading 'Lx'=2
INFO:tenpy.tools.params:MixedHofstadterLandauGauge_Pi_2: setting 'N_rings'=2
INFO:tenpy.tools.params:MixedHofstadterLandauGauge_Pi_2: reading 'Ly'=6
INFO:tenpy.tools.params:MixedHofstadterLandauGauge_Pi_2: reading 'bc_MPS'='infinite'
INFO:tenpy.tools.params:MixedHofstadterLandauGauge_Pi_2: reading 't'=-1
INFO:tenpy.tools.params:MixedHofstadterLandauGauge_Pi_2: reading 't2'=-0.25
INFO:tenpy.tools.params:MixedHofstadterLandauGauge_Pi_2: reading 'V1'=0.6
INFO:tenpy.tools.params:MixedHofstadterLandauGauge_Pi_2: reading 'phi_ext'=np.float64(0.0)
/home/t30/kna/ge54yin/Documents/MasterThesisFQHinTMDs/MPS_stuff/MPScalculations/.venv/lib/python3.12/site-packages/tenpy/tools/params.py:232: UserWarning: unused options for config MixedHofstadterLandauGauge_Pi_2:
['Delta', 'N_rings', 'Nsec', 'bc', 'chi_max', 'ktot', 'saveAll']
  warnings.warn(msg.format(keys=sorted(unused), name=self.name))
INFO:tenpy.tools.params:DMRG: subconfig 'trunc_params'=Config(<1 options>, 'trunc_params')
INFO:tenpy.tools.params:DMRG: reading 'chi_list'={0: 512}
INFO:tenpy.algorithms.mps_common:start environment_sweep
INFO:tenpy.tools.params:trunc_params: reading 'chi_max'=512
INFO:tenpy.tools.params:DMRG: reading 'mixer'=True
INFO:tenpy.algorithms.mps_common:activate DensityMatrixMixer with initial amplitude 1e-05
INFO:tenpy.tools.params:DMRG: reading 'max_sweeps'=250
INFO:tenpy.algorithms.dmrg:Running sweep with optimization
INFO:tenpy.algorithms.mps_common:Setting chi_max=512
INFO:tenpy.algorithms.mps_common:activate DensityMatrixMixer with initial amplitude 1e-05
INFO:tenpy.algorithms.mps_common:start environment_sweep
INFO:tenpy.algorithms.dmrg:checkpoint after sweep 10
energy=-0.3887746854691798, max S=2.7658725460664275, age=396, norm_err=1.6e-03
Current memory usage 489.7MB, wall time: 526.7s
Delta E = nan, Delta S = 2.3761e-01 (per sweep)
max trunc_err = 2.2265e-06, max E_trunc = 5.1437e-06
chi: [512, 512, 512, 512, 512, 512, 512, 512, 512, 512, 512, 512]
================================================================================
INFO:tenpy.algorithms.dmrg:Running sweep with optimization
INFO:tenpy.algorithms.mps_common:start environment_sweep
INFO:tenpy.algorithms.dmrg:checkpoint after sweep 20
energy=-0.3878788005410503, max S=2.6417686814110413, age=756, norm_err=1.9e-04
Current memory usage 489.7MB, wall time: 635.7s
Delta E = 8.9588e-05, Delta S = -1.1073e-02 (per sweep)
max trunc_err = 1.8327e-06, max E_trunc = 4.2617e-06
chi: [512, 512, 512, 512, 512, 512, 512, 512, 512, 512, 512, 512]
================================================================================
INFO:tenpy.algorithms.dmrg:Running sweep with optimization
INFO:tenpy.algorithms.mps_common:start environment_sweep
INFO:tenpy.algorithms.dmrg:checkpoint after sweep 30
energy=-0.3894040915969536, max S=2.8142220735932826, age=1116, norm_err=1.5e-02
Current memory usage 492.6MB, wall time: 649.1s
Delta E = -1.5253e-04, Delta S = 1.5944e-02 (per sweep)
max trunc_err = 2.2880e-06, max E_trunc = 4.0383e-06
chi: [512, 512, 512, 512, 512, 512, 512, 512, 512, 512, 512, 512]
================================================================================
INFO:tenpy.algorithms.dmrg:Running sweep with optimization
INFO:tenpy.algorithms.mps_common:start environment_sweep
INFO:tenpy.algorithms.dmrg:checkpoint after sweep 40
energy=-0.3824351044245684, max S=2.8534683499390585, age=1476, norm_err=4.9e-03
Current memory usage 492.6MB, wall time: 649.5s
Delta E = 6.9690e-04, Delta S = 6.5147e-03 (per sweep)
max trunc_err = 2.9084e-06, max E_trunc = 4.0332e-06
chi: [512, 512, 512, 512, 512, 512, 512, 512, 512, 512, 512, 512]
================================================================================
INFO:tenpy.algorithms.dmrg:Running sweep with optimization
INFO:tenpy.algorithms.mps_common:Disable mixer after 50 sweeps, final amplitude 3.051757812499999e-10.
INFO:tenpy.algorithms.mps_common:deactivate DensityMatrixMixer with final amplitude 3.051757812499999e-10
INFO:tenpy.algorithms.mps_common:start environment_sweep
INFO:tenpy.algorithms.dmrg:checkpoint after sweep 50
energy=-0.3899757813888698, max S=2.5738563293600181, age=1836, norm_err=6.2e-04
Current memory usage 492.6MB, wall time: 632.9s
Delta E = -7.5407e-04, Delta S = -3.1016e-02 (per sweep)
max trunc_err = 2.6180e-06, max E_trunc = 3.9776e-06
chi: [512, 511, 512, 510, 512, 512, 512, 512, 512, 512, 512, 512]
================================================================================
INFO:tenpy.algorithms.dmrg:Running sweep with optimization
INFO:tenpy.algorithms.mps_common:start environment_sweep
INFO:tenpy.algorithms.dmrg:checkpoint after sweep 60
energy=-0.3973099798519779, max S=2.6267721330166216, age=2196, norm_err=4.8e-03
Current memory usage 492.6MB, wall time: 594.9s
Delta E = -7.3342e-04, Delta S = 8.8124e-03 (per sweep)
max trunc_err = 7.2667e-07, max E_trunc = 3.3686e-06
chi: [511, 511, 512, 511, 512, 512, 512, 512, 512, 512, 512, 512]
================================================================================
INFO:tenpy.algorithms.dmrg:Running sweep with optimization
INFO:tenpy.algorithms.mps_common:start environment_sweep
INFO:tenpy.algorithms.dmrg:checkpoint after sweep 70
energy=-0.3887474761704273, max S=2.7412129781210988, age=2556, norm_err=7.4e-04
Current memory usage 492.6MB, wall time: 591.1s
Delta E = 8.5625e-04, Delta S = 7.4589e-03 (per sweep)
max trunc_err = 5.5128e-07, max E_trunc = 1.0636e-06
chi: [512, 512, 512, 510, 512, 512, 512, 512, 512, 512, 512, 512]
================================================================================
INFO:tenpy.algorithms.dmrg:Running sweep with optimization
INFO:tenpy.algorithms.mps_common:start environment_sweep
INFO:tenpy.algorithms.dmrg:checkpoint after sweep 80
energy=-0.3969391298823552, max S=2.5772760597621303, age=2916, norm_err=4.9e-03
Current memory usage 492.6MB, wall time: 594.8s
Delta E = -8.1917e-04, Delta S = -1.2981e-02 (per sweep)
max trunc_err = 5.1581e-07, max E_trunc = 3.4561e-06
chi: [512, 511, 512, 511, 512, 512, 512, 512, 512, 512, 512, 512]
================================================================================
INFO:tenpy.algorithms.dmrg:Running sweep with optimization
INFO:tenpy.algorithms.mps_common:start environment_sweep
INFO:tenpy.algorithms.dmrg:checkpoint after sweep 90
energy=-0.3932604493659824, max S=2.5365165214572758, age=3276, norm_err=1.3e-04
Current memory usage 492.6MB, wall time: 590.6s
Delta E = 3.6787e-04, Delta S = -6.2152e-03 (per sweep)
max trunc_err = 7.4491e-07, max E_trunc = 1.0028e-06
chi: [512, 512, 512, 512, 512, 512, 512, 512, 512, 512, 511, 512]
================================================================================
INFO:tenpy.algorithms.dmrg:Running sweep with optimization
INFO:tenpy.algorithms.mps_common:start environment_sweep
INFO:tenpy.algorithms.dmrg:checkpoint after sweep 100
energy=-0.3968048440833248, max S=2.6522693066579066, age=3636, norm_err=4.7e-03
Current memory usage 492.6MB, wall time: 597.3s
Delta E = -3.5444e-04, Delta S = 1.2693e-02 (per sweep)
max trunc_err = 4.3946e-07, max E_trunc = 3.3073e-06
chi: [511, 511, 512, 510, 512, 512, 512, 512, 512, 512, 512, 512]
================================================================================
INFO:tenpy.algorithms.dmrg:Running sweep with optimization
INFO:tenpy.algorithms.mps_common:start environment_sweep
INFO:tenpy.algorithms.dmrg:checkpoint after sweep 110
energy=-0.3927887529225416, max S=2.2290772154074987, age=3996, norm_err=2.4e-04
Current memory usage 492.6MB, wall time: 592.6s
Delta E = 4.0161e-04, Delta S = -4.4648e-02 (per sweep)
max trunc_err = 4.5380e-07, max E_trunc = 1.0990e-06
chi: [512, 512, 512, 511, 512, 512, 512, 512, 512, 512, 512, 512]
================================================================================
INFO:tenpy.algorithms.dmrg:Running sweep with optimization
INFO:tenpy.algorithms.mps_common:start environment_sweep
INFO:tenpy.algorithms.dmrg:checkpoint after sweep 120
energy=-0.3914123604703737, max S=2.5545360075694621, age=4356, norm_err=4.7e-04
Current memory usage 492.6MB, wall time: 595.3s
Delta E = 1.3764e-04, Delta S = 3.5748e-02 (per sweep)
max trunc_err = 1.1179e-06, max E_trunc = 4.1164e-06
chi: [512, 512, 512, 510, 512, 512, 512, 512, 512, 512, 512, 512]
================================================================================
INFO:tenpy.algorithms.dmrg:Running sweep with optimization
INFO:tenpy.algorithms.mps_common:start environment_sweep
INFO:tenpy.algorithms.dmrg:checkpoint after sweep 130
energy=-0.4089243950262376, max S=3.3370965809519633, age=4716, norm_err=5.3e-03
Current memory usage 492.6MB, wall time: 599.0s
Delta E = -1.7512e-03, Delta S = 7.2609e-02 (per sweep)
max trunc_err = 3.3036e-06, max E_trunc = 2.7244e-05
chi: [512, 512, 512, 512, 512, 512, 512, 512, 512, 512, 512, 512]
================================================================================
INFO:tenpy.algorithms.dmrg:Running sweep with optimization
INFO:tenpy.algorithms.mps_common:start environment_sweep
INFO:tenpy.algorithms.dmrg:checkpoint after sweep 140
energy=-0.4006979845032485, max S=2.8802260519804479, age=5076, norm_err=3.5e-03
Current memory usage 492.6MB, wall time: 599.8s
Delta E = 8.2264e-04, Delta S = -4.4238e-02 (per sweep)
max trunc_err = 6.9916e-07, max E_trunc = 4.9473e-06
chi: [512, 512, 512, 511, 512, 512, 512, 512, 512, 512, 512, 512]
================================================================================
INFO:tenpy.algorithms.dmrg:Running sweep with optimization
INFO:tenpy.algorithms.mps_common:start environment_sweep
INFO:tenpy.algorithms.dmrg:checkpoint after sweep 150
energy=-0.4107658793564231, max S=3.3246003978791916, age=5436, norm_err=5.5e-03
Current memory usage 492.6MB, wall time: 617.2s
Delta E = -1.0068e-03, Delta S = 4.3323e-02 (per sweep)
max trunc_err = 3.2922e-06, max E_trunc = 2.6240e-05
chi: [512, 512, 512, 512, 512, 512, 512, 512, 512, 512, 512, 512]
================================================================================
INFO:tenpy.algorithms.dmrg:Running sweep with optimization
INFO:tenpy.algorithms.mps_common:start environment_sweep
INFO:tenpy.algorithms.dmrg:checkpoint after sweep 160
energy=-0.4097763110367130, max S=3.2168440545576802, age=5796, norm_err=2.2e-03
Current memory usage 492.6MB, wall time: 614.8s
Delta E = 9.8957e-05, Delta S = -9.7804e-03 (per sweep)
max trunc_err = 3.1934e-06, max E_trunc = 2.5675e-05
chi: [512, 512, 512, 512, 512, 512, 512, 512, 512, 512, 512, 512]
================================================================================
INFO:tenpy.algorithms.dmrg:Running sweep with optimization
INFO:tenpy.algorithms.mps_common:start environment_sweep
INFO:tenpy.algorithms.dmrg:checkpoint after sweep 170
energy=-0.4096009809290043, max S=3.3322011729199397, age=6156, norm_err=3.1e-02
Current memory usage 492.6MB, wall time: 608.3s
Delta E = 1.7533e-05, Delta S = 9.9147e-03 (per sweep)
max trunc_err = 2.5132e-06, max E_trunc = 2.0525e-05
chi: [512, 512, 512, 512, 512, 512, 512, 512, 512, 512, 512, 512]
================================================================================
INFO:tenpy.algorithms.dmrg:Running sweep with optimization
INFO:tenpy.algorithms.mps_common:start environment_sweep
INFO:tenpy.algorithms.dmrg:checkpoint after sweep 180
energy=-0.4054356376678925, max S=3.0726853432551273, age=6516, norm_err=1.6e-03
Current memory usage 492.6MB, wall time: 613.6s
Delta E = 4.1653e-04, Delta S = -2.3465e-02 (per sweep)
max trunc_err = 8.3866e-07, max E_trunc = 6.0681e-06
chi: [512, 512, 512, 509, 512, 512, 512, 512, 512, 512, 512, 512]
================================================================================
INFO:tenpy.algorithms.dmrg:Running sweep with optimization
INFO:tenpy.algorithms.mps_common:start environment_sweep
INFO:tenpy.algorithms.dmrg:checkpoint after sweep 190
energy=-0.3741654992113960, max S=2.6329788963209459, age=6876, norm_err=5.0e-05
Current memory usage 492.6MB, wall time: 616.3s
Delta E = 3.1270e-03, Delta S = -4.0352e-02 (per sweep)
max trunc_err = 8.4908e-07, max E_trunc = 1.1025e-06
chi: [512, 511, 512, 511, 512, 512, 512, 512, 512, 512, 512, 512]
================================================================================
INFO:tenpy.algorithms.dmrg:Running sweep with optimization
INFO:tenpy.algorithms.mps_common:start environment_sweep
INFO:tenpy.algorithms.dmrg:checkpoint after sweep 200
energy=-0.3868439398756133, max S=2.7094680839050311, age=7236, norm_err=1.3e-03
Current memory usage 492.6MB, wall time: 642.8s
Delta E = -1.2678e-03, Delta S = 6.8508e-03 (per sweep)
max trunc_err = 1.4798e-06, max E_trunc = 4.0528e-06
chi: [512, 512, 512, 510, 512, 512, 512, 512, 512, 512, 512, 512]
================================================================================
INFO:tenpy.algorithms.dmrg:Running sweep with optimization
INFO:tenpy.algorithms.mps_common:start environment_sweep
INFO:tenpy.algorithms.dmrg:checkpoint after sweep 210
energy=-0.3871214104008042, max S=2.9330177018993724, age=7596, norm_err=9.8e-04
Current memory usage 492.6MB, wall time: 651.2s
Delta E = -2.7747e-05, Delta S = 2.3722e-02 (per sweep)
max trunc_err = 1.5537e-06, max E_trunc = 4.2635e-06
chi: [512, 512, 512, 512, 512, 512, 512, 512, 512, 512, 512, 512]
================================================================================
INFO:tenpy.algorithms.dmrg:Running sweep with optimization
INFO:tenpy.algorithms.mps_common:start environment_sweep
INFO:tenpy.algorithms.dmrg:checkpoint after sweep 220
energy=-0.3951929412946811, max S=2.8227216634691343, age=7956, norm_err=3.8e-03
Current memory usage 492.6MB, wall time: 650.7s
Delta E = -8.0715e-04, Delta S = -1.4719e-02 (per sweep)
max trunc_err = 5.9181e-07, max E_trunc = 4.9336e-06
chi: [512, 512, 512, 511, 512, 512, 512, 512, 512, 512, 512, 512]
================================================================================
INFO:tenpy.algorithms.dmrg:Running sweep with optimization
INFO:tenpy.algorithms.mps_common:start environment_sweep
INFO:tenpy.algorithms.dmrg:checkpoint after sweep 230
energy=-0.3878798678614430, max S=2.6589631347990599, age=8316, norm_err=4.8e-04
Current memory usage 492.6MB, wall time: 653.6s
Delta E = 7.3131e-04, Delta S = -1.5020e-02 (per sweep)
max trunc_err = 2.9548e-06, max E_trunc = 2.2463e-05
chi: [512, 512, 512, 512, 512, 512, 512, 512, 512, 512, 512, 512]
================================================================================
INFO:tenpy.algorithms.dmrg:Running sweep with optimization
INFO:tenpy.algorithms.mps_common:start environment_sweep
INFO:tenpy.algorithms.dmrg:checkpoint after sweep 240
energy=-0.3810150521146625, max S=2.8309165562486114, age=8676, norm_err=2.0e-03
Current memory usage 492.6MB, wall time: 647.4s
Delta E = 6.8648e-04, Delta S = 1.5342e-02 (per sweep)
max trunc_err = 8.0375e-07, max E_trunc = 6.1365e-07
chi: [512, 512, 512, 512, 512, 512, 512, 512, 512, 512, 512, 512]
================================================================================
INFO:tenpy.algorithms.dmrg:Running sweep with optimization
INFO:tenpy.algorithms.mps_common:start environment_sweep
INFO:tenpy.algorithms.dmrg:checkpoint after sweep 250
energy=-0.3982935456714169, max S=2.6238434992384354, age=9036, norm_err=7.8e-03
Current memory usage 492.6MB, wall time: 652.1s
Delta E = -1.7278e-03, Delta S = -1.8285e-02 (per sweep)
max trunc_err = 8.3303e-07, max E_trunc = 3.5692e-06
chi: [512, 511, 512, 511, 512, 512, 512, 512, 512, 512, 512, 512]
================================================================================
INFO:tenpy.algorithms.dmrg:Running sweep with optimization
INFO:tenpy.algorithms.mps_common:start environment_sweep
INFO:tenpy.algorithms.dmrg:checkpoint after sweep 260
energy=-0.3376823039087640, max S=2.9932989787353899, age=9396, norm_err=2.0e-04
Current memory usage 492.6MB, wall time: 649.5s
Delta E = 6.0611e-03, Delta S = 3.7601e-02 (per sweep)
max trunc_err = 7.9963e-07, max E_trunc = 1.0416e-06
chi: [512, 511, 512, 511, 512, 512, 512, 512, 512, 512, 512, 512]
================================================================================
INFO:tenpy.algorithms.mps_common:TwoSiteDMRGEngine: Maximum number of sweeps reached
WARNING:tenpy.algorithms.dmrg:final DMRG state not in canonical form up to norm_tol=1.00e-05: norm_err=2.03e-04
INFO:tenpy.algorithms.mps_common:start environment_sweep
WARNING:tenpy.algorithms.dmrg:final DMRG state not in canonical form up to norm_tol_final=1.00e-10: norm_err=1.65e-07, calling psi.canonical_form()
INFO:tenpy.algorithms.dmrg:TwoSiteDMRGEngine finished after 260 sweeps, max chi=512
INFO:tenpy.tools.params:MixedHofstadterLandauGauge_Pi_2: reading 'explicit_plus_hc'=False
INFO:tenpy.tools.params:MixedHofstadterLandauGauge_Pi_2: reading 'Lx'=2
INFO:tenpy.tools.params:MixedHofstadterLandauGauge_Pi_2: setting 'N_rings'=2
INFO:tenpy.tools.params:MixedHofstadterLandauGauge_Pi_2: reading 'xy_lattice'='Square'
INFO:tenpy.tools.params:MixedHofstadterLandauGauge_Pi_2: reading 'Ly'=6
INFO:tenpy.tools.params:MixedHofstadterLandauGauge_Pi_2: reading 'ring_order'=None
INFO:tenpy.tools.params:MixedHofstadterLandauGauge_Pi_2: reading 'conserve_k'=True
INFO:tenpy.tools.params:MixedHofstadterLandauGauge_Pi_2: reading 'bc_MPS'='infinite'
INFO:tenpy.tools.params:MixedHofstadterLandauGauge_Pi_2: reading 't'=-1
INFO:tenpy.tools.params:MixedHofstadterLandauGauge_Pi_2: reading 't2'=-0.25
INFO:tenpy.tools.params:MixedHofstadterLandauGauge_Pi_2: reading 'V1'=0.6
INFO:tenpy.tools.params:MixedHofstadterLandauGauge_Pi_2: reading 'phi_ext'=np.float64(0.05)
INFO:tenpy.tools.params:MixedHofstadterLandauGauge_Pi_2: reading 'sort_mpo_legs'=False
/home/t30/kna/ge54yin/Documents/MasterThesisFQHinTMDs/MPS_stuff/MPScalculations/.venv/lib/python3.12/site-packages/tenpy/tools/params.py:232: UserWarning: unused options for config MixedHofstadterLandauGauge_Pi_2:
['Delta', 'N_rings', 'Nsec', 'bc', 'chi_max', 'ktot', 'saveAll']
  warnings.warn(msg.format(keys=sorted(unused), name=self.name))
INFO:tenpy.tools.params:DMRG: subconfig 'trunc_params'=Config(<1 options>, 'trunc_params')
INFO:tenpy.algorithms.mps_common:start environment_sweep
INFO:tenpy.tools.params:trunc_params: reading 'chi_max'=512
INFO:tenpy.tools.params:DMRG: subconfig 'mixer_params'=Config(<1 options>, 'mixer_params')
INFO:tenpy.tools.params:DMRG: reading 'mixer'=None
INFO:tenpy.tools.params:DMRG: reading 'max_sweeps'=100
INFO:tenpy.algorithms.dmrg:Running sweep with optimization
INFO:tenpy.algorithms.mps_common:start environment_sweep
INFO:tenpy.algorithms.dmrg:checkpoint after sweep 10
energy=-0.3703078863932182, max S=3.6790901684637758, age=396, norm_err=1.1e-02
Current memory usage 702.5MB, wall time: 657.9s
Delta E = nan, Delta S = 6.7264e-02 (per sweep)
max trunc_err = 1.2139e-06, max E_trunc = 1.0199e-05
chi: [512, 512, 512, 510, 512, 512, 512, 512, 512, 512, 512, 512]
================================================================================
INFO:tenpy.algorithms.dmrg:Running sweep with optimization
INFO:tenpy.algorithms.mps_common:start environment_sweep
INFO:tenpy.algorithms.dmrg:checkpoint after sweep 20
energy=-0.3660408275203793, max S=3.3189263468789068, age=756, norm_err=1.0e-02
Current memory usage 702.5MB, wall time: 664.8s
Delta E = 4.2671e-04, Delta S = -3.4336e-02 (per sweep)
max trunc_err = 8.9750e-07, max E_trunc = 5.1514e-06
chi: [512, 512, 512, 512, 512, 512, 512, 512, 512, 512, 512, 512]
================================================================================
INFO:tenpy.algorithms.dmrg:Running sweep with optimization
INFO:tenpy.algorithms.mps_common:start environment_sweep
INFO:tenpy.algorithms.dmrg:checkpoint after sweep 30
energy=-0.4103715830733374, max S=3.2173177059752347, age=1116, norm_err=7.3e-03
Current memory usage 702.5MB, wall time: 653.3s
Delta E = -4.4331e-03, Delta S = -1.6783e-02 (per sweep)
max trunc_err = 1.6123e-06, max E_trunc = 1.3198e-05
chi: [512, 512, 512, 511, 512, 512, 512, 512, 512, 512, 512, 512]
================================================================================
INFO:tenpy.algorithms.dmrg:Running sweep with optimization
INFO:tenpy.algorithms.mps_common:start environment_sweep
INFO:tenpy.algorithms.dmrg:checkpoint after sweep 40
energy=-0.3976349433478248, max S=2.6653889816193375, age=1476, norm_err=2.4e-03
Current memory usage 702.5MB, wall time: 651.4s
Delta E = 1.2737e-03, Delta S = -5.0946e-02 (per sweep)
max trunc_err = 7.3186e-07, max E_trunc = 3.4829e-06
chi: [511, 511, 512, 509, 512, 512, 512, 512, 512, 512, 512, 512]
================================================================================
INFO:tenpy.algorithms.dmrg:Running sweep with optimization
INFO:tenpy.algorithms.mps_common:start environment_sweep
INFO:tenpy.algorithms.dmrg:checkpoint after sweep 50
energy=-0.3832832138403243, max S=2.5791916968816357, age=1836, norm_err=5.2e-04
Current memory usage 702.5MB, wall time: 649.3s
Delta E = 1.4352e-03, Delta S = -8.7621e-03 (per sweep)
max trunc_err = 6.2050e-07, max E_trunc = 1.1241e-06
chi: [512, 511, 512, 511, 512, 512, 512, 512, 512, 512, 512, 512]
================================================================================
INFO:tenpy.algorithms.dmrg:Running sweep with optimization
INFO:tenpy.algorithms.mps_common:start environment_sweep
INFO:tenpy.algorithms.dmrg:checkpoint after sweep 60
energy=-0.3870151633024932, max S=2.7387257505915867, age=2196, norm_err=7.9e-03
Current memory usage 702.5MB, wall time: 651.7s
Delta E = -3.7319e-04, Delta S = 1.4184e-02 (per sweep)
max trunc_err = 1.1079e-06, max E_trunc = 4.1556e-06
chi: [512, 512, 512, 512, 512, 512, 512, 512, 512, 512, 512, 512]
================================================================================
INFO:tenpy.algorithms.dmrg:Running sweep with optimization
INFO:tenpy.algorithms.mps_common:start environment_sweep
INFO:tenpy.algorithms.dmrg:checkpoint after sweep 70
energy=-0.3942253233692743, max S=2.4234943966983473, age=2556, norm_err=1.3e-04
Current memory usage 702.5MB, wall time: 644.2s
Delta E = -7.2102e-04, Delta S = -2.8276e-02 (per sweep)
max trunc_err = 1.3126e-06, max E_trunc = 4.0162e-06
chi: [512, 511, 512, 511, 512, 512, 512, 512, 512, 512, 512, 512]
================================================================================
INFO:tenpy.algorithms.dmrg:Running sweep with optimization
INFO:tenpy.algorithms.mps_common:start environment_sweep
INFO:tenpy.algorithms.dmrg:checkpoint after sweep 80
energy=-0.3882733279269625, max S=2.4649437338992550, age=2916, norm_err=2.3e-03
Current memory usage 702.5MB, wall time: 637.0s
Delta E = 5.9520e-04, Delta S = 2.8327e-03 (per sweep)
max trunc_err = 5.6323e-07, max E_trunc = 1.0918e-06
chi: [512, 512, 512, 512, 512, 512, 512, 512, 512, 512, 512, 512]
================================================================================
INFO:tenpy.algorithms.dmrg:Running sweep with optimization
INFO:tenpy.algorithms.mps_common:start environment_sweep
INFO:tenpy.algorithms.dmrg:checkpoint after sweep 90
energy=-0.3999219982822429, max S=2.6202575850295515, age=3276, norm_err=4.1e-03
Current memory usage 702.5MB, wall time: 641.4s
Delta E = -1.1649e-03, Delta S = 1.5697e-02 (per sweep)
max trunc_err = 5.3685e-07, max E_trunc = 3.3354e-06
chi: [511, 511, 512, 511, 512, 512, 512, 512, 512, 512, 512, 512]
================================================================================
INFO:tenpy.algorithms.dmrg:Running sweep with optimization
INFO:tenpy.algorithms.mps_common:start environment_sweep
INFO:tenpy.algorithms.dmrg:checkpoint after sweep 100
energy=-0.3648584106970532, max S=2.2875590585495775, age=3636, norm_err=4.2e-03
Current memory usage 702.5MB, wall time: 639.0s
Delta E = 3.5064e-03, Delta S = -3.1410e-02 (per sweep)
max trunc_err = 1.6144e-06, max E_trunc = 1.0598e-06
chi: [512, 512, 512, 512, 512, 512, 512, 512, 512, 512, 512, 512]
================================================================================
INFO:tenpy.algorithms.dmrg:Running sweep with optimization
INFO:tenpy.algorithms.mps_common:start environment_sweep
INFO:tenpy.algorithms.dmrg:checkpoint after sweep 110
energy=-0.3761014756725842, max S=2.9249390013181484, age=3996, norm_err=7.1e-04
Current memory usage 702.5MB, wall time: 640.1s
Delta E = -1.1243e-03, Delta S = 6.4476e-02 (per sweep)
max trunc_err = 1.1113e-06, max E_trunc = 3.9079e-06
chi: [512, 512, 512, 511, 512, 512, 512, 512, 512, 512, 512, 512]
================================================================================
INFO:tenpy.algorithms.mps_common:TwoSiteDMRGEngine: Maximum number of sweeps reached
WARNING:tenpy.algorithms.dmrg:final DMRG state not in canonical form up to norm_tol=1.00e-05: norm_err=7.09e-04
INFO:tenpy.algorithms.mps_common:start environment_sweep
WARNING:tenpy.algorithms.dmrg:final DMRG state not in canonical form up to norm_tol_final=1.00e-10: norm_err=3.78e-07, calling psi.canonical_form()
INFO:tenpy.algorithms.dmrg:TwoSiteDMRGEngine finished after 110 sweeps, max chi=512
INFO:tenpy.tools.params:MixedHofstadterLandauGauge_Pi_2: reading 'explicit_plus_hc'=False
INFO:tenpy.tools.params:MixedHofstadterLandauGauge_Pi_2: reading 'Lx'=2
INFO:tenpy.tools.params:MixedHofstadterLandauGauge_Pi_2: setting 'N_rings'=2
INFO:tenpy.tools.params:MixedHofstadterLandauGauge_Pi_2: reading 'xy_lattice'='Square'
INFO:tenpy.tools.params:MixedHofstadterLandauGauge_Pi_2: reading 'Ly'=6
INFO:tenpy.tools.params:MixedHofstadterLandauGauge_Pi_2: reading 'ring_order'=None
INFO:tenpy.tools.params:MixedHofstadterLandauGauge_Pi_2: reading 'conserve_k'=True
INFO:tenpy.tools.params:MixedHofstadterLandauGauge_Pi_2: reading 'bc_MPS'='infinite'
INFO:tenpy.tools.params:MixedHofstadterLandauGauge_Pi_2: reading 't'=-1
INFO:tenpy.tools.params:MixedHofstadterLandauGauge_Pi_2: reading 't2'=-0.25
INFO:tenpy.tools.params:MixedHofstadterLandauGauge_Pi_2: reading 'V1'=0.6
INFO:tenpy.tools.params:MixedHofstadterLandauGauge_Pi_2: reading 'phi_ext'=np.float64(0.1)
INFO:tenpy.tools.params:MixedHofstadterLandauGauge_Pi_2: reading 'sort_mpo_legs'=False
/home/t30/kna/ge54yin/Documents/MasterThesisFQHinTMDs/MPS_stuff/MPScalculations/.venv/lib/python3.12/site-packages/tenpy/tools/params.py:232: UserWarning: unused options for config MixedHofstadterLandauGauge_Pi_2:
['Delta', 'N_rings', 'Nsec', 'bc', 'chi_max', 'ktot', 'saveAll']
  warnings.warn(msg.format(keys=sorted(unused), name=self.name))
INFO:tenpy.tools.params:DMRG: reading 'active_sites'=2
INFO:tenpy.tools.params:DMRG: reading 'diag_method'='default'
INFO:tenpy.tools.params:DMRG: subconfig 'trunc_params'=Config(<5 options>, 'trunc_params')
INFO:tenpy.tools.params:DMRG: reading 'max_N_sites_per_ring'=18
INFO:tenpy.tools.params:DMRG: reading 'combine'=False
INFO:tenpy.tools.params:DMRG: subconfig 'lanczos_params'=Config(<9 options>, 'lanczos_params')
INFO:tenpy.tools.params:DMRG: reading 'chi_list'=None
INFO:tenpy.tools.params:DMRG: reading 'start_env'=1
INFO:tenpy.algorithms.mps_common:start environment_sweep
INFO:tenpy.tools.params:DMRG: reading 'N_sweeps_check'=10
INFO:tenpy.tools.params:DMRG: subconfig 'mixer_params'=Config(<3 options>, 'mixer_params')
INFO:tenpy.tools.params:DMRG: reading 'mixer'=None
INFO:tenpy.tools.params:DMRG: reading 'max_sweeps'=100
INFO:tenpy.tools.params:DMRG: reading 'max_hours'=8760
INFO:tenpy.tools.params:DMRG: reading 'P_tol_to_trunc'=0.05
INFO:tenpy.tools.params:DMRG: reading 'P_tol_min'=5.0000000000000004e-30
INFO:tenpy.tools.params:DMRG: reading 'P_tol_max'=0.0001
INFO:tenpy.tools.params:DMRG: reading 'E_tol_to_trunc'=None
INFO:tenpy.algorithms.dmrg:Running sweep with optimization
INFO:tenpy.tools.params:DMRG: reading 'max_N_for_ED'=400
INFO:tenpy.tools.params:DMRG: reading 'update_env'=5
INFO:tenpy.algorithms.mps_common:start environment_sweep
INFO:tenpy.algorithms.dmrg:checkpoint after sweep 10
energy=-0.3913069289783391, max S=2.6357670347304305, age=396, norm_err=2.2e-03
Current memory usage 709.7MB, wall time: 639.0s
Delta E = nan, Delta S = -3.2302e-02 (per sweep)
max trunc_err = 1.0775e-06, max E_trunc = 4.4497e-06
chi: [512, 512, 512, 511, 512, 512, 512, 512, 512, 512, 512, 512]
================================================================================
INFO:tenpy.algorithms.dmrg:Running sweep with optimization
INFO:tenpy.algorithms.mps_common:start environment_sweep
INFO:tenpy.algorithms.dmrg:checkpoint after sweep 20
energy=-0.4033820780587926, max S=2.7070608914384229, age=756, norm_err=4.1e-03
Current memory usage 709.7MB, wall time: 644.7s
Delta E = -1.2075e-03, Delta S = 3.5934e-03 (per sweep)
max trunc_err = 5.8073e-07, max E_trunc = 4.9099e-06
chi: [512, 512, 512, 510, 512, 512, 512, 512, 512, 512, 512, 512]
================================================================================
INFO:tenpy.tools.params:DMRG: reading 'max_E_err'=1e-08
INFO:tenpy.tools.params:DMRG: reading 'max_S_err'=1e-05
INFO:tenpy.algorithms.dmrg:Running sweep with optimization
INFO:tenpy.algorithms.mps_common:start environment_sweep
INFO:tenpy.algorithms.dmrg:checkpoint after sweep 30
energy=-0.4014222349027416, max S=2.8207083094271788, age=1116, norm_err=2.4e-03
Current memory usage 709.7MB, wall time: 642.9s
Delta E = 1.9598e-04, Delta S = 1.2680e-02 (per sweep)
max trunc_err = 8.0398e-07, max E_trunc = 6.6667e-06
chi: [512, 512, 512, 510, 511, 512, 512, 512, 512, 512, 512, 512]
================================================================================
INFO:tenpy.algorithms.dmrg:Running sweep with optimization
INFO:tenpy.algorithms.mps_common:start environment_sweep
INFO:tenpy.algorithms.dmrg:checkpoint after sweep 40
energy=-0.4100253664435485, max S=3.5525554464279221, age=1476, norm_err=1.6e-02
Current memory usage 709.7MB, wall time: 636.3s
Delta E = -8.6031e-04, Delta S = 7.0685e-02 (per sweep)
max trunc_err = 2.8835e-06, max E_trunc = 2.3412e-05
chi: [512, 512, 512, 511, 512, 512, 512, 512, 512, 512, 512, 512]
================================================================================
INFO:tenpy.algorithms.dmrg:Running sweep with optimization
INFO:tenpy.algorithms.mps_common:start environment_sweep
INFO:tenpy.algorithms.dmrg:checkpoint after sweep 50
energy=-0.4101235221589927, max S=3.3077978549533538, age=1836, norm_err=4.4e-03
Current memory usage 709.7MB, wall time: 637.6s
Delta E = -9.8156e-06, Delta S = -2.4944e-02 (per sweep)
max trunc_err = 2.1558e-06, max E_trunc = 1.7708e-05
chi: [512, 512, 512, 512, 512, 512, 512, 512, 512, 512, 512, 512]
================================================================================
INFO:tenpy.algorithms.dmrg:Running sweep with optimization
INFO:tenpy.algorithms.mps_common:start environment_sweep
INFO:tenpy.algorithms.dmrg:checkpoint after sweep 60
energy=-0.4053247275025171, max S=2.8896028481987575, age=2196, norm_err=1.8e-03
Current memory usage 709.7MB, wall time: 647.8s
Delta E = 4.7988e-04, Delta S = -3.9578e-02 (per sweep)
max trunc_err = 7.4753e-07, max E_trunc = 5.5318e-06
chi: [512, 512, 512, 509, 512, 512, 512, 512, 512, 512, 512, 512]
================================================================================
INFO:tenpy.algorithms.dmrg:Running sweep with optimization
INFO:tenpy.algorithms.mps_common:start environment_sweep
INFO:tenpy.algorithms.dmrg:checkpoint after sweep 70
energy=-0.3982955720451382, max S=2.9904108984184878, age=2556, norm_err=1.4e-03
Current memory usage 709.7MB, wall time: 647.5s
Delta E = 7.0292e-04, Delta S = 1.1173e-02 (per sweep)
max trunc_err = 1.8030e-06, max E_trunc = 5.2593e-06
chi: [512, 512, 512, 511, 512, 512, 512, 512, 512, 512, 512, 512]
================================================================================
INFO:tenpy.algorithms.dmrg:Running sweep with optimization
INFO:tenpy.algorithms.mps_common:start environment_sweep
INFO:tenpy.algorithms.dmrg:checkpoint after sweep 80
energy=-0.4099966866876438, max S=3.2927977130016006, age=2916, norm_err=3.8e-03
Current memory usage 709.7MB, wall time: 647.7s
Delta E = -1.1701e-03, Delta S = 2.7819e-02 (per sweep)
max trunc_err = 1.9329e-06, max E_trunc = 1.5605e-05
chi: [512, 512, 512, 512, 512, 512, 512, 512, 512, 512, 512, 512]
================================================================================
INFO:tenpy.algorithms.dmrg:Running sweep with optimization
INFO:tenpy.algorithms.mps_common:start environment_sweep
INFO:tenpy.algorithms.dmrg:checkpoint after sweep 90
energy=-0.4110498388210241, max S=3.2241263711143695, age=3276, norm_err=1.0e-02
Current memory usage 709.7MB, wall time: 648.2s
Delta E = -1.0532e-04, Delta S = -7.6342e-03 (per sweep)
max trunc_err = 1.6996e-06, max E_trunc = 1.3752e-05
chi: [512, 512, 512, 512, 512, 512, 512, 512, 512, 512, 512, 512]
================================================================================
INFO:tenpy.algorithms.dmrg:Running sweep with optimization
INFO:tenpy.algorithms.mps_common:start environment_sweep
INFO:tenpy.algorithms.dmrg:checkpoint after sweep 100
energy=-0.3933722869456441, max S=2.6422324790257283, age=3636, norm_err=3.1e-03
Current memory usage 709.7MB, wall time: 646.9s
Delta E = 1.7678e-03, Delta S = -5.4019e-02 (per sweep)
max trunc_err = 1.0552e-06, max E_trunc = 4.5898e-06
chi: [512, 512, 512, 511, 512, 512, 512, 512, 512, 512, 512, 512]
================================================================================
INFO:tenpy.algorithms.dmrg:Running sweep with optimization
INFO:tenpy.algorithms.mps_common:start environment_sweep
INFO:tenpy.algorithms.dmrg:checkpoint after sweep 110
energy=-0.4106435009029117, max S=3.6118808123218002, age=3996, norm_err=2.3e-02
Current memory usage 709.7MB, wall time: 646.2s
Delta E = -1.7271e-03, Delta S = 9.2529e-02 (per sweep)
max trunc_err = 3.8387e-06, max E_trunc = 3.0875e-05
chi: [512, 512, 512, 512, 512, 512, 512, 512, 512, 512, 512, 512]
================================================================================
INFO:tenpy.algorithms.mps_common:TwoSiteDMRGEngine: Maximum number of sweeps reached
INFO:tenpy.tools.params:DMRG: reading 'norm_tol'=1e-05
INFO:tenpy.tools.params:DMRG: reading 'norm_tol_final'=1e-10
INFO:tenpy.tools.params:DMRG: reading 'norm_tol_iter'=5
WARNING:tenpy.algorithms.dmrg:final DMRG state not in canonical form up to norm_tol=1.00e-05: norm_err=2.34e-02
INFO:tenpy.algorithms.mps_common:start environment_sweep
INFO:tenpy.algorithms.mps_common:start environment_sweep
INFO:tenpy.algorithms.mps_common:start environment_sweep
WARNING:tenpy.algorithms.dmrg:final DMRG state not in canonical form up to norm_tol_final=1.00e-10: norm_err=2.47e-06, calling psi.canonical_form()
INFO:tenpy.algorithms.dmrg:TwoSiteDMRGEngine finished after 110 sweeps, max chi=512
INFO:tenpy.tools.params:DMRG: reading 'max_trunc_err'=0.0001
INFO:tenpy.tools.params:MixedHofstadterLandauGauge_Pi_2: reading 'explicit_plus_hc'=False
INFO:tenpy.tools.params:MixedHofstadterLandauGauge_Pi_2: reading 'Lx'=2
INFO:tenpy.tools.params:MixedHofstadterLandauGauge_Pi_2: setting 'N_rings'=2
INFO:tenpy.tools.params:MixedHofstadterLandauGauge_Pi_2: reading 'xy_lattice'='Square'
INFO:tenpy.tools.params:MixedHofstadterLandauGauge_Pi_2: reading 'Ly'=6
INFO:tenpy.tools.params:MixedHofstadterLandauGauge_Pi_2: reading 'ring_order'=None
INFO:tenpy.tools.params:MixedHofstadterLandauGauge_Pi_2: reading 'conserve_k'=True
INFO:tenpy.tools.params:MixedHofstadterLandauGauge_Pi_2: reading 'bc_MPS'='infinite'
INFO:tenpy.tools.params:MixedHofstadterLandauGauge_Pi_2: reading 't'=-1
INFO:tenpy.tools.params:MixedHofstadterLandauGauge_Pi_2: reading 't2'=-0.25
INFO:tenpy.tools.params:MixedHofstadterLandauGauge_Pi_2: reading 'V1'=0.6
INFO:tenpy.tools.params:MixedHofstadterLandauGauge_Pi_2: reading 'phi_ext'=np.float64(0.15000000000000002)
INFO:tenpy.tools.params:MixedHofstadterLandauGauge_Pi_2: reading 'sort_mpo_legs'=False
/home/t30/kna/ge54yin/Documents/MasterThesisFQHinTMDs/MPS_stuff/MPScalculations/.venv/lib/python3.12/site-packages/tenpy/tools/params.py:232: UserWarning: unused options for config MixedHofstadterLandauGauge_Pi_2:
['Delta', 'N_rings', 'Nsec', 'bc', 'chi_max', 'ktot', 'saveAll']
  warnings.warn(msg.format(keys=sorted(unused), name=self.name))
INFO:tenpy.tools.params:DMRG: reading 'active_sites'=2
INFO:tenpy.tools.params:DMRG: reading 'diag_method'='default'
INFO:tenpy.tools.params:DMRG: subconfig 'trunc_params'=Config(<5 options>, 'trunc_params')
INFO:tenpy.tools.params:DMRG: reading 'max_N_sites_per_ring'=18
INFO:tenpy.tools.params:DMRG: reading 'combine'=False
INFO:tenpy.tools.params:DMRG: subconfig 'lanczos_params'=Config(<9 options>, 'lanczos_params')
INFO:tenpy.tools.params:DMRG: reading 'chi_list'=None
INFO:tenpy.tools.params:DMRG: reading 'start_env'=1
INFO:tenpy.algorithms.mps_common:start environment_sweep
INFO:tenpy.tools.params:DMRG: reading 'N_sweeps_check'=10
INFO:tenpy.tools.params:DMRG: subconfig 'mixer_params'=Config(<3 options>, 'mixer_params')
INFO:tenpy.tools.params:DMRG: reading 'mixer'=None
INFO:tenpy.tools.params:DMRG: reading 'max_sweeps'=100
INFO:tenpy.tools.params:DMRG: reading 'max_hours'=8760
INFO:tenpy.tools.params:DMRG: reading 'P_tol_to_trunc'=0.05
INFO:tenpy.tools.params:DMRG: reading 'P_tol_min'=5.0000000000000004e-30
INFO:tenpy.tools.params:DMRG: reading 'P_tol_max'=0.0001
INFO:tenpy.tools.params:DMRG: reading 'E_tol_to_trunc'=None
INFO:tenpy.algorithms.dmrg:Running sweep with optimization
INFO:tenpy.tools.params:DMRG: reading 'max_N_for_ED'=400
INFO:tenpy.tools.params:DMRG: reading 'update_env'=5
INFO:tenpy.algorithms.mps_common:start environment_sweep
INFO:tenpy.algorithms.dmrg:checkpoint after sweep 10
energy=-0.4110841552957337, max S=3.2160396096112991, age=396, norm_err=1.1e-02
Current memory usage 728.4MB, wall time: 633.8s
Delta E = nan, Delta S = -3.9765e-02 (per sweep)
max trunc_err = 1.5502e-06, max E_trunc = 1.2421e-05
chi: [512, 512, 512, 512, 512, 512, 512, 512, 512, 512, 512, 512]
================================================================================
INFO:tenpy.algorithms.dmrg:Running sweep with optimization
INFO:tenpy.algorithms.mps_common:start environment_sweep
INFO:tenpy.algorithms.dmrg:checkpoint after sweep 20
energy=-0.4027887414985282, max S=2.7332466578413603, age=756, norm_err=1.3e-03
Current memory usage 728.4MB, wall time: 655.1s
Delta E = 8.2954e-04, Delta S = -4.5941e-02 (per sweep)
max trunc_err = 6.5758e-07, max E_trunc = 5.5415e-06
chi: [512, 512, 512, 510, 512, 512, 512, 512, 512, 512, 512, 512]
================================================================================
INFO:tenpy.tools.params:DMRG: reading 'max_E_err'=1e-08
INFO:tenpy.tools.params:DMRG: reading 'max_S_err'=1e-05
INFO:tenpy.algorithms.dmrg:Running sweep with optimization
INFO:tenpy.algorithms.mps_common:start environment_sweep
INFO:tenpy.algorithms.dmrg:checkpoint after sweep 30
energy=-0.4081426886867068, max S=3.0611469601977319, age=1116, norm_err=3.0e-03
Current memory usage 728.4MB, wall time: 652.8s
Delta E = -5.3539e-04, Delta S = 3.0470e-02 (per sweep)
max trunc_err = 1.2426e-06, max E_trunc = 1.0535e-05
chi: [512, 512, 512, 512, 512, 512, 512, 512, 512, 512, 512, 512]
================================================================================
INFO:tenpy.algorithms.dmrg:Running sweep with optimization
INFO:tenpy.algorithms.mps_common:start environment_sweep
INFO:tenpy.algorithms.dmrg:checkpoint after sweep 40
energy=-0.3927360791849945, max S=2.6882124371671718, age=1476, norm_err=1.0e-04
Current memory usage 728.4MB, wall time: 647.1s
Delta E = 1.5407e-03, Delta S = -2.6651e-02 (per sweep)
max trunc_err = 5.6605e-07, max E_trunc = 6.1251e-07
chi: [512, 512, 512, 511, 512, 512, 512, 512, 512, 512, 512, 512]
================================================================================
INFO:tenpy.algorithms.dmrg:Running sweep with optimization
INFO:tenpy.algorithms.mps_common:start environment_sweep
INFO:tenpy.algorithms.dmrg:checkpoint after sweep 50
energy=-0.4007518981400153, max S=2.6247203991110588, age=1836, norm_err=5.3e-04
Current memory usage 728.4MB, wall time: 653.7s
Delta E = -8.0158e-04, Delta S = -1.0514e-02 (per sweep)
max trunc_err = 6.3259e-07, max E_trunc = 3.6038e-06
chi: [511, 511, 512, 511, 512, 512, 512, 512, 512, 512, 512, 512]
================================================================================
INFO:tenpy.algorithms.dmrg:Running sweep with optimization
INFO:tenpy.algorithms.mps_common:start environment_sweep
INFO:tenpy.algorithms.dmrg:checkpoint after sweep 60
energy=-0.3861712747427457, max S=2.8111904646942598, age=2196, norm_err=9.2e-04
Current memory usage 728.4MB, wall time: 650.9s
Delta E = 1.4581e-03, Delta S = 1.7670e-02 (per sweep)
max trunc_err = 4.7925e-07, max E_trunc = 6.5912e-07
chi: [512, 512, 512, 511, 512, 512, 512, 512, 512, 512, 512, 512]
================================================================================
INFO:tenpy.algorithms.dmrg:Running sweep with optimization
INFO:tenpy.algorithms.mps_common:start environment_sweep
INFO:tenpy.algorithms.dmrg:checkpoint after sweep 70
energy=-0.4021085162934336, max S=2.6911812875467094, age=2556, norm_err=5.2e-03
Current memory usage 728.4MB, wall time: 645.7s
Delta E = -1.5937e-03, Delta S = -1.5571e-02 (per sweep)
max trunc_err = 5.7592e-07, max E_trunc = 4.8641e-06
chi: [511, 511, 512, 511, 512, 512, 512, 512, 512, 512, 512, 512]
================================================================================
INFO:tenpy.algorithms.dmrg:Running sweep with optimization
INFO:tenpy.algorithms.mps_common:start environment_sweep
INFO:tenpy.algorithms.dmrg:checkpoint after sweep 80
energy=-0.4106617399894693, max S=3.3903387239066980, age=2916, norm_err=7.3e-03
Current memory usage 728.4MB, wall time: 641.8s
Delta E = -8.5532e-04, Delta S = 6.7185e-02 (per sweep)
max trunc_err = 3.9741e-06, max E_trunc = 3.2504e-05
chi: [512, 512, 512, 512, 512, 512, 512, 512, 512, 512, 512, 512]
================================================================================
INFO:tenpy.algorithms.dmrg:Running sweep with optimization
INFO:tenpy.algorithms.mps_common:start environment_sweep
INFO:tenpy.algorithms.dmrg:checkpoint after sweep 90
energy=-0.3982966111637722, max S=2.6899323910030080, age=3276, norm_err=7.3e-05
Current memory usage 728.4MB, wall time: 639.3s
Delta E = 1.2365e-03, Delta S = -6.0747e-02 (per sweep)
max trunc_err = 6.9015e-07, max E_trunc = 6.3344e-07
chi: [512, 512, 512, 512, 512, 512, 512, 512, 512, 512, 512, 512]
================================================================================
INFO:tenpy.algorithms.dmrg:Running sweep with optimization
INFO:tenpy.algorithms.mps_common:start environment_sweep
INFO:tenpy.algorithms.dmrg:checkpoint after sweep 100
energy=-0.3990159401098765, max S=2.6566518028480921, age=3636, norm_err=2.2e-03
Current memory usage 728.4MB, wall time: 644.8s
Delta E = -7.1933e-05, Delta S = -8.3588e-03 (per sweep)
max trunc_err = 4.5869e-07, max E_trunc = 3.5518e-06
chi: [511, 511, 512, 510, 512, 512, 512, 512, 512, 512, 512, 512]
================================================================================
INFO:tenpy.algorithms.dmrg:Running sweep with optimization
INFO:tenpy.algorithms.mps_common:start environment_sweep
INFO:tenpy.algorithms.dmrg:checkpoint after sweep 110
energy=-0.3861757634738486, max S=2.7194992467665164, age=3996, norm_err=1.4e-03
Current memory usage 728.4MB, wall time: 637.8s
Delta E = 1.2840e-03, Delta S = 7.8214e-03 (per sweep)
max trunc_err = 5.8720e-07, max E_trunc = 1.1466e-06
chi: [512, 512, 512, 512, 512, 512, 512, 512, 512, 512, 512, 512]
================================================================================
INFO:tenpy.algorithms.mps_common:TwoSiteDMRGEngine: Maximum number of sweeps reached
INFO:tenpy.tools.params:DMRG: reading 'norm_tol'=1e-05
INFO:tenpy.tools.params:DMRG: reading 'norm_tol_final'=1e-10
INFO:tenpy.tools.params:DMRG: reading 'norm_tol_iter'=5
WARNING:tenpy.algorithms.dmrg:final DMRG state not in canonical form up to norm_tol=1.00e-05: norm_err=1.43e-03
INFO:tenpy.algorithms.mps_common:start environment_sweep
WARNING:tenpy.algorithms.dmrg:final DMRG state not in canonical form up to norm_tol_final=1.00e-10: norm_err=2.70e-06, calling psi.canonical_form()
INFO:tenpy.algorithms.dmrg:TwoSiteDMRGEngine finished after 110 sweeps, max chi=512
INFO:tenpy.tools.params:DMRG: reading 'max_trunc_err'=0.0001
INFO:tenpy.tools.params:MixedHofstadterLandauGauge_Pi_2: reading 'explicit_plus_hc'=False
INFO:tenpy.tools.params:MixedHofstadterLandauGauge_Pi_2: reading 'Lx'=2
INFO:tenpy.tools.params:MixedHofstadterLandauGauge_Pi_2: setting 'N_rings'=2
INFO:tenpy.tools.params:MixedHofstadterLandauGauge_Pi_2: reading 'xy_lattice'='Square'
INFO:tenpy.tools.params:MixedHofstadterLandauGauge_Pi_2: reading 'Ly'=6
INFO:tenpy.tools.params:MixedHofstadterLandauGauge_Pi_2: reading 'ring_order'=None
INFO:tenpy.tools.params:MixedHofstadterLandauGauge_Pi_2: reading 'conserve_k'=True
INFO:tenpy.tools.params:MixedHofstadterLandauGauge_Pi_2: reading 'bc_MPS'='infinite'
INFO:tenpy.tools.params:MixedHofstadterLandauGauge_Pi_2: reading 't'=-1
INFO:tenpy.tools.params:MixedHofstadterLandauGauge_Pi_2: reading 't2'=-0.25
INFO:tenpy.tools.params:MixedHofstadterLandauGauge_Pi_2: reading 'V1'=0.6
INFO:tenpy.tools.params:MixedHofstadterLandauGauge_Pi_2: reading 'phi_ext'=np.float64(0.2)
INFO:tenpy.tools.params:MixedHofstadterLandauGauge_Pi_2: reading 'sort_mpo_legs'=False
/home/t30/kna/ge54yin/Documents/MasterThesisFQHinTMDs/MPS_stuff/MPScalculations/.venv/lib/python3.12/site-packages/tenpy/tools/params.py:232: UserWarning: unused options for config MixedHofstadterLandauGauge_Pi_2:
['Delta', 'N_rings', 'Nsec', 'bc', 'chi_max', 'ktot', 'saveAll']
  warnings.warn(msg.format(keys=sorted(unused), name=self.name))
INFO:tenpy.tools.params:DMRG: reading 'active_sites'=2
INFO:tenpy.tools.params:DMRG: reading 'diag_method'='default'
INFO:tenpy.tools.params:DMRG: subconfig 'trunc_params'=Config(<5 options>, 'trunc_params')
INFO:tenpy.tools.params:DMRG: reading 'max_N_sites_per_ring'=18
INFO:tenpy.tools.params:DMRG: reading 'combine'=False
INFO:tenpy.tools.params:DMRG: subconfig 'lanczos_params'=Config(<9 options>, 'lanczos_params')
INFO:tenpy.tools.params:DMRG: reading 'chi_list'=None
INFO:tenpy.tools.params:DMRG: reading 'start_env'=1
INFO:tenpy.algorithms.mps_common:start environment_sweep
INFO:tenpy.tools.params:DMRG: reading 'N_sweeps_check'=10
INFO:tenpy.tools.params:DMRG: subconfig 'mixer_params'=Config(<3 options>, 'mixer_params')
INFO:tenpy.tools.params:DMRG: reading 'mixer'=None
INFO:tenpy.tools.params:DMRG: reading 'max_sweeps'=100
INFO:tenpy.tools.params:DMRG: reading 'max_hours'=8760
INFO:tenpy.tools.params:DMRG: reading 'P_tol_to_trunc'=0.05
INFO:tenpy.tools.params:DMRG: reading 'P_tol_min'=5.0000000000000004e-30
INFO:tenpy.tools.params:DMRG: reading 'P_tol_max'=0.0001
INFO:tenpy.tools.params:DMRG: reading 'E_tol_to_trunc'=None
INFO:tenpy.algorithms.dmrg:Running sweep with optimization
INFO:tenpy.tools.params:DMRG: reading 'max_N_for_ED'=400
INFO:tenpy.tools.params:DMRG: reading 'update_env'=5
INFO:tenpy.algorithms.mps_common:start environment_sweep
INFO:tenpy.algorithms.dmrg:checkpoint after sweep 10
energy=-0.3997784337586990, max S=2.6271339003303815, age=396, norm_err=2.5e-03
Current memory usage 728.4MB, wall time: 629.6s
Delta E = nan, Delta S = -8.7938e-03 (per sweep)
max trunc_err = 6.4288e-07, max E_trunc = 3.6297e-06
chi: [511, 511, 512, 510, 512, 512, 512, 512, 512, 512, 512, 512]
================================================================================
INFO:tenpy.algorithms.dmrg:Running sweep with optimization
INFO:tenpy.algorithms.mps_common:start environment_sweep
INFO:tenpy.algorithms.dmrg:checkpoint after sweep 20
energy=-0.3974244334145235, max S=2.7455463673413072, age=756, norm_err=1.4e-03
Current memory usage 728.4MB, wall time: 640.9s
Delta E = 2.3540e-04, Delta S = 9.6855e-03 (per sweep)
max trunc_err = 4.7472e-07, max E_trunc = 3.9047e-06
chi: [511, 511, 512, 511, 512, 512, 512, 512, 512, 512, 512, 512]
================================================================================
INFO:tenpy.tools.params:DMRG: reading 'max_E_err'=1e-08
INFO:tenpy.tools.params:DMRG: reading 'max_S_err'=1e-05
INFO:tenpy.algorithms.dmrg:Running sweep with optimization
INFO:tenpy.algorithms.mps_common:start environment_sweep
INFO:tenpy.algorithms.dmrg:checkpoint after sweep 30
energy=-0.4035408548904418, max S=2.6545562904531073, age=1116, norm_err=1.9e-03
Current memory usage 728.4MB, wall time: 639.7s
Delta E = -6.1164e-04, Delta S = -1.0278e-02 (per sweep)
max trunc_err = 5.5304e-07, max E_trunc = 4.6405e-06
chi: [511, 511, 512, 511, 512, 512, 512, 512, 512, 512, 512, 512]
================================================================================
INFO:tenpy.algorithms.dmrg:Running sweep with optimization
INFO:tenpy.algorithms.mps_common:start environment_sweep
INFO:tenpy.algorithms.dmrg:checkpoint after sweep 40
energy=-0.3936704537337619, max S=2.5796632076177337, age=1476, norm_err=2.0e-03
Current memory usage 728.4MB, wall time: 633.1s
Delta E = 9.8704e-04, Delta S = -1.2406e-03 (per sweep)
max trunc_err = 8.4708e-07, max E_trunc = 5.9170e-07
chi: [512, 512, 512, 512, 512, 512, 512, 512, 512, 512, 512, 512]
================================================================================
INFO:tenpy.algorithms.dmrg:Running sweep with optimization
INFO:tenpy.algorithms.mps_common:start environment_sweep
INFO:tenpy.algorithms.dmrg:checkpoint after sweep 50
energy=-0.3907931139895169, max S=2.6699140732870452, age=1836, norm_err=1.1e-04
Current memory usage 728.4MB, wall time: 642.6s
Delta E = 2.8773e-04, Delta S = 3.7405e-03 (per sweep)
max trunc_err = 7.8846e-07, max E_trunc = 4.4280e-06
chi: [512, 512, 512, 512, 512, 512, 512, 512, 512, 512, 512, 512]
================================================================================
INFO:tenpy.algorithms.dmrg:Running sweep with optimization
INFO:tenpy.algorithms.mps_common:start environment_sweep
INFO:tenpy.algorithms.dmrg:checkpoint after sweep 60
energy=-0.3748594314541312, max S=2.7327817005755706, age=2196, norm_err=4.0e-05
Current memory usage 728.4MB, wall time: 634.7s
Delta E = 1.5934e-03, Delta S = 9.6556e-03 (per sweep)
max trunc_err = 5.2167e-07, max E_trunc = 1.0300e-06
chi: [512, 512, 512, 512, 512, 512, 512, 512, 512, 512, 512, 512]
================================================================================
INFO:tenpy.algorithms.dmrg:Running sweep with optimization
INFO:tenpy.algorithms.mps_common:start environment_sweep
INFO:tenpy.algorithms.dmrg:checkpoint after sweep 70
energy=-0.3870265610834167, max S=2.3964498326341883, age=2556, norm_err=2.4e-05
Current memory usage 728.4MB, wall time: 643.3s
Delta E = -1.2167e-03, Delta S = -2.9009e-02 (per sweep)
max trunc_err = 7.3126e-07, max E_trunc = 4.4026e-06
chi: [512, 512, 512, 511, 512, 512, 512, 512, 512, 512, 512, 512]
================================================================================
INFO:tenpy.algorithms.dmrg:Running sweep with optimization
INFO:tenpy.algorithms.mps_common:start environment_sweep
INFO:tenpy.algorithms.dmrg:checkpoint after sweep 80
energy=-0.3753006051978597, max S=2.6309553399067918, age=2916, norm_err=2.1e-04
Current memory usage 728.4MB, wall time: 634.1s
Delta E = 1.1726e-03, Delta S = 2.1633e-02 (per sweep)
max trunc_err = 4.6410e-07, max E_trunc = 1.0155e-06
chi: [512, 511, 512, 512, 512, 512, 512, 512, 512, 512, 512, 512]
================================================================================
INFO:tenpy.algorithms.dmrg:Running sweep with optimization
INFO:tenpy.algorithms.mps_common:start environment_sweep
INFO:tenpy.algorithms.dmrg:checkpoint after sweep 90
energy=-0.4009759207902259, max S=2.5345296895888874, age=3276, norm_err=3.9e-04
Current memory usage 728.4MB, wall time: 638.2s
Delta E = -2.5675e-03, Delta S = -1.2353e-02 (per sweep)
max trunc_err = 5.2811e-07, max E_trunc = 3.5873e-06
chi: [511, 511, 512, 511, 512, 512, 512, 512, 512, 512, 512, 512]
================================================================================
INFO:tenpy.algorithms.dmrg:Running sweep with optimization
INFO:tenpy.algorithms.mps_common:start environment_sweep
INFO:tenpy.algorithms.dmrg:checkpoint after sweep 100
energy=-0.3847206668089314, max S=2.4806543709896731, age=3636, norm_err=9.4e-03
Current memory usage 728.4MB, wall time: 635.0s
Delta E = 1.6255e-03, Delta S = -1.2210e-02 (per sweep)
max trunc_err = 6.7898e-07, max E_trunc = 1.0977e-06
chi: [512, 512, 512, 512, 512, 512, 512, 512, 512, 512, 512, 512]
================================================================================
INFO:tenpy.algorithms.dmrg:Running sweep with optimization
INFO:tenpy.algorithms.mps_common:start environment_sweep
INFO:tenpy.algorithms.dmrg:checkpoint after sweep 110
energy=-0.3825500075017014, max S=2.6454403396318029, age=3996, norm_err=7.6e-05
Current memory usage 728.4MB, wall time: 644.5s
Delta E = 2.1707e-04, Delta S = 2.6469e-02 (per sweep)
max trunc_err = 9.3083e-07, max E_trunc = 4.1769e-06
chi: [512, 512, 512, 512, 512, 512, 512, 512, 512, 512, 512, 512]
================================================================================
INFO:tenpy.algorithms.mps_common:TwoSiteDMRGEngine: Maximum number of sweeps reached
INFO:tenpy.tools.params:DMRG: reading 'norm_tol'=1e-05
INFO:tenpy.tools.params:DMRG: reading 'norm_tol_final'=1e-10
INFO:tenpy.tools.params:DMRG: reading 'norm_tol_iter'=5
WARNING:tenpy.algorithms.dmrg:final DMRG state not in canonical form up to norm_tol=1.00e-05: norm_err=7.59e-05
INFO:tenpy.algorithms.mps_common:start environment_sweep
WARNING:tenpy.algorithms.dmrg:final DMRG state not in canonical form up to norm_tol_final=1.00e-10: norm_err=1.11e-08, calling psi.canonical_form()
INFO:tenpy.algorithms.dmrg:TwoSiteDMRGEngine finished after 110 sweeps, max chi=512
INFO:tenpy.tools.params:DMRG: reading 'max_trunc_err'=0.0001
INFO:tenpy.tools.params:MixedHofstadterLandauGauge_Pi_2: reading 'explicit_plus_hc'=False
INFO:tenpy.tools.params:MixedHofstadterLandauGauge_Pi_2: reading 'Lx'=2
INFO:tenpy.tools.params:MixedHofstadterLandauGauge_Pi_2: setting 'N_rings'=2
INFO:tenpy.tools.params:MixedHofstadterLandauGauge_Pi_2: reading 'xy_lattice'='Square'
INFO:tenpy.tools.params:MixedHofstadterLandauGauge_Pi_2: reading 'Ly'=6
INFO:tenpy.tools.params:MixedHofstadterLandauGauge_Pi_2: reading 'ring_order'=None
INFO:tenpy.tools.params:MixedHofstadterLandauGauge_Pi_2: reading 'conserve_k'=True
INFO:tenpy.tools.params:MixedHofstadterLandauGauge_Pi_2: reading 'bc_MPS'='infinite'
INFO:tenpy.tools.params:MixedHofstadterLandauGauge_Pi_2: reading 't'=-1
INFO:tenpy.tools.params:MixedHofstadterLandauGauge_Pi_2: reading 't2'=-0.25
INFO:tenpy.tools.params:MixedHofstadterLandauGauge_Pi_2: reading 'V1'=0.6
INFO:tenpy.tools.params:MixedHofstadterLandauGauge_Pi_2: reading 'phi_ext'=np.float64(0.25)
INFO:tenpy.tools.params:MixedHofstadterLandauGauge_Pi_2: reading 'sort_mpo_legs'=False
/home/t30/kna/ge54yin/Documents/MasterThesisFQHinTMDs/MPS_stuff/MPScalculations/.venv/lib/python3.12/site-packages/tenpy/tools/params.py:232: UserWarning: unused options for config MixedHofstadterLandauGauge_Pi_2:
['Delta', 'N_rings', 'Nsec', 'bc', 'chi_max', 'ktot', 'saveAll']
  warnings.warn(msg.format(keys=sorted(unused), name=self.name))
INFO:tenpy.tools.params:DMRG: reading 'active_sites'=2
INFO:tenpy.tools.params:DMRG: reading 'diag_method'='default'
INFO:tenpy.tools.params:DMRG: subconfig 'trunc_params'=Config(<5 options>, 'trunc_params')
INFO:tenpy.tools.params:DMRG: reading 'max_N_sites_per_ring'=18
INFO:tenpy.tools.params:DMRG: reading 'combine'=False
INFO:tenpy.tools.params:DMRG: subconfig 'lanczos_params'=Config(<9 options>, 'lanczos_params')
INFO:tenpy.tools.params:DMRG: reading 'chi_list'=None
INFO:tenpy.tools.params:DMRG: reading 'start_env'=1
INFO:tenpy.algorithms.mps_common:start environment_sweep
INFO:tenpy.tools.params:DMRG: reading 'N_sweeps_check'=10
INFO:tenpy.tools.params:DMRG: subconfig 'mixer_params'=Config(<3 options>, 'mixer_params')
INFO:tenpy.tools.params:DMRG: reading 'mixer'=None
INFO:tenpy.tools.params:DMRG: reading 'max_sweeps'=100
INFO:tenpy.tools.params:DMRG: reading 'max_hours'=8760
INFO:tenpy.tools.params:DMRG: reading 'P_tol_to_trunc'=0.05
INFO:tenpy.tools.params:DMRG: reading 'P_tol_min'=5.0000000000000004e-30
INFO:tenpy.tools.params:DMRG: reading 'P_tol_max'=0.0001
INFO:tenpy.tools.params:DMRG: reading 'E_tol_to_trunc'=None
INFO:tenpy.algorithms.dmrg:Running sweep with optimization
INFO:tenpy.tools.params:DMRG: reading 'max_N_for_ED'=400
INFO:tenpy.tools.params:DMRG: reading 'update_env'=5
INFO:tenpy.algorithms.mps_common:start environment_sweep
INFO:tenpy.algorithms.dmrg:checkpoint after sweep 10
energy=-0.4108883115951596, max S=3.4514342438177206, age=396, norm_err=1.7e-02
Current memory usage 728.4MB, wall time: 636.4s
Delta E = nan, Delta S = 6.9160e-02 (per sweep)
max trunc_err = 3.4474e-06, max E_trunc = 2.6780e-05
chi: [512, 512, 512, 512, 512, 512, 512, 512, 512, 512, 512, 512]
================================================================================
INFO:tenpy.algorithms.dmrg:Running sweep with optimization
INFO:tenpy.algorithms.mps_common:start environment_sweep
INFO:tenpy.algorithms.dmrg:checkpoint after sweep 20
energy=-0.3878534078265569, max S=2.4616453096143944, age=756, norm_err=8.2e-05
Current memory usage 728.4MB, wall time: 640.7s
Delta E = 2.3035e-03, Delta S = -9.4513e-02 (per sweep)
max trunc_err = 5.7331e-07, max E_trunc = 1.1054e-06
chi: [512, 512, 512, 512, 512, 512, 512, 512, 512, 512, 512, 512]
================================================================================
INFO:tenpy.tools.params:DMRG: reading 'max_E_err'=1e-08
INFO:tenpy.tools.params:DMRG: reading 'max_S_err'=1e-05
INFO:tenpy.algorithms.dmrg:Running sweep with optimization
INFO:tenpy.algorithms.mps_common:start environment_sweep
INFO:tenpy.algorithms.dmrg:checkpoint after sweep 30
energy=-0.3929638423433654, max S=2.5004271426979550, age=1116, norm_err=7.8e-05
Current memory usage 728.4MB, wall time: 645.8s
Delta E = -5.1104e-04, Delta S = 7.4786e-03 (per sweep)
max trunc_err = 7.5736e-07, max E_trunc = 4.2809e-06
chi: [512, 512, 512, 512, 512, 512, 512, 512, 512, 512, 512, 512]
================================================================================
INFO:tenpy.algorithms.dmrg:Running sweep with optimization
INFO:tenpy.algorithms.mps_common:start environment_sweep
INFO:tenpy.algorithms.dmrg:checkpoint after sweep 40
energy=-0.3911165943454241, max S=2.6416649354703927, age=1476, norm_err=1.0e-03
Current memory usage 728.4MB, wall time: 638.5s
Delta E = 1.8472e-04, Delta S = 1.2094e-02 (per sweep)
max trunc_err = 6.4826e-07, max E_trunc = 1.1988e-06
chi: [512, 512, 512, 512, 512, 512, 512, 512, 512, 512, 512, 512]
================================================================================
INFO:tenpy.algorithms.dmrg:Running sweep with optimization
INFO:tenpy.algorithms.mps_common:start environment_sweep
INFO:tenpy.algorithms.dmrg:checkpoint after sweep 50
energy=-0.3992599232843237, max S=2.6703348991756393, age=1836, norm_err=3.1e-03
Current memory usage 728.4MB, wall time: 639.0s
Delta E = -8.1433e-04, Delta S = 2.6220e-03 (per sweep)
max trunc_err = 5.9595e-07, max E_trunc = 3.4862e-06
chi: [511, 511, 512, 511, 512, 512, 512, 512, 512, 512, 512, 512]
================================================================================
INFO:tenpy.algorithms.dmrg:Running sweep with optimization
INFO:tenpy.algorithms.mps_common:start environment_sweep
INFO:tenpy.algorithms.dmrg:checkpoint after sweep 60
energy=-0.3991441641341898, max S=2.6755107157036275, age=2196, norm_err=3.9e-05
Current memory usage 728.4MB, wall time: 633.0s
Delta E = 1.1576e-05, Delta S = 4.0630e-03 (per sweep)
max trunc_err = 8.1675e-07, max E_trunc = 5.9765e-07
chi: [512, 512, 512, 511, 512, 512, 512, 512, 512, 512, 512, 512]
================================================================================
INFO:tenpy.algorithms.dmrg:Running sweep with optimization
INFO:tenpy.algorithms.mps_common:start environment_sweep
INFO:tenpy.algorithms.dmrg:checkpoint after sweep 70
energy=-0.4009537725604086, max S=2.4884733169056501, age=2556, norm_err=2.6e-04
Current memory usage 728.4MB, wall time: 639.1s
Delta E = -1.8096e-04, Delta S = -1.9297e-02 (per sweep)
max trunc_err = 6.2208e-07, max E_trunc = 3.4530e-06
chi: [511, 511, 512, 509, 512, 512, 512, 512, 512, 512, 512, 512]
================================================================================
INFO:tenpy.algorithms.dmrg:Running sweep with optimization
INFO:tenpy.algorithms.mps_common:start environment_sweep
INFO:tenpy.algorithms.dmrg:checkpoint after sweep 80
energy=-0.4068380825117970, max S=2.8467391700192572, age=2916, norm_err=6.1e-03
Current memory usage 728.4MB, wall time: 639.3s
Delta E = -5.8843e-04, Delta S = 3.0655e-02 (per sweep)
max trunc_err = 1.2544e-06, max E_trunc = 1.0427e-05
chi: [512, 512, 512, 510, 512, 512, 512, 512, 512, 512, 512, 512]
================================================================================
INFO:tenpy.algorithms.dmrg:Running sweep with optimization
INFO:tenpy.algorithms.mps_common:start environment_sweep
INFO:tenpy.algorithms.dmrg:checkpoint after sweep 90
energy=-0.4110842115116213, max S=3.3583252277611919, age=3276, norm_err=3.0e-02
Current memory usage 728.4MB, wall time: 639.7s
Delta E = -4.2461e-04, Delta S = 4.6540e-02 (per sweep)
max trunc_err = 3.9886e-06, max E_trunc = 3.1692e-05
chi: [512, 512, 512, 512, 512, 512, 512, 512, 512, 512, 512, 512]
================================================================================
INFO:tenpy.algorithms.dmrg:Running sweep with optimization
INFO:tenpy.algorithms.mps_common:start environment_sweep
INFO:tenpy.algorithms.dmrg:checkpoint after sweep 100
energy=-0.4092043424736573, max S=3.3857263973321059, age=3636, norm_err=1.3e-02
Current memory usage 728.4MB, wall time: 633.8s
Delta E = 1.8799e-04, Delta S = 6.5047e-03 (per sweep)
max trunc_err = 2.5397e-06, max E_trunc = 2.0552e-05
chi: [512, 512, 512, 512, 512, 512, 512, 512, 512, 512, 512, 512]
================================================================================
INFO:tenpy.algorithms.dmrg:Running sweep with optimization
INFO:tenpy.algorithms.mps_common:start environment_sweep
INFO:tenpy.algorithms.dmrg:checkpoint after sweep 110
energy=-0.4101792937674228, max S=3.4319704141358511, age=3996, norm_err=7.7e-03
Current memory usage 728.4MB, wall time: 637.2s
Delta E = -9.7495e-05, Delta S = 2.6755e-03 (per sweep)
max trunc_err = 2.3015e-06, max E_trunc = 1.8682e-05
chi: [512, 512, 512, 512, 512, 512, 512, 512, 512, 512, 512, 512]
================================================================================
INFO:tenpy.algorithms.mps_common:TwoSiteDMRGEngine: Maximum number of sweeps reached
INFO:tenpy.tools.params:DMRG: reading 'norm_tol'=1e-05
INFO:tenpy.tools.params:DMRG: reading 'norm_tol_final'=1e-10
INFO:tenpy.tools.params:DMRG: reading 'norm_tol_iter'=5
WARNING:tenpy.algorithms.dmrg:final DMRG state not in canonical form up to norm_tol=1.00e-05: norm_err=7.71e-03
INFO:tenpy.algorithms.mps_common:start environment_sweep
INFO:tenpy.algorithms.mps_common:start environment_sweep
WARNING:tenpy.algorithms.dmrg:final DMRG state not in canonical form up to norm_tol_final=1.00e-10: norm_err=1.38e-06, calling psi.canonical_form()
INFO:tenpy.algorithms.dmrg:TwoSiteDMRGEngine finished after 110 sweeps, max chi=512
INFO:tenpy.tools.params:DMRG: reading 'max_trunc_err'=0.0001
INFO:tenpy.tools.params:MixedHofstadterLandauGauge_Pi_2: reading 'explicit_plus_hc'=False
INFO:tenpy.tools.params:MixedHofstadterLandauGauge_Pi_2: reading 'Lx'=2
INFO:tenpy.tools.params:MixedHofstadterLandauGauge_Pi_2: setting 'N_rings'=2
INFO:tenpy.tools.params:MixedHofstadterLandauGauge_Pi_2: reading 'xy_lattice'='Square'
INFO:tenpy.tools.params:MixedHofstadterLandauGauge_Pi_2: reading 'Ly'=6
INFO:tenpy.tools.params:MixedHofstadterLandauGauge_Pi_2: reading 'ring_order'=None
INFO:tenpy.tools.params:MixedHofstadterLandauGauge_Pi_2: reading 'conserve_k'=True
INFO:tenpy.tools.params:MixedHofstadterLandauGauge_Pi_2: reading 'bc_MPS'='infinite'
INFO:tenpy.tools.params:MixedHofstadterLandauGauge_Pi_2: reading 't'=-1
INFO:tenpy.tools.params:MixedHofstadterLandauGauge_Pi_2: reading 't2'=-0.25
INFO:tenpy.tools.params:MixedHofstadterLandauGauge_Pi_2: reading 'V1'=0.6
INFO:tenpy.tools.params:MixedHofstadterLandauGauge_Pi_2: reading 'phi_ext'=np.float64(0.30000000000000004)
INFO:tenpy.tools.params:MixedHofstadterLandauGauge_Pi_2: reading 'sort_mpo_legs'=False
/home/t30/kna/ge54yin/Documents/MasterThesisFQHinTMDs/MPS_stuff/MPScalculations/.venv/lib/python3.12/site-packages/tenpy/tools/params.py:232: UserWarning: unused options for config MixedHofstadterLandauGauge_Pi_2:
['Delta', 'N_rings', 'Nsec', 'bc', 'chi_max', 'ktot', 'saveAll']
  warnings.warn(msg.format(keys=sorted(unused), name=self.name))
INFO:tenpy.tools.params:DMRG: reading 'active_sites'=2
INFO:tenpy.tools.params:DMRG: reading 'diag_method'='default'
INFO:tenpy.tools.params:DMRG: subconfig 'trunc_params'=Config(<5 options>, 'trunc_params')
INFO:tenpy.tools.params:DMRG: reading 'max_N_sites_per_ring'=18
INFO:tenpy.tools.params:DMRG: reading 'combine'=False
INFO:tenpy.tools.params:DMRG: subconfig 'lanczos_params'=Config(<9 options>, 'lanczos_params')
INFO:tenpy.tools.params:DMRG: reading 'chi_list'=None
INFO:tenpy.tools.params:DMRG: reading 'start_env'=1
INFO:tenpy.algorithms.mps_common:start environment_sweep
INFO:tenpy.tools.params:DMRG: reading 'N_sweeps_check'=10
INFO:tenpy.tools.params:DMRG: subconfig 'mixer_params'=Config(<3 options>, 'mixer_params')
INFO:tenpy.tools.params:DMRG: reading 'mixer'=None
INFO:tenpy.tools.params:DMRG: reading 'max_sweeps'=100
INFO:tenpy.tools.params:DMRG: reading 'max_hours'=8760
INFO:tenpy.tools.params:DMRG: reading 'P_tol_to_trunc'=0.05
INFO:tenpy.tools.params:DMRG: reading 'P_tol_min'=5.0000000000000004e-30
INFO:tenpy.tools.params:DMRG: reading 'P_tol_max'=0.0001
INFO:tenpy.tools.params:DMRG: reading 'E_tol_to_trunc'=None
INFO:tenpy.algorithms.dmrg:Running sweep with optimization
INFO:tenpy.tools.params:DMRG: reading 'max_N_for_ED'=400
INFO:tenpy.tools.params:DMRG: reading 'update_env'=5
INFO:tenpy.algorithms.mps_common:start environment_sweep
INFO:tenpy.algorithms.dmrg:checkpoint after sweep 10
energy=-0.4090238880397242, max S=3.5339751542098470, age=396, norm_err=1.1e-02
Current memory usage 728.4MB, wall time: 633.6s
Delta E = nan, Delta S = 9.3017e-03 (per sweep)
max trunc_err = 2.1439e-06, max E_trunc = 1.7579e-05
chi: [512, 512, 512, 511, 512, 512, 512, 512, 512, 512, 512, 512]
================================================================================
INFO:tenpy.algorithms.dmrg:Running sweep with optimization
INFO:tenpy.algorithms.mps_common:start environment_sweep
INFO:tenpy.algorithms.dmrg:checkpoint after sweep 20
energy=-0.4108783672226011, max S=3.3567640549658777, age=756, norm_err=9.7e-03
Current memory usage 728.4MB, wall time: 639.0s
Delta E = -1.8545e-04, Delta S = -1.8312e-02 (per sweep)
max trunc_err = 4.6387e-06, max E_trunc = 3.7216e-05
chi: [512, 512, 512, 512, 512, 512, 512, 512, 512, 512, 512, 512]
================================================================================
INFO:tenpy.tools.params:DMRG: reading 'max_E_err'=1e-08
INFO:tenpy.tools.params:DMRG: reading 'max_S_err'=1e-05
INFO:tenpy.algorithms.dmrg:Running sweep with optimization
INFO:tenpy.algorithms.mps_common:start environment_sweep
INFO:tenpy.algorithms.dmrg:checkpoint after sweep 30
energy=-0.4035214633463203, max S=2.5711595751981617, age=1116, norm_err=2.7e-03
Current memory usage 728.4MB, wall time: 638.5s
Delta E = 7.3569e-04, Delta S = -7.8138e-02 (per sweep)
max trunc_err = 5.5106e-07, max E_trunc = 4.3239e-06
chi: [511, 511, 512, 511, 512, 512, 512, 512, 512, 512, 512, 512]
================================================================================
INFO:tenpy.algorithms.dmrg:Running sweep with optimization
INFO:tenpy.algorithms.mps_common:start environment_sweep
INFO:tenpy.algorithms.dmrg:checkpoint after sweep 40
energy=-0.4078830043709303, max S=2.9366334556249805, age=1476, norm_err=9.3e-04
Current memory usage 728.4MB, wall time: 636.0s
Delta E = -4.3615e-04, Delta S = 3.8416e-02 (per sweep)
max trunc_err = 7.4374e-07, max E_trunc = 6.0768e-06
chi: [512, 512, 512, 510, 512, 512, 512, 512, 512, 512, 512, 512]
================================================================================
INFO:tenpy.algorithms.dmrg:Running sweep with optimization
INFO:tenpy.algorithms.mps_common:start environment_sweep
INFO:tenpy.algorithms.dmrg:checkpoint after sweep 50
energy=-0.3966054724008406, max S=2.4805504646324241, age=1836, norm_err=4.4e-05
Current memory usage 728.4MB, wall time: 623.8s
Delta E = 1.1278e-03, Delta S = -3.6318e-02 (per sweep)
max trunc_err = 7.2007e-07, max E_trunc = 5.7117e-07
chi: [512, 512, 512, 512, 512, 512, 512, 512, 512, 512, 512, 512]
================================================================================
INFO:tenpy.algorithms.dmrg:Running sweep with optimization
INFO:tenpy.algorithms.mps_common:start environment_sweep
INFO:tenpy.algorithms.dmrg:checkpoint after sweep 60
energy=-0.3932482739787038, max S=2.3150239145759652, age=2196, norm_err=1.0e-04
Current memory usage 728.4MB, wall time: 630.3s
Delta E = 3.3572e-04, Delta S = -1.5687e-02 (per sweep)
max trunc_err = 7.5908e-07, max E_trunc = 4.1752e-06
chi: [512, 512, 512, 512, 512, 512, 512, 512, 512, 512, 512, 512]
================================================================================
INFO:tenpy.algorithms.dmrg:Running sweep with optimization
INFO:tenpy.algorithms.mps_common:start environment_sweep
INFO:tenpy.algorithms.dmrg:checkpoint after sweep 70
energy=-0.3822942245363947, max S=2.3024078621621573, age=2556, norm_err=9.8e-05
Current memory usage 728.4MB, wall time: 624.2s
Delta E = 1.0954e-03, Delta S = -4.8997e-03 (per sweep)
max trunc_err = 3.8207e-07, max E_trunc = 1.1341e-06
chi: [512, 512, 512, 512, 512, 512, 512, 512, 512, 512, 512, 512]
================================================================================
INFO:tenpy.algorithms.dmrg:Running sweep with optimization
INFO:tenpy.algorithms.mps_common:start environment_sweep
INFO:tenpy.algorithms.dmrg:checkpoint after sweep 80
energy=-0.3896261930174394, max S=2.2884992617631381, age=2916, norm_err=3.2e-05
Current memory usage 728.4MB, wall time: 630.2s
Delta E = -7.3320e-04, Delta S = 7.9910e-04 (per sweep)
max trunc_err = 9.0151e-07, max E_trunc = 4.1910e-06
chi: [512, 512, 512, 511, 512, 512, 512, 512, 512, 512, 512, 512]
================================================================================
INFO:tenpy.algorithms.dmrg:Running sweep with optimization
INFO:tenpy.algorithms.mps_common:start environment_sweep
INFO:tenpy.algorithms.dmrg:checkpoint after sweep 90
energy=-0.3871502177105413, max S=2.1493008653186925, age=3276, norm_err=2.1e-05
Current memory usage 728.4MB, wall time: 627.0s
Delta E = 2.4760e-04, Delta S = -1.1008e-02 (per sweep)
max trunc_err = 6.4155e-07, max E_trunc = 1.0293e-06
chi: [512, 512, 512, 512, 512, 512, 512, 512, 512, 512, 512, 512]
================================================================================
INFO:tenpy.algorithms.dmrg:Running sweep with optimization
INFO:tenpy.algorithms.mps_common:start environment_sweep
INFO:tenpy.algorithms.dmrg:checkpoint after sweep 100
energy=-0.3929113205688187, max S=2.5001100085474404, age=3636, norm_err=6.7e-05
Current memory usage 728.4MB, wall time: 631.6s
Delta E = -5.7611e-04, Delta S = 3.0090e-02 (per sweep)
max trunc_err = 8.8512e-07, max E_trunc = 4.3066e-06
chi: [512, 512, 512, 510, 512, 512, 512, 512, 512, 512, 512, 512]
================================================================================
INFO:tenpy.algorithms.dmrg:Running sweep with optimization
INFO:tenpy.algorithms.mps_common:start environment_sweep
INFO:tenpy.algorithms.dmrg:checkpoint after sweep 110
energy=-0.3913777904521491, max S=2.4059539315294520, age=3996, norm_err=8.1e-05
Current memory usage 728.4MB, wall time: 632.4s
Delta E = 1.5335e-04, Delta S = -7.4013e-03 (per sweep)
max trunc_err = 9.7077e-07, max E_trunc = 4.1974e-06
chi: [512, 512, 512, 510, 512, 512, 512, 512, 512, 512, 512, 512]
================================================================================
INFO:tenpy.algorithms.mps_common:TwoSiteDMRGEngine: Maximum number of sweeps reached
INFO:tenpy.tools.params:DMRG: reading 'norm_tol'=1e-05
INFO:tenpy.tools.params:DMRG: reading 'norm_tol_final'=1e-10
INFO:tenpy.tools.params:DMRG: reading 'norm_tol_iter'=5
WARNING:tenpy.algorithms.dmrg:final DMRG state not in canonical form up to norm_tol=1.00e-05: norm_err=8.13e-05
INFO:tenpy.algorithms.mps_common:start environment_sweep
WARNING:tenpy.algorithms.dmrg:final DMRG state not in canonical form up to norm_tol_final=1.00e-10: norm_err=8.50e-09, calling psi.canonical_form()
INFO:tenpy.algorithms.dmrg:TwoSiteDMRGEngine finished after 110 sweeps, max chi=512
INFO:tenpy.tools.params:DMRG: reading 'max_trunc_err'=0.0001
INFO:tenpy.tools.params:MixedHofstadterLandauGauge_Pi_2: reading 'explicit_plus_hc'=False
INFO:tenpy.tools.params:MixedHofstadterLandauGauge_Pi_2: reading 'Lx'=2
INFO:tenpy.tools.params:MixedHofstadterLandauGauge_Pi_2: setting 'N_rings'=2
INFO:tenpy.tools.params:MixedHofstadterLandauGauge_Pi_2: reading 'xy_lattice'='Square'
INFO:tenpy.tools.params:MixedHofstadterLandauGauge_Pi_2: reading 'Ly'=6
INFO:tenpy.tools.params:MixedHofstadterLandauGauge_Pi_2: reading 'ring_order'=None
INFO:tenpy.tools.params:MixedHofstadterLandauGauge_Pi_2: reading 'conserve_k'=True
INFO:tenpy.tools.params:MixedHofstadterLandauGauge_Pi_2: reading 'bc_MPS'='infinite'
INFO:tenpy.tools.params:MixedHofstadterLandauGauge_Pi_2: reading 't'=-1
INFO:tenpy.tools.params:MixedHofstadterLandauGauge_Pi_2: reading 't2'=-0.25
INFO:tenpy.tools.params:MixedHofstadterLandauGauge_Pi_2: reading 'V1'=0.6
INFO:tenpy.tools.params:MixedHofstadterLandauGauge_Pi_2: reading 'phi_ext'=np.float64(0.35000000000000003)
INFO:tenpy.tools.params:MixedHofstadterLandauGauge_Pi_2: reading 'sort_mpo_legs'=False
/home/t30/kna/ge54yin/Documents/MasterThesisFQHinTMDs/MPS_stuff/MPScalculations/.venv/lib/python3.12/site-packages/tenpy/tools/params.py:232: UserWarning: unused options for config MixedHofstadterLandauGauge_Pi_2:
['Delta', 'N_rings', 'Nsec', 'bc', 'chi_max', 'ktot', 'saveAll']
  warnings.warn(msg.format(keys=sorted(unused), name=self.name))
INFO:tenpy.tools.params:DMRG: reading 'active_sites'=2
INFO:tenpy.tools.params:DMRG: reading 'diag_method'='default'
INFO:tenpy.tools.params:DMRG: subconfig 'trunc_params'=Config(<5 options>, 'trunc_params')
INFO:tenpy.tools.params:DMRG: reading 'max_N_sites_per_ring'=18
INFO:tenpy.tools.params:DMRG: reading 'combine'=False
INFO:tenpy.tools.params:DMRG: subconfig 'lanczos_params'=Config(<9 options>, 'lanczos_params')
INFO:tenpy.tools.params:DMRG: reading 'chi_list'=None
INFO:tenpy.tools.params:DMRG: reading 'start_env'=1
INFO:tenpy.algorithms.mps_common:start environment_sweep
INFO:tenpy.tools.params:DMRG: reading 'N_sweeps_check'=10
INFO:tenpy.tools.params:DMRG: subconfig 'mixer_params'=Config(<3 options>, 'mixer_params')
INFO:tenpy.tools.params:DMRG: reading 'mixer'=None
INFO:tenpy.tools.params:DMRG: reading 'max_sweeps'=100
INFO:tenpy.tools.params:DMRG: reading 'max_hours'=8760
INFO:tenpy.tools.params:DMRG: reading 'P_tol_to_trunc'=0.05
INFO:tenpy.tools.params:DMRG: reading 'P_tol_min'=5.0000000000000004e-30
INFO:tenpy.tools.params:DMRG: reading 'P_tol_max'=0.0001
INFO:tenpy.tools.params:DMRG: reading 'E_tol_to_trunc'=None
INFO:tenpy.algorithms.dmrg:Running sweep with optimization
INFO:tenpy.tools.params:DMRG: reading 'max_N_for_ED'=400
INFO:tenpy.tools.params:DMRG: reading 'update_env'=5
INFO:tenpy.algorithms.mps_common:start environment_sweep
INFO:tenpy.algorithms.dmrg:checkpoint after sweep 10
energy=-0.3632130336536470, max S=2.6171492696064833, age=396, norm_err=4.9e-04
Current memory usage 728.4MB, wall time: 614.7s
Delta E = nan, Delta S = 1.8361e-02 (per sweep)
max trunc_err = 4.2579e-07, max E_trunc = 1.0671e-06
chi: [512, 511, 512, 512, 512, 512, 512, 512, 512, 512, 512, 512]
================================================================================
INFO:tenpy.algorithms.dmrg:Running sweep with optimization
INFO:tenpy.algorithms.mps_common:start environment_sweep
INFO:tenpy.algorithms.dmrg:checkpoint after sweep 20
energy=-0.3894037601451738, max S=2.5351639892414819, age=756, norm_err=2.7e-05
Current memory usage 728.4MB, wall time: 626.8s
Delta E = -2.6191e-03, Delta S = -6.8574e-03 (per sweep)
max trunc_err = 1.1983e-06, max E_trunc = 4.1970e-06
chi: [512, 512, 512, 510, 512, 512, 512, 512, 512, 512, 512, 512]
================================================================================
INFO:tenpy.tools.params:DMRG: reading 'max_E_err'=1e-08
INFO:tenpy.tools.params:DMRG: reading 'max_S_err'=1e-05
INFO:tenpy.algorithms.dmrg:Running sweep with optimization
INFO:tenpy.algorithms.mps_common:start environment_sweep
INFO:tenpy.algorithms.dmrg:checkpoint after sweep 30
energy=-0.3816576878831768, max S=2.9526622181025530, age=1116, norm_err=9.9e-04
Current memory usage 728.4MB, wall time: 620.0s
Delta E = 7.7461e-04, Delta S = 3.8532e-02 (per sweep)
max trunc_err = 6.6517e-07, max E_trunc = 9.2167e-07
chi: [512, 512, 512, 512, 512, 512, 512, 512, 512, 512, 512, 512]
================================================================================
INFO:tenpy.algorithms.dmrg:Running sweep with optimization
INFO:tenpy.algorithms.mps_common:start environment_sweep
INFO:tenpy.algorithms.dmrg:checkpoint after sweep 40
energy=-0.3987906230021470, max S=2.6882039268532214, age=1476, norm_err=1.9e-03
Current memory usage 728.4MB, wall time: 624.3s
Delta E = -1.7133e-03, Delta S = -2.8266e-02 (per sweep)
max trunc_err = 5.6392e-07, max E_trunc = 3.5612e-06
chi: [511, 511, 512, 512, 512, 512, 512, 512, 512, 512, 512, 512]
================================================================================
INFO:tenpy.algorithms.dmrg:Running sweep with optimization
INFO:tenpy.algorithms.mps_common:start environment_sweep
INFO:tenpy.algorithms.dmrg:checkpoint after sweep 50
energy=-0.3854753107274860, max S=2.7276144008014969, age=1836, norm_err=7.6e-04
Current memory usage 728.4MB, wall time: 619.3s
Delta E = 1.3315e-03, Delta S = 1.0841e-02 (per sweep)
max trunc_err = 6.7290e-07, max E_trunc = 5.8782e-07
chi: [512, 512, 512, 512, 512, 512, 512, 512, 512, 512, 512, 512]
================================================================================
INFO:tenpy.algorithms.dmrg:Running sweep with optimization
INFO:tenpy.algorithms.mps_common:start environment_sweep
INFO:tenpy.algorithms.dmrg:checkpoint after sweep 60
energy=-0.4001013485599572, max S=2.6245312863848849, age=2196, norm_err=4.8e-03
Current memory usage 728.4MB, wall time: 619.8s
Delta E = -1.4626e-03, Delta S = -1.7475e-02 (per sweep)
max trunc_err = 4.5854e-07, max E_trunc = 3.5921e-06
chi: [511, 511, 512, 512, 512, 512, 512, 512, 512, 512, 512, 512]
================================================================================
INFO:tenpy.algorithms.dmrg:Running sweep with optimization
INFO:tenpy.algorithms.mps_common:start environment_sweep
INFO:tenpy.algorithms.dmrg:checkpoint after sweep 70
energy=-0.4000352252775106, max S=2.6137993159678476, age=2556, norm_err=1.0e-04
Current memory usage 728.4MB, wall time: 610.9s
Delta E = 6.6123e-06, Delta S = 5.7306e-03 (per sweep)
max trunc_err = 4.9071e-07, max E_trunc = 5.7328e-07
chi: [512, 512, 512, 512, 512, 512, 512, 512, 512, 512, 512, 512]
================================================================================
INFO:tenpy.algorithms.dmrg:Running sweep with optimization
INFO:tenpy.algorithms.mps_common:start environment_sweep
INFO:tenpy.algorithms.dmrg:checkpoint after sweep 80
energy=-0.3974096214955694, max S=2.7924510389173811, age=2916, norm_err=3.6e-03
Current memory usage 728.4MB, wall time: 617.0s
Delta E = 2.6256e-04, Delta S = 1.0819e-02 (per sweep)
max trunc_err = 4.3432e-07, max E_trunc = 3.6653e-06
chi: [511, 511, 512, 511, 512, 512, 512, 512, 512, 512, 512, 512]
================================================================================
INFO:tenpy.algorithms.dmrg:Running sweep with optimization
INFO:tenpy.algorithms.mps_common:start environment_sweep
INFO:tenpy.algorithms.dmrg:checkpoint after sweep 90
energy=-0.3920711064991262, max S=2.6090885853982124, age=3276, norm_err=4.2e-04
Current memory usage 728.4MB, wall time: 628.6s
Delta E = 5.3385e-04, Delta S = -1.3458e-02 (per sweep)
max trunc_err = 5.3480e-07, max E_trunc = 5.6616e-07
chi: [512, 512, 512, 512, 512, 512, 512, 512, 512, 512, 512, 512]
================================================================================
INFO:tenpy.algorithms.dmrg:Running sweep with optimization
INFO:tenpy.algorithms.mps_common:start environment_sweep
INFO:tenpy.algorithms.dmrg:checkpoint after sweep 100
energy=-0.3994021839089801, max S=2.7320797052149235, age=3636, norm_err=6.1e-03
Current memory usage 728.4MB, wall time: 645.3s
Delta E = -7.3311e-04, Delta S = 5.5177e-03 (per sweep)
max trunc_err = 5.3783e-07, max E_trunc = 3.6075e-06
chi: [511, 511, 512, 512, 512, 512, 512, 512, 512, 512, 512, 512]
================================================================================
INFO:tenpy.algorithms.dmrg:Running sweep with optimization
INFO:tenpy.algorithms.mps_common:start environment_sweep
INFO:tenpy.algorithms.dmrg:checkpoint after sweep 110
energy=-0.3907629014439540, max S=2.6976199095213076, age=3996, norm_err=1.0e-03
Current memory usage 728.4MB, wall time: 642.2s
Delta E = 8.6393e-04, Delta S = 4.1364e-03 (per sweep)
max trunc_err = 5.9215e-07, max E_trunc = 5.5869e-07
chi: [512, 512, 512, 512, 512, 512, 512, 512, 512, 512, 512, 512]
================================================================================
INFO:tenpy.algorithms.mps_common:TwoSiteDMRGEngine: Maximum number of sweeps reached
INFO:tenpy.tools.params:DMRG: reading 'norm_tol'=1e-05
INFO:tenpy.tools.params:DMRG: reading 'norm_tol_final'=1e-10
INFO:tenpy.tools.params:DMRG: reading 'norm_tol_iter'=5
WARNING:tenpy.algorithms.dmrg:final DMRG state not in canonical form up to norm_tol=1.00e-05: norm_err=1.05e-03
INFO:tenpy.algorithms.mps_common:start environment_sweep
WARNING:tenpy.algorithms.dmrg:final DMRG state not in canonical form up to norm_tol_final=1.00e-10: norm_err=2.81e-06, calling psi.canonical_form()
INFO:tenpy.algorithms.dmrg:TwoSiteDMRGEngine finished after 110 sweeps, max chi=512
INFO:tenpy.tools.params:DMRG: reading 'max_trunc_err'=0.0001
INFO:tenpy.tools.params:MixedHofstadterLandauGauge_Pi_2: reading 'explicit_plus_hc'=False
INFO:tenpy.tools.params:MixedHofstadterLandauGauge_Pi_2: reading 'Lx'=2
INFO:tenpy.tools.params:MixedHofstadterLandauGauge_Pi_2: setting 'N_rings'=2
INFO:tenpy.tools.params:MixedHofstadterLandauGauge_Pi_2: reading 'xy_lattice'='Square'
INFO:tenpy.tools.params:MixedHofstadterLandauGauge_Pi_2: reading 'Ly'=6
INFO:tenpy.tools.params:MixedHofstadterLandauGauge_Pi_2: reading 'ring_order'=None
INFO:tenpy.tools.params:MixedHofstadterLandauGauge_Pi_2: reading 'conserve_k'=True
INFO:tenpy.tools.params:MixedHofstadterLandauGauge_Pi_2: reading 'bc_MPS'='infinite'
INFO:tenpy.tools.params:MixedHofstadterLandauGauge_Pi_2: reading 't'=-1
INFO:tenpy.tools.params:MixedHofstadterLandauGauge_Pi_2: reading 't2'=-0.25
INFO:tenpy.tools.params:MixedHofstadterLandauGauge_Pi_2: reading 'V1'=0.6
INFO:tenpy.tools.params:MixedHofstadterLandauGauge_Pi_2: reading 'phi_ext'=np.float64(0.4)
INFO:tenpy.tools.params:MixedHofstadterLandauGauge_Pi_2: reading 'sort_mpo_legs'=False
/home/t30/kna/ge54yin/Documents/MasterThesisFQHinTMDs/MPS_stuff/MPScalculations/.venv/lib/python3.12/site-packages/tenpy/tools/params.py:232: UserWarning: unused options for config MixedHofstadterLandauGauge_Pi_2:
['Delta', 'N_rings', 'Nsec', 'bc', 'chi_max', 'ktot', 'saveAll']
  warnings.warn(msg.format(keys=sorted(unused), name=self.name))
INFO:tenpy.tools.params:DMRG: reading 'active_sites'=2
INFO:tenpy.tools.params:DMRG: reading 'diag_method'='default'
INFO:tenpy.tools.params:DMRG: subconfig 'trunc_params'=Config(<5 options>, 'trunc_params')
INFO:tenpy.tools.params:DMRG: reading 'max_N_sites_per_ring'=18
INFO:tenpy.tools.params:DMRG: reading 'combine'=False
INFO:tenpy.tools.params:DMRG: subconfig 'lanczos_params'=Config(<9 options>, 'lanczos_params')
INFO:tenpy.tools.params:DMRG: reading 'chi_list'=None
INFO:tenpy.tools.params:DMRG: reading 'start_env'=1
INFO:tenpy.algorithms.mps_common:start environment_sweep
INFO:tenpy.tools.params:DMRG: reading 'N_sweeps_check'=10
INFO:tenpy.tools.params:DMRG: subconfig 'mixer_params'=Config(<3 options>, 'mixer_params')
INFO:tenpy.tools.params:DMRG: reading 'mixer'=None
INFO:tenpy.tools.params:DMRG: reading 'max_sweeps'=100
INFO:tenpy.tools.params:DMRG: reading 'max_hours'=8760
INFO:tenpy.tools.params:DMRG: reading 'P_tol_to_trunc'=0.05
INFO:tenpy.tools.params:DMRG: reading 'P_tol_min'=5.0000000000000004e-30
INFO:tenpy.tools.params:DMRG: reading 'P_tol_max'=0.0001
INFO:tenpy.tools.params:DMRG: reading 'E_tol_to_trunc'=None
INFO:tenpy.algorithms.dmrg:Running sweep with optimization
INFO:tenpy.tools.params:DMRG: reading 'max_N_for_ED'=400
INFO:tenpy.tools.params:DMRG: reading 'update_env'=5
INFO:tenpy.algorithms.mps_common:start environment_sweep
INFO:tenpy.algorithms.dmrg:checkpoint after sweep 10
energy=-0.3978994109167336, max S=2.7135443398420289, age=396, norm_err=5.4e-03
Current memory usage 728.4MB, wall time: 644.3s
Delta E = nan, Delta S = -2.6796e-03 (per sweep)
max trunc_err = 5.1383e-07, max E_trunc = 3.6142e-06
chi: [511, 511, 512, 511, 512, 512, 512, 512, 512, 512, 512, 512]
================================================================================
INFO:tenpy.algorithms.dmrg:Running sweep with optimization
INFO:tenpy.algorithms.mps_common:start environment_sweep
INFO:tenpy.algorithms.dmrg:checkpoint after sweep 20
energy=-0.4031238568935507, max S=2.6360941505044675, age=756, norm_err=1.2e-04
Current memory usage 728.4MB, wall time: 645.0s
Delta E = -5.2244e-04, Delta S = -6.5641e-03 (per sweep)
max trunc_err = 5.5415e-07, max E_trunc = 5.7697e-07
chi: [512, 512, 512, 512, 512, 512, 512, 512, 512, 512, 512, 512]
================================================================================
INFO:tenpy.tools.params:DMRG: reading 'max_E_err'=1e-08
INFO:tenpy.tools.params:DMRG: reading 'max_S_err'=1e-05
INFO:tenpy.algorithms.dmrg:Running sweep with optimization
INFO:tenpy.algorithms.mps_common:start environment_sweep
INFO:tenpy.algorithms.dmrg:checkpoint after sweep 30
energy=-0.3958229654159311, max S=2.4452196376851902, age=1116, norm_err=3.2e-05
Current memory usage 728.4MB, wall time: 650.6s
Delta E = 7.3009e-04, Delta S = -1.9593e-02 (per sweep)
max trunc_err = 9.0540e-07, max E_trunc = 4.2753e-06
chi: [512, 512, 512, 510, 512, 512, 512, 512, 512, 512, 512, 512]
================================================================================
INFO:tenpy.algorithms.dmrg:Running sweep with optimization
INFO:tenpy.algorithms.mps_common:start environment_sweep
INFO:tenpy.algorithms.dmrg:checkpoint after sweep 40
energy=-0.3947153247578872, max S=2.4293920430978950, age=1476, norm_err=3.5e-05
Current memory usage 728.4MB, wall time: 646.7s
Delta E = 1.1076e-04, Delta S = -1.5008e-03 (per sweep)
max trunc_err = 2.9951e-07, max E_trunc = 9.0718e-07
chi: [512, 512, 512, 512, 512, 512, 512, 512, 512, 512, 512, 512]
================================================================================
INFO:tenpy.algorithms.dmrg:Running sweep with optimization
INFO:tenpy.algorithms.mps_common:start environment_sweep
INFO:tenpy.algorithms.dmrg:checkpoint after sweep 50
energy=-0.3972272112405288, max S=2.3612220955359495, age=1836, norm_err=3.0e-05
Current memory usage 728.4MB, wall time: 654.0s
Delta E = -2.5119e-04, Delta S = -5.7994e-03 (per sweep)
max trunc_err = 6.9521e-07, max E_trunc = 4.1239e-06
chi: [512, 512, 512, 510, 512, 512, 512, 512, 512, 512, 512, 512]
================================================================================
INFO:tenpy.algorithms.dmrg:Running sweep with optimization
INFO:tenpy.algorithms.mps_common:start environment_sweep
INFO:tenpy.algorithms.dmrg:checkpoint after sweep 60
energy=-0.3937284700582448, max S=2.2617816488955933, age=2196, norm_err=1.6e-04
Current memory usage 728.4MB, wall time: 649.2s
Delta E = 3.4987e-04, Delta S = -1.2005e-02 (per sweep)
max trunc_err = 3.5218e-07, max E_trunc = 9.1686e-07
chi: [512, 512, 512, 512, 512, 512, 512, 512, 512, 512, 512, 512]
================================================================================
INFO:tenpy.algorithms.dmrg:Running sweep with optimization
INFO:tenpy.algorithms.mps_common:start environment_sweep
INFO:tenpy.algorithms.dmrg:checkpoint after sweep 70
energy=-0.3938665863140898, max S=2.5121108760971911, age=2556, norm_err=1.2e-04
Current memory usage 728.4MB, wall time: 654.3s
Delta E = -1.3812e-05, Delta S = 2.9121e-02 (per sweep)
max trunc_err = 8.6848e-07, max E_trunc = 4.2781e-06
chi: [512, 512, 512, 511, 512, 512, 512, 512, 512, 512, 512, 512]
================================================================================
INFO:tenpy.algorithms.dmrg:Running sweep with optimization
INFO:tenpy.algorithms.mps_common:start environment_sweep
INFO:tenpy.algorithms.dmrg:checkpoint after sweep 80
energy=-0.3900049017728880, max S=2.4595398647622932, age=2916, norm_err=2.5e-03
Current memory usage 728.4MB, wall time: 647.8s
Delta E = 3.8617e-04, Delta S = -1.3971e-02 (per sweep)
max trunc_err = 7.5927e-07, max E_trunc = 9.2380e-07
chi: [512, 512, 512, 512, 512, 512, 512, 512, 512, 512, 512, 512]
================================================================================
INFO:tenpy.algorithms.dmrg:Running sweep with optimization
INFO:tenpy.algorithms.mps_common:start environment_sweep
INFO:tenpy.algorithms.dmrg:checkpoint after sweep 90
energy=-0.3979606733471428, max S=2.6821902602292997, age=3276, norm_err=1.1e-02
Current memory usage 728.4MB, wall time: 648.9s
Delta E = -7.9558e-04, Delta S = 2.5992e-02 (per sweep)
max trunc_err = 5.0356e-07, max E_trunc = 3.6949e-06
chi: [511, 511, 512, 511, 512, 512, 512, 512, 512, 512, 512, 512]
================================================================================
INFO:tenpy.algorithms.dmrg:Running sweep with optimization
INFO:tenpy.algorithms.mps_common:start environment_sweep
INFO:tenpy.algorithms.dmrg:checkpoint after sweep 100
energy=-0.3877266606506566, max S=2.6002952128468544, age=3636, norm_err=3.3e-03
Current memory usage 728.4MB, wall time: 631.3s
Delta E = 1.0234e-03, Delta S = -3.9633e-03 (per sweep)
max trunc_err = 6.4328e-07, max E_trunc = 5.5412e-07
chi: [512, 512, 512, 511, 512, 512, 512, 512, 512, 512, 512, 512]
================================================================================
INFO:tenpy.algorithms.dmrg:Running sweep with optimization
INFO:tenpy.algorithms.mps_common:start environment_sweep
INFO:tenpy.algorithms.dmrg:checkpoint after sweep 110
energy=-0.3940382715503101, max S=2.2762418142796896, age=3996, norm_err=6.0e-05
Current memory usage 728.4MB, wall time: 622.5s
Delta E = -6.3116e-04, Delta S = -3.1502e-02 (per sweep)
max trunc_err = 7.6068e-07, max E_trunc = 4.1419e-06
chi: [512, 512, 512, 511, 512, 512, 512, 512, 512, 512, 512, 512]
================================================================================
INFO:tenpy.algorithms.mps_common:TwoSiteDMRGEngine: Maximum number of sweeps reached
INFO:tenpy.tools.params:DMRG: reading 'norm_tol'=1e-05
INFO:tenpy.tools.params:DMRG: reading 'norm_tol_final'=1e-10
INFO:tenpy.tools.params:DMRG: reading 'norm_tol_iter'=5
WARNING:tenpy.algorithms.dmrg:final DMRG state not in canonical form up to norm_tol=1.00e-05: norm_err=5.99e-05
INFO:tenpy.algorithms.mps_common:start environment_sweep
WARNING:tenpy.algorithms.dmrg:final DMRG state not in canonical form up to norm_tol_final=1.00e-10: norm_err=1.47e-09, calling psi.canonical_form()
INFO:tenpy.algorithms.dmrg:TwoSiteDMRGEngine finished after 110 sweeps, max chi=512
INFO:tenpy.tools.params:DMRG: reading 'max_trunc_err'=0.0001
INFO:tenpy.tools.params:MixedHofstadterLandauGauge_Pi_2: reading 'explicit_plus_hc'=False
INFO:tenpy.tools.params:MixedHofstadterLandauGauge_Pi_2: reading 'Lx'=2
INFO:tenpy.tools.params:MixedHofstadterLandauGauge_Pi_2: setting 'N_rings'=2
INFO:tenpy.tools.params:MixedHofstadterLandauGauge_Pi_2: reading 'xy_lattice'='Square'
INFO:tenpy.tools.params:MixedHofstadterLandauGauge_Pi_2: reading 'Ly'=6
INFO:tenpy.tools.params:MixedHofstadterLandauGauge_Pi_2: reading 'ring_order'=None
INFO:tenpy.tools.params:MixedHofstadterLandauGauge_Pi_2: reading 'conserve_k'=True
INFO:tenpy.tools.params:MixedHofstadterLandauGauge_Pi_2: reading 'bc_MPS'='infinite'
INFO:tenpy.tools.params:MixedHofstadterLandauGauge_Pi_2: reading 't'=-1
INFO:tenpy.tools.params:MixedHofstadterLandauGauge_Pi_2: reading 't2'=-0.25
INFO:tenpy.tools.params:MixedHofstadterLandauGauge_Pi_2: reading 'V1'=0.6
INFO:tenpy.tools.params:MixedHofstadterLandauGauge_Pi_2: reading 'phi_ext'=np.float64(0.45)
INFO:tenpy.tools.params:MixedHofstadterLandauGauge_Pi_2: reading 'sort_mpo_legs'=False
/home/t30/kna/ge54yin/Documents/MasterThesisFQHinTMDs/MPS_stuff/MPScalculations/.venv/lib/python3.12/site-packages/tenpy/tools/params.py:232: UserWarning: unused options for config MixedHofstadterLandauGauge_Pi_2:
['Delta', 'N_rings', 'Nsec', 'bc', 'chi_max', 'ktot', 'saveAll']
  warnings.warn(msg.format(keys=sorted(unused), name=self.name))
INFO:tenpy.tools.params:DMRG: reading 'active_sites'=2
INFO:tenpy.tools.params:DMRG: reading 'diag_method'='default'
INFO:tenpy.tools.params:DMRG: subconfig 'trunc_params'=Config(<5 options>, 'trunc_params')
INFO:tenpy.tools.params:DMRG: reading 'max_N_sites_per_ring'=18
INFO:tenpy.tools.params:DMRG: reading 'combine'=False
INFO:tenpy.tools.params:DMRG: subconfig 'lanczos_params'=Config(<9 options>, 'lanczos_params')
INFO:tenpy.tools.params:DMRG: reading 'chi_list'=None
INFO:tenpy.tools.params:DMRG: reading 'start_env'=1
INFO:tenpy.algorithms.mps_common:start environment_sweep
INFO:tenpy.tools.params:DMRG: reading 'N_sweeps_check'=10
INFO:tenpy.tools.params:DMRG: subconfig 'mixer_params'=Config(<3 options>, 'mixer_params')
INFO:tenpy.tools.params:DMRG: reading 'mixer'=None
INFO:tenpy.tools.params:DMRG: reading 'max_sweeps'=100
INFO:tenpy.tools.params:DMRG: reading 'max_hours'=8760
INFO:tenpy.tools.params:DMRG: reading 'P_tol_to_trunc'=0.05
INFO:tenpy.tools.params:DMRG: reading 'P_tol_min'=5.0000000000000004e-30
INFO:tenpy.tools.params:DMRG: reading 'P_tol_max'=0.0001
INFO:tenpy.tools.params:DMRG: reading 'E_tol_to_trunc'=None
INFO:tenpy.algorithms.dmrg:Running sweep with optimization
INFO:tenpy.tools.params:DMRG: reading 'max_N_for_ED'=400
INFO:tenpy.tools.params:DMRG: reading 'update_env'=5
INFO:tenpy.algorithms.mps_common:start environment_sweep
INFO:tenpy.algorithms.dmrg:checkpoint after sweep 10
energy=-0.3918204765896315, max S=2.3801400591698303, age=396, norm_err=2.4e-04
Current memory usage 728.4MB, wall time: 610.3s
Delta E = nan, Delta S = 5.5964e-03 (per sweep)
max trunc_err = 4.5835e-07, max E_trunc = 9.3723e-07
chi: [512, 512, 512, 512, 512, 512, 512, 512, 512, 512, 512, 512]
================================================================================
INFO:tenpy.algorithms.dmrg:Running sweep with optimization
INFO:tenpy.algorithms.mps_common:start environment_sweep
INFO:tenpy.algorithms.dmrg:checkpoint after sweep 20
energy=-0.3988804189679437, max S=2.7543002379336521, age=756, norm_err=6.8e-03
Current memory usage 728.4MB, wall time: 620.4s
Delta E = -7.0599e-04, Delta S = 3.6236e-02 (per sweep)
max trunc_err = 4.4184e-07, max E_trunc = 3.6277e-06
chi: [511, 511, 512, 512, 512, 512, 512, 512, 512, 512, 512, 512]
================================================================================
INFO:tenpy.tools.params:DMRG: reading 'max_E_err'=1e-08
INFO:tenpy.tools.params:DMRG: reading 'max_S_err'=1e-05
INFO:tenpy.algorithms.dmrg:Running sweep with optimization
INFO:tenpy.algorithms.mps_common:start environment_sweep
INFO:tenpy.algorithms.dmrg:checkpoint after sweep 30
energy=-0.4017283240635218, max S=2.4072613669697747, age=1116, norm_err=5.5e-05
Current memory usage 728.4MB, wall time: 614.6s
Delta E = -2.8479e-04, Delta S = -3.0156e-02 (per sweep)
max trunc_err = 7.5548e-07, max E_trunc = 5.1415e-07
chi: [512, 512, 512, 512, 512, 512, 512, 512, 512, 512, 512, 512]
================================================================================
INFO:tenpy.algorithms.dmrg:Running sweep with optimization
INFO:tenpy.algorithms.mps_common:start environment_sweep
INFO:tenpy.algorithms.dmrg:checkpoint after sweep 40
energy=-0.3992818866234605, max S=2.7784210048878784, age=1476, norm_err=7.0e-03
Current memory usage 728.4MB, wall time: 620.1s
Delta E = 2.4464e-04, Delta S = 3.1409e-02 (per sweep)
max trunc_err = 4.9588e-07, max E_trunc = 3.7158e-06
chi: [511, 511, 512, 509, 512, 512, 512, 512, 512, 512, 512, 512]
================================================================================
INFO:tenpy.algorithms.dmrg:Running sweep with optimization
INFO:tenpy.algorithms.mps_common:start environment_sweep
INFO:tenpy.algorithms.dmrg:checkpoint after sweep 50
energy=-0.3857792768127221, max S=2.5564852526311528, age=1836, norm_err=6.1e-05
Current memory usage 728.4MB, wall time: 615.8s
Delta E = 1.3503e-03, Delta S = -1.8218e-02 (per sweep)
max trunc_err = 6.2710e-07, max E_trunc = 5.6494e-07
chi: [512, 512, 512, 511, 512, 512, 512, 512, 512, 512, 512, 512]
================================================================================
INFO:tenpy.algorithms.dmrg:Running sweep with optimization
INFO:tenpy.algorithms.mps_common:start environment_sweep
INFO:tenpy.algorithms.dmrg:checkpoint after sweep 60
energy=-0.3952651148531364, max S=2.3365759409623830, age=2196, norm_err=4.1e-05
Current memory usage 728.4MB, wall time: 618.9s
Delta E = -9.4858e-04, Delta S = -2.0758e-02 (per sweep)
max trunc_err = 8.8665e-07, max E_trunc = 4.0655e-06
chi: [512, 512, 512, 510, 512, 512, 512, 512, 512, 512, 512, 512]
================================================================================
INFO:tenpy.algorithms.dmrg:Running sweep with optimization
INFO:tenpy.algorithms.mps_common:start environment_sweep
INFO:tenpy.algorithms.dmrg:checkpoint after sweep 70
energy=-0.3049650761503197, max S=3.0850151441782083, age=2556, norm_err=3.9e-04
Current memory usage 728.4MB, wall time: 616.6s
Delta E = 9.0300e-03, Delta S = 7.1553e-02 (per sweep)
max trunc_err = 4.2150e-07, max E_trunc = 9.5520e-07
chi: [512, 512, 512, 511, 512, 512, 512, 512, 512, 512, 512, 512]
================================================================================
INFO:tenpy.algorithms.dmrg:Running sweep with optimization
INFO:tenpy.algorithms.mps_common:start environment_sweep
INFO:tenpy.algorithms.dmrg:checkpoint after sweep 80
energy=-0.4019379520996059, max S=2.2294186373466829, age=2916, norm_err=4.9e-01
Current memory usage 728.4MB, wall time: 635.6s
Delta E = -9.6973e-03, Delta S = -8.5860e-02 (per sweep)
max trunc_err = 1.5217e-06, max E_trunc = 1.3164e-05
chi: [512, 511, 512, 510, 512, 512, 512, 512, 512, 512, 512, 512]
================================================================================
INFO:tenpy.algorithms.dmrg:Running sweep with optimization
INFO:tenpy.algorithms.mps_common:start environment_sweep
INFO:tenpy.algorithms.dmrg:checkpoint after sweep 90
energy=-0.3726149423918154, max S=3.2536182259330872, age=3276, norm_err=1.7e-02
Current memory usage 728.4MB, wall time: 632.9s
Delta E = 2.9323e-03, Delta S = 1.0556e-01 (per sweep)
max trunc_err = 6.4842e-07, max E_trunc = 4.5552e-06
chi: [512, 512, 512, 512, 512, 512, 512, 512, 512, 512, 512, 511]
================================================================================
INFO:tenpy.algorithms.dmrg:Running sweep with optimization
INFO:tenpy.algorithms.mps_common:start environment_sweep
INFO:tenpy.algorithms.dmrg:checkpoint after sweep 100
energy=-0.3426048337583059, max S=2.2895591567850406, age=3636, norm_err=6.4e-05
Current memory usage 728.4MB, wall time: 633.7s
Delta E = 3.0010e-03, Delta S = -1.0350e-01 (per sweep)
max trunc_err = 9.7344e-07, max E_trunc = 5.0642e-06
chi: [512, 512, 512, 512, 512, 512, 512, 512, 512, 512, 512, 512]
================================================================================
INFO:tenpy.algorithms.dmrg:Running sweep with optimization
INFO:tenpy.algorithms.mps_common:start environment_sweep
INFO:tenpy.algorithms.dmrg:checkpoint after sweep 110
energy=-0.4020228840050303, max S=3.2427344320214240, age=3996, norm_err=2.3e-03
Current memory usage 728.4MB, wall time: 628.6s
Delta E = -5.9418e-03, Delta S = 9.7414e-02 (per sweep)
max trunc_err = 7.7017e-07, max E_trunc = 6.3530e-06
chi: [512, 512, 512, 511, 512, 512, 512, 512, 512, 512, 512, 512]
================================================================================
INFO:tenpy.algorithms.mps_common:TwoSiteDMRGEngine: Maximum number of sweeps reached
INFO:tenpy.tools.params:DMRG: reading 'norm_tol'=1e-05
INFO:tenpy.tools.params:DMRG: reading 'norm_tol_final'=1e-10
INFO:tenpy.tools.params:DMRG: reading 'norm_tol_iter'=5
WARNING:tenpy.algorithms.dmrg:final DMRG state not in canonical form up to norm_tol=1.00e-05: norm_err=2.35e-03
INFO:tenpy.algorithms.mps_common:start environment_sweep
WARNING:tenpy.algorithms.dmrg:final DMRG state not in canonical form up to norm_tol_final=1.00e-10: norm_err=9.69e-06, calling psi.canonical_form()
INFO:tenpy.algorithms.dmrg:TwoSiteDMRGEngine finished after 110 sweeps, max chi=512
INFO:tenpy.tools.params:DMRG: reading 'max_trunc_err'=0.0001
INFO:tenpy.tools.params:MixedHofstadterLandauGauge_Pi_2: reading 'explicit_plus_hc'=False
INFO:tenpy.tools.params:MixedHofstadterLandauGauge_Pi_2: reading 'Lx'=2
INFO:tenpy.tools.params:MixedHofstadterLandauGauge_Pi_2: setting 'N_rings'=2
INFO:tenpy.tools.params:MixedHofstadterLandauGauge_Pi_2: reading 'xy_lattice'='Square'
INFO:tenpy.tools.params:MixedHofstadterLandauGauge_Pi_2: reading 'Ly'=6
INFO:tenpy.tools.params:MixedHofstadterLandauGauge_Pi_2: reading 'ring_order'=None
INFO:tenpy.tools.params:MixedHofstadterLandauGauge_Pi_2: reading 'conserve_k'=True
INFO:tenpy.tools.params:MixedHofstadterLandauGauge_Pi_2: reading 'bc_MPS'='infinite'
INFO:tenpy.tools.params:MixedHofstadterLandauGauge_Pi_2: reading 't'=-1
INFO:tenpy.tools.params:MixedHofstadterLandauGauge_Pi_2: reading 't2'=-0.25
INFO:tenpy.tools.params:MixedHofstadterLandauGauge_Pi_2: reading 'V1'=0.6
INFO:tenpy.tools.params:MixedHofstadterLandauGauge_Pi_2: reading 'phi_ext'=np.float64(0.5)
INFO:tenpy.tools.params:MixedHofstadterLandauGauge_Pi_2: reading 'sort_mpo_legs'=False
/home/t30/kna/ge54yin/Documents/MasterThesisFQHinTMDs/MPS_stuff/MPScalculations/.venv/lib/python3.12/site-packages/tenpy/tools/params.py:232: UserWarning: unused options for config MixedHofstadterLandauGauge_Pi_2:
['Delta', 'N_rings', 'Nsec', 'bc', 'chi_max', 'ktot', 'saveAll']
  warnings.warn(msg.format(keys=sorted(unused), name=self.name))
INFO:tenpy.tools.params:DMRG: reading 'active_sites'=2
INFO:tenpy.tools.params:DMRG: reading 'diag_method'='default'
INFO:tenpy.tools.params:DMRG: subconfig 'trunc_params'=Config(<5 options>, 'trunc_params')
INFO:tenpy.tools.params:DMRG: reading 'max_N_sites_per_ring'=18
INFO:tenpy.tools.params:DMRG: reading 'combine'=False
INFO:tenpy.tools.params:DMRG: subconfig 'lanczos_params'=Config(<9 options>, 'lanczos_params')
INFO:tenpy.tools.params:DMRG: reading 'chi_list'=None
INFO:tenpy.tools.params:DMRG: reading 'start_env'=1
INFO:tenpy.algorithms.mps_common:start environment_sweep
INFO:tenpy.tools.params:DMRG: reading 'N_sweeps_check'=10
INFO:tenpy.tools.params:DMRG: subconfig 'mixer_params'=Config(<3 options>, 'mixer_params')
INFO:tenpy.tools.params:DMRG: reading 'mixer'=None
INFO:tenpy.tools.params:DMRG: reading 'max_sweeps'=100
INFO:tenpy.tools.params:DMRG: reading 'max_hours'=8760
INFO:tenpy.tools.params:DMRG: reading 'P_tol_to_trunc'=0.05
INFO:tenpy.tools.params:DMRG: reading 'P_tol_min'=5.0000000000000004e-30
INFO:tenpy.tools.params:DMRG: reading 'P_tol_max'=0.0001
INFO:tenpy.tools.params:DMRG: reading 'E_tol_to_trunc'=None
INFO:tenpy.algorithms.dmrg:Running sweep with optimization
INFO:tenpy.tools.params:DMRG: reading 'max_N_for_ED'=400
INFO:tenpy.tools.params:DMRG: reading 'update_env'=5
INFO:tenpy.algorithms.mps_common:start environment_sweep
INFO:tenpy.algorithms.dmrg:checkpoint after sweep 10
energy=-0.4101531253414521, max S=3.3701933048788915, age=396, norm_err=8.5e-03
Current memory usage 728.4MB, wall time: 613.7s
Delta E = nan, Delta S = 1.0024e-02 (per sweep)
max trunc_err = 3.3016e-06, max E_trunc = 2.5559e-05
chi: [512, 512, 512, 512, 512, 512, 512, 512, 512, 512, 512, 512]
================================================================================
INFO:tenpy.algorithms.dmrg:Running sweep with optimization
INFO:tenpy.algorithms.mps_common:start environment_sweep
INFO:tenpy.algorithms.dmrg:checkpoint after sweep 20
energy=-0.4097347024960290, max S=3.3457358413319040, age=756, norm_err=1.5e-02
Current memory usage 728.4MB, wall time: 620.5s
Delta E = 4.1842e-05, Delta S = -2.6806e-03 (per sweep)
max trunc_err = 2.4162e-06, max E_trunc = 1.9538e-05
chi: [512, 512, 512, 512, 512, 512, 512, 512, 512, 512, 512, 512]
================================================================================
INFO:tenpy.tools.params:DMRG: reading 'max_E_err'=1e-08
INFO:tenpy.tools.params:DMRG: reading 'max_S_err'=1e-05
INFO:tenpy.algorithms.dmrg:Running sweep with optimization
INFO:tenpy.algorithms.mps_common:start environment_sweep
INFO:tenpy.algorithms.dmrg:checkpoint after sweep 30
energy=-0.4107965731025421, max S=3.5665329602738920, age=1116, norm_err=2.0e-02
Current memory usage 728.4MB, wall time: 618.6s
Delta E = -1.0619e-04, Delta S = 2.1266e-02 (per sweep)
max trunc_err = 3.4792e-06, max E_trunc = 2.7697e-05
chi: [512, 512, 512, 512, 512, 512, 512, 512, 512, 512, 512, 512]
================================================================================
INFO:tenpy.algorithms.dmrg:Running sweep with optimization
INFO:tenpy.algorithms.mps_common:start environment_sweep
INFO:tenpy.algorithms.dmrg:checkpoint after sweep 40
energy=-0.4107268834398591, max S=3.3679451713733171, age=1476, norm_err=1.2e-02
Current memory usage 728.4MB, wall time: 614.9s
Delta E = 6.9690e-06, Delta S = -2.0233e-02 (per sweep)
max trunc_err = 3.3272e-06, max E_trunc = 2.7195e-05
chi: [512, 512, 512, 512, 512, 512, 512, 512, 512, 512, 512, 512]
================================================================================
INFO:tenpy.algorithms.dmrg:Running sweep with optimization
INFO:tenpy.algorithms.mps_common:start environment_sweep
INFO:tenpy.algorithms.dmrg:checkpoint after sweep 50
energy=-0.3950318146301963, max S=2.2809998218078924, age=1836, norm_err=8.9e-05
Current memory usage 728.4MB, wall time: 629.2s
Delta E = 1.5695e-03, Delta S = -9.7510e-02 (per sweep)
max trunc_err = 6.2889e-07, max E_trunc = 4.2229e-06
chi: [512, 512, 512, 510, 512, 512, 512, 512, 512, 512, 512, 512]
================================================================================
INFO:tenpy.algorithms.dmrg:Running sweep with optimization
INFO:tenpy.algorithms.mps_common:start environment_sweep
INFO:tenpy.algorithms.dmrg:checkpoint after sweep 60
energy=-0.1855855490557445, max S=3.0014703952987860, age=2196, norm_err=7.7e-03
Current memory usage 728.4MB, wall time: 643.6s
Delta E = 2.0945e-02, Delta S = 7.8823e-02 (per sweep)
max trunc_err = 1.1821e-06, max E_trunc = 9.4986e-07
chi: [512, 512, 512, 512, 512, 512, 512, 512, 512, 512, 511, 512]
================================================================================
INFO:tenpy.algorithms.dmrg:Running sweep with optimization
INFO:tenpy.algorithms.mps_common:start environment_sweep
INFO:tenpy.algorithms.dmrg:checkpoint after sweep 70
energy=-0.4085228287430691, max S=3.1262957941567198, age=2556, norm_err=7.9e-03
Current memory usage 728.4MB, wall time: 649.5s
Delta E = -2.2294e-02, Delta S = -2.7337e-03 (per sweep)
max trunc_err = 2.8513e-06, max E_trunc = 2.2251e-05
chi: [512, 512, 512, 512, 512, 512, 512, 512, 512, 512, 512, 512]
================================================================================
INFO:tenpy.algorithms.dmrg:Running sweep with optimization
INFO:tenpy.algorithms.mps_common:start environment_sweep
INFO:tenpy.algorithms.dmrg:checkpoint after sweep 80
energy=-0.4052608049180246, max S=2.6846743800650699, age=2916, norm_err=1.4e-03
Current memory usage 728.4MB, wall time: 637.6s
Delta E = 3.2620e-04, Delta S = -4.4499e-02 (per sweep)
max trunc_err = 6.7006e-07, max E_trunc = 4.3699e-06
chi: [512, 512, 512, 511, 511, 512, 512, 512, 512, 512, 512, 512]
================================================================================
INFO:tenpy.algorithms.dmrg:Running sweep with optimization
INFO:tenpy.algorithms.mps_common:start environment_sweep
INFO:tenpy.algorithms.dmrg:checkpoint after sweep 90
energy=-0.4102729429615029, max S=3.3624393652367153, age=3276, norm_err=1.3e-02
Current memory usage 728.4MB, wall time: 647.8s
Delta E = -5.0121e-04, Delta S = 6.5917e-02 (per sweep)
max trunc_err = 4.1293e-06, max E_trunc = 3.3268e-05
chi: [512, 512, 512, 512, 512, 512, 512, 512, 512, 512, 512, 512]
================================================================================
INFO:tenpy.algorithms.dmrg:Running sweep with optimization
INFO:tenpy.algorithms.mps_common:start environment_sweep
INFO:tenpy.algorithms.dmrg:checkpoint after sweep 100
energy=-0.4097520777670335, max S=3.4694974875930846, age=3636, norm_err=1.4e-02
Current memory usage 728.4MB, wall time: 650.5s
Delta E = 5.2087e-05, Delta S = 1.1302e-02 (per sweep)
max trunc_err = 2.4000e-06, max E_trunc = 1.9285e-05
chi: [512, 512, 512, 512, 512, 512, 512, 512, 512, 512, 512, 512]
================================================================================
INFO:tenpy.algorithms.dmrg:Running sweep with optimization
INFO:tenpy.algorithms.mps_common:start environment_sweep
INFO:tenpy.algorithms.dmrg:checkpoint after sweep 110
energy=-0.4103276187514382, max S=3.4457523945198005, age=3996, norm_err=1.2e-02
Current memory usage 728.4MB, wall time: 650.8s
Delta E = -5.7554e-05, Delta S = -3.2149e-03 (per sweep)
max trunc_err = 2.6220e-06, max E_trunc = 2.1038e-05
chi: [512, 512, 512, 512, 512, 512, 512, 512, 512, 512, 512, 512]
================================================================================
INFO:tenpy.algorithms.mps_common:TwoSiteDMRGEngine: Maximum number of sweeps reached
INFO:tenpy.tools.params:DMRG: reading 'norm_tol'=1e-05
INFO:tenpy.tools.params:DMRG: reading 'norm_tol_final'=1e-10
INFO:tenpy.tools.params:DMRG: reading 'norm_tol_iter'=5
WARNING:tenpy.algorithms.dmrg:final DMRG state not in canonical form up to norm_tol=1.00e-05: norm_err=1.17e-02
INFO:tenpy.algorithms.mps_common:start environment_sweep
INFO:tenpy.algorithms.mps_common:start environment_sweep
WARNING:tenpy.algorithms.dmrg:final DMRG state not in canonical form up to norm_tol_final=1.00e-10: norm_err=3.49e-06, calling psi.canonical_form()
INFO:tenpy.algorithms.dmrg:TwoSiteDMRGEngine finished after 110 sweeps, max chi=512
INFO:tenpy.tools.params:DMRG: reading 'max_trunc_err'=0.0001
INFO:tenpy.tools.params:MixedHofstadterLandauGauge_Pi_2: reading 'explicit_plus_hc'=False
INFO:tenpy.tools.params:MixedHofstadterLandauGauge_Pi_2: reading 'Lx'=2
INFO:tenpy.tools.params:MixedHofstadterLandauGauge_Pi_2: setting 'N_rings'=2
INFO:tenpy.tools.params:MixedHofstadterLandauGauge_Pi_2: reading 'xy_lattice'='Square'
INFO:tenpy.tools.params:MixedHofstadterLandauGauge_Pi_2: reading 'Ly'=6
INFO:tenpy.tools.params:MixedHofstadterLandauGauge_Pi_2: reading 'ring_order'=None
INFO:tenpy.tools.params:MixedHofstadterLandauGauge_Pi_2: reading 'conserve_k'=True
INFO:tenpy.tools.params:MixedHofstadterLandauGauge_Pi_2: reading 'bc_MPS'='infinite'
INFO:tenpy.tools.params:MixedHofstadterLandauGauge_Pi_2: reading 't'=-1
INFO:tenpy.tools.params:MixedHofstadterLandauGauge_Pi_2: reading 't2'=-0.25
INFO:tenpy.tools.params:MixedHofstadterLandauGauge_Pi_2: reading 'V1'=0.6
INFO:tenpy.tools.params:MixedHofstadterLandauGauge_Pi_2: reading 'phi_ext'=np.float64(0.55)
INFO:tenpy.tools.params:MixedHofstadterLandauGauge_Pi_2: reading 'sort_mpo_legs'=False
/home/t30/kna/ge54yin/Documents/MasterThesisFQHinTMDs/MPS_stuff/MPScalculations/.venv/lib/python3.12/site-packages/tenpy/tools/params.py:232: UserWarning: unused options for config MixedHofstadterLandauGauge_Pi_2:
['Delta', 'N_rings', 'Nsec', 'bc', 'chi_max', 'ktot', 'saveAll']
  warnings.warn(msg.format(keys=sorted(unused), name=self.name))
INFO:tenpy.tools.params:DMRG: reading 'active_sites'=2
INFO:tenpy.tools.params:DMRG: reading 'diag_method'='default'
INFO:tenpy.tools.params:DMRG: subconfig 'trunc_params'=Config(<5 options>, 'trunc_params')
INFO:tenpy.tools.params:DMRG: reading 'max_N_sites_per_ring'=18
INFO:tenpy.tools.params:DMRG: reading 'combine'=False
INFO:tenpy.tools.params:DMRG: subconfig 'lanczos_params'=Config(<9 options>, 'lanczos_params')
INFO:tenpy.tools.params:DMRG: reading 'chi_list'=None
INFO:tenpy.tools.params:DMRG: reading 'start_env'=1
INFO:tenpy.algorithms.mps_common:start environment_sweep
INFO:tenpy.tools.params:DMRG: reading 'N_sweeps_check'=10
INFO:tenpy.tools.params:DMRG: subconfig 'mixer_params'=Config(<3 options>, 'mixer_params')
INFO:tenpy.tools.params:DMRG: reading 'mixer'=None
INFO:tenpy.tools.params:DMRG: reading 'max_sweeps'=100
INFO:tenpy.tools.params:DMRG: reading 'max_hours'=8760
INFO:tenpy.tools.params:DMRG: reading 'P_tol_to_trunc'=0.05
INFO:tenpy.tools.params:DMRG: reading 'P_tol_min'=5.0000000000000004e-30
INFO:tenpy.tools.params:DMRG: reading 'P_tol_max'=0.0001
INFO:tenpy.tools.params:DMRG: reading 'E_tol_to_trunc'=None
INFO:tenpy.algorithms.dmrg:Running sweep with optimization
INFO:tenpy.tools.params:DMRG: reading 'max_N_for_ED'=400
INFO:tenpy.tools.params:DMRG: reading 'update_env'=5
INFO:tenpy.algorithms.mps_common:start environment_sweep
INFO:tenpy.algorithms.dmrg:checkpoint after sweep 10
energy=-0.4094230411991061, max S=3.3584477424990880, age=396, norm_err=1.2e-02
Current memory usage 728.4MB, wall time: 643.1s
Delta E = nan, Delta S = -8.3861e-03 (per sweep)
max trunc_err = 2.1560e-06, max E_trunc = 1.7678e-05
chi: [512, 512, 512, 512, 512, 512, 512, 512, 512, 512, 512, 512]
================================================================================
INFO:tenpy.algorithms.dmrg:Running sweep with optimization
INFO:tenpy.algorithms.mps_common:start environment_sweep
INFO:tenpy.algorithms.dmrg:checkpoint after sweep 20
energy=-0.3952225670879083, max S=2.4267502390205666, age=756, norm_err=5.0e-05
Current memory usage 728.4MB, wall time: 649.8s
Delta E = 1.4200e-03, Delta S = -8.5767e-02 (per sweep)
max trunc_err = 7.3336e-07, max E_trunc = 4.3026e-06
chi: [511, 511, 512, 511, 512, 512, 512, 512, 512, 512, 512, 511]
================================================================================
INFO:tenpy.tools.params:DMRG: reading 'max_E_err'=1e-08
INFO:tenpy.tools.params:DMRG: reading 'max_S_err'=1e-05
INFO:tenpy.algorithms.dmrg:Running sweep with optimization
INFO:tenpy.algorithms.mps_common:start environment_sweep
INFO:tenpy.algorithms.dmrg:checkpoint after sweep 30
energy=-0.3914692536493642, max S=2.6685710084362166, age=1116, norm_err=9.8e-05
Current memory usage 728.4MB, wall time: 649.3s
Delta E = 3.7533e-04, Delta S = 2.5952e-02 (per sweep)
max trunc_err = 8.3328e-07, max E_trunc = 3.9223e-06
chi: [512, 512, 512, 510, 511, 512, 512, 512, 512, 512, 512, 512]
================================================================================
INFO:tenpy.algorithms.dmrg:Running sweep with optimization
