Running task 6 specified in logfiles/cpump_ML_01.config.pkl on anderson14 at Sat 25 Oct 19:32:21 CEST 2025 with 6 threads
INFO:tenpy.tools.params:MixedHofstadterLandauGauge_Pi_2: reading 'Lx'=2
INFO:tenpy.tools.params:MixedHofstadterLandauGauge_Pi_2: setting 'N_rings'=2
INFO:tenpy.tools.params:MixedHofstadterLandauGauge_Pi_2: reading 'Ly'=3
INFO:tenpy.tools.params:MixedHofstadterLandauGauge_Pi_2: reading 'bc_MPS'='infinite'
INFO:tenpy.tools.params:MixedHofstadterLandauGauge_Pi_2: reading 't'=-1
INFO:tenpy.tools.params:MixedHofstadterLandauGauge_Pi_2: reading 't2'=-0.25
INFO:tenpy.tools.params:MixedHofstadterLandauGauge_Pi_2: reading 'V1'=0.6
INFO:tenpy.tools.params:MixedHofstadterLandauGauge_Pi_2: reading 'phi_ext'=np.float64(0.0)
/home/t30/kna/ge54yin/Documents/MasterThesisFQHinTMDs/MPS_stuff/MPScalculations/.venv/lib/python3.12/site-packages/tenpy/tools/params.py:232: UserWarning: unused options for config MixedHofstadterLandauGauge_Pi_2:
['Delta', 'N_rings', 'Nsec', 'bc', 'chi_max', 'ktot', 'saveAll']
  warnings.warn(msg.format(keys=sorted(unused), name=self.name))
INFO:tenpy.tools.params:DMRG: subconfig 'trunc_params'=Config(<1 options>, 'trunc_params')
INFO:tenpy.tools.params:DMRG: reading 'chi_list'={0: 256}
INFO:tenpy.algorithms.mps_common:start environment_sweep
INFO:tenpy.tools.params:trunc_params: reading 'chi_max'=256
INFO:tenpy.tools.params:DMRG: reading 'mixer'=True
INFO:tenpy.algorithms.mps_common:activate DensityMatrixMixer with initial amplitude 1e-05
INFO:tenpy.tools.params:DMRG: reading 'max_sweeps'=250
INFO:tenpy.algorithms.dmrg:Running sweep with optimization
INFO:tenpy.algorithms.mps_common:Setting chi_max=256
INFO:tenpy.algorithms.mps_common:activate DensityMatrixMixer with initial amplitude 1e-05
INFO:tenpy.algorithms.mps_common:start environment_sweep
INFO:tenpy.algorithms.dmrg:checkpoint after sweep 10
energy=-0.7127724560062738, max S=1.1976577392608592, age=198, norm_err=9.7e-07
Current memory usage 171.6MB, wall time: 52.0s
Delta E = nan, Delta S = 9.0078e-02 (per sweep)
max trunc_err = 8.0546e-09, max E_trunc = 3.9305e-08
chi: [256, 256, 256, 256, 256, 256]
================================================================================
INFO:tenpy.algorithms.dmrg:Running sweep with optimization
INFO:tenpy.algorithms.mps_common:start environment_sweep
INFO:tenpy.algorithms.dmrg:checkpoint after sweep 20
energy=-0.7127887061262493, max S=1.1973681343524967, age=378, norm_err=4.3e-08
Current memory usage 171.6MB, wall time: 18.8s
Delta E = -1.6250e-06, Delta S = -3.0900e-05 (per sweep)
max trunc_err = 3.6043e-09, max E_trunc = 2.1111e-08
chi: [256, 256, 256, 256, 256, 256]
================================================================================
INFO:tenpy.algorithms.dmrg:Running sweep with optimization
INFO:tenpy.algorithms.mps_common:start environment_sweep
INFO:tenpy.algorithms.dmrg:checkpoint after sweep 30
energy=-0.7127887141489803, max S=1.1974001096930778, age=558, norm_err=4.7e-09
Current memory usage 171.6MB, wall time: 15.5s
Delta E = -8.0227e-10, Delta S = 2.9406e-06 (per sweep)
max trunc_err = 3.3021e-09, max E_trunc = 1.9342e-08
chi: [256, 256, 256, 256, 256, 256]
================================================================================
INFO:tenpy.algorithms.mps_common:TwoSiteDMRGEngine: Convergence criterion reached with enabled mixer. Disable mixer and continue.
INFO:tenpy.algorithms.mps_common:deactivate DensityMatrixMixer with final amplitude 1.9531249999999995e-08
INFO:tenpy.algorithms.dmrg:Running sweep with optimization
INFO:tenpy.algorithms.mps_common:start environment_sweep
INFO:tenpy.algorithms.dmrg:checkpoint after sweep 40
energy=-0.7127887161838089, max S=1.1974089301512660, age=738, norm_err=8.9e-10
Current memory usage 171.6MB, wall time: 8.9s
Delta E = -2.0348e-10, Delta S = 8.4229e-07 (per sweep)
max trunc_err = 1.6430e-09, max E_trunc = 1.8559e-08
chi: [256, 256, 256, 256, 256, 256]
================================================================================
WARNING:tenpy.algorithms.dmrg:final DMRG state not in canonical form up to norm_tol_final=1.00e-10: norm_err=8.94e-10, calling psi.canonical_form()
INFO:tenpy.algorithms.dmrg:TwoSiteDMRGEngine finished after 40 sweeps, max chi=256
INFO:tenpy.tools.params:MixedHofstadterLandauGauge_Pi_2: reading 'explicit_plus_hc'=False
INFO:tenpy.tools.params:MixedHofstadterLandauGauge_Pi_2: reading 'Lx'=2
INFO:tenpy.tools.params:MixedHofstadterLandauGauge_Pi_2: setting 'N_rings'=2
INFO:tenpy.tools.params:MixedHofstadterLandauGauge_Pi_2: reading 'xy_lattice'='Square'
INFO:tenpy.tools.params:MixedHofstadterLandauGauge_Pi_2: reading 'Ly'=3
INFO:tenpy.tools.params:MixedHofstadterLandauGauge_Pi_2: reading 'ring_order'=None
INFO:tenpy.tools.params:MixedHofstadterLandauGauge_Pi_2: reading 'conserve_k'=True
INFO:tenpy.tools.params:MixedHofstadterLandauGauge_Pi_2: reading 'bc_MPS'='infinite'
INFO:tenpy.tools.params:MixedHofstadterLandauGauge_Pi_2: reading 't'=-1
INFO:tenpy.tools.params:MixedHofstadterLandauGauge_Pi_2: reading 't2'=-0.25
INFO:tenpy.tools.params:MixedHofstadterLandauGauge_Pi_2: reading 'V1'=0.6
INFO:tenpy.tools.params:MixedHofstadterLandauGauge_Pi_2: reading 'phi_ext'=np.float64(0.05)
INFO:tenpy.tools.params:MixedHofstadterLandauGauge_Pi_2: reading 'sort_mpo_legs'=False
/home/t30/kna/ge54yin/Documents/MasterThesisFQHinTMDs/MPS_stuff/MPScalculations/.venv/lib/python3.12/site-packages/tenpy/tools/params.py:232: UserWarning: unused options for config MixedHofstadterLandauGauge_Pi_2:
['Delta', 'N_rings', 'Nsec', 'bc', 'chi_max', 'ktot', 'saveAll']
  warnings.warn(msg.format(keys=sorted(unused), name=self.name))
INFO:tenpy.tools.params:DMRG: subconfig 'trunc_params'=Config(<1 options>, 'trunc_params')
INFO:tenpy.algorithms.mps_common:start environment_sweep
INFO:tenpy.tools.params:trunc_params: reading 'chi_max'=256
INFO:tenpy.tools.params:DMRG: subconfig 'mixer_params'=Config(<1 options>, 'mixer_params')
INFO:tenpy.tools.params:DMRG: reading 'mixer'=None
INFO:tenpy.tools.params:DMRG: reading 'max_sweeps'=100
INFO:tenpy.algorithms.dmrg:Running sweep with optimization
INFO:tenpy.algorithms.mps_common:start environment_sweep
INFO:tenpy.algorithms.dmrg:checkpoint after sweep 10
energy=1.8474711552954257, max S=2.1768065071242910, age=198, norm_err=2.2e-01
Current memory usage 202.9MB, wall time: 51.4s
Delta E = nan, Delta S = 1.0788e-01 (per sweep)
max trunc_err = 3.5394e-08, max E_trunc = 6.2373e-10
chi: [256, 256, 256, 256, 256, 256]
================================================================================
INFO:tenpy.algorithms.dmrg:Running sweep with optimization
INFO:tenpy.algorithms.mps_common:start environment_sweep
INFO:tenpy.algorithms.dmrg:checkpoint after sweep 20
energy=0.3464950190920225, max S=1.7000533293381404, age=378, norm_err=6.1e-02
Current memory usage 202.9MB, wall time: 49.7s
Delta E = -1.5010e-01, Delta S = -6.2691e-02 (per sweep)
max trunc_err = 7.7017e-08, max E_trunc = 1.3274e-09
chi: [256, 256, 256, 256, 256, 256]
================================================================================
INFO:tenpy.algorithms.dmrg:Running sweep with optimization
INFO:tenpy.algorithms.mps_common:start environment_sweep
INFO:tenpy.algorithms.dmrg:checkpoint after sweep 30
energy=0.3036113525546777, max S=1.3032439087945225, age=558, norm_err=1.5e-02
Current memory usage 202.9MB, wall time: 52.2s
Delta E = -4.2884e-03, Delta S = -4.3178e-02 (per sweep)
max trunc_err = 1.9274e-08, max E_trunc = 4.5245e-08
chi: [256, 256, 256, 256, 256, 256]
================================================================================
INFO:tenpy.algorithms.dmrg:Running sweep with optimization
INFO:tenpy.algorithms.mps_common:start environment_sweep
INFO:tenpy.algorithms.dmrg:checkpoint after sweep 40
energy=-0.6985175828193965, max S=1.9370298324993478, age=738, norm_err=3.6e-04
Current memory usage 202.9MB, wall time: 50.6s
Delta E = -1.0021e-01, Delta S = 6.1546e-02 (per sweep)
max trunc_err = 4.7657e-07, max E_trunc = 9.0080e-10
chi: [256, 256, 256, 256, 256, 256]
================================================================================
INFO:tenpy.algorithms.dmrg:Running sweep with optimization
INFO:tenpy.algorithms.mps_common:start environment_sweep
INFO:tenpy.algorithms.dmrg:checkpoint after sweep 50
energy=-0.7091542584424152, max S=1.7375360773667312, age=918, norm_err=2.6e-02
Current memory usage 202.9MB, wall time: 51.8s
Delta E = -1.0637e-03, Delta S = -1.3461e-02 (per sweep)
max trunc_err = 5.7523e-08, max E_trunc = 6.9305e-09
chi: [256, 256, 256, 256, 256, 256]
================================================================================
INFO:tenpy.algorithms.dmrg:Running sweep with optimization
INFO:tenpy.algorithms.mps_common:start environment_sweep
INFO:tenpy.algorithms.dmrg:checkpoint after sweep 60
energy=3.0197165693600234, max S=1.7219604392006267, age=1098, norm_err=3.2e-01
Current memory usage 202.9MB, wall time: 48.4s
Delta E = 3.7289e-01, Delta S = 1.4527e-02 (per sweep)
max trunc_err = 1.5208e-08, max E_trunc = 2.9803e-08
chi: [256, 256, 256, 256, 256, 256]
================================================================================
INFO:tenpy.algorithms.dmrg:Running sweep with optimization
INFO:tenpy.algorithms.mps_common:start environment_sweep
INFO:tenpy.algorithms.dmrg:checkpoint after sweep 70
energy=0.5245651555392689, max S=0.7718033054178188, age=1278, norm_err=2.2e-02
Current memory usage 202.9MB, wall time: 51.8s
Delta E = -2.4952e-01, Delta S = -1.0039e-01 (per sweep)
max trunc_err = 4.1945e-08, max E_trunc = 2.0857e-08
chi: [256, 256, 256, 256, 256, 256]
================================================================================
INFO:tenpy.algorithms.dmrg:Running sweep with optimization
INFO:tenpy.algorithms.mps_common:start environment_sweep
INFO:tenpy.algorithms.dmrg:checkpoint after sweep 80
energy=0.8666736409727586, max S=0.2185104043883643, age=1458, norm_err=2.1e-02
Current memory usage 202.9MB, wall time: 51.8s
Delta E = 3.4211e-02, Delta S = -3.8188e-02 (per sweep)
max trunc_err = 9.8630e-08, max E_trunc = 7.2856e-09
chi: [256, 256, 256, 256, 256, 256]
================================================================================
INFO:tenpy.algorithms.dmrg:Running sweep with optimization
INFO:tenpy.algorithms.mps_common:start environment_sweep
INFO:tenpy.algorithms.dmrg:checkpoint after sweep 90
energy=1.9036719120440277, max S=1.7498093537162005, age=1638, norm_err=1.3e-01
Current memory usage 202.9MB, wall time: 51.3s
Delta E = 1.0370e-01, Delta S = 1.3154e-01 (per sweep)
max trunc_err = 1.8930e-08, max E_trunc = -3.7447e-08
chi: [256, 256, 256, 256, 256, 256]
================================================================================
INFO:tenpy.algorithms.dmrg:Running sweep with optimization
INFO:tenpy.algorithms.mps_common:start environment_sweep
INFO:tenpy.algorithms.dmrg:checkpoint after sweep 100
energy=0.4541318801589493, max S=1.1160927857368623, age=1818, norm_err=2.1e-02
Current memory usage 202.9MB, wall time: 50.9s
Delta E = -1.4495e-01, Delta S = -5.3565e-02 (per sweep)
max trunc_err = 7.9004e-08, max E_trunc = 5.5277e-09
chi: [256, 256, 256, 256, 256, 256]
================================================================================
INFO:tenpy.algorithms.dmrg:Running sweep with optimization
INFO:tenpy.algorithms.mps_common:start environment_sweep
INFO:tenpy.algorithms.dmrg:checkpoint after sweep 110
energy=-0.7114691996929423, max S=1.2343441062055462, age=1998, norm_err=1.1e-04
Current memory usage 202.9MB, wall time: 52.4s
Delta E = -1.1656e-01, Delta S = -3.1862e-03 (per sweep)
max trunc_err = 8.9436e-09, max E_trunc = -2.2192e-09
chi: [256, 255, 256, 256, 256, 256]
================================================================================
INFO:tenpy.algorithms.mps_common:TwoSiteDMRGEngine: Maximum number of sweeps reached
WARNING:tenpy.algorithms.dmrg:final DMRG state not in canonical form up to norm_tol=1.00e-05: norm_err=1.11e-04
INFO:tenpy.algorithms.mps_common:start environment_sweep
WARNING:tenpy.algorithms.dmrg:final DMRG state not in canonical form up to norm_tol_final=1.00e-10: norm_err=8.57e-07, calling psi.canonical_form()
INFO:tenpy.algorithms.dmrg:TwoSiteDMRGEngine finished after 110 sweeps, max chi=256
INFO:tenpy.tools.params:MixedHofstadterLandauGauge_Pi_2: reading 'explicit_plus_hc'=False
INFO:tenpy.tools.params:MixedHofstadterLandauGauge_Pi_2: reading 'Lx'=2
INFO:tenpy.tools.params:MixedHofstadterLandauGauge_Pi_2: setting 'N_rings'=2
INFO:tenpy.tools.params:MixedHofstadterLandauGauge_Pi_2: reading 'xy_lattice'='Square'
INFO:tenpy.tools.params:MixedHofstadterLandauGauge_Pi_2: reading 'Ly'=3
INFO:tenpy.tools.params:MixedHofstadterLandauGauge_Pi_2: reading 'ring_order'=None
INFO:tenpy.tools.params:MixedHofstadterLandauGauge_Pi_2: reading 'conserve_k'=True
INFO:tenpy.tools.params:MixedHofstadterLandauGauge_Pi_2: reading 'bc_MPS'='infinite'
INFO:tenpy.tools.params:MixedHofstadterLandauGauge_Pi_2: reading 't'=-1
INFO:tenpy.tools.params:MixedHofstadterLandauGauge_Pi_2: reading 't2'=-0.25
INFO:tenpy.tools.params:MixedHofstadterLandauGauge_Pi_2: reading 'V1'=0.6
INFO:tenpy.tools.params:MixedHofstadterLandauGauge_Pi_2: reading 'phi_ext'=np.float64(0.1)
INFO:tenpy.tools.params:MixedHofstadterLandauGauge_Pi_2: reading 'sort_mpo_legs'=False
/home/t30/kna/ge54yin/Documents/MasterThesisFQHinTMDs/MPS_stuff/MPScalculations/.venv/lib/python3.12/site-packages/tenpy/tools/params.py:232: UserWarning: unused options for config MixedHofstadterLandauGauge_Pi_2:
['Delta', 'N_rings', 'Nsec', 'bc', 'chi_max', 'ktot', 'saveAll']
  warnings.warn(msg.format(keys=sorted(unused), name=self.name))
INFO:tenpy.tools.params:DMRG: reading 'active_sites'=2
INFO:tenpy.tools.params:DMRG: reading 'diag_method'='default'
INFO:tenpy.tools.params:DMRG: subconfig 'trunc_params'=Config(<5 options>, 'trunc_params')
INFO:tenpy.tools.params:DMRG: reading 'max_N_sites_per_ring'=18
INFO:tenpy.tools.params:DMRG: reading 'combine'=False
INFO:tenpy.tools.params:DMRG: subconfig 'lanczos_params'=Config(<9 options>, 'lanczos_params')
INFO:tenpy.tools.params:DMRG: reading 'chi_list'=None
INFO:tenpy.tools.params:DMRG: reading 'start_env'=1
INFO:tenpy.algorithms.mps_common:start environment_sweep
INFO:tenpy.tools.params:DMRG: reading 'N_sweeps_check'=10
INFO:tenpy.tools.params:DMRG: subconfig 'mixer_params'=Config(<3 options>, 'mixer_params')
INFO:tenpy.tools.params:DMRG: reading 'mixer'=None
INFO:tenpy.tools.params:DMRG: reading 'max_sweeps'=100
INFO:tenpy.tools.params:DMRG: reading 'max_hours'=8760
INFO:tenpy.tools.params:DMRG: reading 'P_tol_to_trunc'=0.05
INFO:tenpy.tools.params:DMRG: reading 'P_tol_min'=5.0000000000000004e-30
INFO:tenpy.tools.params:DMRG: reading 'P_tol_max'=0.0001
INFO:tenpy.tools.params:DMRG: reading 'E_tol_to_trunc'=None
INFO:tenpy.algorithms.dmrg:Running sweep with optimization
INFO:tenpy.tools.params:DMRG: reading 'max_N_for_ED'=400
INFO:tenpy.tools.params:DMRG: reading 'update_env'=5
INFO:tenpy.algorithms.mps_common:start environment_sweep
INFO:tenpy.algorithms.dmrg:checkpoint after sweep 10
energy=-0.7034773502634645, max S=2.3077441940878334, age=198, norm_err=5.9e-02
Current memory usage 210.9MB, wall time: 51.4s
Delta E = nan, Delta S = 1.0536e-01 (per sweep)
max trunc_err = 2.8548e-07, max E_trunc = 1.1196e-09
chi: [256, 256, 256, 256, 256, 256]
================================================================================
INFO:tenpy.algorithms.dmrg:Running sweep with optimization
INFO:tenpy.algorithms.mps_common:start environment_sweep
INFO:tenpy.algorithms.dmrg:checkpoint after sweep 20
energy=-0.0484959344161761, max S=0.1769208770182005, age=378, norm_err=1.5e-06
Current memory usage 210.9MB, wall time: 51.6s
Delta E = 6.5498e-02, Delta S = -1.8720e-01 (per sweep)
max trunc_err = 5.0686e-08, max E_trunc = 2.8617e-09
chi: [256, 256, 256, 256, 256, 256]
================================================================================
INFO:tenpy.tools.params:DMRG: reading 'max_E_err'=1e-08
INFO:tenpy.tools.params:DMRG: reading 'max_S_err'=1e-05
INFO:tenpy.algorithms.dmrg:Running sweep with optimization
INFO:tenpy.algorithms.mps_common:start environment_sweep
INFO:tenpy.algorithms.dmrg:checkpoint after sweep 30
energy=0.0164992091265930, max S=1.0051785377403146, age=558, norm_err=1.5e-02
Current memory usage 210.9MB, wall time: 52.0s
Delta E = 6.4995e-03, Delta S = 6.7053e-02 (per sweep)
max trunc_err = 1.1745e-07, max E_trunc = -3.8393e-08
chi: [256, 256, 256, 256, 256, 256]
================================================================================
INFO:tenpy.algorithms.dmrg:Running sweep with optimization
INFO:tenpy.algorithms.mps_common:start environment_sweep
INFO:tenpy.algorithms.dmrg:checkpoint after sweep 40
energy=0.3898471751843857, max S=1.6405960443171854, age=738, norm_err=1.6e-01
Current memory usage 210.9MB, wall time: 51.8s
Delta E = 3.7335e-02, Delta S = 6.2760e-02 (per sweep)
max trunc_err = 1.9394e-08, max E_trunc = 1.3968e-08
chi: [256, 256, 256, 256, 256, 256]
================================================================================
INFO:tenpy.algorithms.dmrg:Running sweep with optimization
INFO:tenpy.algorithms.mps_common:start environment_sweep
INFO:tenpy.algorithms.dmrg:checkpoint after sweep 50
energy=0.3640998374506239, max S=2.3978854768114921, age=918, norm_err=5.5e-02
Current memory usage 210.9MB, wall time: 50.6s
Delta E = -2.5747e-03, Delta S = 6.6810e-02 (per sweep)
max trunc_err = 2.0168e-07, max E_trunc = -2.8976e-08
chi: [256, 256, 256, 256, 256, 256]
================================================================================
INFO:tenpy.algorithms.dmrg:Running sweep with optimization
INFO:tenpy.algorithms.mps_common:start environment_sweep
INFO:tenpy.algorithms.dmrg:checkpoint after sweep 60
energy=-0.5640621906329102, max S=2.1409519394411158, age=1098, norm_err=5.7e-03
Current memory usage 210.9MB, wall time: 49.3s
Delta E = -9.2816e-02, Delta S = -3.4690e-02 (per sweep)
max trunc_err = 2.6108e-07, max E_trunc = -2.1424e-09
chi: [256, 256, 256, 256, 256, 256]
================================================================================
INFO:tenpy.algorithms.dmrg:Running sweep with optimization
INFO:tenpy.algorithms.mps_common:start environment_sweep
INFO:tenpy.algorithms.dmrg:checkpoint after sweep 70
energy=2.3838537810838147, max S=0.6740758963287163, age=1278, norm_err=1.6e-01
Current memory usage 210.9MB, wall time: 50.1s
Delta E = 2.9479e-01, Delta S = -1.1511e-01 (per sweep)
max trunc_err = 2.7039e-08, max E_trunc = 2.3279e-09
chi: [256, 256, 256, 256, 256, 256]
================================================================================
INFO:tenpy.algorithms.dmrg:Running sweep with optimization
INFO:tenpy.algorithms.mps_common:start environment_sweep
INFO:tenpy.algorithms.dmrg:checkpoint after sweep 80
energy=0.4211605823697937, max S=0.6639080297788355, age=1458, norm_err=3.8e-03
Current memory usage 210.9MB, wall time: 50.1s
Delta E = -1.9627e-01, Delta S = -1.3149e-02 (per sweep)
max trunc_err = 1.9719e-08, max E_trunc = 1.5768e-09
chi: [256, 256, 256, 256, 256, 256]
================================================================================
INFO:tenpy.algorithms.dmrg:Running sweep with optimization
INFO:tenpy.algorithms.mps_common:start environment_sweep
INFO:tenpy.algorithms.dmrg:checkpoint after sweep 90
energy=-0.6844074335774432, max S=2.3275120206077551, age=1638, norm_err=1.6e-01
Current memory usage 210.9MB, wall time: 48.7s
Delta E = -1.1056e-01, Delta S = 1.5500e-01 (per sweep)
max trunc_err = 2.1222e-08, max E_trunc = 2.7485e-09
chi: [256, 256, 256, 256, 256, 256]
================================================================================
INFO:tenpy.algorithms.dmrg:Running sweep with optimization
INFO:tenpy.algorithms.mps_common:start environment_sweep
INFO:tenpy.algorithms.dmrg:checkpoint after sweep 100
energy=-0.6938889615915400, max S=2.3219989070798963, age=1818, norm_err=5.1e-02
Current memory usage 210.9MB, wall time: 49.8s
Delta E = -9.4815e-04, Delta S = -1.2950e-03 (per sweep)
max trunc_err = 4.2411e-08, max E_trunc = 4.2908e-09
chi: [256, 256, 256, 256, 256, 256]
================================================================================
INFO:tenpy.algorithms.dmrg:Running sweep with optimization
INFO:tenpy.algorithms.mps_common:start environment_sweep
INFO:tenpy.algorithms.dmrg:checkpoint after sweep 110
energy=-0.7070444095057837, max S=2.3424132513970028, age=1998, norm_err=1.4e-01
Current memory usage 210.9MB, wall time: 51.5s
Delta E = -1.3155e-03, Delta S = 1.8064e-03 (per sweep)
max trunc_err = 2.5451e-08, max E_trunc = 4.4201e-09
chi: [256, 256, 256, 256, 256, 256]
================================================================================
INFO:tenpy.algorithms.mps_common:TwoSiteDMRGEngine: Maximum number of sweeps reached
INFO:tenpy.tools.params:DMRG: reading 'norm_tol'=1e-05
INFO:tenpy.tools.params:DMRG: reading 'norm_tol_final'=1e-10
INFO:tenpy.tools.params:DMRG: reading 'norm_tol_iter'=5
WARNING:tenpy.algorithms.dmrg:final DMRG state not in canonical form up to norm_tol=1.00e-05: norm_err=1.38e-01
INFO:tenpy.algorithms.mps_common:start environment_sweep
INFO:tenpy.algorithms.mps_common:start environment_sweep
INFO:tenpy.algorithms.mps_common:start environment_sweep
INFO:tenpy.algorithms.mps_common:start environment_sweep
WARNING:tenpy.algorithms.dmrg:final DMRG state not in canonical form up to norm_tol_final=1.00e-10: norm_err=8.13e-06, calling psi.canonical_form()
INFO:tenpy.algorithms.dmrg:TwoSiteDMRGEngine finished after 110 sweeps, max chi=256
INFO:tenpy.tools.params:DMRG: reading 'max_trunc_err'=0.0001
INFO:tenpy.tools.params:MixedHofstadterLandauGauge_Pi_2: reading 'explicit_plus_hc'=False
INFO:tenpy.tools.params:MixedHofstadterLandauGauge_Pi_2: reading 'Lx'=2
INFO:tenpy.tools.params:MixedHofstadterLandauGauge_Pi_2: setting 'N_rings'=2
INFO:tenpy.tools.params:MixedHofstadterLandauGauge_Pi_2: reading 'xy_lattice'='Square'
INFO:tenpy.tools.params:MixedHofstadterLandauGauge_Pi_2: reading 'Ly'=3
INFO:tenpy.tools.params:MixedHofstadterLandauGauge_Pi_2: reading 'ring_order'=None
INFO:tenpy.tools.params:MixedHofstadterLandauGauge_Pi_2: reading 'conserve_k'=True
INFO:tenpy.tools.params:MixedHofstadterLandauGauge_Pi_2: reading 'bc_MPS'='infinite'
INFO:tenpy.tools.params:MixedHofstadterLandauGauge_Pi_2: reading 't'=-1
INFO:tenpy.tools.params:MixedHofstadterLandauGauge_Pi_2: reading 't2'=-0.25
INFO:tenpy.tools.params:MixedHofstadterLandauGauge_Pi_2: reading 'V1'=0.6
INFO:tenpy.tools.params:MixedHofstadterLandauGauge_Pi_2: reading 'phi_ext'=np.float64(0.15000000000000002)
INFO:tenpy.tools.params:MixedHofstadterLandauGauge_Pi_2: reading 'sort_mpo_legs'=False
/home/t30/kna/ge54yin/Documents/MasterThesisFQHinTMDs/MPS_stuff/MPScalculations/.venv/lib/python3.12/site-packages/tenpy/tools/params.py:232: UserWarning: unused options for config MixedHofstadterLandauGauge_Pi_2:
['Delta', 'N_rings', 'Nsec', 'bc', 'chi_max', 'ktot', 'saveAll']
  warnings.warn(msg.format(keys=sorted(unused), name=self.name))
INFO:tenpy.tools.params:DMRG: reading 'active_sites'=2
INFO:tenpy.tools.params:DMRG: reading 'diag_method'='default'
INFO:tenpy.tools.params:DMRG: subconfig 'trunc_params'=Config(<5 options>, 'trunc_params')
INFO:tenpy.tools.params:DMRG: reading 'max_N_sites_per_ring'=18
INFO:tenpy.tools.params:DMRG: reading 'combine'=False
INFO:tenpy.tools.params:DMRG: subconfig 'lanczos_params'=Config(<9 options>, 'lanczos_params')
INFO:tenpy.tools.params:DMRG: reading 'chi_list'=None
INFO:tenpy.tools.params:DMRG: reading 'start_env'=1
INFO:tenpy.algorithms.mps_common:start environment_sweep
INFO:tenpy.tools.params:DMRG: reading 'N_sweeps_check'=10
INFO:tenpy.tools.params:DMRG: subconfig 'mixer_params'=Config(<3 options>, 'mixer_params')
INFO:tenpy.tools.params:DMRG: reading 'mixer'=None
INFO:tenpy.tools.params:DMRG: reading 'max_sweeps'=100
INFO:tenpy.tools.params:DMRG: reading 'max_hours'=8760
INFO:tenpy.tools.params:DMRG: reading 'P_tol_to_trunc'=0.05
INFO:tenpy.tools.params:DMRG: reading 'P_tol_min'=5.0000000000000004e-30
INFO:tenpy.tools.params:DMRG: reading 'P_tol_max'=0.0001
INFO:tenpy.tools.params:DMRG: reading 'E_tol_to_trunc'=None
INFO:tenpy.algorithms.dmrg:Running sweep with optimization
INFO:tenpy.tools.params:DMRG: reading 'max_N_for_ED'=400
INFO:tenpy.tools.params:DMRG: reading 'update_env'=5
INFO:tenpy.algorithms.mps_common:start environment_sweep
INFO:tenpy.algorithms.dmrg:checkpoint after sweep 10
energy=0.3487791494825257, max S=1.3971743903136340, age=198, norm_err=3.8e-02
Current memory usage 213.9MB, wall time: 51.6s
Delta E = nan, Delta S = -8.2329e-02 (per sweep)
max trunc_err = 1.0346e-07, max E_trunc = -1.6431e-09
chi: [256, 256, 256, 256, 256, 256]
================================================================================
INFO:tenpy.algorithms.dmrg:Running sweep with optimization
INFO:tenpy.algorithms.mps_common:start environment_sweep
INFO:tenpy.algorithms.dmrg:checkpoint after sweep 20
energy=0.6958264963689729, max S=0.7141687500272954, age=378, norm_err=1.9e-03
Current memory usage 213.9MB, wall time: 49.3s
Delta E = 3.4705e-02, Delta S = -6.9693e-02 (per sweep)
max trunc_err = 2.4809e-08, max E_trunc = 1.7004e-09
chi: [256, 255, 256, 256, 256, 256]
================================================================================
INFO:tenpy.tools.params:DMRG: reading 'max_E_err'=1e-08
INFO:tenpy.tools.params:DMRG: reading 'max_S_err'=1e-05
INFO:tenpy.algorithms.dmrg:Running sweep with optimization
INFO:tenpy.algorithms.mps_common:start environment_sweep
INFO:tenpy.algorithms.dmrg:checkpoint after sweep 30
energy=-0.6730023911098660, max S=2.4394620296167244, age=558, norm_err=1.6e-01
Current memory usage 213.9MB, wall time: 50.0s
Delta E = -1.3688e-01, Delta S = 1.6464e-01 (per sweep)
max trunc_err = 1.8638e-08, max E_trunc = 3.7496e-09
chi: [256, 256, 256, 256, 256, 256]
================================================================================
INFO:tenpy.algorithms.dmrg:Running sweep with optimization
INFO:tenpy.algorithms.mps_common:start environment_sweep
INFO:tenpy.algorithms.dmrg:checkpoint after sweep 40
energy=0.2615978367886148, max S=2.3942607132821800, age=738, norm_err=1.4e-01
Current memory usage 213.9MB, wall time: 48.8s
Delta E = 9.3460e-02, Delta S = -1.6751e-03 (per sweep)
max trunc_err = 5.6141e-08, max E_trunc = 2.6773e-09
chi: [256, 256, 256, 256, 256, 256]
================================================================================
INFO:tenpy.algorithms.dmrg:Running sweep with optimization
INFO:tenpy.algorithms.mps_common:start environment_sweep
INFO:tenpy.algorithms.dmrg:checkpoint after sweep 50
energy=0.7603962555847185, max S=1.1813459172267513, age=918, norm_err=4.6e-02
Current memory usage 213.9MB, wall time: 50.3s
Delta E = 4.9880e-02, Delta S = -1.1398e-01 (per sweep)
max trunc_err = 1.1137e-08, max E_trunc = 9.8584e-09
chi: [256, 256, 256, 256, 256, 256]
================================================================================
INFO:tenpy.algorithms.dmrg:Running sweep with optimization
INFO:tenpy.algorithms.mps_common:start environment_sweep
INFO:tenpy.algorithms.dmrg:checkpoint after sweep 60
energy=0.6466788658524459, max S=0.9422085796569989, age=1098, norm_err=1.7e-04
Current memory usage 213.9MB, wall time: 49.4s
Delta E = -1.1372e-02, Delta S = -3.0572e-02 (per sweep)
max trunc_err = 2.1533e-07, max E_trunc = 3.6863e-09
chi: [256, 256, 256, 256, 256, 256]
================================================================================
INFO:tenpy.algorithms.dmrg:Running sweep with optimization
INFO:tenpy.algorithms.mps_common:start environment_sweep
INFO:tenpy.algorithms.dmrg:checkpoint after sweep 70
energy=0.4907149762250829, max S=1.8267093298346340, age=1278, norm_err=4.1e-02
Current memory usage 213.9MB, wall time: 49.5s
Delta E = -1.5596e-02, Delta S = 9.1773e-02 (per sweep)
max trunc_err = 2.7256e-08, max E_trunc = -1.1213e-08
chi: [256, 256, 256, 256, 256, 256]
================================================================================
INFO:tenpy.algorithms.dmrg:Running sweep with optimization
INFO:tenpy.algorithms.mps_common:start environment_sweep
INFO:tenpy.algorithms.dmrg:checkpoint after sweep 80
energy=0.0673592637523086, max S=0.9419196736428407, age=1458, norm_err=1.1e-03
Current memory usage 213.9MB, wall time: 49.2s
Delta E = -4.2336e-02, Delta S = -8.4214e-02 (per sweep)
max trunc_err = 1.7986e-08, max E_trunc = 4.0899e-08
chi: [256, 256, 256, 256, 256, 256]
================================================================================
INFO:tenpy.algorithms.dmrg:Running sweep with optimization
INFO:tenpy.algorithms.mps_common:start environment_sweep
INFO:tenpy.algorithms.dmrg:checkpoint after sweep 90
energy=0.4048085326351156, max S=0.6123928149749684, age=1638, norm_err=9.4e-03
Current memory usage 213.9MB, wall time: 48.7s
Delta E = 3.3745e-02, Delta S = -2.2049e-02 (per sweep)
max trunc_err = 2.0010e-08, max E_trunc = -2.2937e-09
chi: [256, 256, 256, 256, 256, 256]
================================================================================
INFO:tenpy.algorithms.dmrg:Running sweep with optimization
INFO:tenpy.algorithms.mps_common:start environment_sweep
INFO:tenpy.algorithms.dmrg:checkpoint after sweep 100
energy=-0.6254503905677021, max S=3.3753727246833893, age=1818, norm_err=4.4e-02
Current memory usage 213.9MB, wall time: 49.9s
Delta E = -1.0303e-01, Delta S = 2.5466e-01 (per sweep)
max trunc_err = 2.9601e-08, max E_trunc = -6.0249e-09
chi: [256, 256, 256, 256, 256, 256]
================================================================================
INFO:tenpy.algorithms.dmrg:Running sweep with optimization
INFO:tenpy.algorithms.mps_common:start environment_sweep
INFO:tenpy.algorithms.dmrg:checkpoint after sweep 110
energy=0.0584687918387961, max S=1.4556712737402071, age=1998, norm_err=4.7e-02
Current memory usage 213.9MB, wall time: 49.8s
Delta E = 6.8392e-02, Delta S = -1.6995e-01 (per sweep)
max trunc_err = 2.0176e-07, max E_trunc = 2.7399e-10
chi: [256, 256, 256, 256, 256, 256]
================================================================================
INFO:tenpy.algorithms.mps_common:TwoSiteDMRGEngine: Maximum number of sweeps reached
INFO:tenpy.tools.params:DMRG: reading 'norm_tol'=1e-05
INFO:tenpy.tools.params:DMRG: reading 'norm_tol_final'=1e-10
INFO:tenpy.tools.params:DMRG: reading 'norm_tol_iter'=5
WARNING:tenpy.algorithms.dmrg:final DMRG state not in canonical form up to norm_tol=1.00e-05: norm_err=4.66e-02
INFO:tenpy.algorithms.mps_common:start environment_sweep
INFO:tenpy.algorithms.mps_common:start environment_sweep
INFO:tenpy.algorithms.mps_common:start environment_sweep
WARNING:tenpy.algorithms.dmrg:final DMRG state not in canonical form up to norm_tol_final=1.00e-10: norm_err=3.01e-07, calling psi.canonical_form()
INFO:tenpy.algorithms.dmrg:TwoSiteDMRGEngine finished after 110 sweeps, max chi=256
INFO:tenpy.tools.params:DMRG: reading 'max_trunc_err'=0.0001
INFO:tenpy.tools.params:MixedHofstadterLandauGauge_Pi_2: reading 'explicit_plus_hc'=False
INFO:tenpy.tools.params:MixedHofstadterLandauGauge_Pi_2: reading 'Lx'=2
INFO:tenpy.tools.params:MixedHofstadterLandauGauge_Pi_2: setting 'N_rings'=2
INFO:tenpy.tools.params:MixedHofstadterLandauGauge_Pi_2: reading 'xy_lattice'='Square'
INFO:tenpy.tools.params:MixedHofstadterLandauGauge_Pi_2: reading 'Ly'=3
INFO:tenpy.tools.params:MixedHofstadterLandauGauge_Pi_2: reading 'ring_order'=None
INFO:tenpy.tools.params:MixedHofstadterLandauGauge_Pi_2: reading 'conserve_k'=True
INFO:tenpy.tools.params:MixedHofstadterLandauGauge_Pi_2: reading 'bc_MPS'='infinite'
INFO:tenpy.tools.params:MixedHofstadterLandauGauge_Pi_2: reading 't'=-1
INFO:tenpy.tools.params:MixedHofstadterLandauGauge_Pi_2: reading 't2'=-0.25
INFO:tenpy.tools.params:MixedHofstadterLandauGauge_Pi_2: reading 'V1'=0.6
INFO:tenpy.tools.params:MixedHofstadterLandauGauge_Pi_2: reading 'phi_ext'=np.float64(0.2)
INFO:tenpy.tools.params:MixedHofstadterLandauGauge_Pi_2: reading 'sort_mpo_legs'=False
/home/t30/kna/ge54yin/Documents/MasterThesisFQHinTMDs/MPS_stuff/MPScalculations/.venv/lib/python3.12/site-packages/tenpy/tools/params.py:232: UserWarning: unused options for config MixedHofstadterLandauGauge_Pi_2:
['Delta', 'N_rings', 'Nsec', 'bc', 'chi_max', 'ktot', 'saveAll']
  warnings.warn(msg.format(keys=sorted(unused), name=self.name))
INFO:tenpy.tools.params:DMRG: reading 'active_sites'=2
INFO:tenpy.tools.params:DMRG: reading 'diag_method'='default'
INFO:tenpy.tools.params:DMRG: subconfig 'trunc_params'=Config(<5 options>, 'trunc_params')
INFO:tenpy.tools.params:DMRG: reading 'max_N_sites_per_ring'=18
INFO:tenpy.tools.params:DMRG: reading 'combine'=False
INFO:tenpy.tools.params:DMRG: subconfig 'lanczos_params'=Config(<9 options>, 'lanczos_params')
INFO:tenpy.tools.params:DMRG: reading 'chi_list'=None
INFO:tenpy.tools.params:DMRG: reading 'start_env'=1
INFO:tenpy.algorithms.mps_common:start environment_sweep
INFO:tenpy.tools.params:DMRG: reading 'N_sweeps_check'=10
INFO:tenpy.tools.params:DMRG: subconfig 'mixer_params'=Config(<3 options>, 'mixer_params')
INFO:tenpy.tools.params:DMRG: reading 'mixer'=None
INFO:tenpy.tools.params:DMRG: reading 'max_sweeps'=100
INFO:tenpy.tools.params:DMRG: reading 'max_hours'=8760
INFO:tenpy.tools.params:DMRG: reading 'P_tol_to_trunc'=0.05
INFO:tenpy.tools.params:DMRG: reading 'P_tol_min'=5.0000000000000004e-30
INFO:tenpy.tools.params:DMRG: reading 'P_tol_max'=0.0001
INFO:tenpy.tools.params:DMRG: reading 'E_tol_to_trunc'=None
INFO:tenpy.algorithms.dmrg:Running sweep with optimization
INFO:tenpy.tools.params:DMRG: reading 'max_N_for_ED'=400
INFO:tenpy.tools.params:DMRG: reading 'update_env'=5
INFO:tenpy.algorithms.mps_common:start environment_sweep
INFO:tenpy.algorithms.dmrg:checkpoint after sweep 10
energy=-0.6837135171702803, max S=2.0132652490002636, age=198, norm_err=8.0e-03
Current memory usage 213.9MB, wall time: 49.2s
Delta E = nan, Delta S = 3.3015e-02 (per sweep)
max trunc_err = 9.2881e-08, max E_trunc = -7.4068e-09
chi: [256, 256, 256, 256, 256, 256]
================================================================================
INFO:tenpy.algorithms.dmrg:Running sweep with optimization
INFO:tenpy.algorithms.mps_common:start environment_sweep
INFO:tenpy.algorithms.dmrg:checkpoint after sweep 20
energy=-0.5336203406830933, max S=2.5954419212713669, age=378, norm_err=1.7e-02
Current memory usage 213.9MB, wall time: 49.6s
Delta E = 1.5009e-02, Delta S = 5.9941e-02 (per sweep)
max trunc_err = 1.6601e-08, max E_trunc = 1.3611e-09
chi: [256, 256, 256, 256, 256, 256]
================================================================================
INFO:tenpy.tools.params:DMRG: reading 'max_E_err'=1e-08
INFO:tenpy.tools.params:DMRG: reading 'max_S_err'=1e-05
INFO:tenpy.algorithms.dmrg:Running sweep with optimization
INFO:tenpy.algorithms.mps_common:start environment_sweep
INFO:tenpy.algorithms.dmrg:checkpoint after sweep 30
energy=0.3668500437545816, max S=0.7178926152813369, age=558, norm_err=2.4e-02
Current memory usage 213.9MB, wall time: 50.7s
Delta E = 9.0047e-02, Delta S = -1.5616e-01 (per sweep)
max trunc_err = 1.6425e-08, max E_trunc = 3.6357e-08
chi: [256, 256, 256, 256, 256, 256]
================================================================================
INFO:tenpy.algorithms.dmrg:Running sweep with optimization
INFO:tenpy.algorithms.mps_common:start environment_sweep
INFO:tenpy.algorithms.dmrg:checkpoint after sweep 40
energy=0.7786929094039673, max S=0.8002478380412948, age=738, norm_err=8.7e-04
Current memory usage 213.9MB, wall time: 49.0s
Delta E = 4.1184e-02, Delta S = -1.7285e-02 (per sweep)
max trunc_err = 1.5131e-08, max E_trunc = 4.0350e-08
chi: [256, 256, 256, 256, 256, 256]
================================================================================
INFO:tenpy.algorithms.dmrg:Running sweep with optimization
INFO:tenpy.algorithms.mps_common:start environment_sweep
INFO:tenpy.algorithms.dmrg:checkpoint after sweep 50
energy=-0.7013233077272218, max S=1.7162628410543936, age=918, norm_err=1.7e-03
Current memory usage 213.9MB, wall time: 48.4s
Delta E = -1.4800e-01, Delta S = 8.0877e-02 (per sweep)
max trunc_err = 6.4406e-08, max E_trunc = 2.9936e-09
chi: [256, 256, 256, 256, 256, 256]
================================================================================
INFO:tenpy.algorithms.dmrg:Running sweep with optimization
INFO:tenpy.algorithms.mps_common:start environment_sweep
INFO:tenpy.algorithms.dmrg:checkpoint after sweep 60
energy=-0.6971933298248416, max S=2.3855424953498714, age=1098, norm_err=1.0e-01
Current memory usage 213.9MB, wall time: 50.3s
Delta E = 4.1300e-04, Delta S = 6.8038e-02 (per sweep)
max trunc_err = 1.9619e-08, max E_trunc = 1.5684e-08
chi: [256, 256, 256, 256, 256, 256]
================================================================================
INFO:tenpy.algorithms.dmrg:Running sweep with optimization
INFO:tenpy.algorithms.mps_common:start environment_sweep
INFO:tenpy.algorithms.dmrg:checkpoint after sweep 70
energy=-0.6944587707351578, max S=2.5660180098668839, age=1278, norm_err=5.5e-02
Current memory usage 213.9MB, wall time: 50.5s
Delta E = 2.7346e-04, Delta S = 1.8893e-02 (per sweep)
max trunc_err = 2.4009e-08, max E_trunc = 3.0896e-09
chi: [256, 256, 256, 256, 256, 256]
================================================================================
INFO:tenpy.algorithms.dmrg:Running sweep with optimization
INFO:tenpy.algorithms.mps_common:start environment_sweep
INFO:tenpy.algorithms.dmrg:checkpoint after sweep 80
energy=-0.6999396352363950, max S=2.5349645607178388, age=1458, norm_err=8.8e-02
Current memory usage 213.9MB, wall time: 49.8s
Delta E = -5.4809e-04, Delta S = -2.9790e-03 (per sweep)
max trunc_err = 5.3511e-08, max E_trunc = 2.5385e-08
chi: [256, 256, 256, 256, 256, 256]
================================================================================
INFO:tenpy.algorithms.dmrg:Running sweep with optimization
INFO:tenpy.algorithms.mps_common:start environment_sweep
INFO:tenpy.algorithms.dmrg:checkpoint after sweep 90
energy=-0.6962296894051102, max S=2.2571517717731933, age=1638, norm_err=1.6e-01
Current memory usage 213.9MB, wall time: 49.8s
Delta E = 3.7099e-04, Delta S = -2.2533e-02 (per sweep)
max trunc_err = 2.8836e-08, max E_trunc = 1.8876e-08
chi: [256, 256, 256, 256, 256, 256]
================================================================================
INFO:tenpy.algorithms.dmrg:Running sweep with optimization
INFO:tenpy.algorithms.mps_common:start environment_sweep
INFO:tenpy.algorithms.dmrg:checkpoint after sweep 100
energy=-0.6997508088783775, max S=2.0255584626259893, age=1818, norm_err=2.1e-02
Current memory usage 213.9MB, wall time: 49.8s
Delta E = -3.5211e-04, Delta S = -2.7424e-02 (per sweep)
max trunc_err = 7.2491e-08, max E_trunc = 3.0932e-09
chi: [256, 256, 256, 256, 256, 256]
================================================================================
INFO:tenpy.algorithms.dmrg:Running sweep with optimization
INFO:tenpy.algorithms.mps_common:start environment_sweep
INFO:tenpy.algorithms.dmrg:checkpoint after sweep 110
energy=0.4718788717859941, max S=0.0005618900024401, age=1998, norm_err=1.2e-11
Current memory usage 213.9MB, wall time: 50.2s
Delta E = 1.1716e-01, Delta S = -1.6768e-01 (per sweep)
max trunc_err = 1.7318e-08, max E_trunc = 3.0259e-09
chi: [256, 256, 256, 256, 256, 256]
================================================================================
INFO:tenpy.algorithms.mps_common:TwoSiteDMRGEngine: Maximum number of sweeps reached
INFO:tenpy.tools.params:DMRG: reading 'norm_tol'=1e-05
INFO:tenpy.tools.params:DMRG: reading 'norm_tol_final'=1e-10
INFO:tenpy.tools.params:DMRG: reading 'norm_tol_iter'=5
INFO:tenpy.algorithms.dmrg:TwoSiteDMRGEngine finished after 110 sweeps, max chi=256
INFO:tenpy.tools.params:DMRG: reading 'max_trunc_err'=0.0001
INFO:tenpy.tools.params:MixedHofstadterLandauGauge_Pi_2: reading 'explicit_plus_hc'=False
INFO:tenpy.tools.params:MixedHofstadterLandauGauge_Pi_2: reading 'Lx'=2
INFO:tenpy.tools.params:MixedHofstadterLandauGauge_Pi_2: setting 'N_rings'=2
INFO:tenpy.tools.params:MixedHofstadterLandauGauge_Pi_2: reading 'xy_lattice'='Square'
INFO:tenpy.tools.params:MixedHofstadterLandauGauge_Pi_2: reading 'Ly'=3
INFO:tenpy.tools.params:MixedHofstadterLandauGauge_Pi_2: reading 'ring_order'=None
INFO:tenpy.tools.params:MixedHofstadterLandauGauge_Pi_2: reading 'conserve_k'=True
INFO:tenpy.tools.params:MixedHofstadterLandauGauge_Pi_2: reading 'bc_MPS'='infinite'
INFO:tenpy.tools.params:MixedHofstadterLandauGauge_Pi_2: reading 't'=-1
INFO:tenpy.tools.params:MixedHofstadterLandauGauge_Pi_2: reading 't2'=-0.25
INFO:tenpy.tools.params:MixedHofstadterLandauGauge_Pi_2: reading 'V1'=0.6
INFO:tenpy.tools.params:MixedHofstadterLandauGauge_Pi_2: reading 'phi_ext'=np.float64(0.25)
INFO:tenpy.tools.params:MixedHofstadterLandauGauge_Pi_2: reading 'sort_mpo_legs'=False
/home/t30/kna/ge54yin/Documents/MasterThesisFQHinTMDs/MPS_stuff/MPScalculations/.venv/lib/python3.12/site-packages/tenpy/tools/params.py:232: UserWarning: unused options for config MixedHofstadterLandauGauge_Pi_2:
['Delta', 'N_rings', 'Nsec', 'bc', 'chi_max', 'ktot', 'saveAll']
  warnings.warn(msg.format(keys=sorted(unused), name=self.name))
INFO:tenpy.tools.params:DMRG: reading 'active_sites'=2
INFO:tenpy.tools.params:DMRG: reading 'diag_method'='default'
INFO:tenpy.tools.params:DMRG: subconfig 'trunc_params'=Config(<5 options>, 'trunc_params')
INFO:tenpy.tools.params:DMRG: reading 'max_N_sites_per_ring'=18
INFO:tenpy.tools.params:DMRG: reading 'combine'=False
INFO:tenpy.tools.params:DMRG: subconfig 'lanczos_params'=Config(<9 options>, 'lanczos_params')
INFO:tenpy.tools.params:DMRG: reading 'chi_list'=None
INFO:tenpy.tools.params:DMRG: reading 'start_env'=1
INFO:tenpy.algorithms.mps_common:start environment_sweep
INFO:tenpy.tools.params:DMRG: reading 'N_sweeps_check'=10
INFO:tenpy.tools.params:DMRG: subconfig 'mixer_params'=Config(<3 options>, 'mixer_params')
INFO:tenpy.tools.params:DMRG: reading 'mixer'=None
INFO:tenpy.tools.params:DMRG: reading 'max_sweeps'=100
INFO:tenpy.tools.params:DMRG: reading 'max_hours'=8760
INFO:tenpy.tools.params:DMRG: reading 'P_tol_to_trunc'=0.05
INFO:tenpy.tools.params:DMRG: reading 'P_tol_min'=5.0000000000000004e-30
INFO:tenpy.tools.params:DMRG: reading 'P_tol_max'=0.0001
INFO:tenpy.tools.params:DMRG: reading 'E_tol_to_trunc'=None
INFO:tenpy.algorithms.dmrg:Running sweep with optimization
INFO:tenpy.tools.params:DMRG: reading 'max_N_for_ED'=400
INFO:tenpy.tools.params:DMRG: reading 'update_env'=5
INFO:tenpy.algorithms.mps_common:start environment_sweep
INFO:tenpy.algorithms.dmrg:checkpoint after sweep 10
energy=-0.4847476688225190, max S=2.5466100190661551, age=198, norm_err=8.4e-03
Current memory usage 213.9MB, wall time: 46.7s
Delta E = nan, Delta S = 2.2253e-01 (per sweep)
max trunc_err = 1.9523e-07, max E_trunc = -6.8536e-09
chi: [256, 256, 256, 256, 256, 256]
================================================================================
INFO:tenpy.algorithms.dmrg:Running sweep with optimization
INFO:tenpy.algorithms.mps_common:start environment_sweep
INFO:tenpy.algorithms.dmrg:checkpoint after sweep 20
energy=-0.6926904531584009, max S=2.1751756370248225, age=378, norm_err=1.7e-02
Current memory usage 213.9MB, wall time: 49.3s
Delta E = -2.0794e-02, Delta S = -3.8936e-02 (per sweep)
max trunc_err = 1.9714e-07, max E_trunc = 3.0641e-09
chi: [256, 256, 256, 256, 256, 256]
================================================================================
INFO:tenpy.tools.params:DMRG: reading 'max_E_err'=1e-08
INFO:tenpy.tools.params:DMRG: reading 'max_S_err'=1e-05
INFO:tenpy.algorithms.dmrg:Running sweep with optimization
INFO:tenpy.algorithms.mps_common:start environment_sweep
INFO:tenpy.algorithms.dmrg:checkpoint after sweep 30
energy=-0.7165311509790749, max S=2.3002709466049516, age=558, norm_err=8.3e-02
Current memory usage 213.9MB, wall time: 49.8s
Delta E = -2.3841e-03, Delta S = 1.0220e-02 (per sweep)
max trunc_err = 4.7283e-08, max E_trunc = 1.0864e-08
chi: [256, 256, 256, 256, 256, 256]
================================================================================
INFO:tenpy.algorithms.dmrg:Running sweep with optimization
INFO:tenpy.algorithms.mps_common:start environment_sweep
INFO:tenpy.algorithms.dmrg:checkpoint after sweep 40
energy=0.5599362265325093, max S=2.4914338947148362, age=738, norm_err=1.6e-01
Current memory usage 213.9MB, wall time: 50.0s
Delta E = 1.2765e-01, Delta S = 1.9710e-02 (per sweep)
max trunc_err = 6.9443e-08, max E_trunc = 2.0309e-08
chi: [256, 256, 256, 256, 256, 256]
================================================================================
INFO:tenpy.algorithms.dmrg:Running sweep with optimization
INFO:tenpy.algorithms.mps_common:start environment_sweep
INFO:tenpy.algorithms.dmrg:checkpoint after sweep 50
energy=0.8912344067489831, max S=2.5943256029931279, age=918, norm_err=2.2e-01
Current memory usage 213.9MB, wall time: 50.4s
Delta E = 3.3130e-02, Delta S = 1.0100e-02 (per sweep)
max trunc_err = 1.2736e-07, max E_trunc = 2.1346e-08
chi: [256, 256, 256, 256, 256, 256]
================================================================================
INFO:tenpy.algorithms.dmrg:Running sweep with optimization
INFO:tenpy.algorithms.mps_common:start environment_sweep
INFO:tenpy.algorithms.dmrg:checkpoint after sweep 60
energy=1.7812861395950108, max S=1.8082043837576789, age=1098, norm_err=1.4e-01
Current memory usage 213.9MB, wall time: 50.2s
Delta E = 8.9005e-02, Delta S = -6.9215e-02 (per sweep)
max trunc_err = 3.9717e-08, max E_trunc = 1.4816e-08
chi: [256, 256, 256, 256, 256, 256]
================================================================================
INFO:tenpy.algorithms.dmrg:Running sweep with optimization
INFO:tenpy.algorithms.mps_common:start environment_sweep
INFO:tenpy.algorithms.dmrg:checkpoint after sweep 70
energy=-0.7143464278721486, max S=2.3790894106601446, age=1278, norm_err=1.0e-01
Current memory usage 213.9MB, wall time: 50.3s
Delta E = -2.4956e-01, Delta S = 4.8604e-02 (per sweep)
max trunc_err = 6.1275e-08, max E_trunc = 2.7470e-09
chi: [256, 256, 256, 256, 256, 256]
================================================================================
INFO:tenpy.algorithms.dmrg:Running sweep with optimization
INFO:tenpy.algorithms.mps_common:start environment_sweep
INFO:tenpy.algorithms.dmrg:checkpoint after sweep 80
energy=-0.7127092813525451, max S=2.2490909817799785, age=1458, norm_err=1.1e-01
Current memory usage 213.9MB, wall time: 49.7s
Delta E = 1.6371e-04, Delta S = -1.4661e-02 (per sweep)
max trunc_err = 7.3134e-08, max E_trunc = 1.2625e-08
chi: [256, 256, 256, 256, 256, 256]
================================================================================
INFO:tenpy.algorithms.dmrg:Running sweep with optimization
INFO:tenpy.algorithms.mps_common:start environment_sweep
INFO:tenpy.algorithms.dmrg:checkpoint after sweep 90
energy=-0.7130977708657156, max S=2.3768718658008612, age=1638, norm_err=1.5e-01
Current memory usage 213.9MB, wall time: 50.0s
Delta E = -3.8849e-05, Delta S = 1.4004e-02 (per sweep)
max trunc_err = 7.0011e-08, max E_trunc = 2.8433e-09
chi: [256, 256, 256, 256, 256, 256]
================================================================================
INFO:tenpy.algorithms.dmrg:Running sweep with optimization
INFO:tenpy.algorithms.mps_common:start environment_sweep
INFO:tenpy.algorithms.dmrg:checkpoint after sweep 100
energy=-0.0518230488647002, max S=2.8235100164427167, age=1818, norm_err=1.7e-01
Current memory usage 213.9MB, wall time: 50.1s
Delta E = 6.6127e-02, Delta S = 4.5122e-02 (per sweep)
max trunc_err = 1.7194e-07, max E_trunc = 3.5300e-09
chi: [256, 256, 256, 256, 256, 256]
================================================================================
INFO:tenpy.algorithms.dmrg:Running sweep with optimization
INFO:tenpy.algorithms.mps_common:start environment_sweep
INFO:tenpy.algorithms.dmrg:checkpoint after sweep 110
energy=-0.7156476476183494, max S=2.3888044942737885, age=1998, norm_err=1.6e-01
Current memory usage 213.9MB, wall time: 50.2s
Delta E = -6.6382e-02, Delta S = -4.4628e-02 (per sweep)
max trunc_err = 1.5193e-08, max E_trunc = 1.7876e-08
chi: [256, 256, 256, 256, 256, 256]
================================================================================
INFO:tenpy.algorithms.mps_common:TwoSiteDMRGEngine: Maximum number of sweeps reached
INFO:tenpy.tools.params:DMRG: reading 'norm_tol'=1e-05
INFO:tenpy.tools.params:DMRG: reading 'norm_tol_final'=1e-10
INFO:tenpy.tools.params:DMRG: reading 'norm_tol_iter'=5
WARNING:tenpy.algorithms.dmrg:final DMRG state not in canonical form up to norm_tol=1.00e-05: norm_err=1.62e-01
INFO:tenpy.algorithms.mps_common:start environment_sweep
INFO:tenpy.algorithms.mps_common:start environment_sweep
INFO:tenpy.algorithms.mps_common:start environment_sweep
INFO:tenpy.algorithms.mps_common:start environment_sweep
INFO:tenpy.algorithms.mps_common:start environment_sweep
WARNING:tenpy.algorithms.dmrg:final DMRG state not in canonical form up to norm_tol_final=1.00e-10: norm_err=1.03e-06, calling psi.canonical_form()
INFO:tenpy.algorithms.dmrg:TwoSiteDMRGEngine finished after 110 sweeps, max chi=256
INFO:tenpy.tools.params:DMRG: reading 'max_trunc_err'=0.0001
INFO:tenpy.tools.params:MixedHofstadterLandauGauge_Pi_2: reading 'explicit_plus_hc'=False
INFO:tenpy.tools.params:MixedHofstadterLandauGauge_Pi_2: reading 'Lx'=2
INFO:tenpy.tools.params:MixedHofstadterLandauGauge_Pi_2: setting 'N_rings'=2
INFO:tenpy.tools.params:MixedHofstadterLandauGauge_Pi_2: reading 'xy_lattice'='Square'
INFO:tenpy.tools.params:MixedHofstadterLandauGauge_Pi_2: reading 'Ly'=3
INFO:tenpy.tools.params:MixedHofstadterLandauGauge_Pi_2: reading 'ring_order'=None
INFO:tenpy.tools.params:MixedHofstadterLandauGauge_Pi_2: reading 'conserve_k'=True
INFO:tenpy.tools.params:MixedHofstadterLandauGauge_Pi_2: reading 'bc_MPS'='infinite'
INFO:tenpy.tools.params:MixedHofstadterLandauGauge_Pi_2: reading 't'=-1
INFO:tenpy.tools.params:MixedHofstadterLandauGauge_Pi_2: reading 't2'=-0.25
INFO:tenpy.tools.params:MixedHofstadterLandauGauge_Pi_2: reading 'V1'=0.6
INFO:tenpy.tools.params:MixedHofstadterLandauGauge_Pi_2: reading 'phi_ext'=np.float64(0.30000000000000004)
INFO:tenpy.tools.params:MixedHofstadterLandauGauge_Pi_2: reading 'sort_mpo_legs'=False
/home/t30/kna/ge54yin/Documents/MasterThesisFQHinTMDs/MPS_stuff/MPScalculations/.venv/lib/python3.12/site-packages/tenpy/tools/params.py:232: UserWarning: unused options for config MixedHofstadterLandauGauge_Pi_2:
['Delta', 'N_rings', 'Nsec', 'bc', 'chi_max', 'ktot', 'saveAll']
  warnings.warn(msg.format(keys=sorted(unused), name=self.name))
INFO:tenpy.tools.params:DMRG: reading 'active_sites'=2
INFO:tenpy.tools.params:DMRG: reading 'diag_method'='default'
INFO:tenpy.tools.params:DMRG: subconfig 'trunc_params'=Config(<5 options>, 'trunc_params')
INFO:tenpy.tools.params:DMRG: reading 'max_N_sites_per_ring'=18
INFO:tenpy.tools.params:DMRG: reading 'combine'=False
INFO:tenpy.tools.params:DMRG: subconfig 'lanczos_params'=Config(<9 options>, 'lanczos_params')
INFO:tenpy.tools.params:DMRG: reading 'chi_list'=None
INFO:tenpy.tools.params:DMRG: reading 'start_env'=1
INFO:tenpy.algorithms.mps_common:start environment_sweep
INFO:tenpy.tools.params:DMRG: reading 'N_sweeps_check'=10
INFO:tenpy.tools.params:DMRG: subconfig 'mixer_params'=Config(<3 options>, 'mixer_params')
INFO:tenpy.tools.params:DMRG: reading 'mixer'=None
INFO:tenpy.tools.params:DMRG: reading 'max_sweeps'=100
INFO:tenpy.tools.params:DMRG: reading 'max_hours'=8760
INFO:tenpy.tools.params:DMRG: reading 'P_tol_to_trunc'=0.05
INFO:tenpy.tools.params:DMRG: reading 'P_tol_min'=5.0000000000000004e-30
INFO:tenpy.tools.params:DMRG: reading 'P_tol_max'=0.0001
INFO:tenpy.tools.params:DMRG: reading 'E_tol_to_trunc'=None
INFO:tenpy.algorithms.dmrg:Running sweep with optimization
INFO:tenpy.tools.params:DMRG: reading 'max_N_for_ED'=400
INFO:tenpy.tools.params:DMRG: reading 'update_env'=5
INFO:tenpy.algorithms.mps_common:start environment_sweep
INFO:tenpy.algorithms.dmrg:checkpoint after sweep 10
energy=0.4028531255683774, max S=3.0679608083289223, age=198, norm_err=1.3e-01
Current memory usage 213.9MB, wall time: 46.2s
Delta E = nan, Delta S = 7.0684e-02 (per sweep)
max trunc_err = 1.4120e-08, max E_trunc = 5.4251e-08
chi: [256, 256, 256, 256, 256, 256]
================================================================================
INFO:tenpy.algorithms.dmrg:Running sweep with optimization
INFO:tenpy.algorithms.mps_common:start environment_sweep
INFO:tenpy.algorithms.dmrg:checkpoint after sweep 20
energy=-0.7091332132419031, max S=2.3556862513699635, age=378, norm_err=1.6e-01
Current memory usage 213.9MB, wall time: 46.2s
Delta E = -1.1120e-01, Delta S = -7.3446e-02 (per sweep)
max trunc_err = 7.4009e-08, max E_trunc = 3.1555e-09
chi: [256, 256, 256, 256, 256, 256]
================================================================================
INFO:tenpy.tools.params:DMRG: reading 'max_E_err'=1e-08
INFO:tenpy.tools.params:DMRG: reading 'max_S_err'=1e-05
INFO:tenpy.algorithms.dmrg:Running sweep with optimization
INFO:tenpy.algorithms.mps_common:start environment_sweep
INFO:tenpy.algorithms.dmrg:checkpoint after sweep 30
energy=-0.7097481426932101, max S=2.4185189955234123, age=558, norm_err=2.5e-01
Current memory usage 213.9MB, wall time: 50.2s
Delta E = -6.1493e-05, Delta S = 7.8741e-03 (per sweep)
max trunc_err = 7.0357e-08, max E_trunc = 2.1857e-08
chi: [256, 256, 256, 256, 256, 256]
================================================================================
INFO:tenpy.algorithms.dmrg:Running sweep with optimization
INFO:tenpy.algorithms.mps_common:start environment_sweep
INFO:tenpy.algorithms.dmrg:checkpoint after sweep 40
energy=0.9377524448388973, max S=1.0000131662932217, age=738, norm_err=4.3e-04
Current memory usage 213.9MB, wall time: 50.2s
Delta E = 1.6475e-01, Delta S = -1.5777e-01 (per sweep)
max trunc_err = 1.0131e-07, max E_trunc = 2.2483e-08
chi: [256, 256, 256, 256, 256, 256]
================================================================================
INFO:tenpy.algorithms.dmrg:Running sweep with optimization
INFO:tenpy.algorithms.mps_common:start environment_sweep
INFO:tenpy.algorithms.dmrg:checkpoint after sweep 50
energy=-0.7070126691533289, max S=2.4526220693513618, age=918, norm_err=1.8e-01
Current memory usage 213.9MB, wall time: 50.5s
Delta E = -1.6448e-01, Delta S = 1.5986e-01 (per sweep)
max trunc_err = 2.0001e-07, max E_trunc = 1.8232e-08
chi: [256, 256, 256, 256, 256, 256]
================================================================================
INFO:tenpy.algorithms.dmrg:Running sweep with optimization
INFO:tenpy.algorithms.mps_common:start environment_sweep
INFO:tenpy.algorithms.dmrg:checkpoint after sweep 60
energy=-0.6992679711476626, max S=2.4634355341702214, age=1098, norm_err=1.0e-01
Current memory usage 213.9MB, wall time: 50.1s
Delta E = 7.7447e-04, Delta S = 1.5771e-03 (per sweep)
max trunc_err = 9.0494e-08, max E_trunc = 3.1997e-09
chi: [256, 256, 256, 256, 256, 256]
================================================================================
INFO:tenpy.algorithms.dmrg:Running sweep with optimization
INFO:tenpy.algorithms.mps_common:start environment_sweep
INFO:tenpy.algorithms.dmrg:checkpoint after sweep 70
energy=1.6966584036159891, max S=2.5858275672064770, age=1278, norm_err=2.4e-01
Current memory usage 213.9MB, wall time: 50.0s
Delta E = 2.3959e-01, Delta S = 3.0657e-03 (per sweep)
max trunc_err = 1.9331e-07, max E_trunc = 2.1047e-08
chi: [256, 256, 256, 256, 256, 256]
================================================================================
INFO:tenpy.algorithms.dmrg:Running sweep with optimization
INFO:tenpy.algorithms.mps_common:start environment_sweep
INFO:tenpy.algorithms.dmrg:checkpoint after sweep 80
energy=-0.7050843075183290, max S=2.4742065455970486, age=1458, norm_err=2.0e-01
Current memory usage 213.9MB, wall time: 50.0s
Delta E = -2.4017e-01, Delta S = -3.5739e-03 (per sweep)
max trunc_err = 1.4565e-07, max E_trunc = 2.2701e-08
chi: [256, 256, 256, 256, 256, 256]
================================================================================
INFO:tenpy.algorithms.dmrg:Running sweep with optimization
INFO:tenpy.algorithms.mps_common:start environment_sweep
INFO:tenpy.algorithms.dmrg:checkpoint after sweep 90
energy=-0.7010515969364519, max S=2.4335276944545567, age=1638, norm_err=1.8e-01
Current memory usage 213.9MB, wall time: 49.9s
Delta E = 4.0327e-04, Delta S = -1.6249e-03 (per sweep)
max trunc_err = 1.2706e-07, max E_trunc = 1.3536e-08
chi: [256, 256, 256, 256, 256, 256]
================================================================================
INFO:tenpy.algorithms.dmrg:Running sweep with optimization
INFO:tenpy.algorithms.mps_common:start environment_sweep
INFO:tenpy.algorithms.dmrg:checkpoint after sweep 100
energy=0.8778592071856982, max S=1.0557152527139859, age=1818, norm_err=1.3e-02
Current memory usage 213.9MB, wall time: 50.1s
Delta E = 1.5789e-01, Delta S = -1.4009e-01 (per sweep)
max trunc_err = 2.1167e-08, max E_trunc = 1.0196e-08
chi: [256, 256, 256, 256, 256, 256]
================================================================================
INFO:tenpy.algorithms.dmrg:Running sweep with optimization
INFO:tenpy.algorithms.mps_common:start environment_sweep
INFO:tenpy.algorithms.dmrg:checkpoint after sweep 110
energy=-0.7149100228510482, max S=2.4789264893725105, age=1998, norm_err=3.7e-01
Current memory usage 213.9MB, wall time: 50.6s
Delta E = -1.5928e-01, Delta S = 1.4129e-01 (per sweep)
max trunc_err = 6.0980e-08, max E_trunc = 4.0209e-08
chi: [256, 256, 256, 256, 256, 256]
================================================================================
INFO:tenpy.algorithms.mps_common:TwoSiteDMRGEngine: Maximum number of sweeps reached
INFO:tenpy.tools.params:DMRG: reading 'norm_tol'=1e-05
INFO:tenpy.tools.params:DMRG: reading 'norm_tol_final'=1e-10
INFO:tenpy.tools.params:DMRG: reading 'norm_tol_iter'=5
WARNING:tenpy.algorithms.dmrg:final DMRG state not in canonical form up to norm_tol=1.00e-05: norm_err=3.70e-01
INFO:tenpy.algorithms.mps_common:start environment_sweep
INFO:tenpy.algorithms.mps_common:start environment_sweep
INFO:tenpy.algorithms.mps_common:start environment_sweep
INFO:tenpy.algorithms.mps_common:start environment_sweep
INFO:tenpy.algorithms.mps_common:start environment_sweep
WARNING:tenpy.algorithms.dmrg:norm_err=1.12e-04 still too high after environment_sweeps
WARNING:tenpy.algorithms.dmrg:final DMRG state not in canonical form up to norm_tol_final=1.00e-10: norm_err=1.12e-04, calling psi.canonical_form()
INFO:tenpy.algorithms.dmrg:TwoSiteDMRGEngine finished after 110 sweeps, max chi=256
INFO:tenpy.tools.params:DMRG: reading 'max_trunc_err'=0.0001
INFO:tenpy.tools.params:MixedHofstadterLandauGauge_Pi_2: reading 'explicit_plus_hc'=False
INFO:tenpy.tools.params:MixedHofstadterLandauGauge_Pi_2: reading 'Lx'=2
INFO:tenpy.tools.params:MixedHofstadterLandauGauge_Pi_2: setting 'N_rings'=2
INFO:tenpy.tools.params:MixedHofstadterLandauGauge_Pi_2: reading 'xy_lattice'='Square'
INFO:tenpy.tools.params:MixedHofstadterLandauGauge_Pi_2: reading 'Ly'=3
INFO:tenpy.tools.params:MixedHofstadterLandauGauge_Pi_2: reading 'ring_order'=None
INFO:tenpy.tools.params:MixedHofstadterLandauGauge_Pi_2: reading 'conserve_k'=True
INFO:tenpy.tools.params:MixedHofstadterLandauGauge_Pi_2: reading 'bc_MPS'='infinite'
INFO:tenpy.tools.params:MixedHofstadterLandauGauge_Pi_2: reading 't'=-1
INFO:tenpy.tools.params:MixedHofstadterLandauGauge_Pi_2: reading 't2'=-0.25
INFO:tenpy.tools.params:MixedHofstadterLandauGauge_Pi_2: reading 'V1'=0.6
INFO:tenpy.tools.params:MixedHofstadterLandauGauge_Pi_2: reading 'phi_ext'=np.float64(0.35000000000000003)
INFO:tenpy.tools.params:MixedHofstadterLandauGauge_Pi_2: reading 'sort_mpo_legs'=False
/home/t30/kna/ge54yin/Documents/MasterThesisFQHinTMDs/MPS_stuff/MPScalculations/.venv/lib/python3.12/site-packages/tenpy/tools/params.py:232: UserWarning: unused options for config MixedHofstadterLandauGauge_Pi_2:
['Delta', 'N_rings', 'Nsec', 'bc', 'chi_max', 'ktot', 'saveAll']
  warnings.warn(msg.format(keys=sorted(unused), name=self.name))
INFO:tenpy.tools.params:DMRG: reading 'active_sites'=2
INFO:tenpy.tools.params:DMRG: reading 'diag_method'='default'
INFO:tenpy.tools.params:DMRG: subconfig 'trunc_params'=Config(<5 options>, 'trunc_params')
INFO:tenpy.tools.params:DMRG: reading 'max_N_sites_per_ring'=18
INFO:tenpy.tools.params:DMRG: reading 'combine'=False
INFO:tenpy.tools.params:DMRG: subconfig 'lanczos_params'=Config(<9 options>, 'lanczos_params')
INFO:tenpy.tools.params:DMRG: reading 'chi_list'=None
INFO:tenpy.tools.params:DMRG: reading 'start_env'=1
INFO:tenpy.algorithms.mps_common:start environment_sweep
INFO:tenpy.tools.params:DMRG: reading 'N_sweeps_check'=10
INFO:tenpy.tools.params:DMRG: subconfig 'mixer_params'=Config(<3 options>, 'mixer_params')
INFO:tenpy.tools.params:DMRG: reading 'mixer'=None
INFO:tenpy.tools.params:DMRG: reading 'max_sweeps'=100
INFO:tenpy.tools.params:DMRG: reading 'max_hours'=8760
INFO:tenpy.tools.params:DMRG: reading 'P_tol_to_trunc'=0.05
INFO:tenpy.tools.params:DMRG: reading 'P_tol_min'=5.0000000000000004e-30
INFO:tenpy.tools.params:DMRG: reading 'P_tol_max'=0.0001
INFO:tenpy.tools.params:DMRG: reading 'E_tol_to_trunc'=None
INFO:tenpy.algorithms.dmrg:Running sweep with optimization
INFO:tenpy.tools.params:DMRG: reading 'max_N_for_ED'=400
INFO:tenpy.tools.params:DMRG: reading 'update_env'=5
INFO:tenpy.algorithms.mps_common:start environment_sweep
INFO:tenpy.algorithms.dmrg:checkpoint after sweep 10
energy=-0.6318358880493307, max S=3.1597195146670116, age=198, norm_err=2.2e-02
Current memory usage 213.9MB, wall time: 48.1s
Delta E = nan, Delta S = 5.8510e-02 (per sweep)
max trunc_err = 3.1816e-08, max E_trunc = 4.0021e-08
chi: [256, 256, 256, 256, 256, 256]
================================================================================
INFO:tenpy.algorithms.dmrg:Running sweep with optimization
INFO:tenpy.algorithms.mps_common:start environment_sweep
INFO:tenpy.algorithms.dmrg:checkpoint after sweep 20
energy=-0.6518437661860190, max S=2.8877619114174786, age=378, norm_err=1.3e-02
Current memory usage 213.9MB, wall time: 49.8s
Delta E = -2.0008e-03, Delta S = -3.0740e-02 (per sweep)
max trunc_err = 1.4958e-08, max E_trunc = 5.9825e-08
chi: [256, 256, 256, 256, 256, 256]
================================================================================
INFO:tenpy.tools.params:DMRG: reading 'max_E_err'=1e-08
INFO:tenpy.tools.params:DMRG: reading 'max_S_err'=1e-05
INFO:tenpy.algorithms.dmrg:Running sweep with optimization
INFO:tenpy.algorithms.mps_common:start environment_sweep
INFO:tenpy.algorithms.dmrg:checkpoint after sweep 30
energy=-0.7014818908390671, max S=2.3554632262410502, age=558, norm_err=1.5e-01
Current memory usage 213.9MB, wall time: 49.7s
Delta E = -4.9638e-03, Delta S = -4.4255e-02 (per sweep)
max trunc_err = 6.5844e-08, max E_trunc = 4.4655e-08
chi: [256, 256, 256, 256, 256, 256]
================================================================================
INFO:tenpy.algorithms.dmrg:Running sweep with optimization
INFO:tenpy.algorithms.mps_common:start environment_sweep
INFO:tenpy.algorithms.dmrg:checkpoint after sweep 40
energy=-0.7058278529427090, max S=2.4493905972655670, age=738, norm_err=1.3e-01
Current memory usage 213.9MB, wall time: 49.8s
Delta E = -4.3460e-04, Delta S = 1.0359e-02 (per sweep)
max trunc_err = 4.3173e-08, max E_trunc = 5.3134e-08
chi: [256, 256, 256, 256, 256, 256]
================================================================================
INFO:tenpy.algorithms.dmrg:Running sweep with optimization
INFO:tenpy.algorithms.mps_common:start environment_sweep
INFO:tenpy.algorithms.dmrg:checkpoint after sweep 50
energy=-0.7037593146335818, max S=2.5448555419882624, age=918, norm_err=1.0e-01
Current memory usage 213.9MB, wall time: 49.9s
Delta E = 2.0685e-04, Delta S = 8.3500e-03 (per sweep)
max trunc_err = 9.1961e-08, max E_trunc = 1.6153e-08
chi: [256, 256, 256, 256, 256, 256]
================================================================================
INFO:tenpy.algorithms.dmrg:Running sweep with optimization
INFO:tenpy.algorithms.mps_common:start environment_sweep
INFO:tenpy.algorithms.dmrg:checkpoint after sweep 60
energy=-0.7067530171307604, max S=2.4954451718971176, age=1098, norm_err=2.1e-01
Current memory usage 213.9MB, wall time: 49.9s
Delta E = -2.9937e-04, Delta S = -4.4572e-03 (per sweep)
max trunc_err = 8.7576e-08, max E_trunc = 9.4071e-09
chi: [256, 256, 256, 256, 256, 256]
================================================================================
INFO:tenpy.algorithms.dmrg:Running sweep with optimization
INFO:tenpy.algorithms.mps_common:start environment_sweep
INFO:tenpy.algorithms.dmrg:checkpoint after sweep 70
energy=-0.7107693132393630, max S=2.4443442726096403, age=1278, norm_err=2.3e-01
Current memory usage 213.9MB, wall time: 50.1s
Delta E = -4.0163e-04, Delta S = -4.8421e-03 (per sweep)
max trunc_err = 1.0571e-07, max E_trunc = 2.8860e-08
chi: [256, 256, 256, 256, 256, 256]
================================================================================
INFO:tenpy.algorithms.dmrg:Running sweep with optimization
INFO:tenpy.algorithms.mps_common:start environment_sweep
INFO:tenpy.algorithms.dmrg:checkpoint after sweep 80
energy=-0.7118904881658447, max S=2.4519951079501840, age=1458, norm_err=2.7e-01
Current memory usage 213.9MB, wall time: 49.9s
Delta E = -1.1212e-04, Delta S = -3.6366e-05 (per sweep)
max trunc_err = 1.2629e-07, max E_trunc = 2.4020e-08
chi: [256, 256, 256, 256, 256, 256]
================================================================================
INFO:tenpy.algorithms.dmrg:Running sweep with optimization
INFO:tenpy.algorithms.mps_common:start environment_sweep
INFO:tenpy.algorithms.dmrg:checkpoint after sweep 90
energy=-0.7096966704218820, max S=2.4476188729751431, age=1638, norm_err=1.9e-01
Current memory usage 213.9MB, wall time: 49.9s
Delta E = 2.1938e-04, Delta S = -1.9088e-04 (per sweep)
max trunc_err = 9.6677e-08, max E_trunc = 2.0735e-08
chi: [256, 256, 256, 256, 256, 256]
================================================================================
INFO:tenpy.algorithms.dmrg:Running sweep with optimization
INFO:tenpy.algorithms.mps_common:start environment_sweep
INFO:tenpy.algorithms.dmrg:checkpoint after sweep 100
energy=-0.7105705021156155, max S=2.4801028579912092, age=1818, norm_err=2.0e-01
Current memory usage 213.9MB, wall time: 49.9s
Delta E = -8.7383e-05, Delta S = 9.2724e-04 (per sweep)
max trunc_err = 8.2815e-08, max E_trunc = 2.5636e-08
chi: [256, 256, 256, 256, 256, 256]
================================================================================
INFO:tenpy.algorithms.dmrg:Running sweep with optimization
INFO:tenpy.algorithms.mps_common:start environment_sweep
INFO:tenpy.algorithms.dmrg:checkpoint after sweep 110
energy=-0.7044393282685443, max S=2.5115825040006499, age=1998, norm_err=1.2e-01
Current memory usage 213.9MB, wall time: 50.1s
Delta E = 6.1312e-04, Delta S = 4.3324e-03 (per sweep)
max trunc_err = 8.8855e-08, max E_trunc = 1.2403e-08
chi: [256, 256, 256, 256, 256, 256]
================================================================================
INFO:tenpy.algorithms.mps_common:TwoSiteDMRGEngine: Maximum number of sweeps reached
INFO:tenpy.tools.params:DMRG: reading 'norm_tol'=1e-05
INFO:tenpy.tools.params:DMRG: reading 'norm_tol_final'=1e-10
INFO:tenpy.tools.params:DMRG: reading 'norm_tol_iter'=5
WARNING:tenpy.algorithms.dmrg:final DMRG state not in canonical form up to norm_tol=1.00e-05: norm_err=1.18e-01
INFO:tenpy.algorithms.mps_common:start environment_sweep
INFO:tenpy.algorithms.mps_common:start environment_sweep
INFO:tenpy.algorithms.mps_common:start environment_sweep
INFO:tenpy.algorithms.mps_common:start environment_sweep
WARNING:tenpy.algorithms.dmrg:final DMRG state not in canonical form up to norm_tol_final=1.00e-10: norm_err=2.99e-06, calling psi.canonical_form()
INFO:tenpy.algorithms.dmrg:TwoSiteDMRGEngine finished after 110 sweeps, max chi=256
INFO:tenpy.tools.params:DMRG: reading 'max_trunc_err'=0.0001
INFO:tenpy.tools.params:MixedHofstadterLandauGauge_Pi_2: reading 'explicit_plus_hc'=False
INFO:tenpy.tools.params:MixedHofstadterLandauGauge_Pi_2: reading 'Lx'=2
INFO:tenpy.tools.params:MixedHofstadterLandauGauge_Pi_2: setting 'N_rings'=2
INFO:tenpy.tools.params:MixedHofstadterLandauGauge_Pi_2: reading 'xy_lattice'='Square'
INFO:tenpy.tools.params:MixedHofstadterLandauGauge_Pi_2: reading 'Ly'=3
INFO:tenpy.tools.params:MixedHofstadterLandauGauge_Pi_2: reading 'ring_order'=None
INFO:tenpy.tools.params:MixedHofstadterLandauGauge_Pi_2: reading 'conserve_k'=True
INFO:tenpy.tools.params:MixedHofstadterLandauGauge_Pi_2: reading 'bc_MPS'='infinite'
INFO:tenpy.tools.params:MixedHofstadterLandauGauge_Pi_2: reading 't'=-1
INFO:tenpy.tools.params:MixedHofstadterLandauGauge_Pi_2: reading 't2'=-0.25
INFO:tenpy.tools.params:MixedHofstadterLandauGauge_Pi_2: reading 'V1'=0.6
INFO:tenpy.tools.params:MixedHofstadterLandauGauge_Pi_2: reading 'phi_ext'=np.float64(0.4)
INFO:tenpy.tools.params:MixedHofstadterLandauGauge_Pi_2: reading 'sort_mpo_legs'=False
/home/t30/kna/ge54yin/Documents/MasterThesisFQHinTMDs/MPS_stuff/MPScalculations/.venv/lib/python3.12/site-packages/tenpy/tools/params.py:232: UserWarning: unused options for config MixedHofstadterLandauGauge_Pi_2:
['Delta', 'N_rings', 'Nsec', 'bc', 'chi_max', 'ktot', 'saveAll']
  warnings.warn(msg.format(keys=sorted(unused), name=self.name))
INFO:tenpy.tools.params:DMRG: reading 'active_sites'=2
INFO:tenpy.tools.params:DMRG: reading 'diag_method'='default'
INFO:tenpy.tools.params:DMRG: subconfig 'trunc_params'=Config(<5 options>, 'trunc_params')
INFO:tenpy.tools.params:DMRG: reading 'max_N_sites_per_ring'=18
INFO:tenpy.tools.params:DMRG: reading 'combine'=False
INFO:tenpy.tools.params:DMRG: subconfig 'lanczos_params'=Config(<9 options>, 'lanczos_params')
INFO:tenpy.tools.params:DMRG: reading 'chi_list'=None
INFO:tenpy.tools.params:DMRG: reading 'start_env'=1
INFO:tenpy.algorithms.mps_common:start environment_sweep
INFO:tenpy.tools.params:DMRG: reading 'N_sweeps_check'=10
INFO:tenpy.tools.params:DMRG: subconfig 'mixer_params'=Config(<3 options>, 'mixer_params')
INFO:tenpy.tools.params:DMRG: reading 'mixer'=None
INFO:tenpy.tools.params:DMRG: reading 'max_sweeps'=100
INFO:tenpy.tools.params:DMRG: reading 'max_hours'=8760
INFO:tenpy.tools.params:DMRG: reading 'P_tol_to_trunc'=0.05
INFO:tenpy.tools.params:DMRG: reading 'P_tol_min'=5.0000000000000004e-30
INFO:tenpy.tools.params:DMRG: reading 'P_tol_max'=0.0001
INFO:tenpy.tools.params:DMRG: reading 'E_tol_to_trunc'=None
INFO:tenpy.algorithms.dmrg:Running sweep with optimization
INFO:tenpy.tools.params:DMRG: reading 'max_N_for_ED'=400
INFO:tenpy.tools.params:DMRG: reading 'update_env'=5
INFO:tenpy.algorithms.mps_common:start environment_sweep
INFO:tenpy.algorithms.dmrg:checkpoint after sweep 10
energy=-0.7042918467161124, max S=2.4378268733836368, age=198, norm_err=1.4e-01
Current memory usage 214.6MB, wall time: 50.5s
Delta E = nan, Delta S = -2.9934e-03 (per sweep)
max trunc_err = 1.8108e-08, max E_trunc = 4.7574e-08
chi: [256, 256, 256, 256, 256, 256]
================================================================================
INFO:tenpy.algorithms.dmrg:Running sweep with optimization
INFO:tenpy.algorithms.mps_common:start environment_sweep
INFO:tenpy.algorithms.dmrg:checkpoint after sweep 20
energy=-0.7100673998943753, max S=2.5159029200551668, age=378, norm_err=1.5e-01
Current memory usage 214.6MB, wall time: 50.5s
Delta E = -5.7756e-04, Delta S = 4.7697e-03 (per sweep)
max trunc_err = 7.8510e-08, max E_trunc = 6.5582e-08
chi: [256, 256, 256, 256, 256, 256]
================================================================================
INFO:tenpy.tools.params:DMRG: reading 'max_E_err'=1e-08
INFO:tenpy.tools.params:DMRG: reading 'max_S_err'=1e-05
INFO:tenpy.algorithms.dmrg:Running sweep with optimization
INFO:tenpy.algorithms.mps_common:start environment_sweep
INFO:tenpy.algorithms.dmrg:checkpoint after sweep 30
energy=-0.7090619987140533, max S=2.5089948141421510, age=558, norm_err=1.8e-01
Current memory usage 214.6MB, wall time: 50.3s
Delta E = 1.0054e-04, Delta S = 7.4327e-04 (per sweep)
max trunc_err = 5.8500e-08, max E_trunc = 4.2219e-08
chi: [256, 256, 256, 256, 256, 256]
================================================================================
INFO:tenpy.algorithms.dmrg:Running sweep with optimization
INFO:tenpy.algorithms.mps_common:start environment_sweep
INFO:tenpy.algorithms.dmrg:checkpoint after sweep 40
energy=-0.7081918804027035, max S=2.4950326375040088, age=738, norm_err=1.6e-01
Current memory usage 214.6MB, wall time: 50.2s
Delta E = 8.7012e-05, Delta S = -2.7799e-03 (per sweep)
max trunc_err = 7.4268e-08, max E_trunc = 2.6644e-08
chi: [256, 256, 256, 256, 256, 256]
================================================================================
INFO:tenpy.algorithms.dmrg:Running sweep with optimization
INFO:tenpy.algorithms.mps_common:start environment_sweep
INFO:tenpy.algorithms.dmrg:checkpoint after sweep 50
energy=-0.7104973583375624, max S=2.5313967472396914, age=918, norm_err=2.2e-01
Current memory usage 214.6MB, wall time: 50.4s
Delta E = -2.3055e-04, Delta S = 3.0709e-03 (per sweep)
max trunc_err = 7.0577e-08, max E_trunc = 9.9510e-09
chi: [256, 256, 256, 256, 256, 256]
================================================================================
INFO:tenpy.algorithms.dmrg:Running sweep with optimization
INFO:tenpy.algorithms.mps_common:start environment_sweep
INFO:tenpy.algorithms.dmrg:checkpoint after sweep 60
energy=-0.7084287775556106, max S=2.4812711904478717, age=1098, norm_err=1.4e-01
Current memory usage 214.6MB, wall time: 50.3s
Delta E = 2.0686e-04, Delta S = -3.8732e-03 (per sweep)
max trunc_err = 5.5565e-08, max E_trunc = 1.0944e-07
chi: [256, 256, 256, 256, 256, 256]
================================================================================
INFO:tenpy.algorithms.dmrg:Running sweep with optimization
INFO:tenpy.algorithms.mps_common:start environment_sweep
INFO:tenpy.algorithms.dmrg:checkpoint after sweep 70
energy=-0.7103503041363032, max S=2.4791742103689653, age=1278, norm_err=1.9e-01
Current memory usage 214.6MB, wall time: 50.3s
Delta E = -1.9215e-04, Delta S = -5.6116e-04 (per sweep)
max trunc_err = 9.5678e-08, max E_trunc = 3.2021e-08
chi: [256, 256, 256, 256, 256, 256]
================================================================================
INFO:tenpy.algorithms.dmrg:Running sweep with optimization
INFO:tenpy.algorithms.mps_common:start environment_sweep
INFO:tenpy.algorithms.dmrg:checkpoint after sweep 80
energy=-0.7092538126080967, max S=2.5029694235438376, age=1458, norm_err=1.6e-01
Current memory usage 214.6MB, wall time: 50.2s
Delta E = 1.0965e-04, Delta S = 3.3845e-03 (per sweep)
max trunc_err = 4.1991e-08, max E_trunc = 3.6586e-08
chi: [256, 256, 256, 256, 256, 256]
================================================================================
INFO:tenpy.algorithms.dmrg:Running sweep with optimization
INFO:tenpy.algorithms.mps_common:start environment_sweep
INFO:tenpy.algorithms.dmrg:checkpoint after sweep 90
energy=-0.7096542940883523, max S=2.4818230412415612, age=1638, norm_err=1.9e-01
Current memory usage 214.6MB, wall time: 50.1s
Delta E = -4.0048e-05, Delta S = -3.5199e-03 (per sweep)
max trunc_err = 9.1722e-08, max E_trunc = 6.6045e-09
chi: [256, 256, 256, 256, 256, 256]
================================================================================
INFO:tenpy.algorithms.dmrg:Running sweep with optimization
INFO:tenpy.algorithms.mps_common:start environment_sweep
INFO:tenpy.algorithms.dmrg:checkpoint after sweep 100
energy=-0.6750803451638490, max S=2.5630868821288173, age=1818, norm_err=1.6e-01
Current memory usage 214.6MB, wall time: 50.1s
Delta E = 3.4574e-03, Delta S = 7.1977e-03 (per sweep)
max trunc_err = 6.0551e-08, max E_trunc = 3.2538e-08
chi: [256, 256, 256, 256, 256, 256]
================================================================================
INFO:tenpy.algorithms.dmrg:Running sweep with optimization
INFO:tenpy.algorithms.mps_common:start environment_sweep
INFO:tenpy.algorithms.dmrg:checkpoint after sweep 110
energy=-0.7093179369487643, max S=2.5423119707204695, age=1998, norm_err=1.6e-01
Current memory usage 214.6MB, wall time: 50.0s
Delta E = -3.4238e-03, Delta S = -1.9354e-03 (per sweep)
max trunc_err = 5.7615e-08, max E_trunc = 3.4576e-08
chi: [256, 256, 256, 256, 256, 256]
================================================================================
INFO:tenpy.algorithms.mps_common:TwoSiteDMRGEngine: Maximum number of sweeps reached
INFO:tenpy.tools.params:DMRG: reading 'norm_tol'=1e-05
INFO:tenpy.tools.params:DMRG: reading 'norm_tol_final'=1e-10
INFO:tenpy.tools.params:DMRG: reading 'norm_tol_iter'=5
WARNING:tenpy.algorithms.dmrg:final DMRG state not in canonical form up to norm_tol=1.00e-05: norm_err=1.62e-01
INFO:tenpy.algorithms.mps_common:start environment_sweep
INFO:tenpy.algorithms.mps_common:start environment_sweep
INFO:tenpy.algorithms.mps_common:start environment_sweep
INFO:tenpy.algorithms.mps_common:start environment_sweep
INFO:tenpy.algorithms.mps_common:start environment_sweep
WARNING:tenpy.algorithms.dmrg:final DMRG state not in canonical form up to norm_tol_final=1.00e-10: norm_err=9.88e-07, calling psi.canonical_form()
INFO:tenpy.algorithms.dmrg:TwoSiteDMRGEngine finished after 110 sweeps, max chi=256
INFO:tenpy.tools.params:DMRG: reading 'max_trunc_err'=0.0001
INFO:tenpy.tools.params:MixedHofstadterLandauGauge_Pi_2: reading 'explicit_plus_hc'=False
INFO:tenpy.tools.params:MixedHofstadterLandauGauge_Pi_2: reading 'Lx'=2
INFO:tenpy.tools.params:MixedHofstadterLandauGauge_Pi_2: setting 'N_rings'=2
INFO:tenpy.tools.params:MixedHofstadterLandauGauge_Pi_2: reading 'xy_lattice'='Square'
INFO:tenpy.tools.params:MixedHofstadterLandauGauge_Pi_2: reading 'Ly'=3
INFO:tenpy.tools.params:MixedHofstadterLandauGauge_Pi_2: reading 'ring_order'=None
INFO:tenpy.tools.params:MixedHofstadterLandauGauge_Pi_2: reading 'conserve_k'=True
INFO:tenpy.tools.params:MixedHofstadterLandauGauge_Pi_2: reading 'bc_MPS'='infinite'
INFO:tenpy.tools.params:MixedHofstadterLandauGauge_Pi_2: reading 't'=-1
INFO:tenpy.tools.params:MixedHofstadterLandauGauge_Pi_2: reading 't2'=-0.25
INFO:tenpy.tools.params:MixedHofstadterLandauGauge_Pi_2: reading 'V1'=0.6
INFO:tenpy.tools.params:MixedHofstadterLandauGauge_Pi_2: reading 'phi_ext'=np.float64(0.45)
INFO:tenpy.tools.params:MixedHofstadterLandauGauge_Pi_2: reading 'sort_mpo_legs'=False
/home/t30/kna/ge54yin/Documents/MasterThesisFQHinTMDs/MPS_stuff/MPScalculations/.venv/lib/python3.12/site-packages/tenpy/tools/params.py:232: UserWarning: unused options for config MixedHofstadterLandauGauge_Pi_2:
['Delta', 'N_rings', 'Nsec', 'bc', 'chi_max', 'ktot', 'saveAll']
  warnings.warn(msg.format(keys=sorted(unused), name=self.name))
INFO:tenpy.tools.params:DMRG: reading 'active_sites'=2
INFO:tenpy.tools.params:DMRG: reading 'diag_method'='default'
INFO:tenpy.tools.params:DMRG: subconfig 'trunc_params'=Config(<5 options>, 'trunc_params')
INFO:tenpy.tools.params:DMRG: reading 'max_N_sites_per_ring'=18
INFO:tenpy.tools.params:DMRG: reading 'combine'=False
INFO:tenpy.tools.params:DMRG: subconfig 'lanczos_params'=Config(<9 options>, 'lanczos_params')
INFO:tenpy.tools.params:DMRG: reading 'chi_list'=None
INFO:tenpy.tools.params:DMRG: reading 'start_env'=1
INFO:tenpy.algorithms.mps_common:start environment_sweep
INFO:tenpy.tools.params:DMRG: reading 'N_sweeps_check'=10
INFO:tenpy.tools.params:DMRG: subconfig 'mixer_params'=Config(<3 options>, 'mixer_params')
INFO:tenpy.tools.params:DMRG: reading 'mixer'=None
INFO:tenpy.tools.params:DMRG: reading 'max_sweeps'=100
INFO:tenpy.tools.params:DMRG: reading 'max_hours'=8760
INFO:tenpy.tools.params:DMRG: reading 'P_tol_to_trunc'=0.05
INFO:tenpy.tools.params:DMRG: reading 'P_tol_min'=5.0000000000000004e-30
INFO:tenpy.tools.params:DMRG: reading 'P_tol_max'=0.0001
INFO:tenpy.tools.params:DMRG: reading 'E_tol_to_trunc'=None
INFO:tenpy.algorithms.dmrg:Running sweep with optimization
INFO:tenpy.tools.params:DMRG: reading 'max_N_for_ED'=400
INFO:tenpy.tools.params:DMRG: reading 'update_env'=5
INFO:tenpy.algorithms.mps_common:start environment_sweep
INFO:tenpy.algorithms.dmrg:checkpoint after sweep 10
energy=-0.7098235340964152, max S=2.5273435282329384, age=198, norm_err=7.7e-02
Current memory usage 215.1MB, wall time: 49.9s
Delta E = nan, Delta S = 2.1372e-03 (per sweep)
max trunc_err = 5.8128e-08, max E_trunc = 1.5046e-07
chi: [256, 256, 256, 256, 256, 256]
================================================================================
INFO:tenpy.algorithms.dmrg:Running sweep with optimization
INFO:tenpy.algorithms.mps_common:start environment_sweep
INFO:tenpy.algorithms.dmrg:checkpoint after sweep 20
energy=-0.7093247443285501, max S=2.5083582947028584, age=378, norm_err=7.2e-02
Current memory usage 215.1MB, wall time: 50.2s
Delta E = 4.9879e-05, Delta S = -5.5147e-04 (per sweep)
max trunc_err = 3.1384e-08, max E_trunc = 1.0539e-07
chi: [256, 256, 256, 256, 256, 256]
================================================================================
INFO:tenpy.tools.params:DMRG: reading 'max_E_err'=1e-08
INFO:tenpy.tools.params:DMRG: reading 'max_S_err'=1e-05
INFO:tenpy.algorithms.dmrg:Running sweep with optimization
INFO:tenpy.algorithms.mps_common:start environment_sweep
INFO:tenpy.algorithms.dmrg:checkpoint after sweep 30
energy=-0.7087429350605229, max S=2.5520444590881985, age=558, norm_err=6.6e-02
Current memory usage 215.1MB, wall time: 50.3s
Delta E = 5.8181e-05, Delta S = 2.8632e-03 (per sweep)
max trunc_err = 4.2526e-08, max E_trunc = 2.8816e-08
chi: [256, 256, 256, 256, 256, 256]
================================================================================
INFO:tenpy.algorithms.dmrg:Running sweep with optimization
INFO:tenpy.algorithms.mps_common:start environment_sweep
INFO:tenpy.algorithms.dmrg:checkpoint after sweep 40
energy=-0.7078436916124531, max S=2.5492602745917594, age=738, norm_err=1.1e-01
Current memory usage 215.1MB, wall time: 50.4s
Delta E = 8.9924e-05, Delta S = -1.6274e-04 (per sweep)
max trunc_err = 4.0141e-08, max E_trunc = 1.2009e-07
chi: [256, 256, 256, 256, 256, 256]
================================================================================
INFO:tenpy.algorithms.dmrg:Running sweep with optimization
INFO:tenpy.algorithms.mps_common:start environment_sweep
INFO:tenpy.algorithms.dmrg:checkpoint after sweep 50
energy=-0.7098560393437197, max S=2.3367413476669086, age=918, norm_err=1.6e-01
Current memory usage 215.1MB, wall time: 50.4s
Delta E = -2.0123e-04, Delta S = -2.2145e-02 (per sweep)
max trunc_err = 5.7529e-08, max E_trunc = 2.0132e-09
chi: [256, 256, 256, 256, 256, 256]
================================================================================
INFO:tenpy.algorithms.dmrg:Running sweep with optimization
INFO:tenpy.algorithms.mps_common:start environment_sweep
INFO:tenpy.algorithms.dmrg:checkpoint after sweep 60
energy=-0.7080792476239613, max S=2.4797264764347502, age=1098, norm_err=9.6e-02
Current memory usage 215.1MB, wall time: 50.0s
Delta E = 1.7768e-04, Delta S = 1.5201e-02 (per sweep)
max trunc_err = 2.7262e-08, max E_trunc = 1.7381e-08
chi: [256, 256, 256, 256, 256, 256]
================================================================================
INFO:tenpy.algorithms.dmrg:Running sweep with optimization
INFO:tenpy.algorithms.mps_common:start environment_sweep
INFO:tenpy.algorithms.dmrg:checkpoint after sweep 70
energy=-0.7096447645322618, max S=2.4078285477282355, age=1278, norm_err=8.2e-02
Current memory usage 215.1MB, wall time: 50.0s
Delta E = -1.5655e-04, Delta S = -6.5965e-03 (per sweep)
max trunc_err = 7.8279e-08, max E_trunc = 1.7717e-08
chi: [256, 256, 256, 256, 256, 256]
================================================================================
INFO:tenpy.algorithms.dmrg:Running sweep with optimization
INFO:tenpy.algorithms.mps_common:start environment_sweep
INFO:tenpy.algorithms.dmrg:checkpoint after sweep 80
energy=-0.7094624043632886, max S=2.4841524110735840, age=1458, norm_err=8.3e-02
Current memory usage 215.1MB, wall time: 50.0s
Delta E = 1.8236e-05, Delta S = 7.2131e-03 (per sweep)
max trunc_err = 4.2391e-08, max E_trunc = 7.6944e-09
chi: [256, 256, 256, 256, 256, 256]
================================================================================
INFO:tenpy.algorithms.dmrg:Running sweep with optimization
INFO:tenpy.algorithms.mps_common:start environment_sweep
INFO:tenpy.algorithms.dmrg:checkpoint after sweep 90
energy=-0.7092197151212645, max S=2.4810847432613929, age=1638, norm_err=6.4e-02
Current memory usage 215.1MB, wall time: 49.7s
Delta E = 2.4269e-05, Delta S = 2.2654e-04 (per sweep)
max trunc_err = 6.0225e-08, max E_trunc = 8.2875e-09
chi: [256, 256, 256, 256, 256, 256]
================================================================================
INFO:tenpy.algorithms.dmrg:Running sweep with optimization
INFO:tenpy.algorithms.mps_common:start environment_sweep
INFO:tenpy.algorithms.dmrg:checkpoint after sweep 100
energy=-0.7093958646974746, max S=2.5261218229518470, age=1818, norm_err=1.0e-01
Current memory usage 215.1MB, wall time: 50.3s
Delta E = -1.7615e-05, Delta S = 3.7553e-03 (per sweep)
max trunc_err = 9.9909e-08, max E_trunc = 1.1086e-07
chi: [256, 256, 256, 256, 256, 256]
================================================================================
INFO:tenpy.algorithms.dmrg:Running sweep with optimization
INFO:tenpy.algorithms.mps_common:start environment_sweep
INFO:tenpy.algorithms.dmrg:checkpoint after sweep 110
energy=-0.7098909532057670, max S=2.5214809285173505, age=1998, norm_err=9.8e-02
Current memory usage 215.1MB, wall time: 50.2s
Delta E = -4.9509e-05, Delta S = -1.1719e-03 (per sweep)
max trunc_err = 5.9342e-08, max E_trunc = 1.0862e-07
chi: [256, 256, 256, 256, 256, 256]
================================================================================
INFO:tenpy.algorithms.mps_common:TwoSiteDMRGEngine: Maximum number of sweeps reached
INFO:tenpy.tools.params:DMRG: reading 'norm_tol'=1e-05
INFO:tenpy.tools.params:DMRG: reading 'norm_tol_final'=1e-10
INFO:tenpy.tools.params:DMRG: reading 'norm_tol_iter'=5
WARNING:tenpy.algorithms.dmrg:final DMRG state not in canonical form up to norm_tol=1.00e-05: norm_err=9.78e-02
INFO:tenpy.algorithms.mps_common:start environment_sweep
INFO:tenpy.algorithms.mps_common:start environment_sweep
INFO:tenpy.algorithms.mps_common:start environment_sweep
INFO:tenpy.algorithms.mps_common:start environment_sweep
INFO:tenpy.algorithms.mps_common:start environment_sweep
WARNING:tenpy.algorithms.dmrg:norm_err=2.06e-04 still too high after environment_sweeps
WARNING:tenpy.algorithms.dmrg:final DMRG state not in canonical form up to norm_tol_final=1.00e-10: norm_err=2.06e-04, calling psi.canonical_form()
INFO:tenpy.algorithms.dmrg:TwoSiteDMRGEngine finished after 110 sweeps, max chi=256
INFO:tenpy.tools.params:DMRG: reading 'max_trunc_err'=0.0001
INFO:tenpy.tools.params:MixedHofstadterLandauGauge_Pi_2: reading 'explicit_plus_hc'=False
INFO:tenpy.tools.params:MixedHofstadterLandauGauge_Pi_2: reading 'Lx'=2
INFO:tenpy.tools.params:MixedHofstadterLandauGauge_Pi_2: setting 'N_rings'=2
INFO:tenpy.tools.params:MixedHofstadterLandauGauge_Pi_2: reading 'xy_lattice'='Square'
INFO:tenpy.tools.params:MixedHofstadterLandauGauge_Pi_2: reading 'Ly'=3
INFO:tenpy.tools.params:MixedHofstadterLandauGauge_Pi_2: reading 'ring_order'=None
INFO:tenpy.tools.params:MixedHofstadterLandauGauge_Pi_2: reading 'conserve_k'=True
INFO:tenpy.tools.params:MixedHofstadterLandauGauge_Pi_2: reading 'bc_MPS'='infinite'
INFO:tenpy.tools.params:MixedHofstadterLandauGauge_Pi_2: reading 't'=-1
INFO:tenpy.tools.params:MixedHofstadterLandauGauge_Pi_2: reading 't2'=-0.25
INFO:tenpy.tools.params:MixedHofstadterLandauGauge_Pi_2: reading 'V1'=0.6
INFO:tenpy.tools.params:MixedHofstadterLandauGauge_Pi_2: reading 'phi_ext'=np.float64(0.5)
INFO:tenpy.tools.params:MixedHofstadterLandauGauge_Pi_2: reading 'sort_mpo_legs'=False
/home/t30/kna/ge54yin/Documents/MasterThesisFQHinTMDs/MPS_stuff/MPScalculations/.venv/lib/python3.12/site-packages/tenpy/tools/params.py:232: UserWarning: unused options for config MixedHofstadterLandauGauge_Pi_2:
['Delta', 'N_rings', 'Nsec', 'bc', 'chi_max', 'ktot', 'saveAll']
  warnings.warn(msg.format(keys=sorted(unused), name=self.name))
INFO:tenpy.tools.params:DMRG: reading 'active_sites'=2
INFO:tenpy.tools.params:DMRG: reading 'diag_method'='default'
INFO:tenpy.tools.params:DMRG: subconfig 'trunc_params'=Config(<5 options>, 'trunc_params')
INFO:tenpy.tools.params:DMRG: reading 'max_N_sites_per_ring'=18
INFO:tenpy.tools.params:DMRG: reading 'combine'=False
INFO:tenpy.tools.params:DMRG: subconfig 'lanczos_params'=Config(<9 options>, 'lanczos_params')
INFO:tenpy.tools.params:DMRG: reading 'chi_list'=None
INFO:tenpy.tools.params:DMRG: reading 'start_env'=1
INFO:tenpy.algorithms.mps_common:start environment_sweep
INFO:tenpy.tools.params:DMRG: reading 'N_sweeps_check'=10
INFO:tenpy.tools.params:DMRG: subconfig 'mixer_params'=Config(<3 options>, 'mixer_params')
INFO:tenpy.tools.params:DMRG: reading 'mixer'=None
INFO:tenpy.tools.params:DMRG: reading 'max_sweeps'=100
INFO:tenpy.tools.params:DMRG: reading 'max_hours'=8760
INFO:tenpy.tools.params:DMRG: reading 'P_tol_to_trunc'=0.05
INFO:tenpy.tools.params:DMRG: reading 'P_tol_min'=5.0000000000000004e-30
INFO:tenpy.tools.params:DMRG: reading 'P_tol_max'=0.0001
INFO:tenpy.tools.params:DMRG: reading 'E_tol_to_trunc'=None
INFO:tenpy.algorithms.dmrg:Running sweep with optimization
INFO:tenpy.tools.params:DMRG: reading 'max_N_for_ED'=400
INFO:tenpy.tools.params:DMRG: reading 'update_env'=5
INFO:tenpy.algorithms.mps_common:start environment_sweep
INFO:tenpy.algorithms.dmrg:checkpoint after sweep 10
energy=-0.7079868053513371, max S=2.2386269768642295, age=198, norm_err=3.1e-01
Current memory usage 215.1MB, wall time: 46.2s
Delta E = nan, Delta S = -3.0372e-02 (per sweep)
max trunc_err = 7.1768e-08, max E_trunc = 8.4186e-09
chi: [256, 256, 256, 256, 256, 256]
================================================================================
INFO:tenpy.algorithms.dmrg:Running sweep with optimization
INFO:tenpy.algorithms.mps_common:start environment_sweep
INFO:tenpy.algorithms.dmrg:checkpoint after sweep 20
energy=-0.6629842699620619, max S=2.6504423269019073, age=378, norm_err=1.3e-01
Current memory usage 215.1MB, wall time: 49.0s
Delta E = 4.5003e-03, Delta S = 4.5519e-02 (per sweep)
max trunc_err = 1.6967e-07, max E_trunc = 2.7276e-07
chi: [256, 256, 256, 256, 256, 256]
================================================================================
INFO:tenpy.tools.params:DMRG: reading 'max_E_err'=1e-08
INFO:tenpy.tools.params:DMRG: reading 'max_S_err'=1e-05
INFO:tenpy.algorithms.dmrg:Running sweep with optimization
INFO:tenpy.algorithms.mps_common:start environment_sweep
INFO:tenpy.algorithms.dmrg:checkpoint after sweep 30
energy=0.1629478326368220, max S=1.4221026661717018, age=558, norm_err=7.6e-02
Current memory usage 215.1MB, wall time: 50.4s
Delta E = 8.2593e-02, Delta S = -1.2898e-01 (per sweep)
max trunc_err = 6.6878e-08, max E_trunc = 3.4235e-07
chi: [256, 256, 256, 256, 256, 256]
================================================================================
INFO:tenpy.algorithms.dmrg:Running sweep with optimization
INFO:tenpy.algorithms.mps_common:start environment_sweep
INFO:tenpy.algorithms.dmrg:checkpoint after sweep 40
energy=0.1894138341977983, max S=1.6415409626410580, age=738, norm_err=2.6e-02
Current memory usage 215.1MB, wall time: 50.1s
Delta E = 2.6466e-03, Delta S = 2.3884e-02 (per sweep)
max trunc_err = 1.5120e-08, max E_trunc = 3.2543e-08
chi: [256, 256, 256, 256, 256, 256]
================================================================================
INFO:tenpy.algorithms.dmrg:Running sweep with optimization
INFO:tenpy.algorithms.mps_common:start environment_sweep
INFO:tenpy.algorithms.dmrg:checkpoint after sweep 50
energy=-0.6737812017064755, max S=2.2051982331162865, age=918, norm_err=2.6e-03
Current memory usage 215.1MB, wall time: 51.0s
Delta E = -8.6320e-02, Delta S = 3.9161e-02 (per sweep)
max trunc_err = 1.9051e-07, max E_trunc = -5.4561e-08
chi: [256, 256, 256, 256, 256, 256]
================================================================================
INFO:tenpy.algorithms.dmrg:Running sweep with optimization
INFO:tenpy.algorithms.mps_common:start environment_sweep
INFO:tenpy.algorithms.dmrg:checkpoint after sweep 60
energy=0.1606664944222776, max S=1.6021629392473447, age=1098, norm_err=1.3e-02
Current memory usage 215.1MB, wall time: 50.5s
Delta E = 8.3445e-02, Delta S = -5.4613e-02 (per sweep)
max trunc_err = 1.7904e-08, max E_trunc = 3.4170e-08
chi: [256, 256, 256, 256, 256, 256]
================================================================================
INFO:tenpy.algorithms.dmrg:Running sweep with optimization
INFO:tenpy.algorithms.mps_common:start environment_sweep
INFO:tenpy.algorithms.dmrg:checkpoint after sweep 70
energy=0.3044470727137328, max S=1.3118961252624235, age=1278, norm_err=9.7e-03
Current memory usage 215.1MB, wall time: 50.9s
Delta E = 1.4378e-02, Delta S = -2.0673e-02 (per sweep)
max trunc_err = 1.5092e-08, max E_trunc = 1.7165e-08
chi: [256, 256, 256, 256, 256, 256]
================================================================================
INFO:tenpy.algorithms.dmrg:Running sweep with optimization
INFO:tenpy.algorithms.mps_common:start environment_sweep
INFO:tenpy.algorithms.dmrg:checkpoint after sweep 80
energy=0.2933038367936263, max S=1.5724644159834475, age=1458, norm_err=1.9e-02
Current memory usage 215.1MB, wall time: 50.9s
Delta E = -1.1143e-03, Delta S = 2.6673e-02 (per sweep)
max trunc_err = 3.8015e-08, max E_trunc = 1.8237e-08
chi: [256, 256, 256, 256, 256, 256]
================================================================================
INFO:tenpy.algorithms.dmrg:Running sweep with optimization
INFO:tenpy.algorithms.mps_common:start environment_sweep
INFO:tenpy.algorithms.dmrg:checkpoint after sweep 90
energy=0.1992692536801428, max S=1.2611236034178201, age=1638, norm_err=1.6e-02
Current memory usage 215.1MB, wall time: 51.3s
Delta E = -9.4035e-03, Delta S = -2.6077e-02 (per sweep)
max trunc_err = 2.2103e-08, max E_trunc = 2.9782e-08
chi: [256, 256, 256, 256, 256, 256]
================================================================================
INFO:tenpy.algorithms.dmrg:Running sweep with optimization
INFO:tenpy.algorithms.mps_common:start environment_sweep
INFO:tenpy.algorithms.dmrg:checkpoint after sweep 100
energy=0.8454414081452720, max S=0.6949456065749797, age=1818, norm_err=3.5e-02
Current memory usage 215.1MB, wall time: 51.0s
Delta E = 6.4617e-02, Delta S = -4.5711e-02 (per sweep)
max trunc_err = 2.1024e-08, max E_trunc = 2.4974e-08
chi: [256, 256, 256, 256, 256, 256]
================================================================================
INFO:tenpy.algorithms.dmrg:Running sweep with optimization
INFO:tenpy.algorithms.mps_common:start environment_sweep
INFO:tenpy.algorithms.dmrg:checkpoint after sweep 110
energy=0.2661063161986969, max S=1.4948005039794932, age=1998, norm_err=4.9e-02
Current memory usage 215.1MB, wall time: 51.3s
Delta E = -5.7934e-02, Delta S = 6.7040e-02 (per sweep)
max trunc_err = 3.5384e-08, max E_trunc = 8.8196e-09
chi: [256, 256, 256, 256, 256, 256]
================================================================================
INFO:tenpy.algorithms.mps_common:TwoSiteDMRGEngine: Maximum number of sweeps reached
INFO:tenpy.tools.params:DMRG: reading 'norm_tol'=1e-05
INFO:tenpy.tools.params:DMRG: reading 'norm_tol_final'=1e-10
INFO:tenpy.tools.params:DMRG: reading 'norm_tol_iter'=5
WARNING:tenpy.algorithms.dmrg:final DMRG state not in canonical form up to norm_tol=1.00e-05: norm_err=4.88e-02
INFO:tenpy.algorithms.mps_common:start environment_sweep
INFO:tenpy.algorithms.mps_common:start environment_sweep
INFO:tenpy.algorithms.mps_common:start environment_sweep
WARNING:tenpy.algorithms.dmrg:final DMRG state not in canonical form up to norm_tol_final=1.00e-10: norm_err=5.32e-06, calling psi.canonical_form()
INFO:tenpy.algorithms.dmrg:TwoSiteDMRGEngine finished after 110 sweeps, max chi=256
INFO:tenpy.tools.params:DMRG: reading 'max_trunc_err'=0.0001
INFO:tenpy.tools.params:MixedHofstadterLandauGauge_Pi_2: reading 'explicit_plus_hc'=False
INFO:tenpy.tools.params:MixedHofstadterLandauGauge_Pi_2: reading 'Lx'=2
INFO:tenpy.tools.params:MixedHofstadterLandauGauge_Pi_2: setting 'N_rings'=2
INFO:tenpy.tools.params:MixedHofstadterLandauGauge_Pi_2: reading 'xy_lattice'='Square'
INFO:tenpy.tools.params:MixedHofstadterLandauGauge_Pi_2: reading 'Ly'=3
INFO:tenpy.tools.params:MixedHofstadterLandauGauge_Pi_2: reading 'ring_order'=None
INFO:tenpy.tools.params:MixedHofstadterLandauGauge_Pi_2: reading 'conserve_k'=True
INFO:tenpy.tools.params:MixedHofstadterLandauGauge_Pi_2: reading 'bc_MPS'='infinite'
INFO:tenpy.tools.params:MixedHofstadterLandauGauge_Pi_2: reading 't'=-1
INFO:tenpy.tools.params:MixedHofstadterLandauGauge_Pi_2: reading 't2'=-0.25
INFO:tenpy.tools.params:MixedHofstadterLandauGauge_Pi_2: reading 'V1'=0.6
INFO:tenpy.tools.params:MixedHofstadterLandauGauge_Pi_2: reading 'phi_ext'=np.float64(0.55)
INFO:tenpy.tools.params:MixedHofstadterLandauGauge_Pi_2: reading 'sort_mpo_legs'=False
/home/t30/kna/ge54yin/Documents/MasterThesisFQHinTMDs/MPS_stuff/MPScalculations/.venv/lib/python3.12/site-packages/tenpy/tools/params.py:232: UserWarning: unused options for config MixedHofstadterLandauGauge_Pi_2:
['Delta', 'N_rings', 'Nsec', 'bc', 'chi_max', 'ktot', 'saveAll']
  warnings.warn(msg.format(keys=sorted(unused), name=self.name))
INFO:tenpy.tools.params:DMRG: reading 'active_sites'=2
INFO:tenpy.tools.params:DMRG: reading 'diag_method'='default'
INFO:tenpy.tools.params:DMRG: subconfig 'trunc_params'=Config(<5 options>, 'trunc_params')
INFO:tenpy.tools.params:DMRG: reading 'max_N_sites_per_ring'=18
INFO:tenpy.tools.params:DMRG: reading 'combine'=False
INFO:tenpy.tools.params:DMRG: subconfig 'lanczos_params'=Config(<9 options>, 'lanczos_params')
INFO:tenpy.tools.params:DMRG: reading 'chi_list'=None
INFO:tenpy.tools.params:DMRG: reading 'start_env'=1
INFO:tenpy.algorithms.mps_common:start environment_sweep
INFO:tenpy.tools.params:DMRG: reading 'N_sweeps_check'=10
INFO:tenpy.tools.params:DMRG: subconfig 'mixer_params'=Config(<3 options>, 'mixer_params')
INFO:tenpy.tools.params:DMRG: reading 'mixer'=None
INFO:tenpy.tools.params:DMRG: reading 'max_sweeps'=100
INFO:tenpy.tools.params:DMRG: reading 'max_hours'=8760
INFO:tenpy.tools.params:DMRG: reading 'P_tol_to_trunc'=0.05
INFO:tenpy.tools.params:DMRG: reading 'P_tol_min'=5.0000000000000004e-30
INFO:tenpy.tools.params:DMRG: reading 'P_tol_max'=0.0001
INFO:tenpy.tools.params:DMRG: reading 'E_tol_to_trunc'=None
INFO:tenpy.algorithms.dmrg:Running sweep with optimization
INFO:tenpy.tools.params:DMRG: reading 'max_N_for_ED'=400
INFO:tenpy.tools.params:DMRG: reading 'update_env'=5
INFO:tenpy.algorithms.mps_common:start environment_sweep
INFO:tenpy.algorithms.dmrg:checkpoint after sweep 10
energy=1.7485202523136891, max S=2.5914958375779729, age=198, norm_err=2.3e-01
Current memory usage 216.4MB, wall time: 51.4s
Delta E = nan, Delta S = 1.0233e-01 (per sweep)
max trunc_err = 8.6359e-08, max E_trunc = 6.7145e-08
chi: [256, 256, 256, 256, 256, 256]
================================================================================
INFO:tenpy.algorithms.dmrg:Running sweep with optimization
INFO:tenpy.algorithms.mps_common:start environment_sweep
INFO:tenpy.algorithms.dmrg:checkpoint after sweep 20
energy=-0.6222530103091467, max S=3.1573411139090677, age=378, norm_err=5.5e-02
Current memory usage 216.4MB, wall time: 50.6s
Delta E = -2.3708e-01, Delta S = 7.6476e-02 (per sweep)
max trunc_err = 2.9320e-08, max E_trunc = 1.2115e-07
chi: [256, 256, 256, 256, 256, 256]
================================================================================
INFO:tenpy.tools.params:DMRG: reading 'max_E_err'=1e-08
INFO:tenpy.tools.params:DMRG: reading 'max_S_err'=1e-05
INFO:tenpy.algorithms.dmrg:Running sweep with optimization
INFO:tenpy.algorithms.mps_common:start environment_sweep
INFO:tenpy.algorithms.dmrg:checkpoint after sweep 30
energy=0.1435883638149752, max S=1.3373065680244991, age=558, norm_err=2.4e-02
Current memory usage 216.4MB, wall time: 51.1s
Delta E = 7.6584e-02, Delta S = -1.8107e-01 (per sweep)
max trunc_err = 1.7353e-07, max E_trunc = 2.8747e-09
chi: [256, 256, 256, 256, 256, 256]
================================================================================
INFO:tenpy.algorithms.dmrg:Running sweep with optimization
INFO:tenpy.algorithms.mps_common:start environment_sweep
INFO:tenpy.algorithms.dmrg:checkpoint after sweep 40
energy=-0.6955460457837338, max S=2.4191860879594254, age=738, norm_err=1.1e-01
Current memory usage 216.4MB, wall time: 50.6s
Delta E = -8.3913e-02, Delta S = 1.0685e-01 (per sweep)
max trunc_err = 9.3166e-08, max E_trunc = 5.1360e-09
chi: [256, 256, 256, 256, 256, 256]
================================================================================
INFO:tenpy.algorithms.dmrg:Running sweep with optimization
INFO:tenpy.algorithms.mps_common:start environment_sweep
INFO:tenpy.algorithms.dmrg:checkpoint after sweep 50
energy=-0.7085368171769630, max S=2.5095781732124709, age=918, norm_err=1.3e-01
Current memory usage 216.4MB, wall time: 50.0s
Delta E = -1.2991e-03, Delta S = 6.8805e-03 (per sweep)
max trunc_err = 4.1115e-07, max E_trunc = 1.5324e-08
chi: [256, 256, 256, 256, 256, 256]
================================================================================
INFO:tenpy.algorithms.dmrg:Running sweep with optimization
INFO:tenpy.algorithms.mps_common:start environment_sweep
INFO:tenpy.algorithms.dmrg:checkpoint after sweep 60
energy=-0.7064680057362503, max S=2.4493455060956286, age=1098, norm_err=9.2e-02
Current memory usage 216.4MB, wall time: 50.0s
Delta E = 2.0688e-04, Delta S = -6.8153e-03 (per sweep)
max trunc_err = 7.9813e-07, max E_trunc = 1.0473e-08
chi: [256, 256, 256, 256, 256, 256]
================================================================================
INFO:tenpy.algorithms.dmrg:Running sweep with optimization
INFO:tenpy.algorithms.mps_common:start environment_sweep
INFO:tenpy.algorithms.dmrg:checkpoint after sweep 70
energy=-0.7103926600366890, max S=2.4516952791032844, age=1278, norm_err=8.3e-02
Current memory usage 216.4MB, wall time: 50.5s
Delta E = -3.9247e-04, Delta S = 2.1808e-03 (per sweep)
max trunc_err = 9.7172e-08, max E_trunc = 2.3457e-08
chi: [256, 256, 256, 256, 256, 256]
================================================================================
INFO:tenpy.algorithms.dmrg:Running sweep with optimization
INFO:tenpy.algorithms.mps_common:start environment_sweep
INFO:tenpy.algorithms.dmrg:checkpoint after sweep 80
energy=-0.7082627296203915, max S=2.4817842395472423, age=1458, norm_err=1.5e-01
Current memory usage 216.4MB, wall time: 50.2s
Delta E = 2.1299e-04, Delta S = 2.7566e-03 (per sweep)
max trunc_err = 1.4650e-07, max E_trunc = 3.4801e-08
chi: [256, 256, 256, 256, 256, 256]
================================================================================
INFO:tenpy.algorithms.dmrg:Running sweep with optimization
INFO:tenpy.algorithms.mps_common:start environment_sweep
INFO:tenpy.algorithms.dmrg:checkpoint after sweep 90
energy=-0.7074651223557377, max S=2.4789112788557093, age=1638, norm_err=1.2e-01
Current memory usage 216.4MB, wall time: 50.0s
Delta E = 7.9761e-05, Delta S = 2.9094e-04 (per sweep)
max trunc_err = 1.5993e-07, max E_trunc = 1.0978e-08
chi: [256, 256, 256, 256, 256, 256]
================================================================================
INFO:tenpy.algorithms.dmrg:Running sweep with optimization
INFO:tenpy.algorithms.mps_common:start environment_sweep
INFO:tenpy.algorithms.dmrg:checkpoint after sweep 100
energy=-0.7013158446406464, max S=2.4263611317855514, age=1818, norm_err=1.1e-01
Current memory usage 216.4MB, wall time: 50.3s
Delta E = 6.1493e-04, Delta S = -4.7829e-03 (per sweep)
max trunc_err = 3.8817e-07, max E_trunc = 1.0039e-08
chi: [256, 256, 256, 256, 256, 256]
================================================================================
INFO:tenpy.algorithms.dmrg:Running sweep with optimization
INFO:tenpy.algorithms.mps_common:start environment_sweep
INFO:tenpy.algorithms.dmrg:checkpoint after sweep 110
energy=-0.7074529108537035, max S=2.4742975601165624, age=1998, norm_err=1.2e-01
Current memory usage 216.4MB, wall time: 50.0s
Delta E = -6.1371e-04, Delta S = 4.6145e-03 (per sweep)
max trunc_err = 2.7319e-07, max E_trunc = 4.3525e-08
chi: [256, 256, 256, 256, 256, 256]
================================================================================
INFO:tenpy.algorithms.mps_common:TwoSiteDMRGEngine: Maximum number of sweeps reached
INFO:tenpy.tools.params:DMRG: reading 'norm_tol'=1e-05
INFO:tenpy.tools.params:DMRG: reading 'norm_tol_final'=1e-10
INFO:tenpy.tools.params:DMRG: reading 'norm_tol_iter'=5
WARNING:tenpy.algorithms.dmrg:final DMRG state not in canonical form up to norm_tol=1.00e-05: norm_err=1.25e-01
INFO:tenpy.algorithms.mps_common:start environment_sweep
INFO:tenpy.algorithms.mps_common:start environment_sweep
INFO:tenpy.algorithms.mps_common:start environment_sweep
INFO:tenpy.algorithms.mps_common:start environment_sweep
INFO:tenpy.algorithms.mps_common:start environment_sweep
WARNING:tenpy.algorithms.dmrg:final DMRG state not in canonical form up to norm_tol_final=1.00e-10: norm_err=6.23e-06, calling psi.canonical_form()
INFO:tenpy.algorithms.dmrg:TwoSiteDMRGEngine finished after 110 sweeps, max chi=256
INFO:tenpy.tools.params:DMRG: reading 'max_trunc_err'=0.0001
INFO:tenpy.tools.params:MixedHofstadterLandauGauge_Pi_2: reading 'explicit_plus_hc'=False
INFO:tenpy.tools.params:MixedHofstadterLandauGauge_Pi_2: reading 'Lx'=2
INFO:tenpy.tools.params:MixedHofstadterLandauGauge_Pi_2: setting 'N_rings'=2
INFO:tenpy.tools.params:MixedHofstadterLandauGauge_Pi_2: reading 'xy_lattice'='Square'
INFO:tenpy.tools.params:MixedHofstadterLandauGauge_Pi_2: reading 'Ly'=3
INFO:tenpy.tools.params:MixedHofstadterLandauGauge_Pi_2: reading 'ring_order'=None
INFO:tenpy.tools.params:MixedHofstadterLandauGauge_Pi_2: reading 'conserve_k'=True
INFO:tenpy.tools.params:MixedHofstadterLandauGauge_Pi_2: reading 'bc_MPS'='infinite'
INFO:tenpy.tools.params:MixedHofstadterLandauGauge_Pi_2: reading 't'=-1
INFO:tenpy.tools.params:MixedHofstadterLandauGauge_Pi_2: reading 't2'=-0.25
INFO:tenpy.tools.params:MixedHofstadterLandauGauge_Pi_2: reading 'V1'=0.6
INFO:tenpy.tools.params:MixedHofstadterLandauGauge_Pi_2: reading 'phi_ext'=np.float64(0.6000000000000001)
INFO:tenpy.tools.params:MixedHofstadterLandauGauge_Pi_2: reading 'sort_mpo_legs'=False
/home/t30/kna/ge54yin/Documents/MasterThesisFQHinTMDs/MPS_stuff/MPScalculations/.venv/lib/python3.12/site-packages/tenpy/tools/params.py:232: UserWarning: unused options for config MixedHofstadterLandauGauge_Pi_2:
['Delta', 'N_rings', 'Nsec', 'bc', 'chi_max', 'ktot', 'saveAll']
  warnings.warn(msg.format(keys=sorted(unused), name=self.name))
INFO:tenpy.tools.params:DMRG: reading 'active_sites'=2
INFO:tenpy.tools.params:DMRG: reading 'diag_method'='default'
INFO:tenpy.tools.params:DMRG: subconfig 'trunc_params'=Config(<5 options>, 'trunc_params')
INFO:tenpy.tools.params:DMRG: reading 'max_N_sites_per_ring'=18
INFO:tenpy.tools.params:DMRG: reading 'combine'=False
INFO:tenpy.tools.params:DMRG: subconfig 'lanczos_params'=Config(<9 options>, 'lanczos_params')
INFO:tenpy.tools.params:DMRG: reading 'chi_list'=None
INFO:tenpy.tools.params:DMRG: reading 'start_env'=1
INFO:tenpy.algorithms.mps_common:start environment_sweep
INFO:tenpy.tools.params:DMRG: reading 'N_sweeps_check'=10
INFO:tenpy.tools.params:DMRG: subconfig 'mixer_params'=Config(<3 options>, 'mixer_params')
INFO:tenpy.tools.params:DMRG: reading 'mixer'=None
INFO:tenpy.tools.params:DMRG: reading 'max_sweeps'=100
INFO:tenpy.tools.params:DMRG: reading 'max_hours'=8760
INFO:tenpy.tools.params:DMRG: reading 'P_tol_to_trunc'=0.05
INFO:tenpy.tools.params:DMRG: reading 'P_tol_min'=5.0000000000000004e-30
INFO:tenpy.tools.params:DMRG: reading 'P_tol_max'=0.0001
INFO:tenpy.tools.params:DMRG: reading 'E_tol_to_trunc'=None
INFO:tenpy.algorithms.dmrg:Running sweep with optimization
INFO:tenpy.tools.params:DMRG: reading 'max_N_for_ED'=400
INFO:tenpy.tools.params:DMRG: reading 'update_env'=5
INFO:tenpy.algorithms.mps_common:start environment_sweep
INFO:tenpy.algorithms.dmrg:checkpoint after sweep 10
energy=-0.0180310495797471, max S=0.5960936861475638, age=198, norm_err=2.0e-03
Current memory usage 216.4MB, wall time: 46.8s
Delta E = nan, Delta S = -1.8478e-01 (per sweep)
max trunc_err = 9.2322e-08, max E_trunc = 4.7154e-10
chi: [256, 256, 256, 256, 256, 256]
================================================================================
INFO:tenpy.algorithms.dmrg:Running sweep with optimization
INFO:tenpy.algorithms.mps_common:start environment_sweep
INFO:tenpy.algorithms.dmrg:checkpoint after sweep 20
energy=-0.4656200344657364, max S=2.5840808520564855, age=378, norm_err=2.7e-01
Current memory usage 216.4MB, wall time: 50.3s
Delta E = -4.4759e-02, Delta S = 1.8935e-01 (per sweep)
max trunc_err = 1.0695e-07, max E_trunc = -1.6587e-09
chi: [256, 256, 256, 256, 256, 256]
================================================================================
INFO:tenpy.tools.params:DMRG: reading 'max_E_err'=1e-08
INFO:tenpy.tools.params:DMRG: reading 'max_S_err'=1e-05
INFO:tenpy.algorithms.dmrg:Running sweep with optimization
INFO:tenpy.algorithms.mps_common:start environment_sweep
INFO:tenpy.algorithms.dmrg:checkpoint after sweep 30
energy=-0.7113125975147199, max S=2.3677247571876170, age=558, norm_err=3.1e-01
Current memory usage 216.4MB, wall time: 50.1s
Delta E = -2.4569e-02, Delta S = -2.0367e-02 (per sweep)
max trunc_err = 5.5527e-08, max E_trunc = 4.8021e-08
chi: [256, 256, 256, 256, 256, 256]
================================================================================
INFO:tenpy.algorithms.dmrg:Running sweep with optimization
INFO:tenpy.algorithms.mps_common:start environment_sweep
INFO:tenpy.algorithms.dmrg:checkpoint after sweep 40
energy=-0.6864790132161668, max S=2.5088813724364236, age=738, norm_err=1.3e-01
Current memory usage 216.4MB, wall time: 50.3s
Delta E = 2.4834e-03, Delta S = 1.5154e-02 (per sweep)
max trunc_err = 7.9823e-08, max E_trunc = 8.8635e-08
chi: [256, 256, 256, 256, 256, 256]
================================================================================
INFO:tenpy.algorithms.dmrg:Running sweep with optimization
INFO:tenpy.algorithms.mps_common:start environment_sweep
INFO:tenpy.algorithms.dmrg:checkpoint after sweep 50
energy=-0.7085229468376989, max S=2.3462320018091529, age=918, norm_err=1.5e-01
Current memory usage 216.4MB, wall time: 50.6s
Delta E = -2.2044e-03, Delta S = -1.6974e-02 (per sweep)
max trunc_err = 1.1322e-07, max E_trunc = 5.9772e-08
chi: [256, 256, 256, 256, 256, 256]
================================================================================
INFO:tenpy.algorithms.dmrg:Running sweep with optimization
INFO:tenpy.algorithms.mps_common:start environment_sweep
INFO:tenpy.algorithms.dmrg:checkpoint after sweep 60
energy=-0.7077854061814529, max S=2.3958151727073509, age=1098, norm_err=1.6e-01
Current memory usage 216.4MB, wall time: 50.2s
Delta E = 7.3754e-05, Delta S = 6.2130e-03 (per sweep)
max trunc_err = 8.9847e-08, max E_trunc = 3.8693e-08
chi: [256, 256, 256, 256, 256, 256]
================================================================================
INFO:tenpy.algorithms.dmrg:Running sweep with optimization
INFO:tenpy.algorithms.mps_common:start environment_sweep
INFO:tenpy.algorithms.dmrg:checkpoint after sweep 70
energy=-0.7047711546103604, max S=2.4098405221604269, age=1278, norm_err=1.6e-01
Current memory usage 216.4MB, wall time: 50.3s
Delta E = 3.0143e-04, Delta S = 1.1103e-04 (per sweep)
max trunc_err = 4.6317e-08, max E_trunc = 6.4101e-08
chi: [256, 256, 256, 256, 256, 256]
================================================================================
INFO:tenpy.algorithms.dmrg:Running sweep with optimization
INFO:tenpy.algorithms.mps_common:start environment_sweep
INFO:tenpy.algorithms.dmrg:checkpoint after sweep 80
energy=-0.7037308534808346, max S=2.4219821308318479, age=1458, norm_err=1.0e-01
Current memory usage 216.4MB, wall time: 50.4s
Delta E = 1.0403e-04, Delta S = 1.1384e-03 (per sweep)
max trunc_err = 5.6963e-08, max E_trunc = 2.9364e-08
chi: [256, 256, 256, 256, 256, 256]
================================================================================
INFO:tenpy.algorithms.dmrg:Running sweep with optimization
INFO:tenpy.algorithms.mps_common:start environment_sweep
INFO:tenpy.algorithms.dmrg:checkpoint after sweep 90
energy=-0.5992531611247500, max S=2.5176383037110814, age=1638, norm_err=1.7e-01
Current memory usage 216.4MB, wall time: 50.0s
Delta E = 1.0448e-02, Delta S = 9.9727e-03 (per sweep)
max trunc_err = 4.5304e-08, max E_trunc = 7.4665e-08
chi: [256, 256, 256, 256, 256, 256]
================================================================================
INFO:tenpy.algorithms.dmrg:Running sweep with optimization
INFO:tenpy.algorithms.mps_common:start environment_sweep
INFO:tenpy.algorithms.dmrg:checkpoint after sweep 100
energy=-0.1732806340467997, max S=2.6836918814770421, age=1818, norm_err=1.2e-01
Current memory usage 216.4MB, wall time: 50.3s
Delta E = 4.2597e-02, Delta S = 1.8305e-02 (per sweep)
max trunc_err = 7.9975e-08, max E_trunc = 7.4631e-08
chi: [256, 256, 256, 256, 256, 256]
================================================================================
INFO:tenpy.algorithms.dmrg:Running sweep with optimization
INFO:tenpy.algorithms.mps_common:start environment_sweep
INFO:tenpy.algorithms.dmrg:checkpoint after sweep 110
energy=-0.7063283795381873, max S=2.4354530712783893, age=1998, norm_err=1.2e-01
Current memory usage 216.4MB, wall time: 50.6s
Delta E = -5.3305e-02, Delta S = -2.4962e-02 (per sweep)
max trunc_err = 6.5096e-08, max E_trunc = 8.5078e-08
chi: [256, 256, 256, 256, 256, 256]
================================================================================
INFO:tenpy.algorithms.mps_common:TwoSiteDMRGEngine: Maximum number of sweeps reached
INFO:tenpy.tools.params:DMRG: reading 'norm_tol'=1e-05
INFO:tenpy.tools.params:DMRG: reading 'norm_tol_final'=1e-10
INFO:tenpy.tools.params:DMRG: reading 'norm_tol_iter'=5
WARNING:tenpy.algorithms.dmrg:final DMRG state not in canonical form up to norm_tol=1.00e-05: norm_err=1.15e-01
INFO:tenpy.algorithms.mps_common:start environment_sweep
INFO:tenpy.algorithms.mps_common:start environment_sweep
INFO:tenpy.algorithms.mps_common:start environment_sweep
INFO:tenpy.algorithms.mps_common:start environment_sweep
WARNING:tenpy.algorithms.dmrg:final DMRG state not in canonical form up to norm_tol_final=1.00e-10: norm_err=8.61e-07, calling psi.canonical_form()
INFO:tenpy.algorithms.dmrg:TwoSiteDMRGEngine finished after 110 sweeps, max chi=256
INFO:tenpy.tools.params:DMRG: reading 'max_trunc_err'=0.0001
INFO:tenpy.tools.params:MixedHofstadterLandauGauge_Pi_2: reading 'explicit_plus_hc'=False
INFO:tenpy.tools.params:MixedHofstadterLandauGauge_Pi_2: reading 'Lx'=2
INFO:tenpy.tools.params:MixedHofstadterLandauGauge_Pi_2: setting 'N_rings'=2
INFO:tenpy.tools.params:MixedHofstadterLandauGauge_Pi_2: reading 'xy_lattice'='Square'
INFO:tenpy.tools.params:MixedHofstadterLandauGauge_Pi_2: reading 'Ly'=3
INFO:tenpy.tools.params:MixedHofstadterLandauGauge_Pi_2: reading 'ring_order'=None
INFO:tenpy.tools.params:MixedHofstadterLandauGauge_Pi_2: reading 'conserve_k'=True
INFO:tenpy.tools.params:MixedHofstadterLandauGauge_Pi_2: reading 'bc_MPS'='infinite'
INFO:tenpy.tools.params:MixedHofstadterLandauGauge_Pi_2: reading 't'=-1
INFO:tenpy.tools.params:MixedHofstadterLandauGauge_Pi_2: reading 't2'=-0.25
INFO:tenpy.tools.params:MixedHofstadterLandauGauge_Pi_2: reading 'V1'=0.6
INFO:tenpy.tools.params:MixedHofstadterLandauGauge_Pi_2: reading 'phi_ext'=np.float64(0.65)
INFO:tenpy.tools.params:MixedHofstadterLandauGauge_Pi_2: reading 'sort_mpo_legs'=False
/home/t30/kna/ge54yin/Documents/MasterThesisFQHinTMDs/MPS_stuff/MPScalculations/.venv/lib/python3.12/site-packages/tenpy/tools/params.py:232: UserWarning: unused options for config MixedHofstadterLandauGauge_Pi_2:
['Delta', 'N_rings', 'Nsec', 'bc', 'chi_max', 'ktot', 'saveAll']
  warnings.warn(msg.format(keys=sorted(unused), name=self.name))
INFO:tenpy.tools.params:DMRG: reading 'active_sites'=2
INFO:tenpy.tools.params:DMRG: reading 'diag_method'='default'
INFO:tenpy.tools.params:DMRG: subconfig 'trunc_params'=Config(<5 options>, 'trunc_params')
INFO:tenpy.tools.params:DMRG: reading 'max_N_sites_per_ring'=18
INFO:tenpy.tools.params:DMRG: reading 'combine'=False
INFO:tenpy.tools.params:DMRG: subconfig 'lanczos_params'=Config(<9 options>, 'lanczos_params')
INFO:tenpy.tools.params:DMRG: reading 'chi_list'=None
INFO:tenpy.tools.params:DMRG: reading 'start_env'=1
INFO:tenpy.algorithms.mps_common:start environment_sweep
INFO:tenpy.tools.params:DMRG: reading 'N_sweeps_check'=10
INFO:tenpy.tools.params:DMRG: subconfig 'mixer_params'=Config(<3 options>, 'mixer_params')
INFO:tenpy.tools.params:DMRG: reading 'mixer'=None
INFO:tenpy.tools.params:DMRG: reading 'max_sweeps'=100
INFO:tenpy.tools.params:DMRG: reading 'max_hours'=8760
INFO:tenpy.tools.params:DMRG: reading 'P_tol_to_trunc'=0.05
INFO:tenpy.tools.params:DMRG: reading 'P_tol_min'=5.0000000000000004e-30
INFO:tenpy.tools.params:DMRG: reading 'P_tol_max'=0.0001
INFO:tenpy.tools.params:DMRG: reading 'E_tol_to_trunc'=None
INFO:tenpy.algorithms.dmrg:Running sweep with optimization
INFO:tenpy.tools.params:DMRG: reading 'max_N_for_ED'=400
INFO:tenpy.tools.params:DMRG: reading 'update_env'=5
INFO:tenpy.algorithms.mps_common:start environment_sweep
INFO:tenpy.algorithms.dmrg:checkpoint after sweep 10
energy=-0.6710560551026769, max S=2.9676294584809755, age=198, norm_err=4.6e-02
Current memory usage 216.4MB, wall time: 46.5s
Delta E = nan, Delta S = 4.9271e-02 (per sweep)
max trunc_err = 3.1589e-08, max E_trunc = 1.5423e-08
chi: [256, 256, 256, 256, 256, 256]
================================================================================
INFO:tenpy.algorithms.dmrg:Running sweep with optimization
INFO:tenpy.algorithms.mps_common:start environment_sweep
INFO:tenpy.algorithms.dmrg:checkpoint after sweep 20
energy=-0.6577472205280372, max S=3.2199336815633481, age=378, norm_err=2.4e-02
Current memory usage 216.4MB, wall time: 46.6s
Delta E = 1.3309e-03, Delta S = 2.6294e-02 (per sweep)
max trunc_err = 2.3505e-08, max E_trunc = 3.0645e-08
chi: [256, 256, 256, 256, 256, 256]
================================================================================
INFO:tenpy.tools.params:DMRG: reading 'max_E_err'=1e-08
INFO:tenpy.tools.params:DMRG: reading 'max_S_err'=1e-05
INFO:tenpy.algorithms.dmrg:Running sweep with optimization
INFO:tenpy.algorithms.mps_common:start environment_sweep
INFO:tenpy.algorithms.dmrg:checkpoint after sweep 30
energy=-0.7076703736452951, max S=2.3102556759723907, age=558, norm_err=1.0e-01
Current memory usage 216.4MB, wall time: 46.5s
Delta E = -4.9923e-03, Delta S = -8.9125e-02 (per sweep)
max trunc_err = 3.0176e-08, max E_trunc = 1.0856e-08
chi: [256, 256, 256, 256, 256, 256]
================================================================================
INFO:tenpy.algorithms.dmrg:Running sweep with optimization
INFO:tenpy.algorithms.mps_common:start environment_sweep
INFO:tenpy.algorithms.dmrg:checkpoint after sweep 40
energy=-0.6981827043289854, max S=2.3588695036615732, age=738, norm_err=6.5e-02
Current memory usage 216.4MB, wall time: 46.8s
Delta E = 9.4877e-04, Delta S = 4.6717e-03 (per sweep)
max trunc_err = 1.5140e-07, max E_trunc = 3.2728e-08
chi: [256, 255, 256, 255, 256, 256]
================================================================================
INFO:tenpy.algorithms.dmrg:Running sweep with optimization
INFO:tenpy.algorithms.mps_common:start environment_sweep
INFO:tenpy.algorithms.dmrg:checkpoint after sweep 50
energy=-0.6895998113059818, max S=2.4109569921178324, age=918, norm_err=1.4e-01
Current memory usage 216.4MB, wall time: 46.3s
Delta E = 8.5829e-04, Delta S = 5.3438e-03 (per sweep)
max trunc_err = 5.6037e-08, max E_trunc = 5.3094e-08
chi: [256, 256, 256, 256, 256, 256]
================================================================================
INFO:tenpy.algorithms.dmrg:Running sweep with optimization
INFO:tenpy.algorithms.mps_common:start environment_sweep
INFO:tenpy.algorithms.dmrg:checkpoint after sweep 60
energy=-0.7058287642420851, max S=2.3414010053694536, age=1098, norm_err=9.3e-02
Current memory usage 216.4MB, wall time: 46.7s
Delta E = -1.6229e-03, Delta S = -8.3835e-03 (per sweep)
max trunc_err = 6.0244e-08, max E_trunc = 1.2264e-08
chi: [256, 256, 256, 256, 256, 256]
================================================================================
INFO:tenpy.algorithms.dmrg:Running sweep with optimization
INFO:tenpy.algorithms.mps_common:start environment_sweep
INFO:tenpy.algorithms.dmrg:checkpoint after sweep 70
energy=-0.7049797057860493, max S=2.3347610292602301, age=1278, norm_err=8.5e-02
Current memory usage 216.4MB, wall time: 46.6s
Delta E = 8.4906e-05, Delta S = -2.0093e-03 (per sweep)
max trunc_err = 1.5155e-07, max E_trunc = 3.9106e-08
chi: [256, 256, 256, 256, 256, 256]
================================================================================
INFO:tenpy.algorithms.dmrg:Running sweep with optimization
INFO:tenpy.algorithms.mps_common:start environment_sweep
INFO:tenpy.algorithms.dmrg:checkpoint after sweep 80
energy=-0.7063031298663608, max S=2.3250932167607514, age=1458, norm_err=9.7e-02
Current memory usage 216.4MB, wall time: 46.8s
Delta E = -1.3234e-04, Delta S = -1.5878e-04 (per sweep)
max trunc_err = 6.2740e-08, max E_trunc = 4.2022e-08
chi: [256, 256, 256, 256, 256, 256]
================================================================================
INFO:tenpy.algorithms.dmrg:Running sweep with optimization
INFO:tenpy.algorithms.mps_common:start environment_sweep
INFO:tenpy.algorithms.dmrg:checkpoint after sweep 90
energy=-0.7058581792403515, max S=2.3943645190078175, age=1638, norm_err=1.7e-01
Current memory usage 216.4MB, wall time: 46.7s
Delta E = 4.4495e-05, Delta S = 7.7328e-03 (per sweep)
max trunc_err = 3.7487e-08, max E_trunc = 5.0743e-09
chi: [256, 256, 256, 256, 256, 256]
================================================================================
INFO:tenpy.algorithms.dmrg:Running sweep with optimization
INFO:tenpy.algorithms.mps_common:start environment_sweep
INFO:tenpy.algorithms.dmrg:checkpoint after sweep 100
energy=0.3369367732632138, max S=0.0065358901092067, age=1818, norm_err=3.3e-04
Current memory usage 216.4MB, wall time: 46.7s
Delta E = 1.0428e-01, Delta S = -2.0707e-01 (per sweep)
max trunc_err = 5.5313e-08, max E_trunc = 3.9166e-08
chi: [256, 256, 256, 256, 256, 256]
================================================================================
INFO:tenpy.algorithms.dmrg:Running sweep with optimization
INFO:tenpy.algorithms.mps_common:start environment_sweep
INFO:tenpy.algorithms.dmrg:checkpoint after sweep 110
energy=1.0365503511884715, max S=0.8308034514306761, age=1998, norm_err=2.2e-02
Current memory usage 216.4MB, wall time: 49.4s
Delta E = 6.9961e-02, Delta S = 4.7998e-02 (per sweep)
max trunc_err = 4.3963e-08, max E_trunc = 4.6681e-08
chi: [256, 256, 256, 256, 256, 256]
================================================================================
INFO:tenpy.algorithms.mps_common:TwoSiteDMRGEngine: Maximum number of sweeps reached
INFO:tenpy.tools.params:DMRG: reading 'norm_tol'=1e-05
INFO:tenpy.tools.params:DMRG: reading 'norm_tol_final'=1e-10
INFO:tenpy.tools.params:DMRG: reading 'norm_tol_iter'=5
WARNING:tenpy.algorithms.dmrg:final DMRG state not in canonical form up to norm_tol=1.00e-05: norm_err=2.19e-02
INFO:tenpy.algorithms.mps_common:start environment_sweep
WARNING:tenpy.algorithms.dmrg:final DMRG state not in canonical form up to norm_tol_final=1.00e-10: norm_err=6.82e-06, calling psi.canonical_form()
INFO:tenpy.algorithms.dmrg:TwoSiteDMRGEngine finished after 110 sweeps, max chi=256
INFO:tenpy.tools.params:DMRG: reading 'max_trunc_err'=0.0001
INFO:tenpy.tools.params:MixedHofstadterLandauGauge_Pi_2: reading 'explicit_plus_hc'=False
INFO:tenpy.tools.params:MixedHofstadterLandauGauge_Pi_2: reading 'Lx'=2
INFO:tenpy.tools.params:MixedHofstadterLandauGauge_Pi_2: setting 'N_rings'=2
INFO:tenpy.tools.params:MixedHofstadterLandauGauge_Pi_2: reading 'xy_lattice'='Square'
INFO:tenpy.tools.params:MixedHofstadterLandauGauge_Pi_2: reading 'Ly'=3
INFO:tenpy.tools.params:MixedHofstadterLandauGauge_Pi_2: reading 'ring_order'=None
INFO:tenpy.tools.params:MixedHofstadterLandauGauge_Pi_2: reading 'conserve_k'=True
INFO:tenpy.tools.params:MixedHofstadterLandauGauge_Pi_2: reading 'bc_MPS'='infinite'
INFO:tenpy.tools.params:MixedHofstadterLandauGauge_Pi_2: reading 't'=-1
INFO:tenpy.tools.params:MixedHofstadterLandauGauge_Pi_2: reading 't2'=-0.25
INFO:tenpy.tools.params:MixedHofstadterLandauGauge_Pi_2: reading 'V1'=0.6
INFO:tenpy.tools.params:MixedHofstadterLandauGauge_Pi_2: reading 'phi_ext'=np.float64(0.7000000000000001)
INFO:tenpy.tools.params:MixedHofstadterLandauGauge_Pi_2: reading 'sort_mpo_legs'=False
/home/t30/kna/ge54yin/Documents/MasterThesisFQHinTMDs/MPS_stuff/MPScalculations/.venv/lib/python3.12/site-packages/tenpy/tools/params.py:232: UserWarning: unused options for config MixedHofstadterLandauGauge_Pi_2:
['Delta', 'N_rings', 'Nsec', 'bc', 'chi_max', 'ktot', 'saveAll']
  warnings.warn(msg.format(keys=sorted(unused), name=self.name))
INFO:tenpy.tools.params:DMRG: reading 'active_sites'=2
INFO:tenpy.tools.params:DMRG: reading 'diag_method'='default'
INFO:tenpy.tools.params:DMRG: subconfig 'trunc_params'=Config(<5 options>, 'trunc_params')
INFO:tenpy.tools.params:DMRG: reading 'max_N_sites_per_ring'=18
INFO:tenpy.tools.params:DMRG: reading 'combine'=False
INFO:tenpy.tools.params:DMRG: subconfig 'lanczos_params'=Config(<9 options>, 'lanczos_params')
INFO:tenpy.tools.params:DMRG: reading 'chi_list'=None
INFO:tenpy.tools.params:DMRG: reading 'start_env'=1
INFO:tenpy.algorithms.mps_common:start environment_sweep
INFO:tenpy.tools.params:DMRG: reading 'N_sweeps_check'=10
INFO:tenpy.tools.params:DMRG: subconfig 'mixer_params'=Config(<3 options>, 'mixer_params')
INFO:tenpy.tools.params:DMRG: reading 'mixer'=None
INFO:tenpy.tools.params:DMRG: reading 'max_sweeps'=100
INFO:tenpy.tools.params:DMRG: reading 'max_hours'=8760
INFO:tenpy.tools.params:DMRG: reading 'P_tol_to_trunc'=0.05
INFO:tenpy.tools.params:DMRG: reading 'P_tol_min'=5.0000000000000004e-30
INFO:tenpy.tools.params:DMRG: reading 'P_tol_max'=0.0001
INFO:tenpy.tools.params:DMRG: reading 'E_tol_to_trunc'=None
INFO:tenpy.algorithms.dmrg:Running sweep with optimization
INFO:tenpy.tools.params:DMRG: reading 'max_N_for_ED'=400
INFO:tenpy.tools.params:DMRG: reading 'update_env'=5
INFO:tenpy.algorithms.mps_common:start environment_sweep
INFO:tenpy.algorithms.dmrg:checkpoint after sweep 10
energy=-0.7062296540306789, max S=2.3493695321723607, age=198, norm_err=2.3e-01
Current memory usage 216.4MB, wall time: 49.1s
Delta E = nan, Delta S = 1.6578e-01 (per sweep)
max trunc_err = 2.3735e-08, max E_trunc = 4.3838e-09
chi: [256, 256, 256, 256, 256, 256]
================================================================================
INFO:tenpy.algorithms.dmrg:Running sweep with optimization
INFO:tenpy.algorithms.mps_common:start environment_sweep
INFO:tenpy.algorithms.dmrg:checkpoint after sweep 20
energy=-0.5936779797738106, max S=2.3609772847887265, age=378, norm_err=8.2e-02
Current memory usage 216.4MB, wall time: 50.0s
Delta E = 1.1255e-02, Delta S = 3.2997e-03 (per sweep)
max trunc_err = 1.8362e-07, max E_trunc = 3.5611e-08
chi: [256, 256, 256, 256, 256, 256]
================================================================================
INFO:tenpy.tools.params:DMRG: reading 'max_E_err'=1e-08
INFO:tenpy.tools.params:DMRG: reading 'max_S_err'=1e-05
INFO:tenpy.algorithms.dmrg:Running sweep with optimization
INFO:tenpy.algorithms.mps_common:start environment_sweep
INFO:tenpy.algorithms.dmrg:checkpoint after sweep 30
energy=-0.7056840881951558, max S=2.3349005719567559, age=558, norm_err=1.2e-01
Current memory usage 216.4MB, wall time: 50.2s
Delta E = -1.1201e-02, Delta S = -5.2371e-03 (per sweep)
max trunc_err = 2.4526e-07, max E_trunc = 2.7107e-08
chi: [256, 256, 256, 256, 256, 256]
================================================================================
INFO:tenpy.algorithms.dmrg:Running sweep with optimization
INFO:tenpy.algorithms.mps_common:start environment_sweep
INFO:tenpy.algorithms.dmrg:checkpoint after sweep 40
energy=-0.1042493448879516, max S=2.4861210692288847, age=738, norm_err=1.2e-01
Current memory usage 216.4MB, wall time: 49.7s
Delta E = 6.0143e-02, Delta S = 2.0860e-02 (per sweep)
max trunc_err = 1.2264e-07, max E_trunc = 2.3702e-08
chi: [256, 256, 256, 256, 256, 256]
================================================================================
INFO:tenpy.algorithms.dmrg:Running sweep with optimization
INFO:tenpy.algorithms.mps_common:start environment_sweep
INFO:tenpy.algorithms.dmrg:checkpoint after sweep 50
energy=-0.7059649809857831, max S=2.2766632744938802, age=918, norm_err=7.6e-02
Current memory usage 216.4MB, wall time: 50.4s
Delta E = -6.0172e-02, Delta S = -2.6083e-02 (per sweep)
max trunc_err = 2.0186e-07, max E_trunc = 4.0622e-08
chi: [256, 256, 256, 256, 256, 256]
================================================================================
INFO:tenpy.algorithms.dmrg:Running sweep with optimization
INFO:tenpy.algorithms.mps_common:start environment_sweep
INFO:tenpy.algorithms.dmrg:checkpoint after sweep 60
energy=-0.7068358768198758, max S=2.4053515516052841, age=1098, norm_err=1.1e-01
Current memory usage 216.4MB, wall time: 49.0s
Delta E = -8.7090e-05, Delta S = 1.3294e-02 (per sweep)
max trunc_err = 1.1653e-07, max E_trunc = 4.3859e-08
chi: [256, 256, 256, 256, 256, 256]
================================================================================
INFO:tenpy.algorithms.dmrg:Running sweep with optimization
INFO:tenpy.algorithms.mps_common:start environment_sweep
INFO:tenpy.algorithms.dmrg:checkpoint after sweep 70
energy=-0.2267247349798633, max S=2.5688249756196013, age=1278, norm_err=1.4e-01
Current memory usage 216.4MB, wall time: 50.2s
Delta E = 4.8011e-02, Delta S = 1.8739e-02 (per sweep)
max trunc_err = 1.8842e-08, max E_trunc = 6.0783e-09
chi: [256, 256, 256, 256, 256, 256]
================================================================================
INFO:tenpy.algorithms.dmrg:Running sweep with optimization
INFO:tenpy.algorithms.mps_common:start environment_sweep
INFO:tenpy.algorithms.dmrg:checkpoint after sweep 80
energy=-0.7021634185963421, max S=2.3864598222334421, age=1458, norm_err=1.5e-01
Current memory usage 216.4MB, wall time: 50.1s
Delta E = -4.7544e-02, Delta S = -2.0674e-02 (per sweep)
max trunc_err = 2.5575e-08, max E_trunc = 5.4215e-08
chi: [256, 256, 256, 256, 256, 256]
================================================================================
INFO:tenpy.algorithms.dmrg:Running sweep with optimization
INFO:tenpy.algorithms.mps_common:start environment_sweep
INFO:tenpy.algorithms.dmrg:checkpoint after sweep 90
energy=-0.3540561797598987, max S=2.4936890356508976, age=1638, norm_err=1.3e-01
Current memory usage 216.4MB, wall time: 50.5s
Delta E = 3.4811e-02, Delta S = 1.2150e-02 (per sweep)
max trunc_err = 4.8816e-08, max E_trunc = 4.9288e-09
chi: [256, 256, 256, 256, 256, 256]
================================================================================
INFO:tenpy.algorithms.dmrg:Running sweep with optimization
INFO:tenpy.algorithms.mps_common:start environment_sweep
INFO:tenpy.algorithms.dmrg:checkpoint after sweep 100
energy=-0.7045142657959028, max S=2.2833618807956730, age=1818, norm_err=7.0e-02
Current memory usage 216.4MB, wall time: 50.7s
Delta E = -3.5046e-02, Delta S = -2.2666e-02 (per sweep)
max trunc_err = 1.0710e-07, max E_trunc = 1.9396e-08
chi: [256, 256, 256, 256, 256, 256]
================================================================================
INFO:tenpy.algorithms.dmrg:Running sweep with optimization
INFO:tenpy.algorithms.mps_common:start environment_sweep
INFO:tenpy.algorithms.dmrg:checkpoint after sweep 110
energy=1.6966828368056024, max S=0.6829039861852193, age=1998, norm_err=7.4e-02
Current memory usage 216.4MB, wall time: 50.0s
Delta E = 2.4012e-01, Delta S = -1.4727e-01 (per sweep)
max trunc_err = 4.1051e-08, max E_trunc = 4.0686e-08
chi: [256, 256, 256, 256, 256, 256]
================================================================================
INFO:tenpy.algorithms.mps_common:TwoSiteDMRGEngine: Maximum number of sweeps reached
INFO:tenpy.tools.params:DMRG: reading 'norm_tol'=1e-05
INFO:tenpy.tools.params:DMRG: reading 'norm_tol_final'=1e-10
INFO:tenpy.tools.params:DMRG: reading 'norm_tol_iter'=5
WARNING:tenpy.algorithms.dmrg:final DMRG state not in canonical form up to norm_tol=1.00e-05: norm_err=7.40e-02
INFO:tenpy.algorithms.mps_common:start environment_sweep
WARNING:tenpy.algorithms.dmrg:final DMRG state not in canonical form up to norm_tol_final=1.00e-10: norm_err=1.71e-06, calling psi.canonical_form()
INFO:tenpy.algorithms.dmrg:TwoSiteDMRGEngine finished after 110 sweeps, max chi=256
INFO:tenpy.tools.params:DMRG: reading 'max_trunc_err'=0.0001
INFO:tenpy.tools.params:MixedHofstadterLandauGauge_Pi_2: reading 'explicit_plus_hc'=False
INFO:tenpy.tools.params:MixedHofstadterLandauGauge_Pi_2: reading 'Lx'=2
INFO:tenpy.tools.params:MixedHofstadterLandauGauge_Pi_2: setting 'N_rings'=2
INFO:tenpy.tools.params:MixedHofstadterLandauGauge_Pi_2: reading 'xy_lattice'='Square'
INFO:tenpy.tools.params:MixedHofstadterLandauGauge_Pi_2: reading 'Ly'=3
INFO:tenpy.tools.params:MixedHofstadterLandauGauge_Pi_2: reading 'ring_order'=None
INFO:tenpy.tools.params:MixedHofstadterLandauGauge_Pi_2: reading 'conserve_k'=True
INFO:tenpy.tools.params:MixedHofstadterLandauGauge_Pi_2: reading 'bc_MPS'='infinite'
INFO:tenpy.tools.params:MixedHofstadterLandauGauge_Pi_2: reading 't'=-1
INFO:tenpy.tools.params:MixedHofstadterLandauGauge_Pi_2: reading 't2'=-0.25
INFO:tenpy.tools.params:MixedHofstadterLandauGauge_Pi_2: reading 'V1'=0.6
INFO:tenpy.tools.params:MixedHofstadterLandauGauge_Pi_2: reading 'phi_ext'=np.float64(0.75)
INFO:tenpy.tools.params:MixedHofstadterLandauGauge_Pi_2: reading 'sort_mpo_legs'=False
/home/t30/kna/ge54yin/Documents/MasterThesisFQHinTMDs/MPS_stuff/MPScalculations/.venv/lib/python3.12/site-packages/tenpy/tools/params.py:232: UserWarning: unused options for config MixedHofstadterLandauGauge_Pi_2:
['Delta', 'N_rings', 'Nsec', 'bc', 'chi_max', 'ktot', 'saveAll']
  warnings.warn(msg.format(keys=sorted(unused), name=self.name))
INFO:tenpy.tools.params:DMRG: reading 'active_sites'=2
INFO:tenpy.tools.params:DMRG: reading 'diag_method'='default'
INFO:tenpy.tools.params:DMRG: subconfig 'trunc_params'=Config(<5 options>, 'trunc_params')
INFO:tenpy.tools.params:DMRG: reading 'max_N_sites_per_ring'=18
INFO:tenpy.tools.params:DMRG: reading 'combine'=False
INFO:tenpy.tools.params:DMRG: subconfig 'lanczos_params'=Config(<9 options>, 'lanczos_params')
INFO:tenpy.tools.params:DMRG: reading 'chi_list'=None
INFO:tenpy.tools.params:DMRG: reading 'start_env'=1
INFO:tenpy.algorithms.mps_common:start environment_sweep
INFO:tenpy.tools.params:DMRG: reading 'N_sweeps_check'=10
INFO:tenpy.tools.params:DMRG: subconfig 'mixer_params'=Config(<3 options>, 'mixer_params')
INFO:tenpy.tools.params:DMRG: reading 'mixer'=None
INFO:tenpy.tools.params:DMRG: reading 'max_sweeps'=100
INFO:tenpy.tools.params:DMRG: reading 'max_hours'=8760
INFO:tenpy.tools.params:DMRG: reading 'P_tol_to_trunc'=0.05
INFO:tenpy.tools.params:DMRG: reading 'P_tol_min'=5.0000000000000004e-30
INFO:tenpy.tools.params:DMRG: reading 'P_tol_max'=0.0001
INFO:tenpy.tools.params:DMRG: reading 'E_tol_to_trunc'=None
INFO:tenpy.algorithms.dmrg:Running sweep with optimization
INFO:tenpy.tools.params:DMRG: reading 'max_N_for_ED'=400
INFO:tenpy.tools.params:DMRG: reading 'update_env'=5
INFO:tenpy.algorithms.mps_common:start environment_sweep
INFO:tenpy.algorithms.dmrg:checkpoint after sweep 10
energy=-0.7086968328602078, max S=2.3822379793208306, age=198, norm_err=1.4e-01
Current memory usage 216.4MB, wall time: 48.8s
Delta E = nan, Delta S = 1.8631e-01 (per sweep)
max trunc_err = 3.4054e-08, max E_trunc = 2.1635e-08
chi: [256, 256, 256, 256, 256, 256]
================================================================================
INFO:tenpy.algorithms.dmrg:Running sweep with optimization
INFO:tenpy.algorithms.mps_common:start environment_sweep
INFO:tenpy.algorithms.dmrg:checkpoint after sweep 20
energy=-0.7063190247298033, max S=2.3596806862662678, age=378, norm_err=1.8e-01
Current memory usage 216.4MB, wall time: 50.3s
Delta E = 2.3778e-04, Delta S = -3.4962e-03 (per sweep)
max trunc_err = 4.0995e-08, max E_trunc = 4.0006e-08
chi: [256, 256, 256, 256, 256, 256]
================================================================================
INFO:tenpy.tools.params:DMRG: reading 'max_E_err'=1e-08
INFO:tenpy.tools.params:DMRG: reading 'max_S_err'=1e-05
INFO:tenpy.algorithms.dmrg:Running sweep with optimization
INFO:tenpy.algorithms.mps_common:start environment_sweep
INFO:tenpy.algorithms.dmrg:checkpoint after sweep 30
energy=-0.7065604210628228, max S=2.3498099974147504, age=558, norm_err=1.9e-01
Current memory usage 216.4MB, wall time: 50.3s
Delta E = -2.4140e-05, Delta S = -4.8919e-04 (per sweep)
max trunc_err = 5.3684e-08, max E_trunc = 2.8686e-08
chi: [256, 256, 256, 256, 256, 256]
================================================================================
INFO:tenpy.algorithms.dmrg:Running sweep with optimization
INFO:tenpy.algorithms.mps_common:start environment_sweep
INFO:tenpy.algorithms.dmrg:checkpoint after sweep 40
energy=-0.7033722564497111, max S=2.3984600679252539, age=738, norm_err=2.1e-01
Current memory usage 216.4MB, wall time: 50.0s
Delta E = 3.1882e-04, Delta S = 4.0492e-03 (per sweep)
max trunc_err = 3.1319e-08, max E_trunc = 2.9295e-08
chi: [256, 256, 256, 256, 256, 256]
================================================================================
INFO:tenpy.algorithms.dmrg:Running sweep with optimization
INFO:tenpy.algorithms.mps_common:start environment_sweep
INFO:tenpy.algorithms.dmrg:checkpoint after sweep 50
energy=-0.7054569953614210, max S=2.3560539731237178, age=918, norm_err=1.8e-01
Current memory usage 216.4MB, wall time: 50.2s
Delta E = -2.0847e-04, Delta S = -3.0701e-03 (per sweep)
max trunc_err = 7.5341e-08, max E_trunc = 4.3256e-09
chi: [256, 256, 256, 256, 256, 256]
================================================================================
INFO:tenpy.algorithms.dmrg:Running sweep with optimization
INFO:tenpy.algorithms.mps_common:start environment_sweep
INFO:tenpy.algorithms.dmrg:checkpoint after sweep 60
energy=-0.7002070144152128, max S=2.3570190271189180, age=1098, norm_err=1.8e-01
Current memory usage 216.4MB, wall time: 50.3s
Delta E = 5.2500e-04, Delta S = 1.2235e-03 (per sweep)
max trunc_err = 1.0956e-07, max E_trunc = 2.4552e-08
chi: [256, 256, 256, 256, 256, 256]
================================================================================
INFO:tenpy.algorithms.dmrg:Running sweep with optimization
INFO:tenpy.algorithms.mps_common:start environment_sweep
INFO:tenpy.algorithms.dmrg:checkpoint after sweep 70
energy=-0.7057817494472829, max S=2.3310052704641473, age=1278, norm_err=2.0e-01
Current memory usage 216.4MB, wall time: 50.3s
Delta E = -5.5747e-04, Delta S = -3.7073e-03 (per sweep)
max trunc_err = 2.0980e-08, max E_trunc = 2.7772e-08
chi: [256, 256, 256, 256, 256, 256]
================================================================================
INFO:tenpy.algorithms.dmrg:Running sweep with optimization
INFO:tenpy.algorithms.mps_common:start environment_sweep
INFO:tenpy.algorithms.dmrg:checkpoint after sweep 80
energy=-0.7075810825651653, max S=2.3409456044925596, age=1458, norm_err=1.3e-01
Current memory usage 216.4MB, wall time: 50.1s
Delta E = -1.7993e-04, Delta S = 2.6591e-03 (per sweep)
max trunc_err = 5.3426e-08, max E_trunc = 2.0284e-09
chi: [256, 256, 256, 256, 256, 256]
================================================================================
INFO:tenpy.algorithms.dmrg:Running sweep with optimization
INFO:tenpy.algorithms.mps_common:start environment_sweep
INFO:tenpy.algorithms.dmrg:checkpoint after sweep 90
energy=-0.7068111951290158, max S=2.3196210900022862, age=1638, norm_err=1.2e-01
Current memory usage 216.4MB, wall time: 50.1s
Delta E = 7.6989e-05, Delta S = -3.1642e-03 (per sweep)
max trunc_err = 2.4420e-08, max E_trunc = 2.5580e-09
chi: [256, 256, 256, 256, 256, 256]
================================================================================
INFO:tenpy.algorithms.dmrg:Running sweep with optimization
INFO:tenpy.algorithms.mps_common:start environment_sweep
INFO:tenpy.algorithms.dmrg:checkpoint after sweep 100
energy=-0.7071043969952294, max S=2.3659488894857690, age=1818, norm_err=1.0e-01
Current memory usage 216.4MB, wall time: 50.2s
Delta E = -2.9320e-05, Delta S = 5.2221e-03 (per sweep)
max trunc_err = 2.5886e-08, max E_trunc = 2.1267e-08
chi: [256, 256, 256, 256, 256, 256]
================================================================================
INFO:tenpy.algorithms.dmrg:Running sweep with optimization
INFO:tenpy.algorithms.mps_common:start environment_sweep
INFO:tenpy.algorithms.dmrg:checkpoint after sweep 110
energy=-0.7073916458440598, max S=2.3693326644473292, age=1998, norm_err=1.6e-01
Current memory usage 216.4MB, wall time: 49.9s
Delta E = -2.8725e-05, Delta S = -1.0432e-03 (per sweep)
max trunc_err = 2.7582e-08, max E_trunc = 4.8403e-08
chi: [256, 256, 256, 256, 256, 256]
================================================================================
INFO:tenpy.algorithms.mps_common:TwoSiteDMRGEngine: Maximum number of sweeps reached
INFO:tenpy.tools.params:DMRG: reading 'norm_tol'=1e-05
INFO:tenpy.tools.params:DMRG: reading 'norm_tol_final'=1e-10
INFO:tenpy.tools.params:DMRG: reading 'norm_tol_iter'=5
WARNING:tenpy.algorithms.dmrg:final DMRG state not in canonical form up to norm_tol=1.00e-05: norm_err=1.62e-01
INFO:tenpy.algorithms.mps_common:start environment_sweep
INFO:tenpy.algorithms.mps_common:start environment_sweep
INFO:tenpy.algorithms.mps_common:start environment_sweep
INFO:tenpy.algorithms.mps_common:start environment_sweep
INFO:tenpy.algorithms.mps_common:start environment_sweep
WARNING:tenpy.algorithms.dmrg:final DMRG state not in canonical form up to norm_tol_final=1.00e-10: norm_err=1.82e-06, calling psi.canonical_form()
INFO:tenpy.algorithms.dmrg:TwoSiteDMRGEngine finished after 110 sweeps, max chi=256
INFO:tenpy.tools.params:DMRG: reading 'max_trunc_err'=0.0001
INFO:tenpy.tools.params:MixedHofstadterLandauGauge_Pi_2: reading 'explicit_plus_hc'=False
INFO:tenpy.tools.params:MixedHofstadterLandauGauge_Pi_2: reading 'Lx'=2
INFO:tenpy.tools.params:MixedHofstadterLandauGauge_Pi_2: setting 'N_rings'=2
INFO:tenpy.tools.params:MixedHofstadterLandauGauge_Pi_2: reading 'xy_lattice'='Square'
INFO:tenpy.tools.params:MixedHofstadterLandauGauge_Pi_2: reading 'Ly'=3
INFO:tenpy.tools.params:MixedHofstadterLandauGauge_Pi_2: reading 'ring_order'=None
INFO:tenpy.tools.params:MixedHofstadterLandauGauge_Pi_2: reading 'conserve_k'=True
INFO:tenpy.tools.params:MixedHofstadterLandauGauge_Pi_2: reading 'bc_MPS'='infinite'
INFO:tenpy.tools.params:MixedHofstadterLandauGauge_Pi_2: reading 't'=-1
INFO:tenpy.tools.params:MixedHofstadterLandauGauge_Pi_2: reading 't2'=-0.25
INFO:tenpy.tools.params:MixedHofstadterLandauGauge_Pi_2: reading 'V1'=0.6
INFO:tenpy.tools.params:MixedHofstadterLandauGauge_Pi_2: reading 'phi_ext'=np.float64(0.8)
INFO:tenpy.tools.params:MixedHofstadterLandauGauge_Pi_2: reading 'sort_mpo_legs'=False
/home/t30/kna/ge54yin/Documents/MasterThesisFQHinTMDs/MPS_stuff/MPScalculations/.venv/lib/python3.12/site-packages/tenpy/tools/params.py:232: UserWarning: unused options for config MixedHofstadterLandauGauge_Pi_2:
['Delta', 'N_rings', 'Nsec', 'bc', 'chi_max', 'ktot', 'saveAll']
  warnings.warn(msg.format(keys=sorted(unused), name=self.name))
INFO:tenpy.tools.params:DMRG: reading 'active_sites'=2
INFO:tenpy.tools.params:DMRG: reading 'diag_method'='default'
INFO:tenpy.tools.params:DMRG: subconfig 'trunc_params'=Config(<5 options>, 'trunc_params')
INFO:tenpy.tools.params:DMRG: reading 'max_N_sites_per_ring'=18
INFO:tenpy.tools.params:DMRG: reading 'combine'=False
INFO:tenpy.tools.params:DMRG: subconfig 'lanczos_params'=Config(<9 options>, 'lanczos_params')
INFO:tenpy.tools.params:DMRG: reading 'chi_list'=None
INFO:tenpy.tools.params:DMRG: reading 'start_env'=1
INFO:tenpy.algorithms.mps_common:start environment_sweep
INFO:tenpy.tools.params:DMRG: reading 'N_sweeps_check'=10
INFO:tenpy.tools.params:DMRG: subconfig 'mixer_params'=Config(<3 options>, 'mixer_params')
INFO:tenpy.tools.params:DMRG: reading 'mixer'=None
INFO:tenpy.tools.params:DMRG: reading 'max_sweeps'=100
INFO:tenpy.tools.params:DMRG: reading 'max_hours'=8760
INFO:tenpy.tools.params:DMRG: reading 'P_tol_to_trunc'=0.05
INFO:tenpy.tools.params:DMRG: reading 'P_tol_min'=5.0000000000000004e-30
INFO:tenpy.tools.params:DMRG: reading 'P_tol_max'=0.0001
INFO:tenpy.tools.params:DMRG: reading 'E_tol_to_trunc'=None
INFO:tenpy.algorithms.dmrg:Running sweep with optimization
INFO:tenpy.tools.params:DMRG: reading 'max_N_for_ED'=400
INFO:tenpy.tools.params:DMRG: reading 'update_env'=5
INFO:tenpy.algorithms.mps_common:start environment_sweep
INFO:tenpy.algorithms.dmrg:checkpoint after sweep 10
energy=-0.6827996883287568, max S=2.8458856983856649, age=198, norm_err=1.4e-01
Current memory usage 216.4MB, wall time: 49.5s
Delta E = nan, Delta S = 5.1944e-02 (per sweep)
max trunc_err = 1.5532e-08, max E_trunc = 6.4271e-10
chi: [256, 256, 256, 256, 256, 256]
================================================================================
INFO:tenpy.algorithms.dmrg:Running sweep with optimization
INFO:tenpy.algorithms.mps_common:start environment_sweep
INFO:tenpy.algorithms.dmrg:checkpoint after sweep 20
energy=-0.6218925716956297, max S=3.3611931290098416, age=378, norm_err=3.6e-02
Current memory usage 216.4MB, wall time: 50.3s
Delta E = 6.0907e-03, Delta S = 5.4203e-02 (per sweep)
max trunc_err = 1.2549e-08, max E_trunc = 4.1529e-08
chi: [256, 256, 256, 256, 256, 256]
================================================================================
INFO:tenpy.tools.params:DMRG: reading 'max_E_err'=1e-08
INFO:tenpy.tools.params:DMRG: reading 'max_S_err'=1e-05
INFO:tenpy.algorithms.dmrg:Running sweep with optimization
INFO:tenpy.algorithms.mps_common:start environment_sweep
INFO:tenpy.algorithms.dmrg:checkpoint after sweep 30
energy=-0.6298814094253373, max S=3.4376318407133111, age=558, norm_err=5.4e-02
Current memory usage 216.4MB, wall time: 50.5s
Delta E = -7.9888e-04, Delta S = 4.2400e-03 (per sweep)
max trunc_err = 1.2868e-08, max E_trunc = 3.4624e-08
chi: [256, 256, 256, 256, 256, 256]
================================================================================
INFO:tenpy.algorithms.dmrg:Running sweep with optimization
INFO:tenpy.algorithms.mps_common:start environment_sweep
INFO:tenpy.algorithms.dmrg:checkpoint after sweep 40
energy=-0.6503009230499307, max S=3.4050698913738970, age=738, norm_err=6.6e-02
Current memory usage 216.4MB, wall time: 50.0s
Delta E = -2.0420e-03, Delta S = -3.6502e-03 (per sweep)
max trunc_err = 1.4048e-08, max E_trunc = 3.8147e-08
chi: [256, 256, 256, 256, 256, 256]
================================================================================
INFO:tenpy.algorithms.dmrg:Running sweep with optimization
INFO:tenpy.algorithms.mps_common:start environment_sweep
INFO:tenpy.algorithms.dmrg:checkpoint after sweep 50
energy=-0.6350453550231047, max S=3.4110953936070771, age=918, norm_err=8.3e-02
Current memory usage 216.4MB, wall time: 50.1s
Delta E = 1.5256e-03, Delta S = 2.2962e-03 (per sweep)
max trunc_err = 1.2409e-08, max E_trunc = 3.8974e-08
chi: [256, 256, 256, 256, 256, 256]
================================================================================
INFO:tenpy.algorithms.dmrg:Running sweep with optimization
INFO:tenpy.algorithms.mps_common:start environment_sweep
INFO:tenpy.algorithms.dmrg:checkpoint after sweep 60
energy=-0.7062552538668001, max S=2.4015700389022685, age=1098, norm_err=1.7e-01
Current memory usage 216.4MB, wall time: 49.8s
Delta E = -7.1210e-03, Delta S = -1.0143e-01 (per sweep)
max trunc_err = 3.1264e-08, max E_trunc = 4.0194e-09
chi: [256, 256, 256, 256, 256, 256]
================================================================================
INFO:tenpy.algorithms.dmrg:Running sweep with optimization
INFO:tenpy.algorithms.mps_common:start environment_sweep
INFO:tenpy.algorithms.dmrg:checkpoint after sweep 70
energy=1.4462354498627594, max S=2.1426547784724672, age=1278, norm_err=2.1e-01
Current memory usage 216.4MB, wall time: 50.5s
Delta E = 2.1525e-01, Delta S = -2.3996e-02 (per sweep)
max trunc_err = 6.3788e-08, max E_trunc = 5.8179e-09
chi: [256, 256, 256, 256, 256, 256]
================================================================================
INFO:tenpy.algorithms.dmrg:Running sweep with optimization
INFO:tenpy.algorithms.mps_common:start environment_sweep
INFO:tenpy.algorithms.dmrg:checkpoint after sweep 80
energy=-0.6989543681413011, max S=2.3890399807195624, age=1458, norm_err=1.0e-01
Current memory usage 216.4MB, wall time: 50.6s
Delta E = -2.1452e-01, Delta S = 2.2796e-02 (per sweep)
max trunc_err = 1.6871e-08, max E_trunc = 3.7351e-09
chi: [256, 256, 256, 256, 256, 256]
================================================================================
INFO:tenpy.algorithms.dmrg:Running sweep with optimization
INFO:tenpy.algorithms.mps_common:start environment_sweep
INFO:tenpy.algorithms.dmrg:checkpoint after sweep 90
energy=-0.7060695224867194, max S=2.3872425140146571, age=1638, norm_err=1.3e-01
Current memory usage 216.4MB, wall time: 50.0s
Delta E = -7.1152e-04, Delta S = -2.7561e-03 (per sweep)
max trunc_err = 3.3741e-08, max E_trunc = 6.5689e-08
chi: [256, 256, 256, 256, 256, 256]
================================================================================
INFO:tenpy.algorithms.dmrg:Running sweep with optimization
INFO:tenpy.algorithms.mps_common:start environment_sweep
INFO:tenpy.algorithms.dmrg:checkpoint after sweep 100
energy=-0.7055170933892896, max S=2.2911678151727823, age=1818, norm_err=1.2e-01
Current memory usage 216.4MB, wall time: 50.1s
Delta E = 5.5243e-05, Delta S = -7.9565e-03 (per sweep)
max trunc_err = 4.0267e-08, max E_trunc = 5.1828e-08
chi: [256, 256, 256, 256, 256, 256]
================================================================================
INFO:tenpy.algorithms.dmrg:Running sweep with optimization
INFO:tenpy.algorithms.mps_common:start environment_sweep
INFO:tenpy.algorithms.dmrg:checkpoint after sweep 110
energy=-0.7050485066647904, max S=2.3413651153480415, age=1998, norm_err=9.2e-02
Current memory usage 216.4MB, wall time: 50.1s
Delta E = 4.6859e-05, Delta S = 4.7486e-03 (per sweep)
max trunc_err = 3.4021e-08, max E_trunc = 5.0413e-08
chi: [256, 256, 256, 256, 256, 256]
================================================================================
INFO:tenpy.algorithms.mps_common:TwoSiteDMRGEngine: Maximum number of sweeps reached
INFO:tenpy.tools.params:DMRG: reading 'norm_tol'=1e-05
INFO:tenpy.tools.params:DMRG: reading 'norm_tol_final'=1e-10
INFO:tenpy.tools.params:DMRG: reading 'norm_tol_iter'=5
WARNING:tenpy.algorithms.dmrg:final DMRG state not in canonical form up to norm_tol=1.00e-05: norm_err=9.23e-02
INFO:tenpy.algorithms.mps_common:start environment_sweep
INFO:tenpy.algorithms.mps_common:start environment_sweep
INFO:tenpy.algorithms.mps_common:start environment_sweep
INFO:tenpy.algorithms.mps_common:start environment_sweep
WARNING:tenpy.algorithms.dmrg:final DMRG state not in canonical form up to norm_tol_final=1.00e-10: norm_err=1.93e-06, calling psi.canonical_form()
INFO:tenpy.algorithms.dmrg:TwoSiteDMRGEngine finished after 110 sweeps, max chi=256
INFO:tenpy.tools.params:DMRG: reading 'max_trunc_err'=0.0001
INFO:tenpy.tools.params:MixedHofstadterLandauGauge_Pi_2: reading 'explicit_plus_hc'=False
INFO:tenpy.tools.params:MixedHofstadterLandauGauge_Pi_2: reading 'Lx'=2
INFO:tenpy.tools.params:MixedHofstadterLandauGauge_Pi_2: setting 'N_rings'=2
INFO:tenpy.tools.params:MixedHofstadterLandauGauge_Pi_2: reading 'xy_lattice'='Square'
INFO:tenpy.tools.params:MixedHofstadterLandauGauge_Pi_2: reading 'Ly'=3
INFO:tenpy.tools.params:MixedHofstadterLandauGauge_Pi_2: reading 'ring_order'=None
INFO:tenpy.tools.params:MixedHofstadterLandauGauge_Pi_2: reading 'conserve_k'=True
INFO:tenpy.tools.params:MixedHofstadterLandauGauge_Pi_2: reading 'bc_MPS'='infinite'
INFO:tenpy.tools.params:MixedHofstadterLandauGauge_Pi_2: reading 't'=-1
INFO:tenpy.tools.params:MixedHofstadterLandauGauge_Pi_2: reading 't2'=-0.25
INFO:tenpy.tools.params:MixedHofstadterLandauGauge_Pi_2: reading 'V1'=0.6
INFO:tenpy.tools.params:MixedHofstadterLandauGauge_Pi_2: reading 'phi_ext'=np.float64(0.8500000000000001)
INFO:tenpy.tools.params:MixedHofstadterLandauGauge_Pi_2: reading 'sort_mpo_legs'=False
/home/t30/kna/ge54yin/Documents/MasterThesisFQHinTMDs/MPS_stuff/MPScalculations/.venv/lib/python3.12/site-packages/tenpy/tools/params.py:232: UserWarning: unused options for config MixedHofstadterLandauGauge_Pi_2:
['Delta', 'N_rings', 'Nsec', 'bc', 'chi_max', 'ktot', 'saveAll']
  warnings.warn(msg.format(keys=sorted(unused), name=self.name))
INFO:tenpy.tools.params:DMRG: reading 'active_sites'=2
INFO:tenpy.tools.params:DMRG: reading 'diag_method'='default'
INFO:tenpy.tools.params:DMRG: subconfig 'trunc_params'=Config(<5 options>, 'trunc_params')
INFO:tenpy.tools.params:DMRG: reading 'max_N_sites_per_ring'=18
INFO:tenpy.tools.params:DMRG: reading 'combine'=False
INFO:tenpy.tools.params:DMRG: subconfig 'lanczos_params'=Config(<9 options>, 'lanczos_params')
INFO:tenpy.tools.params:DMRG: reading 'chi_list'=None
INFO:tenpy.tools.params:DMRG: reading 'start_env'=1
INFO:tenpy.algorithms.mps_common:start environment_sweep
INFO:tenpy.tools.params:DMRG: reading 'N_sweeps_check'=10
INFO:tenpy.tools.params:DMRG: subconfig 'mixer_params'=Config(<3 options>, 'mixer_params')
INFO:tenpy.tools.params:DMRG: reading 'mixer'=None
INFO:tenpy.tools.params:DMRG: reading 'max_sweeps'=100
INFO:tenpy.tools.params:DMRG: reading 'max_hours'=8760
INFO:tenpy.tools.params:DMRG: reading 'P_tol_to_trunc'=0.05
INFO:tenpy.tools.params:DMRG: reading 'P_tol_min'=5.0000000000000004e-30
INFO:tenpy.tools.params:DMRG: reading 'P_tol_max'=0.0001
INFO:tenpy.tools.params:DMRG: reading 'E_tol_to_trunc'=None
INFO:tenpy.algorithms.dmrg:Running sweep with optimization
INFO:tenpy.tools.params:DMRG: reading 'max_N_for_ED'=400
INFO:tenpy.tools.params:DMRG: reading 'update_env'=5
INFO:tenpy.algorithms.mps_common:start environment_sweep
INFO:tenpy.algorithms.dmrg:checkpoint after sweep 10
energy=0.4203360272517808, max S=1.0849983372198460, age=198, norm_err=6.2e-02
Current memory usage 216.4MB, wall time: 49.9s
Delta E = nan, Delta S = -9.5207e-02 (per sweep)
max trunc_err = 1.9425e-08, max E_trunc = -3.1416e-09
chi: [256, 256, 256, 256, 256, 256]
================================================================================
INFO:tenpy.algorithms.dmrg:Running sweep with optimization
INFO:tenpy.algorithms.mps_common:start environment_sweep
INFO:tenpy.algorithms.dmrg:checkpoint after sweep 20
energy=0.1530088246990881, max S=0.6952481179615971, age=378, norm_err=1.2e-02
Current memory usage 216.4MB, wall time: 50.3s
Delta E = -2.6733e-02, Delta S = -3.3463e-02 (per sweep)
max trunc_err = 3.6757e-08, max E_trunc = 2.5289e-09
chi: [256, 256, 256, 256, 256, 256]
================================================================================
INFO:tenpy.tools.params:DMRG: reading 'max_E_err'=1e-08
INFO:tenpy.tools.params:DMRG: reading 'max_S_err'=1e-05
INFO:tenpy.algorithms.dmrg:Running sweep with optimization
INFO:tenpy.algorithms.mps_common:start environment_sweep
INFO:tenpy.algorithms.dmrg:checkpoint after sweep 30
energy=0.4766820295215790, max S=2.0750027825041903, age=558, norm_err=7.6e-02
Current memory usage 216.4MB, wall time: 48.3s
Delta E = 3.2367e-02, Delta S = 1.0242e-01 (per sweep)
max trunc_err = 2.8384e-07, max E_trunc = -1.2084e-09
chi: [256, 256, 256, 256, 256, 256]
================================================================================
INFO:tenpy.algorithms.dmrg:Running sweep with optimization
INFO:tenpy.algorithms.mps_common:start environment_sweep
INFO:tenpy.algorithms.dmrg:checkpoint after sweep 40
energy=0.1462855530431000, max S=1.5925572845372562, age=738, norm_err=1.9e-02
Current memory usage 216.4MB, wall time: 47.1s
Delta E = -3.3040e-02, Delta S = -4.3484e-02 (per sweep)
max trunc_err = 5.5056e-08, max E_trunc = 6.4961e-09
chi: [256, 248, 256, 256, 256, 256]
================================================================================
INFO:tenpy.algorithms.dmrg:Running sweep with optimization
INFO:tenpy.algorithms.mps_common:start environment_sweep
INFO:tenpy.algorithms.dmrg:checkpoint after sweep 50
energy=2.0031886413589461, max S=2.1214108856285079, age=918, norm_err=1.1e-01
Current memory usage 216.4MB, wall time: 48.6s
Delta E = 1.8569e-01, Delta S = 4.2454e-02 (per sweep)
max trunc_err = 3.5246e-08, max E_trunc = 3.5293e-09
chi: [256, 256, 256, 256, 256, 256]
================================================================================
INFO:tenpy.algorithms.dmrg:Running sweep with optimization
INFO:tenpy.algorithms.mps_common:start environment_sweep
INFO:tenpy.algorithms.dmrg:checkpoint after sweep 60
energy=-0.5815970200573967, max S=2.3858853072627846, age=1098, norm_err=1.6e-01
Current memory usage 216.4MB, wall time: 48.7s
Delta E = -2.5848e-01, Delta S = 3.4910e-02 (per sweep)
max trunc_err = 2.3793e-08, max E_trunc = 3.4603e-09
chi: [256, 256, 256, 256, 256, 256]
================================================================================
INFO:tenpy.algorithms.dmrg:Running sweep with optimization
INFO:tenpy.algorithms.mps_common:start environment_sweep
INFO:tenpy.algorithms.dmrg:checkpoint after sweep 70
energy=-0.7044305656129382, max S=2.4486310009313561, age=1278, norm_err=8.9e-02
Current memory usage 216.4MB, wall time: 49.4s
Delta E = -1.2283e-02, Delta S = 5.6298e-03 (per sweep)
max trunc_err = 3.5761e-08, max E_trunc = 3.7943e-09
chi: [256, 256, 256, 256, 256, 256]
================================================================================
INFO:tenpy.algorithms.dmrg:Running sweep with optimization
INFO:tenpy.algorithms.mps_common:start environment_sweep
INFO:tenpy.algorithms.dmrg:checkpoint after sweep 80
energy=1.2707887075758795, max S=2.0011931639156790, age=1458, norm_err=2.4e-01
Current memory usage 216.4MB, wall time: 50.1s
Delta E = 1.9752e-01, Delta S = -4.6112e-02 (per sweep)
max trunc_err = 3.0929e-08, max E_trunc = 2.3422e-09
chi: [256, 256, 256, 256, 256, 256]
================================================================================
INFO:tenpy.algorithms.dmrg:Running sweep with optimization
INFO:tenpy.algorithms.mps_common:start environment_sweep
INFO:tenpy.algorithms.dmrg:checkpoint after sweep 90
energy=-0.7026478175128545, max S=2.3371995681147664, age=1638, norm_err=1.2e-01
Current memory usage 216.4MB, wall time: 51.0s
Delta E = -1.9734e-01, Delta S = 3.3955e-02 (per sweep)
max trunc_err = 3.5321e-08, max E_trunc = 1.5611e-09
chi: [256, 256, 256, 256, 256, 256]
================================================================================
INFO:tenpy.algorithms.dmrg:Running sweep with optimization
INFO:tenpy.algorithms.mps_common:start environment_sweep
INFO:tenpy.algorithms.dmrg:checkpoint after sweep 100
energy=-0.7118360161843498, max S=2.2965961722119768, age=1818, norm_err=2.1e-01
Current memory usage 216.4MB, wall time: 50.3s
Delta E = -9.1882e-04, Delta S = -3.2442e-03 (per sweep)
max trunc_err = 1.9266e-08, max E_trunc = 2.9650e-08
chi: [256, 256, 256, 256, 256, 256]
================================================================================
INFO:tenpy.algorithms.dmrg:Running sweep with optimization
INFO:tenpy.algorithms.mps_common:start environment_sweep
INFO:tenpy.algorithms.dmrg:checkpoint after sweep 110
energy=-0.7099336166090401, max S=2.1829383594079106, age=1998, norm_err=1.3e-01
Current memory usage 216.4MB, wall time: 50.0s
Delta E = 1.9024e-04, Delta S = -1.2060e-02 (per sweep)
max trunc_err = 3.8521e-08, max E_trunc = 7.1877e-09
chi: [256, 256, 256, 256, 256, 256]
================================================================================
INFO:tenpy.algorithms.mps_common:TwoSiteDMRGEngine: Maximum number of sweeps reached
INFO:tenpy.tools.params:DMRG: reading 'norm_tol'=1e-05
INFO:tenpy.tools.params:DMRG: reading 'norm_tol_final'=1e-10
INFO:tenpy.tools.params:DMRG: reading 'norm_tol_iter'=5
WARNING:tenpy.algorithms.dmrg:final DMRG state not in canonical form up to norm_tol=1.00e-05: norm_err=1.26e-01
INFO:tenpy.algorithms.mps_common:start environment_sweep
INFO:tenpy.algorithms.mps_common:start environment_sweep
INFO:tenpy.algorithms.mps_common:start environment_sweep
INFO:tenpy.algorithms.mps_common:start environment_sweep
WARNING:tenpy.algorithms.dmrg:final DMRG state not in canonical form up to norm_tol_final=1.00e-10: norm_err=5.76e-06, calling psi.canonical_form()
INFO:tenpy.algorithms.dmrg:TwoSiteDMRGEngine finished after 110 sweeps, max chi=256
INFO:tenpy.tools.params:DMRG: reading 'max_trunc_err'=0.0001
INFO:tenpy.tools.params:MixedHofstadterLandauGauge_Pi_2: reading 'explicit_plus_hc'=False
INFO:tenpy.tools.params:MixedHofstadterLandauGauge_Pi_2: reading 'Lx'=2
INFO:tenpy.tools.params:MixedHofstadterLandauGauge_Pi_2: setting 'N_rings'=2
INFO:tenpy.tools.params:MixedHofstadterLandauGauge_Pi_2: reading 'xy_lattice'='Square'
INFO:tenpy.tools.params:MixedHofstadterLandauGauge_Pi_2: reading 'Ly'=3
INFO:tenpy.tools.params:MixedHofstadterLandauGauge_Pi_2: reading 'ring_order'=None
INFO:tenpy.tools.params:MixedHofstadterLandauGauge_Pi_2: reading 'conserve_k'=True
INFO:tenpy.tools.params:MixedHofstadterLandauGauge_Pi_2: reading 'bc_MPS'='infinite'
INFO:tenpy.tools.params:MixedHofstadterLandauGauge_Pi_2: reading 't'=-1
INFO:tenpy.tools.params:MixedHofstadterLandauGauge_Pi_2: reading 't2'=-0.25
INFO:tenpy.tools.params:MixedHofstadterLandauGauge_Pi_2: reading 'V1'=0.6
INFO:tenpy.tools.params:MixedHofstadterLandauGauge_Pi_2: reading 'phi_ext'=np.float64(0.9)
INFO:tenpy.tools.params:MixedHofstadterLandauGauge_Pi_2: reading 'sort_mpo_legs'=False
/home/t30/kna/ge54yin/Documents/MasterThesisFQHinTMDs/MPS_stuff/MPScalculations/.venv/lib/python3.12/site-packages/tenpy/tools/params.py:232: UserWarning: unused options for config MixedHofstadterLandauGauge_Pi_2:
['Delta', 'N_rings', 'Nsec', 'bc', 'chi_max', 'ktot', 'saveAll']
  warnings.warn(msg.format(keys=sorted(unused), name=self.name))
INFO:tenpy.tools.params:DMRG: reading 'active_sites'=2
INFO:tenpy.tools.params:DMRG: reading 'diag_method'='default'
INFO:tenpy.tools.params:DMRG: subconfig 'trunc_params'=Config(<5 options>, 'trunc_params')
INFO:tenpy.tools.params:DMRG: reading 'max_N_sites_per_ring'=18
INFO:tenpy.tools.params:DMRG: reading 'combine'=False
INFO:tenpy.tools.params:DMRG: subconfig 'lanczos_params'=Config(<9 options>, 'lanczos_params')
INFO:tenpy.tools.params:DMRG: reading 'chi_list'=None
INFO:tenpy.tools.params:DMRG: reading 'start_env'=1
INFO:tenpy.algorithms.mps_common:start environment_sweep
INFO:tenpy.tools.params:DMRG: reading 'N_sweeps_check'=10
INFO:tenpy.tools.params:DMRG: subconfig 'mixer_params'=Config(<3 options>, 'mixer_params')
INFO:tenpy.tools.params:DMRG: reading 'mixer'=None
INFO:tenpy.tools.params:DMRG: reading 'max_sweeps'=100
INFO:tenpy.tools.params:DMRG: reading 'max_hours'=8760
INFO:tenpy.tools.params:DMRG: reading 'P_tol_to_trunc'=0.05
INFO:tenpy.tools.params:DMRG: reading 'P_tol_min'=5.0000000000000004e-30
INFO:tenpy.tools.params:DMRG: reading 'P_tol_max'=0.0001
INFO:tenpy.tools.params:DMRG: reading 'E_tol_to_trunc'=None
INFO:tenpy.algorithms.dmrg:Running sweep with optimization
INFO:tenpy.tools.params:DMRG: reading 'max_N_for_ED'=400
INFO:tenpy.tools.params:DMRG: reading 'update_env'=5
INFO:tenpy.algorithms.mps_common:start environment_sweep
INFO:tenpy.algorithms.dmrg:checkpoint after sweep 10
energy=1.5300550524559402, max S=2.4526798826399858, age=198, norm_err=1.9e-01
Current memory usage 216.4MB, wall time: 49.4s
Delta E = nan, Delta S = 2.8163e-02 (per sweep)
max trunc_err = 2.8234e-08, max E_trunc = 2.8239e-08
chi: [256, 256, 256, 256, 256, 256]
================================================================================
INFO:tenpy.algorithms.dmrg:Running sweep with optimization
INFO:tenpy.algorithms.mps_common:start environment_sweep
INFO:tenpy.algorithms.dmrg:checkpoint after sweep 20
energy=0.2277227565903696, max S=1.7339566026954207, age=378, norm_err=6.0e-02
Current memory usage 216.4MB, wall time: 48.2s
Delta E = -1.3023e-01, Delta S = -6.3500e-02 (per sweep)
max trunc_err = 7.9577e-08, max E_trunc = 1.0033e-09
chi: [256, 255, 256, 256, 256, 256]
================================================================================
INFO:tenpy.tools.params:DMRG: reading 'max_E_err'=1e-08
INFO:tenpy.tools.params:DMRG: reading 'max_S_err'=1e-05
INFO:tenpy.algorithms.dmrg:Running sweep with optimization
INFO:tenpy.algorithms.mps_common:start environment_sweep
INFO:tenpy.algorithms.dmrg:checkpoint after sweep 30
energy=0.7674387032546596, max S=0.3789021105887004, age=558, norm_err=5.0e-03
Current memory usage 216.4MB, wall time: 48.2s
Delta E = 5.3972e-02, Delta S = -1.3002e-01 (per sweep)
max trunc_err = 2.9462e-08, max E_trunc = 2.1436e-09
chi: [256, 256, 256, 256, 256, 256]
================================================================================
INFO:tenpy.algorithms.dmrg:Running sweep with optimization
INFO:tenpy.algorithms.mps_common:start environment_sweep
INFO:tenpy.algorithms.dmrg:checkpoint after sweep 40
energy=0.4056149796937518, max S=0.5175142207149167, age=738, norm_err=3.9e-03
Current memory usage 216.4MB, wall time: 48.7s
Delta E = -3.6182e-02, Delta S = 9.9374e-03 (per sweep)
max trunc_err = 4.5001e-08, max E_trunc = 2.1955e-09
chi: [256, 256, 256, 256, 256, 256]
================================================================================
INFO:tenpy.algorithms.dmrg:Running sweep with optimization
INFO:tenpy.algorithms.mps_common:start environment_sweep
INFO:tenpy.algorithms.dmrg:checkpoint after sweep 50
energy=0.7874252256645775, max S=0.8314707214601089, age=918, norm_err=1.2e-02
Current memory usage 216.4MB, wall time: 48.0s
Delta E = 3.8181e-02, Delta S = 2.4381e-02 (per sweep)
max trunc_err = 8.6915e-08, max E_trunc = -6.7421e-09
chi: [256, 256, 256, 256, 256, 256]
================================================================================
INFO:tenpy.algorithms.dmrg:Running sweep with optimization
INFO:tenpy.algorithms.mps_common:start environment_sweep
INFO:tenpy.algorithms.dmrg:checkpoint after sweep 60
energy=-0.6981146013605439, max S=1.2873350634471130, age=1098, norm_err=2.7e-03
Current memory usage 216.4MB, wall time: 47.8s
Delta E = -1.4855e-01, Delta S = 4.0082e-02 (per sweep)
max trunc_err = 5.1886e-08, max E_trunc = 3.8074e-10
chi: [256, 252, 256, 256, 256, 256]
================================================================================
INFO:tenpy.algorithms.dmrg:Running sweep with optimization
INFO:tenpy.algorithms.mps_common:start environment_sweep
INFO:tenpy.algorithms.dmrg:checkpoint after sweep 70
energy=0.2693906556177789, max S=1.3142439447759502, age=1278, norm_err=4.4e-02
Current memory usage 216.4MB, wall time: 48.2s
Delta E = 9.6751e-02, Delta S = 7.1784e-03 (per sweep)
max trunc_err = 1.3444e-08, max E_trunc = 1.9157e-09
chi: [256, 256, 256, 256, 256, 256]
================================================================================
INFO:tenpy.algorithms.dmrg:Running sweep with optimization
INFO:tenpy.algorithms.mps_common:start environment_sweep
INFO:tenpy.algorithms.dmrg:checkpoint after sweep 80
energy=-0.1604390141266094, max S=2.3436202738873355, age=1458, norm_err=8.3e-02
Current memory usage 216.4MB, wall time: 48.6s
Delta E = -4.2983e-02, Delta S = 1.0238e-01 (per sweep)
max trunc_err = 1.9672e-08, max E_trunc = 2.3829e-09
chi: [256, 253, 256, 256, 256, 256]
================================================================================
INFO:tenpy.algorithms.dmrg:Running sweep with optimization
INFO:tenpy.algorithms.mps_common:start environment_sweep
INFO:tenpy.algorithms.dmrg:checkpoint after sweep 90
energy=0.7301128107766127, max S=2.1647215077274402, age=1638, norm_err=6.9e-02
Current memory usage 216.4MB, wall time: 49.1s
Delta E = 8.9055e-02, Delta S = -8.4695e-03 (per sweep)
max trunc_err = 2.2933e-08, max E_trunc = -1.1301e-08
chi: [256, 256, 256, 256, 256, 256]
================================================================================
INFO:tenpy.algorithms.dmrg:Running sweep with optimization
INFO:tenpy.algorithms.mps_common:start environment_sweep
INFO:tenpy.algorithms.dmrg:checkpoint after sweep 100
energy=-0.1297713407050575, max S=0.6525079318309495, age=1818, norm_err=1.1e-01
Current memory usage 216.4MB, wall time: 50.2s
Delta E = -8.5988e-02, Delta S = -1.4512e-01 (per sweep)
max trunc_err = 3.7785e-08, max E_trunc = 6.1618e-10
chi: [256, 256, 256, 256, 256, 256]
================================================================================
INFO:tenpy.algorithms.dmrg:Running sweep with optimization
INFO:tenpy.algorithms.mps_common:start environment_sweep
INFO:tenpy.algorithms.dmrg:checkpoint after sweep 110
energy=-0.6994504250543514, max S=2.1609921110133525, age=1998, norm_err=8.6e-03
Current memory usage 216.4MB, wall time: 50.5s
Delta E = -5.6968e-02, Delta S = 1.3150e-01 (per sweep)
max trunc_err = 3.9546e-08, max E_trunc = 4.2905e-10
chi: [256, 256, 256, 256, 256, 256]
================================================================================
INFO:tenpy.algorithms.mps_common:TwoSiteDMRGEngine: Maximum number of sweeps reached
INFO:tenpy.tools.params:DMRG: reading 'norm_tol'=1e-05
INFO:tenpy.tools.params:DMRG: reading 'norm_tol_final'=1e-10
INFO:tenpy.tools.params:DMRG: reading 'norm_tol_iter'=5
WARNING:tenpy.algorithms.dmrg:final DMRG state not in canonical form up to norm_tol=1.00e-05: norm_err=8.60e-03
INFO:tenpy.algorithms.mps_common:start environment_sweep
INFO:tenpy.algorithms.mps_common:start environment_sweep
INFO:tenpy.algorithms.mps_common:start environment_sweep
INFO:tenpy.algorithms.mps_common:start environment_sweep
WARNING:tenpy.algorithms.dmrg:final DMRG state not in canonical form up to norm_tol_final=1.00e-10: norm_err=8.89e-06, calling psi.canonical_form()
INFO:tenpy.algorithms.dmrg:TwoSiteDMRGEngine finished after 110 sweeps, max chi=256
INFO:tenpy.tools.params:DMRG: reading 'max_trunc_err'=0.0001
INFO:tenpy.tools.params:MixedHofstadterLandauGauge_Pi_2: reading 'explicit_plus_hc'=False
INFO:tenpy.tools.params:MixedHofstadterLandauGauge_Pi_2: reading 'Lx'=2
INFO:tenpy.tools.params:MixedHofstadterLandauGauge_Pi_2: setting 'N_rings'=2
INFO:tenpy.tools.params:MixedHofstadterLandauGauge_Pi_2: reading 'xy_lattice'='Square'
INFO:tenpy.tools.params:MixedHofstadterLandauGauge_Pi_2: reading 'Ly'=3
INFO:tenpy.tools.params:MixedHofstadterLandauGauge_Pi_2: reading 'ring_order'=None
INFO:tenpy.tools.params:MixedHofstadterLandauGauge_Pi_2: reading 'conserve_k'=True
INFO:tenpy.tools.params:MixedHofstadterLandauGauge_Pi_2: reading 'bc_MPS'='infinite'
INFO:tenpy.tools.params:MixedHofstadterLandauGauge_Pi_2: reading 't'=-1
INFO:tenpy.tools.params:MixedHofstadterLandauGauge_Pi_2: reading 't2'=-0.25
INFO:tenpy.tools.params:MixedHofstadterLandauGauge_Pi_2: reading 'V1'=0.6
INFO:tenpy.tools.params:MixedHofstadterLandauGauge_Pi_2: reading 'phi_ext'=np.float64(0.9500000000000001)
INFO:tenpy.tools.params:MixedHofstadterLandauGauge_Pi_2: reading 'sort_mpo_legs'=False
/home/t30/kna/ge54yin/Documents/MasterThesisFQHinTMDs/MPS_stuff/MPScalculations/.venv/lib/python3.12/site-packages/tenpy/tools/params.py:232: UserWarning: unused options for config MixedHofstadterLandauGauge_Pi_2:
['Delta', 'N_rings', 'Nsec', 'bc', 'chi_max', 'ktot', 'saveAll']
  warnings.warn(msg.format(keys=sorted(unused), name=self.name))
INFO:tenpy.tools.params:DMRG: reading 'active_sites'=2
INFO:tenpy.tools.params:DMRG: reading 'diag_method'='default'
INFO:tenpy.tools.params:DMRG: subconfig 'trunc_params'=Config(<5 options>, 'trunc_params')
INFO:tenpy.tools.params:DMRG: reading 'max_N_sites_per_ring'=18
INFO:tenpy.tools.params:DMRG: reading 'combine'=False
INFO:tenpy.tools.params:DMRG: subconfig 'lanczos_params'=Config(<9 options>, 'lanczos_params')
INFO:tenpy.tools.params:DMRG: reading 'chi_list'=None
INFO:tenpy.tools.params:DMRG: reading 'start_env'=1
INFO:tenpy.algorithms.mps_common:start environment_sweep
INFO:tenpy.tools.params:DMRG: reading 'N_sweeps_check'=10
INFO:tenpy.tools.params:DMRG: subconfig 'mixer_params'=Config(<3 options>, 'mixer_params')
INFO:tenpy.tools.params:DMRG: reading 'mixer'=None
INFO:tenpy.tools.params:DMRG: reading 'max_sweeps'=100
INFO:tenpy.tools.params:DMRG: reading 'max_hours'=8760
INFO:tenpy.tools.params:DMRG: reading 'P_tol_to_trunc'=0.05
INFO:tenpy.tools.params:DMRG: reading 'P_tol_min'=5.0000000000000004e-30
INFO:tenpy.tools.params:DMRG: reading 'P_tol_max'=0.0001
INFO:tenpy.tools.params:DMRG: reading 'E_tol_to_trunc'=None
INFO:tenpy.algorithms.dmrg:Running sweep with optimization
INFO:tenpy.tools.params:DMRG: reading 'max_N_for_ED'=400
INFO:tenpy.tools.params:DMRG: reading 'update_env'=5
INFO:tenpy.algorithms.mps_common:start environment_sweep
INFO:tenpy.algorithms.dmrg:checkpoint after sweep 10
energy=-0.7116303071495244, max S=1.5645058182898821, age=198, norm_err=3.7e-02
Current memory usage 216.4MB, wall time: 46.9s
Delta E = nan, Delta S = -6.2555e-02 (per sweep)
max trunc_err = 2.4086e-08, max E_trunc = -1.2866e-08
chi: [256, 256, 256, 256, 256, 256]
================================================================================
INFO:tenpy.algorithms.dmrg:Running sweep with optimization
INFO:tenpy.algorithms.mps_common:start environment_sweep
INFO:tenpy.algorithms.dmrg:checkpoint after sweep 20
energy=-0.7112058183653099, max S=1.7529381609044199, age=378, norm_err=4.8e-02
Current memory usage 216.4MB, wall time: 47.6s
Delta E = 4.2449e-05, Delta S = 1.8915e-02 (per sweep)
max trunc_err = 2.5499e-08, max E_trunc = -1.4454e-08
chi: [256, 256, 256, 256, 256, 256]
================================================================================
INFO:tenpy.tools.params:DMRG: reading 'max_E_err'=1e-08
INFO:tenpy.tools.params:DMRG: reading 'max_S_err'=1e-05
INFO:tenpy.algorithms.dmrg:Running sweep with optimization
INFO:tenpy.algorithms.mps_common:start environment_sweep
INFO:tenpy.algorithms.dmrg:checkpoint after sweep 30
energy=-0.7079812547319856, max S=1.2918539910610796, age=558, norm_err=2.0e-03
Current memory usage 216.4MB, wall time: 46.4s
Delta E = 3.2246e-04, Delta S = -4.2240e-02 (per sweep)
max trunc_err = 3.8523e-08, max E_trunc = 6.3159e-10
chi: [256, 256, 256, 256, 256, 256]
================================================================================
INFO:tenpy.algorithms.dmrg:Running sweep with optimization
INFO:tenpy.algorithms.mps_common:start environment_sweep
INFO:tenpy.algorithms.dmrg:checkpoint after sweep 40
energy=-0.7096390865232062, max S=1.0833846861708043, age=738, norm_err=1.3e-03
Current memory usage 216.4MB, wall time: 45.5s
Delta E = -1.6578e-04, Delta S = -2.1285e-02 (per sweep)
max trunc_err = 5.5652e-08, max E_trunc = 3.6593e-09
chi: [256, 256, 256, 256, 256, 256]
================================================================================
INFO:tenpy.algorithms.dmrg:Running sweep with optimization
INFO:tenpy.algorithms.mps_common:start environment_sweep
INFO:tenpy.algorithms.dmrg:checkpoint after sweep 50
energy=0.6414049304548731, max S=2.2013863694417353, age=918, norm_err=8.3e-02
Current memory usage 216.4MB, wall time: 49.0s
Delta E = 1.3510e-01, Delta S = 1.3814e-01 (per sweep)
max trunc_err = 1.8351e-08, max E_trunc = 6.5262e-09
chi: [256, 256, 256, 256, 256, 256]
================================================================================
INFO:tenpy.algorithms.dmrg:Running sweep with optimization
INFO:tenpy.algorithms.mps_common:start environment_sweep
INFO:tenpy.algorithms.dmrg:checkpoint after sweep 60
energy=-0.7059443032095677, max S=1.4545480454820705, age=1098, norm_err=4.8e-03
Current memory usage 216.4MB, wall time: 50.1s
Delta E = -1.3473e-01, Delta S = -1.0264e-01 (per sweep)
max trunc_err = 9.0798e-08, max E_trunc = 2.6671e-09
chi: [256, 256, 256, 256, 256, 256]
================================================================================
INFO:tenpy.algorithms.dmrg:Running sweep with optimization
INFO:tenpy.algorithms.mps_common:start environment_sweep
INFO:tenpy.algorithms.dmrg:checkpoint after sweep 70
energy=-0.7102409284364626, max S=1.6397874486596224, age=1278, norm_err=3.9e-02
Current memory usage 216.4MB, wall time: 48.9s
Delta E = -4.2966e-04, Delta S = 1.6829e-02 (per sweep)
max trunc_err = 4.3671e-08, max E_trunc = 1.9468e-08
chi: [256, 256, 256, 256, 256, 256]
================================================================================
INFO:tenpy.algorithms.dmrg:Running sweep with optimization
INFO:tenpy.algorithms.mps_common:start environment_sweep
INFO:tenpy.algorithms.dmrg:checkpoint after sweep 80
energy=-0.7080312187600271, max S=1.2604884192286625, age=1458, norm_err=6.3e-03
Current memory usage 216.4MB, wall time: 50.6s
Delta E = 2.2097e-04, Delta S = -3.5738e-02 (per sweep)
max trunc_err = 4.2410e-08, max E_trunc = 3.6500e-09
chi: [256, 256, 256, 256, 256, 256]
================================================================================
INFO:tenpy.algorithms.dmrg:Running sweep with optimization
INFO:tenpy.algorithms.mps_common:start environment_sweep
INFO:tenpy.algorithms.dmrg:checkpoint after sweep 90
energy=-0.7109392472898813, max S=1.2876315272801091, age=1638, norm_err=1.4e-03
Current memory usage 216.4MB, wall time: 48.2s
Delta E = -2.9080e-04, Delta S = 4.1994e-03 (per sweep)
max trunc_err = 3.8881e-06, max E_trunc = 2.1887e-09
chi: [256, 256, 256, 256, 256, 256]
================================================================================
INFO:tenpy.algorithms.dmrg:Running sweep with optimization
INFO:tenpy.algorithms.mps_common:start environment_sweep
INFO:tenpy.algorithms.dmrg:checkpoint after sweep 100
energy=0.5360379429898217, max S=0.8833107321120675, age=1818, norm_err=6.3e-04
Current memory usage 216.4MB, wall time: 34.8s
Delta E = 1.2470e-01, Delta S = -3.6994e-02 (per sweep)
max trunc_err = 6.6808e-08, max E_trunc = 1.4772e-09
chi: [256, 254, 256, 256, 256, 256]
================================================================================
INFO:tenpy.algorithms.dmrg:Running sweep with optimization
INFO:tenpy.algorithms.mps_common:start environment_sweep
INFO:tenpy.algorithms.dmrg:checkpoint after sweep 110
energy=1.2409108016825030, max S=2.5044387166057325, age=1998, norm_err=1.5e-01
Current memory usage 216.4MB, wall time: 80.8s
Delta E = 7.0487e-02, Delta S = 1.5365e-01 (per sweep)
max trunc_err = 2.0838e-08, max E_trunc = -7.9165e-09
chi: [256, 256, 256, 256, 256, 256]
================================================================================
INFO:tenpy.algorithms.mps_common:TwoSiteDMRGEngine: Maximum number of sweeps reached
INFO:tenpy.tools.params:DMRG: reading 'norm_tol'=1e-05
INFO:tenpy.tools.params:DMRG: reading 'norm_tol_final'=1e-10
INFO:tenpy.tools.params:DMRG: reading 'norm_tol_iter'=5
WARNING:tenpy.algorithms.dmrg:final DMRG state not in canonical form up to norm_tol=1.00e-05: norm_err=1.51e-01
INFO:tenpy.algorithms.mps_common:start environment_sweep
INFO:tenpy.algorithms.mps_common:start environment_sweep
INFO:tenpy.algorithms.mps_common:start environment_sweep
WARNING:tenpy.algorithms.dmrg:final DMRG state not in canonical form up to norm_tol_final=1.00e-10: norm_err=1.92e-06, calling psi.canonical_form()
INFO:tenpy.algorithms.dmrg:TwoSiteDMRGEngine finished after 110 sweeps, max chi=256
INFO:tenpy.tools.params:DMRG: reading 'max_trunc_err'=0.0001
INFO:tenpy.tools.params:MixedHofstadterLandauGauge_Pi_2: reading 'explicit_plus_hc'=False
INFO:tenpy.tools.params:MixedHofstadterLandauGauge_Pi_2: reading 'Lx'=2
INFO:tenpy.tools.params:MixedHofstadterLandauGauge_Pi_2: setting 'N_rings'=2
INFO:tenpy.tools.params:MixedHofstadterLandauGauge_Pi_2: reading 'xy_lattice'='Square'
INFO:tenpy.tools.params:MixedHofstadterLandauGauge_Pi_2: reading 'Ly'=3
INFO:tenpy.tools.params:MixedHofstadterLandauGauge_Pi_2: reading 'ring_order'=None
INFO:tenpy.tools.params:MixedHofstadterLandauGauge_Pi_2: reading 'conserve_k'=True
INFO:tenpy.tools.params:MixedHofstadterLandauGauge_Pi_2: reading 'bc_MPS'='infinite'
INFO:tenpy.tools.params:MixedHofstadterLandauGauge_Pi_2: reading 't'=-1
INFO:tenpy.tools.params:MixedHofstadterLandauGauge_Pi_2: reading 't2'=-0.25
INFO:tenpy.tools.params:MixedHofstadterLandauGauge_Pi_2: reading 'V1'=0.6
INFO:tenpy.tools.params:MixedHofstadterLandauGauge_Pi_2: reading 'phi_ext'=np.float64(1.0)
INFO:tenpy.tools.params:MixedHofstadterLandauGauge_Pi_2: reading 'sort_mpo_legs'=False
/home/t30/kna/ge54yin/Documents/MasterThesisFQHinTMDs/MPS_stuff/MPScalculations/.venv/lib/python3.12/site-packages/tenpy/tools/params.py:232: UserWarning: unused options for config MixedHofstadterLandauGauge_Pi_2:
['Delta', 'N_rings', 'Nsec', 'bc', 'chi_max', 'ktot', 'saveAll']
  warnings.warn(msg.format(keys=sorted(unused), name=self.name))
INFO:tenpy.tools.params:DMRG: reading 'active_sites'=2
INFO:tenpy.tools.params:DMRG: reading 'diag_method'='default'
INFO:tenpy.tools.params:DMRG: subconfig 'trunc_params'=Config(<5 options>, 'trunc_params')
INFO:tenpy.tools.params:DMRG: reading 'max_N_sites_per_ring'=18
INFO:tenpy.tools.params:DMRG: reading 'combine'=False
INFO:tenpy.tools.params:DMRG: subconfig 'lanczos_params'=Config(<9 options>, 'lanczos_params')
INFO:tenpy.tools.params:DMRG: reading 'chi_list'=None
INFO:tenpy.tools.params:DMRG: reading 'start_env'=1
INFO:tenpy.algorithms.mps_common:start environment_sweep
INFO:tenpy.tools.params:DMRG: reading 'N_sweeps_check'=10
INFO:tenpy.tools.params:DMRG: subconfig 'mixer_params'=Config(<3 options>, 'mixer_params')
INFO:tenpy.tools.params:DMRG: reading 'mixer'=None
INFO:tenpy.tools.params:DMRG: reading 'max_sweeps'=100
INFO:tenpy.tools.params:DMRG: reading 'max_hours'=8760
INFO:tenpy.tools.params:DMRG: reading 'P_tol_to_trunc'=0.05
INFO:tenpy.tools.params:DMRG: reading 'P_tol_min'=5.0000000000000004e-30
INFO:tenpy.tools.params:DMRG: reading 'P_tol_max'=0.0001
INFO:tenpy.tools.params:DMRG: reading 'E_tol_to_trunc'=None
INFO:tenpy.algorithms.dmrg:Running sweep with optimization
INFO:tenpy.tools.params:DMRG: reading 'max_N_for_ED'=400
INFO:tenpy.tools.params:DMRG: reading 'update_env'=5
INFO:tenpy.algorithms.mps_common:start environment_sweep
INFO:tenpy.algorithms.dmrg:checkpoint after sweep 10
energy=-0.7127887148147943, max S=1.1970644105542454, age=198, norm_err=3.7e-07
Current memory usage 216.6MB, wall time: 41.2s
Delta E = nan, Delta S = -8.9588e-02 (per sweep)
max trunc_err = 1.6079e-09, max E_trunc = 1.6850e-08
chi: [256, 256, 256, 256, 256, 256]
================================================================================
INFO:tenpy.algorithms.dmrg:Running sweep with optimization
INFO:tenpy.algorithms.mps_common:start environment_sweep
INFO:tenpy.algorithms.dmrg:checkpoint after sweep 20
energy=-0.7127887199698127, max S=1.1972600384117666, age=378, norm_err=1.4e-07
Current memory usage 216.6MB, wall time: 20.0s
Delta E = -5.1550e-10, Delta S = 1.8852e-05 (per sweep)
max trunc_err = 2.2707e-09, max E_trunc = 2.3496e-08
chi: [256, 256, 256, 256, 256, 256]
================================================================================
INFO:tenpy.tools.params:DMRG: reading 'max_E_err'=1e-08
INFO:tenpy.tools.params:DMRG: reading 'max_S_err'=1e-05
INFO:tenpy.algorithms.dmrg:Running sweep with optimization
INFO:tenpy.algorithms.mps_common:start environment_sweep
INFO:tenpy.algorithms.dmrg:checkpoint after sweep 30
energy=-0.7127887203274431, max S=1.1974024463563970, age=558, norm_err=5.2e-09
Current memory usage 216.6MB, wall time: 14.3s
Delta E = -3.5763e-11, Delta S = 1.4185e-05 (per sweep)
max trunc_err = 2.2017e-09, max E_trunc = 2.2957e-08
chi: [256, 256, 256, 256, 256, 256]
================================================================================
INFO:tenpy.algorithms.dmrg:Running sweep with optimization
INFO:tenpy.algorithms.mps_common:start environment_sweep
INFO:tenpy.algorithms.dmrg:checkpoint after sweep 40
energy=-0.7127887203194803, max S=1.1974121176062518, age=738, norm_err=4.5e-10
Current memory usage 216.6MB, wall time: 14.3s
Delta E = 7.9629e-13, Delta S = 9.5586e-07 (per sweep)
max trunc_err = 2.2015e-09, max E_trunc = 2.2962e-08
chi: [256, 256, 256, 256, 256, 256]
================================================================================
INFO:tenpy.tools.params:DMRG: reading 'norm_tol'=1e-05
INFO:tenpy.tools.params:DMRG: reading 'norm_tol_final'=1e-10
INFO:tenpy.tools.params:DMRG: reading 'norm_tol_iter'=5
WARNING:tenpy.algorithms.dmrg:final DMRG state not in canonical form up to norm_tol_final=1.00e-10: norm_err=4.46e-10, calling psi.canonical_form()
INFO:tenpy.algorithms.dmrg:TwoSiteDMRGEngine finished after 40 sweeps, max chi=256
INFO:tenpy.tools.params:DMRG: reading 'max_trunc_err'=0.0001
INFO:tenpy.tools.params:MixedHofstadterLandauGauge_Pi_2: reading 'explicit_plus_hc'=False
INFO:tenpy.tools.params:MixedHofstadterLandauGauge_Pi_2: reading 'Lx'=2
INFO:tenpy.tools.params:MixedHofstadterLandauGauge_Pi_2: setting 'N_rings'=2
INFO:tenpy.tools.params:MixedHofstadterLandauGauge_Pi_2: reading 'xy_lattice'='Square'
INFO:tenpy.tools.params:MixedHofstadterLandauGauge_Pi_2: reading 'Ly'=3
INFO:tenpy.tools.params:MixedHofstadterLandauGauge_Pi_2: reading 'ring_order'=None
INFO:tenpy.tools.params:MixedHofstadterLandauGauge_Pi_2: reading 'conserve_k'=True
INFO:tenpy.tools.params:MixedHofstadterLandauGauge_Pi_2: reading 'bc_MPS'='infinite'
INFO:tenpy.tools.params:MixedHofstadterLandauGauge_Pi_2: reading 't'=-1
INFO:tenpy.tools.params:MixedHofstadterLandauGauge_Pi_2: reading 't2'=-0.25
INFO:tenpy.tools.params:MixedHofstadterLandauGauge_Pi_2: reading 'V1'=0.6
INFO:tenpy.tools.params:MixedHofstadterLandauGauge_Pi_2: reading 'phi_ext'=np.float64(1.05)
INFO:tenpy.tools.params:MixedHofstadterLandauGauge_Pi_2: reading 'sort_mpo_legs'=False
/home/t30/kna/ge54yin/Documents/MasterThesisFQHinTMDs/MPS_stuff/MPScalculations/.venv/lib/python3.12/site-packages/tenpy/tools/params.py:232: UserWarning: unused options for config MixedHofstadterLandauGauge_Pi_2:
['Delta', 'N_rings', 'Nsec', 'bc', 'chi_max', 'ktot', 'saveAll']
  warnings.warn(msg.format(keys=sorted(unused), name=self.name))
INFO:tenpy.tools.params:DMRG: reading 'active_sites'=2
INFO:tenpy.tools.params:DMRG: reading 'diag_method'='default'
INFO:tenpy.tools.params:DMRG: subconfig 'trunc_params'=Config(<5 options>, 'trunc_params')
INFO:tenpy.tools.params:DMRG: reading 'max_N_sites_per_ring'=18
INFO:tenpy.tools.params:DMRG: reading 'combine'=False
INFO:tenpy.tools.params:DMRG: subconfig 'lanczos_params'=Config(<9 options>, 'lanczos_params')
INFO:tenpy.tools.params:DMRG: reading 'chi_list'=None
INFO:tenpy.tools.params:DMRG: reading 'start_env'=1
INFO:tenpy.algorithms.mps_common:start environment_sweep
INFO:tenpy.tools.params:DMRG: reading 'N_sweeps_check'=10
INFO:tenpy.tools.params:DMRG: subconfig 'mixer_params'=Config(<3 options>, 'mixer_params')
INFO:tenpy.tools.params:DMRG: reading 'mixer'=None
INFO:tenpy.tools.params:DMRG: reading 'max_sweeps'=100
INFO:tenpy.tools.params:DMRG: reading 'max_hours'=8760
INFO:tenpy.tools.params:DMRG: reading 'P_tol_to_trunc'=0.05
INFO:tenpy.tools.params:DMRG: reading 'P_tol_min'=5.0000000000000004e-30
INFO:tenpy.tools.params:DMRG: reading 'P_tol_max'=0.0001
INFO:tenpy.tools.params:DMRG: reading 'E_tol_to_trunc'=None
INFO:tenpy.algorithms.dmrg:Running sweep with optimization
INFO:tenpy.tools.params:DMRG: reading 'max_N_for_ED'=400
INFO:tenpy.tools.params:DMRG: reading 'update_env'=5
INFO:tenpy.algorithms.mps_common:start environment_sweep
INFO:tenpy.algorithms.dmrg:checkpoint after sweep 10
energy=-0.7137036252954493, max S=1.1197577865086483, age=198, norm_err=1.1e-09
Current memory usage 216.6MB, wall time: 19.5s
Delta E = nan, Delta S = -3.7763e-03 (per sweep)
max trunc_err = 6.5038e-10, max E_trunc = 7.6098e-09
chi: [256, 256, 256, 256, 256, 256]
================================================================================
INFO:tenpy.algorithms.dmrg:Running sweep with optimization
INFO:tenpy.algorithms.mps_common:start environment_sweep
INFO:tenpy.algorithms.dmrg:checkpoint after sweep 20
energy=-0.7137036252739222, max S=1.1197696693463013, age=378, norm_err=8.5e-11
Current memory usage 216.6MB, wall time: 13.2s
Delta E = 2.1527e-12, Delta S = 1.1307e-06 (per sweep)
max trunc_err = 8.4970e-10, max E_trunc = 9.1533e-09
chi: [256, 256, 256, 256, 256, 256]
================================================================================
INFO:tenpy.tools.params:DMRG: reading 'max_E_err'=1e-08
INFO:tenpy.tools.params:DMRG: reading 'max_S_err'=1e-05
INFO:tenpy.tools.params:DMRG: reading 'norm_tol'=1e-05
INFO:tenpy.tools.params:DMRG: reading 'norm_tol_final'=1e-10
INFO:tenpy.tools.params:DMRG: reading 'norm_tol_iter'=5
INFO:tenpy.algorithms.dmrg:TwoSiteDMRGEngine finished after 20 sweeps, max chi=256
INFO:tenpy.tools.params:DMRG: reading 'max_trunc_err'=0.0001
INFO:tenpy.tools.params:MixedHofstadterLandauGauge_Pi_2: reading 'explicit_plus_hc'=False
INFO:tenpy.tools.params:MixedHofstadterLandauGauge_Pi_2: reading 'Lx'=2
INFO:tenpy.tools.params:MixedHofstadterLandauGauge_Pi_2: setting 'N_rings'=2
INFO:tenpy.tools.params:MixedHofstadterLandauGauge_Pi_2: reading 'xy_lattice'='Square'
INFO:tenpy.tools.params:MixedHofstadterLandauGauge_Pi_2: reading 'Ly'=3
INFO:tenpy.tools.params:MixedHofstadterLandauGauge_Pi_2: reading 'ring_order'=None
INFO:tenpy.tools.params:MixedHofstadterLandauGauge_Pi_2: reading 'conserve_k'=True
INFO:tenpy.tools.params:MixedHofstadterLandauGauge_Pi_2: reading 'bc_MPS'='infinite'
INFO:tenpy.tools.params:MixedHofstadterLandauGauge_Pi_2: reading 't'=-1
INFO:tenpy.tools.params:MixedHofstadterLandauGauge_Pi_2: reading 't2'=-0.25
INFO:tenpy.tools.params:MixedHofstadterLandauGauge_Pi_2: reading 'V1'=0.6
INFO:tenpy.tools.params:MixedHofstadterLandauGauge_Pi_2: reading 'phi_ext'=np.float64(1.1)
INFO:tenpy.tools.params:MixedHofstadterLandauGauge_Pi_2: reading 'sort_mpo_legs'=False
/home/t30/kna/ge54yin/Documents/MasterThesisFQHinTMDs/MPS_stuff/MPScalculations/.venv/lib/python3.12/site-packages/tenpy/tools/params.py:232: UserWarning: unused options for config MixedHofstadterLandauGauge_Pi_2:
['Delta', 'N_rings', 'Nsec', 'bc', 'chi_max', 'ktot', 'saveAll']
  warnings.warn(msg.format(keys=sorted(unused), name=self.name))
INFO:tenpy.tools.params:DMRG: reading 'active_sites'=2
INFO:tenpy.tools.params:DMRG: reading 'diag_method'='default'
INFO:tenpy.tools.params:DMRG: subconfig 'trunc_params'=Config(<5 options>, 'trunc_params')
INFO:tenpy.tools.params:DMRG: reading 'max_N_sites_per_ring'=18
INFO:tenpy.tools.params:DMRG: reading 'combine'=False
INFO:tenpy.tools.params:DMRG: subconfig 'lanczos_params'=Config(<9 options>, 'lanczos_params')
INFO:tenpy.tools.params:DMRG: reading 'chi_list'=None
INFO:tenpy.tools.params:DMRG: reading 'start_env'=1
INFO:tenpy.algorithms.mps_common:start environment_sweep
INFO:tenpy.tools.params:DMRG: reading 'N_sweeps_check'=10
INFO:tenpy.tools.params:DMRG: subconfig 'mixer_params'=Config(<3 options>, 'mixer_params')
INFO:tenpy.tools.params:DMRG: reading 'mixer'=None
INFO:tenpy.tools.params:DMRG: reading 'max_sweeps'=100
INFO:tenpy.tools.params:DMRG: reading 'max_hours'=8760
INFO:tenpy.tools.params:DMRG: reading 'P_tol_to_trunc'=0.05
INFO:tenpy.tools.params:DMRG: reading 'P_tol_min'=5.0000000000000004e-30
INFO:tenpy.tools.params:DMRG: reading 'P_tol_max'=0.0001
INFO:tenpy.tools.params:DMRG: reading 'E_tol_to_trunc'=None
INFO:tenpy.algorithms.dmrg:Running sweep with optimization
INFO:tenpy.tools.params:DMRG: reading 'max_N_for_ED'=400
INFO:tenpy.tools.params:DMRG: reading 'update_env'=5
INFO:tenpy.algorithms.mps_common:start environment_sweep
INFO:tenpy.algorithms.dmrg:checkpoint after sweep 10
energy=-0.7144932009436928, max S=1.0881703266821152, age=198, norm_err=1.6e-10
Current memory usage 216.6MB, wall time: 18.3s
Delta E = nan, Delta S = -1.9017e-03 (per sweep)
max trunc_err = 3.9856e-10, max E_trunc = 4.8072e-09
chi: [256, 256, 256, 256, 256, 256]
================================================================================
INFO:tenpy.algorithms.dmrg:Running sweep with optimization
INFO:tenpy.algorithms.mps_common:start environment_sweep
INFO:tenpy.algorithms.dmrg:checkpoint after sweep 20
energy=-0.7144932009186485, max S=1.0881711397066633, age=378, norm_err=1.9e-12
Current memory usage 216.6MB, wall time: 12.9s
Delta E = 2.5044e-12, Delta S = 1.0664e-07 (per sweep)
max trunc_err = 5.1853e-10, max E_trunc = 5.7007e-09
chi: [256, 256, 256, 256, 256, 256]
================================================================================
INFO:tenpy.tools.params:DMRG: reading 'max_E_err'=1e-08
INFO:tenpy.tools.params:DMRG: reading 'max_S_err'=1e-05
INFO:tenpy.tools.params:DMRG: reading 'norm_tol'=1e-05
INFO:tenpy.tools.params:DMRG: reading 'norm_tol_final'=1e-10
INFO:tenpy.tools.params:DMRG: reading 'norm_tol_iter'=5
INFO:tenpy.algorithms.dmrg:TwoSiteDMRGEngine finished after 20 sweeps, max chi=256
INFO:tenpy.tools.params:DMRG: reading 'max_trunc_err'=0.0001
INFO:tenpy.tools.params:MixedHofstadterLandauGauge_Pi_2: reading 'explicit_plus_hc'=False
INFO:tenpy.tools.params:MixedHofstadterLandauGauge_Pi_2: reading 'Lx'=2
INFO:tenpy.tools.params:MixedHofstadterLandauGauge_Pi_2: setting 'N_rings'=2
INFO:tenpy.tools.params:MixedHofstadterLandauGauge_Pi_2: reading 'xy_lattice'='Square'
INFO:tenpy.tools.params:MixedHofstadterLandauGauge_Pi_2: reading 'Ly'=3
INFO:tenpy.tools.params:MixedHofstadterLandauGauge_Pi_2: reading 'ring_order'=None
INFO:tenpy.tools.params:MixedHofstadterLandauGauge_Pi_2: reading 'conserve_k'=True
INFO:tenpy.tools.params:MixedHofstadterLandauGauge_Pi_2: reading 'bc_MPS'='infinite'
INFO:tenpy.tools.params:MixedHofstadterLandauGauge_Pi_2: reading 't'=-1
INFO:tenpy.tools.params:MixedHofstadterLandauGauge_Pi_2: reading 't2'=-0.25
INFO:tenpy.tools.params:MixedHofstadterLandauGauge_Pi_2: reading 'V1'=0.6
INFO:tenpy.tools.params:MixedHofstadterLandauGauge_Pi_2: reading 'phi_ext'=np.float64(1.1500000000000001)
INFO:tenpy.tools.params:MixedHofstadterLandauGauge_Pi_2: reading 'sort_mpo_legs'=False
/home/t30/kna/ge54yin/Documents/MasterThesisFQHinTMDs/MPS_stuff/MPScalculations/.venv/lib/python3.12/site-packages/tenpy/tools/params.py:232: UserWarning: unused options for config MixedHofstadterLandauGauge_Pi_2:
['Delta', 'N_rings', 'Nsec', 'bc', 'chi_max', 'ktot', 'saveAll']
  warnings.warn(msg.format(keys=sorted(unused), name=self.name))
INFO:tenpy.tools.params:DMRG: reading 'active_sites'=2
INFO:tenpy.tools.params:DMRG: reading 'diag_method'='default'
INFO:tenpy.tools.params:DMRG: subconfig 'trunc_params'=Config(<5 options>, 'trunc_params')
INFO:tenpy.tools.params:DMRG: reading 'max_N_sites_per_ring'=18
INFO:tenpy.tools.params:DMRG: reading 'combine'=False
INFO:tenpy.tools.params:DMRG: subconfig 'lanczos_params'=Config(<9 options>, 'lanczos_params')
INFO:tenpy.tools.params:DMRG: reading 'chi_list'=None
INFO:tenpy.tools.params:DMRG: reading 'start_env'=1
INFO:tenpy.algorithms.mps_common:start environment_sweep
INFO:tenpy.tools.params:DMRG: reading 'N_sweeps_check'=10
INFO:tenpy.tools.params:DMRG: subconfig 'mixer_params'=Config(<3 options>, 'mixer_params')
INFO:tenpy.tools.params:DMRG: reading 'mixer'=None
INFO:tenpy.tools.params:DMRG: reading 'max_sweeps'=100
INFO:tenpy.tools.params:DMRG: reading 'max_hours'=8760
INFO:tenpy.tools.params:DMRG: reading 'P_tol_to_trunc'=0.05
INFO:tenpy.tools.params:DMRG: reading 'P_tol_min'=5.0000000000000004e-30
INFO:tenpy.tools.params:DMRG: reading 'P_tol_max'=0.0001
INFO:tenpy.tools.params:DMRG: reading 'E_tol_to_trunc'=None
INFO:tenpy.algorithms.dmrg:Running sweep with optimization
INFO:tenpy.tools.params:DMRG: reading 'max_N_for_ED'=400
INFO:tenpy.tools.params:DMRG: reading 'update_env'=5
INFO:tenpy.algorithms.mps_common:start environment_sweep
INFO:tenpy.algorithms.dmrg:checkpoint after sweep 10
energy=-0.7151000047920396, max S=1.0830240964518920, age=198, norm_err=1.5e-11
Current memory usage 216.6MB, wall time: 19.9s
Delta E = nan, Delta S = -1.1463e-03 (per sweep)
max trunc_err = 3.8135e-10, max E_trunc = 4.3195e-09
chi: [256, 256, 256, 256, 256, 256]
================================================================================
INFO:tenpy.algorithms.dmrg:Running sweep with optimization
INFO:tenpy.algorithms.mps_common:start environment_sweep
INFO:tenpy.algorithms.dmrg:checkpoint after sweep 20
energy=-0.7151000047575214, max S=1.0830246367227303, age=378, norm_err=3.7e-13
Current memory usage 216.6MB, wall time: 14.2s
Delta E = 3.4518e-12, Delta S = 7.2036e-08 (per sweep)
max trunc_err = 3.8178e-10, max E_trunc = 4.3415e-09
chi: [256, 256, 256, 256, 256, 256]
================================================================================
INFO:tenpy.tools.params:DMRG: reading 'max_E_err'=1e-08
INFO:tenpy.tools.params:DMRG: reading 'max_S_err'=1e-05
INFO:tenpy.tools.params:DMRG: reading 'norm_tol'=1e-05
INFO:tenpy.tools.params:DMRG: reading 'norm_tol_final'=1e-10
INFO:tenpy.tools.params:DMRG: reading 'norm_tol_iter'=5
INFO:tenpy.algorithms.dmrg:TwoSiteDMRGEngine finished after 20 sweeps, max chi=256
INFO:tenpy.tools.params:DMRG: reading 'max_trunc_err'=0.0001
INFO:tenpy.tools.params:MixedHofstadterLandauGauge_Pi_2: reading 'explicit_plus_hc'=False
INFO:tenpy.tools.params:MixedHofstadterLandauGauge_Pi_2: reading 'Lx'=2
INFO:tenpy.tools.params:MixedHofstadterLandauGauge_Pi_2: setting 'N_rings'=2
INFO:tenpy.tools.params:MixedHofstadterLandauGauge_Pi_2: reading 'xy_lattice'='Square'
INFO:tenpy.tools.params:MixedHofstadterLandauGauge_Pi_2: reading 'Ly'=3
INFO:tenpy.tools.params:MixedHofstadterLandauGauge_Pi_2: reading 'ring_order'=None
INFO:tenpy.tools.params:MixedHofstadterLandauGauge_Pi_2: reading 'conserve_k'=True
INFO:tenpy.tools.params:MixedHofstadterLandauGauge_Pi_2: reading 'bc_MPS'='infinite'
INFO:tenpy.tools.params:MixedHofstadterLandauGauge_Pi_2: reading 't'=-1
INFO:tenpy.tools.params:MixedHofstadterLandauGauge_Pi_2: reading 't2'=-0.25
INFO:tenpy.tools.params:MixedHofstadterLandauGauge_Pi_2: reading 'V1'=0.6
INFO:tenpy.tools.params:MixedHofstadterLandauGauge_Pi_2: reading 'phi_ext'=np.float64(1.2000000000000002)
INFO:tenpy.tools.params:MixedHofstadterLandauGauge_Pi_2: reading 'sort_mpo_legs'=False
/home/t30/kna/ge54yin/Documents/MasterThesisFQHinTMDs/MPS_stuff/MPScalculations/.venv/lib/python3.12/site-packages/tenpy/tools/params.py:232: UserWarning: unused options for config MixedHofstadterLandauGauge_Pi_2:
['Delta', 'N_rings', 'Nsec', 'bc', 'chi_max', 'ktot', 'saveAll']
  warnings.warn(msg.format(keys=sorted(unused), name=self.name))
INFO:tenpy.tools.params:DMRG: reading 'active_sites'=2
INFO:tenpy.tools.params:DMRG: reading 'diag_method'='default'
INFO:tenpy.tools.params:DMRG: subconfig 'trunc_params'=Config(<5 options>, 'trunc_params')
INFO:tenpy.tools.params:DMRG: reading 'max_N_sites_per_ring'=18
INFO:tenpy.tools.params:DMRG: reading 'combine'=False
INFO:tenpy.tools.params:DMRG: subconfig 'lanczos_params'=Config(<9 options>, 'lanczos_params')
INFO:tenpy.tools.params:DMRG: reading 'chi_list'=None
INFO:tenpy.tools.params:DMRG: reading 'start_env'=1
INFO:tenpy.algorithms.mps_common:start environment_sweep
INFO:tenpy.tools.params:DMRG: reading 'N_sweeps_check'=10
INFO:tenpy.tools.params:DMRG: subconfig 'mixer_params'=Config(<3 options>, 'mixer_params')
INFO:tenpy.tools.params:DMRG: reading 'mixer'=None
INFO:tenpy.tools.params:DMRG: reading 'max_sweeps'=100
INFO:tenpy.tools.params:DMRG: reading 'max_hours'=8760
INFO:tenpy.tools.params:DMRG: reading 'P_tol_to_trunc'=0.05
INFO:tenpy.tools.params:DMRG: reading 'P_tol_min'=5.0000000000000004e-30
INFO:tenpy.tools.params:DMRG: reading 'P_tol_max'=0.0001
INFO:tenpy.tools.params:DMRG: reading 'E_tol_to_trunc'=None
INFO:tenpy.algorithms.dmrg:Running sweep with optimization
INFO:tenpy.tools.params:DMRG: reading 'max_N_for_ED'=400
INFO:tenpy.tools.params:DMRG: reading 'update_env'=5
INFO:tenpy.algorithms.mps_common:start environment_sweep
INFO:tenpy.algorithms.dmrg:checkpoint after sweep 10
energy=-0.7154817216376372, max S=1.0802481378083808, age=198, norm_err=1.9e-11
Current memory usage 216.6MB, wall time: 20.6s
Delta E = nan, Delta S = -6.4541e-04 (per sweep)
max trunc_err = 3.1979e-10, max E_trunc = 3.6881e-09
chi: [256, 256, 256, 256, 256, 256]
================================================================================
INFO:tenpy.algorithms.dmrg:Running sweep with optimization
INFO:tenpy.algorithms.mps_common:start environment_sweep
INFO:tenpy.algorithms.dmrg:checkpoint after sweep 20
energy=-0.7154817216394301, max S=1.0802488541340440, age=378, norm_err=6.6e-13
Current memory usage 216.6MB, wall time: 14.2s
Delta E = -1.7929e-13, Delta S = 1.1360e-07 (per sweep)
max trunc_err = 3.2019e-10, max E_trunc = 3.6901e-09
chi: [256, 256, 256, 256, 256, 256]
================================================================================
INFO:tenpy.tools.params:DMRG: reading 'max_E_err'=1e-08
INFO:tenpy.tools.params:DMRG: reading 'max_S_err'=1e-05
INFO:tenpy.tools.params:DMRG: reading 'norm_tol'=1e-05
INFO:tenpy.tools.params:DMRG: reading 'norm_tol_final'=1e-10
INFO:tenpy.tools.params:DMRG: reading 'norm_tol_iter'=5
INFO:tenpy.algorithms.dmrg:TwoSiteDMRGEngine finished after 20 sweeps, max chi=256
INFO:tenpy.tools.params:DMRG: reading 'max_trunc_err'=0.0001
INFO:tenpy.tools.params:MixedHofstadterLandauGauge_Pi_2: reading 'explicit_plus_hc'=False
INFO:tenpy.tools.params:MixedHofstadterLandauGauge_Pi_2: reading 'Lx'=2
INFO:tenpy.tools.params:MixedHofstadterLandauGauge_Pi_2: setting 'N_rings'=2
INFO:tenpy.tools.params:MixedHofstadterLandauGauge_Pi_2: reading 'xy_lattice'='Square'
INFO:tenpy.tools.params:MixedHofstadterLandauGauge_Pi_2: reading 'Ly'=3
INFO:tenpy.tools.params:MixedHofstadterLandauGauge_Pi_2: reading 'ring_order'=None
INFO:tenpy.tools.params:MixedHofstadterLandauGauge_Pi_2: reading 'conserve_k'=True
INFO:tenpy.tools.params:MixedHofstadterLandauGauge_Pi_2: reading 'bc_MPS'='infinite'
INFO:tenpy.tools.params:MixedHofstadterLandauGauge_Pi_2: reading 't'=-1
INFO:tenpy.tools.params:MixedHofstadterLandauGauge_Pi_2: reading 't2'=-0.25
INFO:tenpy.tools.params:MixedHofstadterLandauGauge_Pi_2: reading 'V1'=0.6
INFO:tenpy.tools.params:MixedHofstadterLandauGauge_Pi_2: reading 'phi_ext'=np.float64(1.25)
INFO:tenpy.tools.params:MixedHofstadterLandauGauge_Pi_2: reading 'sort_mpo_legs'=False
/home/t30/kna/ge54yin/Documents/MasterThesisFQHinTMDs/MPS_stuff/MPScalculations/.venv/lib/python3.12/site-packages/tenpy/tools/params.py:232: UserWarning: unused options for config MixedHofstadterLandauGauge_Pi_2:
['Delta', 'N_rings', 'Nsec', 'bc', 'chi_max', 'ktot', 'saveAll']
  warnings.warn(msg.format(keys=sorted(unused), name=self.name))
INFO:tenpy.tools.params:DMRG: reading 'active_sites'=2
INFO:tenpy.tools.params:DMRG: reading 'diag_method'='default'
INFO:tenpy.tools.params:DMRG: subconfig 'trunc_params'=Config(<5 options>, 'trunc_params')
INFO:tenpy.tools.params:DMRG: reading 'max_N_sites_per_ring'=18
INFO:tenpy.tools.params:DMRG: reading 'combine'=False
INFO:tenpy.tools.params:DMRG: subconfig 'lanczos_params'=Config(<9 options>, 'lanczos_params')
INFO:tenpy.tools.params:DMRG: reading 'chi_list'=None
INFO:tenpy.tools.params:DMRG: reading 'start_env'=1
INFO:tenpy.algorithms.mps_common:start environment_sweep
INFO:tenpy.tools.params:DMRG: reading 'N_sweeps_check'=10
INFO:tenpy.tools.params:DMRG: subconfig 'mixer_params'=Config(<3 options>, 'mixer_params')
INFO:tenpy.tools.params:DMRG: reading 'mixer'=None
INFO:tenpy.tools.params:DMRG: reading 'max_sweeps'=100
INFO:tenpy.tools.params:DMRG: reading 'max_hours'=8760
INFO:tenpy.tools.params:DMRG: reading 'P_tol_to_trunc'=0.05
INFO:tenpy.tools.params:DMRG: reading 'P_tol_min'=5.0000000000000004e-30
INFO:tenpy.tools.params:DMRG: reading 'P_tol_max'=0.0001
INFO:tenpy.tools.params:DMRG: reading 'E_tol_to_trunc'=None
INFO:tenpy.algorithms.dmrg:Running sweep with optimization
INFO:tenpy.tools.params:DMRG: reading 'max_N_for_ED'=400
INFO:tenpy.tools.params:DMRG: reading 'update_env'=5
INFO:tenpy.algorithms.mps_common:start environment_sweep
INFO:tenpy.algorithms.dmrg:checkpoint after sweep 10
energy=-0.7156119642395922, max S=1.0793535081577397, age=198, norm_err=1.6e-11
Current memory usage 216.6MB, wall time: 20.8s
Delta E = nan, Delta S = -2.1096e-04 (per sweep)
max trunc_err = 2.9569e-10, max E_trunc = 3.4284e-09
chi: [256, 256, 256, 256, 256, 256]
================================================================================
INFO:tenpy.algorithms.dmrg:Running sweep with optimization
INFO:tenpy.algorithms.mps_common:start environment_sweep
INFO:tenpy.algorithms.dmrg:checkpoint after sweep 20
energy=-0.7156119642394382, max S=1.0793540069677854, age=378, norm_err=5.2e-13
Current memory usage 216.6MB, wall time: 14.2s
Delta E = 1.5399e-14, Delta S = 8.0952e-08 (per sweep)
max trunc_err = 2.9563e-10, max E_trunc = 3.4275e-09
chi: [256, 256, 256, 256, 256, 256]
================================================================================
INFO:tenpy.tools.params:DMRG: reading 'max_E_err'=1e-08
INFO:tenpy.tools.params:DMRG: reading 'max_S_err'=1e-05
INFO:tenpy.tools.params:DMRG: reading 'norm_tol'=1e-05
INFO:tenpy.tools.params:DMRG: reading 'norm_tol_final'=1e-10
INFO:tenpy.tools.params:DMRG: reading 'norm_tol_iter'=5
INFO:tenpy.algorithms.dmrg:TwoSiteDMRGEngine finished after 20 sweeps, max chi=256
INFO:tenpy.tools.params:DMRG: reading 'max_trunc_err'=0.0001
INFO:tenpy.tools.params:MixedHofstadterLandauGauge_Pi_2: reading 'explicit_plus_hc'=False
INFO:tenpy.tools.params:MixedHofstadterLandauGauge_Pi_2: reading 'Lx'=2
INFO:tenpy.tools.params:MixedHofstadterLandauGauge_Pi_2: setting 'N_rings'=2
INFO:tenpy.tools.params:MixedHofstadterLandauGauge_Pi_2: reading 'xy_lattice'='Square'
INFO:tenpy.tools.params:MixedHofstadterLandauGauge_Pi_2: reading 'Ly'=3
INFO:tenpy.tools.params:MixedHofstadterLandauGauge_Pi_2: reading 'ring_order'=None
INFO:tenpy.tools.params:MixedHofstadterLandauGauge_Pi_2: reading 'conserve_k'=True
INFO:tenpy.tools.params:MixedHofstadterLandauGauge_Pi_2: reading 'bc_MPS'='infinite'
INFO:tenpy.tools.params:MixedHofstadterLandauGauge_Pi_2: reading 't'=-1
INFO:tenpy.tools.params:MixedHofstadterLandauGauge_Pi_2: reading 't2'=-0.25
INFO:tenpy.tools.params:MixedHofstadterLandauGauge_Pi_2: reading 'V1'=0.6
INFO:tenpy.tools.params:MixedHofstadterLandauGauge_Pi_2: reading 'phi_ext'=np.float64(1.3)
INFO:tenpy.tools.params:MixedHofstadterLandauGauge_Pi_2: reading 'sort_mpo_legs'=False
/home/t30/kna/ge54yin/Documents/MasterThesisFQHinTMDs/MPS_stuff/MPScalculations/.venv/lib/python3.12/site-packages/tenpy/tools/params.py:232: UserWarning: unused options for config MixedHofstadterLandauGauge_Pi_2:
['Delta', 'N_rings', 'Nsec', 'bc', 'chi_max', 'ktot', 'saveAll']
  warnings.warn(msg.format(keys=sorted(unused), name=self.name))
INFO:tenpy.tools.params:DMRG: reading 'active_sites'=2
INFO:tenpy.tools.params:DMRG: reading 'diag_method'='default'
INFO:tenpy.tools.params:DMRG: subconfig 'trunc_params'=Config(<5 options>, 'trunc_params')
INFO:tenpy.tools.params:DMRG: reading 'max_N_sites_per_ring'=18
INFO:tenpy.tools.params:DMRG: reading 'combine'=False
INFO:tenpy.tools.params:DMRG: subconfig 'lanczos_params'=Config(<9 options>, 'lanczos_params')
INFO:tenpy.tools.params:DMRG: reading 'chi_list'=None
INFO:tenpy.tools.params:DMRG: reading 'start_env'=1
INFO:tenpy.algorithms.mps_common:start environment_sweep
INFO:tenpy.tools.params:DMRG: reading 'N_sweeps_check'=10
INFO:tenpy.tools.params:DMRG: subconfig 'mixer_params'=Config(<3 options>, 'mixer_params')
INFO:tenpy.tools.params:DMRG: reading 'mixer'=None
INFO:tenpy.tools.params:DMRG: reading 'max_sweeps'=100
INFO:tenpy.tools.params:DMRG: reading 'max_hours'=8760
INFO:tenpy.tools.params:DMRG: reading 'P_tol_to_trunc'=0.05
INFO:tenpy.tools.params:DMRG: reading 'P_tol_min'=5.0000000000000004e-30
INFO:tenpy.tools.params:DMRG: reading 'P_tol_max'=0.0001
INFO:tenpy.tools.params:DMRG: reading 'E_tol_to_trunc'=None
INFO:tenpy.algorithms.dmrg:Running sweep with optimization
INFO:tenpy.tools.params:DMRG: reading 'max_N_for_ED'=400
INFO:tenpy.tools.params:DMRG: reading 'update_env'=5
INFO:tenpy.algorithms.mps_common:start environment_sweep
INFO:tenpy.algorithms.dmrg:checkpoint after sweep 10
energy=-0.7154817216371659, max S=1.0802483053944232, age=198, norm_err=3.0e-11
Current memory usage 216.6MB, wall time: 18.8s
Delta E = nan, Delta S = 2.1080e-04 (per sweep)
max trunc_err = 3.1861e-10, max E_trunc = 3.6578e-09
chi: [256, 256, 256, 256, 256, 256]
================================================================================
INFO:tenpy.algorithms.dmrg:Running sweep with optimization
INFO:tenpy.algorithms.mps_common:start environment_sweep
INFO:tenpy.algorithms.dmrg:checkpoint after sweep 20
energy=-0.7154817216376396, max S=1.0802488468308087, age=378, norm_err=9.1e-13
Current memory usage 216.6MB, wall time: 12.8s
Delta E = -4.7362e-14, Delta S = 8.7312e-08 (per sweep)
max trunc_err = 3.1855e-10, max E_trunc = 3.6579e-09
chi: [256, 256, 256, 256, 256, 256]
================================================================================
INFO:tenpy.tools.params:DMRG: reading 'max_E_err'=1e-08
INFO:tenpy.tools.params:DMRG: reading 'max_S_err'=1e-05
INFO:tenpy.tools.params:DMRG: reading 'norm_tol'=1e-05
INFO:tenpy.tools.params:DMRG: reading 'norm_tol_final'=1e-10
INFO:tenpy.tools.params:DMRG: reading 'norm_tol_iter'=5
INFO:tenpy.algorithms.dmrg:TwoSiteDMRGEngine finished after 20 sweeps, max chi=256
INFO:tenpy.tools.params:DMRG: reading 'max_trunc_err'=0.0001
INFO:tenpy.tools.params:MixedHofstadterLandauGauge_Pi_2: reading 'explicit_plus_hc'=False
INFO:tenpy.tools.params:MixedHofstadterLandauGauge_Pi_2: reading 'Lx'=2
INFO:tenpy.tools.params:MixedHofstadterLandauGauge_Pi_2: setting 'N_rings'=2
INFO:tenpy.tools.params:MixedHofstadterLandauGauge_Pi_2: reading 'xy_lattice'='Square'
INFO:tenpy.tools.params:MixedHofstadterLandauGauge_Pi_2: reading 'Ly'=3
INFO:tenpy.tools.params:MixedHofstadterLandauGauge_Pi_2: reading 'ring_order'=None
INFO:tenpy.tools.params:MixedHofstadterLandauGauge_Pi_2: reading 'conserve_k'=True
INFO:tenpy.tools.params:MixedHofstadterLandauGauge_Pi_2: reading 'bc_MPS'='infinite'
INFO:tenpy.tools.params:MixedHofstadterLandauGauge_Pi_2: reading 't'=-1
INFO:tenpy.tools.params:MixedHofstadterLandauGauge_Pi_2: reading 't2'=-0.25
INFO:tenpy.tools.params:MixedHofstadterLandauGauge_Pi_2: reading 'V1'=0.6
INFO:tenpy.tools.params:MixedHofstadterLandauGauge_Pi_2: reading 'phi_ext'=np.float64(1.35)
INFO:tenpy.tools.params:MixedHofstadterLandauGauge_Pi_2: reading 'sort_mpo_legs'=False
/home/t30/kna/ge54yin/Documents/MasterThesisFQHinTMDs/MPS_stuff/MPScalculations/.venv/lib/python3.12/site-packages/tenpy/tools/params.py:232: UserWarning: unused options for config MixedHofstadterLandauGauge_Pi_2:
['Delta', 'N_rings', 'Nsec', 'bc', 'chi_max', 'ktot', 'saveAll']
  warnings.warn(msg.format(keys=sorted(unused), name=self.name))
INFO:tenpy.tools.params:DMRG: reading 'active_sites'=2
INFO:tenpy.tools.params:DMRG: reading 'diag_method'='default'
INFO:tenpy.tools.params:DMRG: subconfig 'trunc_params'=Config(<5 options>, 'trunc_params')
INFO:tenpy.tools.params:DMRG: reading 'max_N_sites_per_ring'=18
INFO:tenpy.tools.params:DMRG: reading 'combine'=False
INFO:tenpy.tools.params:DMRG: subconfig 'lanczos_params'=Config(<9 options>, 'lanczos_params')
INFO:tenpy.tools.params:DMRG: reading 'chi_list'=None
INFO:tenpy.tools.params:DMRG: reading 'start_env'=1
INFO:tenpy.algorithms.mps_common:start environment_sweep
INFO:tenpy.tools.params:DMRG: reading 'N_sweeps_check'=10
INFO:tenpy.tools.params:DMRG: subconfig 'mixer_params'=Config(<3 options>, 'mixer_params')
INFO:tenpy.tools.params:DMRG: reading 'mixer'=None
INFO:tenpy.tools.params:DMRG: reading 'max_sweeps'=100
INFO:tenpy.tools.params:DMRG: reading 'max_hours'=8760
INFO:tenpy.tools.params:DMRG: reading 'P_tol_to_trunc'=0.05
INFO:tenpy.tools.params:DMRG: reading 'P_tol_min'=5.0000000000000004e-30
INFO:tenpy.tools.params:DMRG: reading 'P_tol_max'=0.0001
INFO:tenpy.tools.params:DMRG: reading 'E_tol_to_trunc'=None
INFO:tenpy.algorithms.dmrg:Running sweep with optimization
INFO:tenpy.tools.params:DMRG: reading 'max_N_for_ED'=400
INFO:tenpy.tools.params:DMRG: reading 'update_env'=5
INFO:tenpy.algorithms.mps_common:start environment_sweep
INFO:tenpy.algorithms.dmrg:checkpoint after sweep 10
energy=-0.7151000048643278, max S=1.0830237938013028, age=198, norm_err=5.0e-11
Current memory usage 216.6MB, wall time: 21.1s
Delta E = nan, Delta S = 6.4517e-04 (per sweep)
max trunc_err = 3.8370e-10, max E_trunc = 4.3503e-09
chi: [256, 256, 256, 256, 256, 256]
================================================================================
INFO:tenpy.algorithms.dmrg:Running sweep with optimization
INFO:tenpy.algorithms.mps_common:start environment_sweep
INFO:tenpy.algorithms.dmrg:checkpoint after sweep 20
energy=-0.7151000048641502, max S=1.0830245796213038, age=378, norm_err=2.7e-12
Current memory usage 216.6MB, wall time: 14.3s
Delta E = 1.7764e-14, Delta S = 1.2071e-07 (per sweep)
max trunc_err = 3.8402e-10, max E_trunc = 4.3559e-09
chi: [256, 256, 256, 256, 256, 256]
================================================================================
INFO:tenpy.tools.params:DMRG: reading 'max_E_err'=1e-08
INFO:tenpy.tools.params:DMRG: reading 'max_S_err'=1e-05
INFO:tenpy.tools.params:DMRG: reading 'norm_tol'=1e-05
INFO:tenpy.tools.params:DMRG: reading 'norm_tol_final'=1e-10
INFO:tenpy.tools.params:DMRG: reading 'norm_tol_iter'=5
INFO:tenpy.algorithms.dmrg:TwoSiteDMRGEngine finished after 20 sweeps, max chi=256
INFO:tenpy.tools.params:DMRG: reading 'max_trunc_err'=0.0001
INFO:tenpy.tools.params:MixedHofstadterLandauGauge_Pi_2: reading 'explicit_plus_hc'=False
INFO:tenpy.tools.params:MixedHofstadterLandauGauge_Pi_2: reading 'Lx'=2
INFO:tenpy.tools.params:MixedHofstadterLandauGauge_Pi_2: setting 'N_rings'=2
INFO:tenpy.tools.params:MixedHofstadterLandauGauge_Pi_2: reading 'xy_lattice'='Square'
INFO:tenpy.tools.params:MixedHofstadterLandauGauge_Pi_2: reading 'Ly'=3
INFO:tenpy.tools.params:MixedHofstadterLandauGauge_Pi_2: reading 'ring_order'=None
INFO:tenpy.tools.params:MixedHofstadterLandauGauge_Pi_2: reading 'conserve_k'=True
INFO:tenpy.tools.params:MixedHofstadterLandauGauge_Pi_2: reading 'bc_MPS'='infinite'
INFO:tenpy.tools.params:MixedHofstadterLandauGauge_Pi_2: reading 't'=-1
INFO:tenpy.tools.params:MixedHofstadterLandauGauge_Pi_2: reading 't2'=-0.25
INFO:tenpy.tools.params:MixedHofstadterLandauGauge_Pi_2: reading 'V1'=0.6
INFO:tenpy.tools.params:MixedHofstadterLandauGauge_Pi_2: reading 'phi_ext'=np.float64(1.4000000000000001)
INFO:tenpy.tools.params:MixedHofstadterLandauGauge_Pi_2: reading 'sort_mpo_legs'=False
/home/t30/kna/ge54yin/Documents/MasterThesisFQHinTMDs/MPS_stuff/MPScalculations/.venv/lib/python3.12/site-packages/tenpy/tools/params.py:232: UserWarning: unused options for config MixedHofstadterLandauGauge_Pi_2:
['Delta', 'N_rings', 'Nsec', 'bc', 'chi_max', 'ktot', 'saveAll']
  warnings.warn(msg.format(keys=sorted(unused), name=self.name))
INFO:tenpy.tools.params:DMRG: reading 'active_sites'=2
INFO:tenpy.tools.params:DMRG: reading 'diag_method'='default'
INFO:tenpy.tools.params:DMRG: subconfig 'trunc_params'=Config(<5 options>, 'trunc_params')
INFO:tenpy.tools.params:DMRG: reading 'max_N_sites_per_ring'=18
INFO:tenpy.tools.params:DMRG: reading 'combine'=False
INFO:tenpy.tools.params:DMRG: subconfig 'lanczos_params'=Config(<9 options>, 'lanczos_params')
INFO:tenpy.tools.params:DMRG: reading 'chi_list'=None
INFO:tenpy.tools.params:DMRG: reading 'start_env'=1
INFO:tenpy.algorithms.mps_common:start environment_sweep
INFO:tenpy.tools.params:DMRG: reading 'N_sweeps_check'=10
INFO:tenpy.tools.params:DMRG: subconfig 'mixer_params'=Config(<3 options>, 'mixer_params')
INFO:tenpy.tools.params:DMRG: reading 'mixer'=None
INFO:tenpy.tools.params:DMRG: reading 'max_sweeps'=100
INFO:tenpy.tools.params:DMRG: reading 'max_hours'=8760
INFO:tenpy.tools.params:DMRG: reading 'P_tol_to_trunc'=0.05
INFO:tenpy.tools.params:DMRG: reading 'P_tol_min'=5.0000000000000004e-30
INFO:tenpy.tools.params:DMRG: reading 'P_tol_max'=0.0001
INFO:tenpy.tools.params:DMRG: reading 'E_tol_to_trunc'=None
INFO:tenpy.algorithms.dmrg:Running sweep with optimization
INFO:tenpy.tools.params:DMRG: reading 'max_N_for_ED'=400
INFO:tenpy.tools.params:DMRG: reading 'update_env'=5
INFO:tenpy.algorithms.mps_common:start environment_sweep
INFO:tenpy.algorithms.dmrg:checkpoint after sweep 10
energy=-0.7144932131854963, max S=1.0881710704599268, age=198, norm_err=1.8e-11
Current memory usage 216.6MB, wall time: 19.5s
Delta E = nan, Delta S = 1.1462e-03 (per sweep)
max trunc_err = 5.2696e-10, max E_trunc = 5.7665e-09
chi: [256, 256, 256, 256, 256, 256]
================================================================================
INFO:tenpy.algorithms.dmrg:Running sweep with optimization
INFO:tenpy.algorithms.mps_common:start environment_sweep
INFO:tenpy.algorithms.dmrg:checkpoint after sweep 20
energy=-0.7144932131853162, max S=1.0881711164236854, age=378, norm_err=8.0e-13
Current memory usage 216.6MB, wall time: 13.0s
Delta E = 1.8008e-14, Delta S = -3.3765e-09 (per sweep)
max trunc_err = 5.2785e-10, max E_trunc = 5.7741e-09
chi: [256, 256, 256, 256, 256, 256]
================================================================================
INFO:tenpy.tools.params:DMRG: reading 'max_E_err'=1e-08
INFO:tenpy.tools.params:DMRG: reading 'max_S_err'=1e-05
INFO:tenpy.tools.params:DMRG: reading 'norm_tol'=1e-05
INFO:tenpy.tools.params:DMRG: reading 'norm_tol_final'=1e-10
INFO:tenpy.tools.params:DMRG: reading 'norm_tol_iter'=5
INFO:tenpy.algorithms.dmrg:TwoSiteDMRGEngine finished after 20 sweeps, max chi=256
INFO:tenpy.tools.params:DMRG: reading 'max_trunc_err'=0.0001
INFO:tenpy.tools.params:MixedHofstadterLandauGauge_Pi_2: reading 'explicit_plus_hc'=False
INFO:tenpy.tools.params:MixedHofstadterLandauGauge_Pi_2: reading 'Lx'=2
INFO:tenpy.tools.params:MixedHofstadterLandauGauge_Pi_2: setting 'N_rings'=2
INFO:tenpy.tools.params:MixedHofstadterLandauGauge_Pi_2: reading 'xy_lattice'='Square'
INFO:tenpy.tools.params:MixedHofstadterLandauGauge_Pi_2: reading 'Ly'=3
INFO:tenpy.tools.params:MixedHofstadterLandauGauge_Pi_2: reading 'ring_order'=None
INFO:tenpy.tools.params:MixedHofstadterLandauGauge_Pi_2: reading 'conserve_k'=True
INFO:tenpy.tools.params:MixedHofstadterLandauGauge_Pi_2: reading 'bc_MPS'='infinite'
INFO:tenpy.tools.params:MixedHofstadterLandauGauge_Pi_2: reading 't'=-1
INFO:tenpy.tools.params:MixedHofstadterLandauGauge_Pi_2: reading 't2'=-0.25
INFO:tenpy.tools.params:MixedHofstadterLandauGauge_Pi_2: reading 'V1'=0.6
INFO:tenpy.tools.params:MixedHofstadterLandauGauge_Pi_2: reading 'phi_ext'=np.float64(1.4500000000000002)
INFO:tenpy.tools.params:MixedHofstadterLandauGauge_Pi_2: reading 'sort_mpo_legs'=False
/home/t30/kna/ge54yin/Documents/MasterThesisFQHinTMDs/MPS_stuff/MPScalculations/.venv/lib/python3.12/site-packages/tenpy/tools/params.py:232: UserWarning: unused options for config MixedHofstadterLandauGauge_Pi_2:
['Delta', 'N_rings', 'Nsec', 'bc', 'chi_max', 'ktot', 'saveAll']
  warnings.warn(msg.format(keys=sorted(unused), name=self.name))
INFO:tenpy.tools.params:DMRG: reading 'active_sites'=2
INFO:tenpy.tools.params:DMRG: reading 'diag_method'='default'
INFO:tenpy.tools.params:DMRG: subconfig 'trunc_params'=Config(<5 options>, 'trunc_params')
INFO:tenpy.tools.params:DMRG: reading 'max_N_sites_per_ring'=18
INFO:tenpy.tools.params:DMRG: reading 'combine'=False
INFO:tenpy.tools.params:DMRG: subconfig 'lanczos_params'=Config(<9 options>, 'lanczos_params')
INFO:tenpy.tools.params:DMRG: reading 'chi_list'=None
INFO:tenpy.tools.params:DMRG: reading 'start_env'=1
INFO:tenpy.algorithms.mps_common:start environment_sweep
INFO:tenpy.tools.params:DMRG: reading 'N_sweeps_check'=10
INFO:tenpy.tools.params:DMRG: subconfig 'mixer_params'=Config(<3 options>, 'mixer_params')
INFO:tenpy.tools.params:DMRG: reading 'mixer'=None
INFO:tenpy.tools.params:DMRG: reading 'max_sweeps'=100
INFO:tenpy.tools.params:DMRG: reading 'max_hours'=8760
INFO:tenpy.tools.params:DMRG: reading 'P_tol_to_trunc'=0.05
INFO:tenpy.tools.params:DMRG: reading 'P_tol_min'=5.0000000000000004e-30
INFO:tenpy.tools.params:DMRG: reading 'P_tol_max'=0.0001
INFO:tenpy.tools.params:DMRG: reading 'E_tol_to_trunc'=None
INFO:tenpy.algorithms.dmrg:Running sweep with optimization
INFO:tenpy.tools.params:DMRG: reading 'max_N_for_ED'=400
INFO:tenpy.tools.params:DMRG: reading 'update_env'=5
INFO:tenpy.algorithms.mps_common:start environment_sweep
INFO:tenpy.algorithms.dmrg:checkpoint after sweep 10
energy=-0.7137036264214203, max S=1.1197688494634364, age=198, norm_err=4.4e-11
Current memory usage 216.6MB, wall time: 21.0s
Delta E = nan, Delta S = 1.9016e-03 (per sweep)
max trunc_err = 8.6883e-10, max E_trunc = 9.4106e-09
chi: [256, 256, 256, 256, 256, 256]
================================================================================
INFO:tenpy.algorithms.dmrg:Running sweep with optimization
INFO:tenpy.algorithms.mps_common:start environment_sweep
INFO:tenpy.algorithms.dmrg:checkpoint after sweep 20
energy=-0.7137036264283884, max S=1.1197693275703613, age=378, norm_err=3.3e-12
Current memory usage 216.6MB, wall time: 13.0s
Delta E = -6.9681e-13, Delta S = 3.7756e-08 (per sweep)
max trunc_err = 8.6840e-10, max E_trunc = 9.4238e-09
chi: [256, 256, 256, 256, 256, 256]
================================================================================
INFO:tenpy.tools.params:DMRG: reading 'max_E_err'=1e-08
INFO:tenpy.tools.params:DMRG: reading 'max_S_err'=1e-05
INFO:tenpy.tools.params:DMRG: reading 'norm_tol'=1e-05
INFO:tenpy.tools.params:DMRG: reading 'norm_tol_final'=1e-10
INFO:tenpy.tools.params:DMRG: reading 'norm_tol_iter'=5
INFO:tenpy.algorithms.dmrg:TwoSiteDMRGEngine finished after 20 sweeps, max chi=256
INFO:tenpy.tools.params:DMRG: reading 'max_trunc_err'=0.0001
INFO:tenpy.tools.params:MixedHofstadterLandauGauge_Pi_2: reading 'explicit_plus_hc'=False
INFO:tenpy.tools.params:MixedHofstadterLandauGauge_Pi_2: reading 'Lx'=2
INFO:tenpy.tools.params:MixedHofstadterLandauGauge_Pi_2: setting 'N_rings'=2
INFO:tenpy.tools.params:MixedHofstadterLandauGauge_Pi_2: reading 'xy_lattice'='Square'
INFO:tenpy.tools.params:MixedHofstadterLandauGauge_Pi_2: reading 'Ly'=3
INFO:tenpy.tools.params:MixedHofstadterLandauGauge_Pi_2: reading 'ring_order'=None
INFO:tenpy.tools.params:MixedHofstadterLandauGauge_Pi_2: reading 'conserve_k'=True
INFO:tenpy.tools.params:MixedHofstadterLandauGauge_Pi_2: reading 'bc_MPS'='infinite'
INFO:tenpy.tools.params:MixedHofstadterLandauGauge_Pi_2: reading 't'=-1
INFO:tenpy.tools.params:MixedHofstadterLandauGauge_Pi_2: reading 't2'=-0.25
INFO:tenpy.tools.params:MixedHofstadterLandauGauge_Pi_2: reading 'V1'=0.6
INFO:tenpy.tools.params:MixedHofstadterLandauGauge_Pi_2: reading 'phi_ext'=np.float64(1.5)
INFO:tenpy.tools.params:MixedHofstadterLandauGauge_Pi_2: reading 'sort_mpo_legs'=False
/home/t30/kna/ge54yin/Documents/MasterThesisFQHinTMDs/MPS_stuff/MPScalculations/.venv/lib/python3.12/site-packages/tenpy/tools/params.py:232: UserWarning: unused options for config MixedHofstadterLandauGauge_Pi_2:
['Delta', 'N_rings', 'Nsec', 'bc', 'chi_max', 'ktot', 'saveAll']
  warnings.warn(msg.format(keys=sorted(unused), name=self.name))
INFO:tenpy.tools.params:DMRG: reading 'active_sites'=2
INFO:tenpy.tools.params:DMRG: reading 'diag_method'='default'
INFO:tenpy.tools.params:DMRG: subconfig 'trunc_params'=Config(<5 options>, 'trunc_params')
INFO:tenpy.tools.params:DMRG: reading 'max_N_sites_per_ring'=18
INFO:tenpy.tools.params:DMRG: reading 'combine'=False
INFO:tenpy.tools.params:DMRG: subconfig 'lanczos_params'=Config(<9 options>, 'lanczos_params')
INFO:tenpy.tools.params:DMRG: reading 'chi_list'=None
INFO:tenpy.tools.params:DMRG: reading 'start_env'=1
INFO:tenpy.algorithms.mps_common:start environment_sweep
INFO:tenpy.tools.params:DMRG: reading 'N_sweeps_check'=10
INFO:tenpy.tools.params:DMRG: subconfig 'mixer_params'=Config(<3 options>, 'mixer_params')
INFO:tenpy.tools.params:DMRG: reading 'mixer'=None
INFO:tenpy.tools.params:DMRG: reading 'max_sweeps'=100
INFO:tenpy.tools.params:DMRG: reading 'max_hours'=8760
INFO:tenpy.tools.params:DMRG: reading 'P_tol_to_trunc'=0.05
INFO:tenpy.tools.params:DMRG: reading 'P_tol_min'=5.0000000000000004e-30
INFO:tenpy.tools.params:DMRG: reading 'P_tol_max'=0.0001
INFO:tenpy.tools.params:DMRG: reading 'E_tol_to_trunc'=None
INFO:tenpy.algorithms.dmrg:Running sweep with optimization
INFO:tenpy.tools.params:DMRG: reading 'max_N_for_ED'=400
INFO:tenpy.tools.params:DMRG: reading 'update_env'=5
INFO:tenpy.algorithms.mps_common:start environment_sweep
INFO:tenpy.algorithms.dmrg:checkpoint after sweep 10
energy=-0.7127887169419154, max S=1.1974121007019383, age=198, norm_err=4.0e-09
Current memory usage 216.6MB, wall time: 29.2s
Delta E = nan, Delta S = 3.7751e-03 (per sweep)
max trunc_err = 2.3377e-09, max E_trunc = 2.4136e-08
chi: [256, 256, 256, 256, 256, 256]
================================================================================
INFO:tenpy.algorithms.dmrg:Running sweep with optimization
INFO:tenpy.algorithms.mps_common:start environment_sweep
INFO:tenpy.algorithms.dmrg:checkpoint after sweep 20
energy=-0.7127887171528897, max S=1.1974134504919864, age=378, norm_err=4.7e-11
Current memory usage 216.6MB, wall time: 14.3s
Delta E = -2.1097e-11, Delta S = 1.7228e-07 (per sweep)
max trunc_err = 2.1702e-09, max E_trunc = 2.2836e-08
chi: [256, 256, 256, 256, 256, 256]
================================================================================
INFO:tenpy.tools.params:DMRG: reading 'max_E_err'=1e-08
INFO:tenpy.tools.params:DMRG: reading 'max_S_err'=1e-05
INFO:tenpy.tools.params:DMRG: reading 'norm_tol'=1e-05
INFO:tenpy.tools.params:DMRG: reading 'norm_tol_final'=1e-10
INFO:tenpy.tools.params:DMRG: reading 'norm_tol_iter'=5
INFO:tenpy.algorithms.dmrg:TwoSiteDMRGEngine finished after 20 sweeps, max chi=256
INFO:tenpy.tools.params:DMRG: reading 'max_trunc_err'=0.0001
INFO:tenpy.tools.params:MixedHofstadterLandauGauge_Pi_2: reading 'explicit_plus_hc'=False
INFO:tenpy.tools.params:MixedHofstadterLandauGauge_Pi_2: reading 'Lx'=2
INFO:tenpy.tools.params:MixedHofstadterLandauGauge_Pi_2: setting 'N_rings'=2
INFO:tenpy.tools.params:MixedHofstadterLandauGauge_Pi_2: reading 'xy_lattice'='Square'
INFO:tenpy.tools.params:MixedHofstadterLandauGauge_Pi_2: reading 'Ly'=3
INFO:tenpy.tools.params:MixedHofstadterLandauGauge_Pi_2: reading 'ring_order'=None
INFO:tenpy.tools.params:MixedHofstadterLandauGauge_Pi_2: reading 'conserve_k'=True
INFO:tenpy.tools.params:MixedHofstadterLandauGauge_Pi_2: reading 'bc_MPS'='infinite'
INFO:tenpy.tools.params:MixedHofstadterLandauGauge_Pi_2: reading 't'=-1
INFO:tenpy.tools.params:MixedHofstadterLandauGauge_Pi_2: reading 't2'=-0.25
INFO:tenpy.tools.params:MixedHofstadterLandauGauge_Pi_2: reading 'V1'=0.6
INFO:tenpy.tools.params:MixedHofstadterLandauGauge_Pi_2: reading 'phi_ext'=np.float64(1.55)
INFO:tenpy.tools.params:MixedHofstadterLandauGauge_Pi_2: reading 'sort_mpo_legs'=False
/home/t30/kna/ge54yin/Documents/MasterThesisFQHinTMDs/MPS_stuff/MPScalculations/.venv/lib/python3.12/site-packages/tenpy/tools/params.py:232: UserWarning: unused options for config MixedHofstadterLandauGauge_Pi_2:
['Delta', 'N_rings', 'Nsec', 'bc', 'chi_max', 'ktot', 'saveAll']
  warnings.warn(msg.format(keys=sorted(unused), name=self.name))
INFO:tenpy.tools.params:DMRG: reading 'active_sites'=2
INFO:tenpy.tools.params:DMRG: reading 'diag_method'='default'
INFO:tenpy.tools.params:DMRG: subconfig 'trunc_params'=Config(<5 options>, 'trunc_params')
INFO:tenpy.tools.params:DMRG: reading 'max_N_sites_per_ring'=18
INFO:tenpy.tools.params:DMRG: reading 'combine'=False
INFO:tenpy.tools.params:DMRG: subconfig 'lanczos_params'=Config(<9 options>, 'lanczos_params')
INFO:tenpy.tools.params:DMRG: reading 'chi_list'=None
INFO:tenpy.tools.params:DMRG: reading 'start_env'=1
INFO:tenpy.algorithms.mps_common:start environment_sweep
INFO:tenpy.tools.params:DMRG: reading 'N_sweeps_check'=10
INFO:tenpy.tools.params:DMRG: subconfig 'mixer_params'=Config(<3 options>, 'mixer_params')
INFO:tenpy.tools.params:DMRG: reading 'mixer'=None
INFO:tenpy.tools.params:DMRG: reading 'max_sweeps'=100
INFO:tenpy.tools.params:DMRG: reading 'max_hours'=8760
INFO:tenpy.tools.params:DMRG: reading 'P_tol_to_trunc'=0.05
INFO:tenpy.tools.params:DMRG: reading 'P_tol_min'=5.0000000000000004e-30
INFO:tenpy.tools.params:DMRG: reading 'P_tol_max'=0.0001
INFO:tenpy.tools.params:DMRG: reading 'E_tol_to_trunc'=None
INFO:tenpy.algorithms.dmrg:Running sweep with optimization
INFO:tenpy.tools.params:DMRG: reading 'max_N_for_ED'=400
INFO:tenpy.tools.params:DMRG: reading 'update_env'=5
INFO:tenpy.algorithms.mps_common:start environment_sweep
INFO:tenpy.algorithms.dmrg:checkpoint after sweep 10
energy=-0.3121248331152178, max S=3.2647830745025619, age=198, norm_err=7.0e-02
Current memory usage 216.7MB, wall time: 74.5s
Delta E = nan, Delta S = 2.1958e-01 (per sweep)
max trunc_err = 2.5704e-08, max E_trunc = 1.1194e-09
chi: [256, 256, 256, 255, 255, 256]
================================================================================
INFO:tenpy.algorithms.dmrg:Running sweep with optimization
INFO:tenpy.algorithms.mps_common:start environment_sweep
INFO:tenpy.algorithms.dmrg:checkpoint after sweep 20
energy=-0.2721974024013984, max S=1.6279910954045520, age=378, norm_err=7.1e-02
Current memory usage 216.7MB, wall time: 76.2s
Delta E = 3.9927e-03, Delta S = -1.8500e-01 (per sweep)
max trunc_err = 1.8790e-07, max E_trunc = -2.1271e-09
chi: [256, 256, 256, 256, 256, 256]
================================================================================
INFO:tenpy.tools.params:DMRG: reading 'max_E_err'=1e-08
INFO:tenpy.tools.params:DMRG: reading 'max_S_err'=1e-05
INFO:tenpy.algorithms.dmrg:Running sweep with optimization
INFO:tenpy.algorithms.mps_common:start environment_sweep
INFO:tenpy.algorithms.dmrg:checkpoint after sweep 30
energy=-0.7134409785272643, max S=1.2170933956595924, age=558, norm_err=1.2e+00
Current memory usage 216.7MB, wall time: 64.3s
Delta E = -4.4124e-02, Delta S = -3.7512e-02 (per sweep)
max trunc_err = 1.5005e-09, max E_trunc = 1.5367e-08
chi: [256, 256, 256, 256, 256, 256]
================================================================================
INFO:tenpy.algorithms.dmrg:Running sweep with optimization
INFO:tenpy.algorithms.mps_common:start environment_sweep
INFO:tenpy.algorithms.dmrg:checkpoint after sweep 40
energy=1.8570906028748482, max S=1.9663609938718973, age=738, norm_err=2.5e-01
Current memory usage 216.7MB, wall time: 77.0s
Delta E = 2.5705e-01, Delta S = 8.1683e-02 (per sweep)
max trunc_err = 5.4946e-08, max E_trunc = 2.9157e-09
chi: [256, 256, 256, 256, 256, 256]
================================================================================
INFO:tenpy.algorithms.dmrg:Running sweep with optimization
INFO:tenpy.algorithms.mps_common:start environment_sweep
INFO:tenpy.algorithms.dmrg:checkpoint after sweep 50
energy=0.1400180613547851, max S=0.6826808903889008, age=918, norm_err=2.1e-06
Current memory usage 216.7MB, wall time: 72.1s
Delta E = -1.7171e-01, Delta S = -1.3445e-01 (per sweep)
max trunc_err = 1.7437e-07, max E_trunc = 8.5171e-09
chi: [256, 256, 256, 256, 256, 256]
================================================================================
INFO:tenpy.algorithms.dmrg:Running sweep with optimization
INFO:tenpy.algorithms.mps_common:start environment_sweep
INFO:tenpy.algorithms.dmrg:checkpoint after sweep 60
energy=0.1635986293123418, max S=1.6527537572865585, age=1098, norm_err=4.2e-02
Current memory usage 216.7MB, wall time: 77.1s
Delta E = 2.3581e-03, Delta S = 1.0440e-01 (per sweep)
max trunc_err = 6.4315e-08, max E_trunc = 1.3594e-08
chi: [256, 256, 256, 256, 256, 256]
================================================================================
INFO:tenpy.algorithms.dmrg:Running sweep with optimization
INFO:tenpy.algorithms.mps_common:start environment_sweep
INFO:tenpy.algorithms.dmrg:checkpoint after sweep 70
energy=-0.7074756834095316, max S=2.1913979149424989, age=1278, norm_err=6.8e-01
Current memory usage 216.7MB, wall time: 75.5s
Delta E = -8.7107e-02, Delta S = 9.1880e-03 (per sweep)
max trunc_err = 1.6332e-07, max E_trunc = 4.4231e-07
chi: [256, 256, 256, 256, 256, 256]
================================================================================
INFO:tenpy.algorithms.dmrg:Running sweep with optimization
INFO:tenpy.algorithms.mps_common:start environment_sweep
INFO:tenpy.algorithms.dmrg:checkpoint after sweep 80
energy=0.6470207835273621, max S=0.0483922767834253, age=1458, norm_err=2.4e-04
Current memory usage 216.7MB, wall time: 75.9s
Delta E = 1.3545e-01, Delta S = -1.4489e-01 (per sweep)
max trunc_err = 3.0488e-08, max E_trunc = 5.1162e-08
chi: [256, 256, 256, 256, 256, 256]
================================================================================
INFO:tenpy.algorithms.dmrg:Running sweep with optimization
INFO:tenpy.algorithms.mps_common:start environment_sweep
INFO:tenpy.algorithms.dmrg:checkpoint after sweep 90
energy=-0.7092400717442047, max S=1.2341001012099087, age=1638, norm_err=1.7e-05
Current memory usage 216.7MB, wall time: 75.4s
Delta E = -1.3563e-01, Delta S = 8.7135e-02 (per sweep)
max trunc_err = 2.5152e-07, max E_trunc = -3.1109e-09
chi: [256, 256, 256, 256, 256, 256]
================================================================================
INFO:tenpy.algorithms.dmrg:Running sweep with optimization
INFO:tenpy.algorithms.mps_common:start environment_sweep
INFO:tenpy.algorithms.dmrg:checkpoint after sweep 100
energy=-1.5381878086125578, max S=2.6607852170877222, age=1818, norm_err=8.2e-01
Current memory usage 216.7MB, wall time: 67.1s
Delta E = -8.2895e-02, Delta S = 1.3900e-01 (per sweep)
max trunc_err = 9.8071e-08, max E_trunc = 1.6637e-08
chi: [256, 256, 256, 256, 256, 256]
================================================================================
INFO:tenpy.algorithms.dmrg:Running sweep with optimization
INFO:tenpy.algorithms.mps_common:start environment_sweep
INFO:tenpy.algorithms.dmrg:checkpoint after sweep 110
energy=-0.7067125216781278, max S=1.1602030408675872, age=1998, norm_err=6.5e-05
Current memory usage 216.7MB, wall time: 76.5s
Delta E = 8.3148e-02, Delta S = -1.4655e-01 (per sweep)
max trunc_err = 3.8690e-08, max E_trunc = 1.6200e-09
chi: [256, 256, 256, 256, 256, 256]
================================================================================
INFO:tenpy.algorithms.mps_common:TwoSiteDMRGEngine: Maximum number of sweeps reached
INFO:tenpy.tools.params:DMRG: reading 'norm_tol'=1e-05
INFO:tenpy.tools.params:DMRG: reading 'norm_tol_final'=1e-10
INFO:tenpy.tools.params:DMRG: reading 'norm_tol_iter'=5
WARNING:tenpy.algorithms.dmrg:final DMRG state not in canonical form up to norm_tol=1.00e-05: norm_err=6.53e-05
INFO:tenpy.algorithms.mps_common:start environment_sweep
WARNING:tenpy.algorithms.dmrg:final DMRG state not in canonical form up to norm_tol_final=1.00e-10: norm_err=4.97e-06, calling psi.canonical_form()
INFO:tenpy.algorithms.dmrg:TwoSiteDMRGEngine finished after 110 sweeps, max chi=256
INFO:tenpy.tools.params:DMRG: reading 'max_trunc_err'=0.0001
INFO:tenpy.tools.params:MixedHofstadterLandauGauge_Pi_2: reading 'explicit_plus_hc'=False
INFO:tenpy.tools.params:MixedHofstadterLandauGauge_Pi_2: reading 'Lx'=2
INFO:tenpy.tools.params:MixedHofstadterLandauGauge_Pi_2: setting 'N_rings'=2
INFO:tenpy.tools.params:MixedHofstadterLandauGauge_Pi_2: reading 'xy_lattice'='Square'
INFO:tenpy.tools.params:MixedHofstadterLandauGauge_Pi_2: reading 'Ly'=3
INFO:tenpy.tools.params:MixedHofstadterLandauGauge_Pi_2: reading 'ring_order'=None
INFO:tenpy.tools.params:MixedHofstadterLandauGauge_Pi_2: reading 'conserve_k'=True
INFO:tenpy.tools.params:MixedHofstadterLandauGauge_Pi_2: reading 'bc_MPS'='infinite'
INFO:tenpy.tools.params:MixedHofstadterLandauGauge_Pi_2: reading 't'=-1
INFO:tenpy.tools.params:MixedHofstadterLandauGauge_Pi_2: reading 't2'=-0.25
INFO:tenpy.tools.params:MixedHofstadterLandauGauge_Pi_2: reading 'V1'=0.6
INFO:tenpy.tools.params:MixedHofstadterLandauGauge_Pi_2: reading 'phi_ext'=np.float64(1.6)
INFO:tenpy.tools.params:MixedHofstadterLandauGauge_Pi_2: reading 'sort_mpo_legs'=False
/home/t30/kna/ge54yin/Documents/MasterThesisFQHinTMDs/MPS_stuff/MPScalculations/.venv/lib/python3.12/site-packages/tenpy/tools/params.py:232: UserWarning: unused options for config MixedHofstadterLandauGauge_Pi_2:
['Delta', 'N_rings', 'Nsec', 'bc', 'chi_max', 'ktot', 'saveAll']
  warnings.warn(msg.format(keys=sorted(unused), name=self.name))
INFO:tenpy.tools.params:DMRG: reading 'active_sites'=2
INFO:tenpy.tools.params:DMRG: reading 'diag_method'='default'
INFO:tenpy.tools.params:DMRG: subconfig 'trunc_params'=Config(<5 options>, 'trunc_params')
INFO:tenpy.tools.params:DMRG: reading 'max_N_sites_per_ring'=18
INFO:tenpy.tools.params:DMRG: reading 'combine'=False
INFO:tenpy.tools.params:DMRG: subconfig 'lanczos_params'=Config(<9 options>, 'lanczos_params')
INFO:tenpy.tools.params:DMRG: reading 'chi_list'=None
INFO:tenpy.tools.params:DMRG: reading 'start_env'=1
INFO:tenpy.algorithms.mps_common:start environment_sweep
INFO:tenpy.tools.params:DMRG: reading 'N_sweeps_check'=10
INFO:tenpy.tools.params:DMRG: subconfig 'mixer_params'=Config(<3 options>, 'mixer_params')
INFO:tenpy.tools.params:DMRG: reading 'mixer'=None
INFO:tenpy.tools.params:DMRG: reading 'max_sweeps'=100
INFO:tenpy.tools.params:DMRG: reading 'max_hours'=8760
INFO:tenpy.tools.params:DMRG: reading 'P_tol_to_trunc'=0.05
INFO:tenpy.tools.params:DMRG: reading 'P_tol_min'=5.0000000000000004e-30
INFO:tenpy.tools.params:DMRG: reading 'P_tol_max'=0.0001
INFO:tenpy.tools.params:DMRG: reading 'E_tol_to_trunc'=None
INFO:tenpy.algorithms.dmrg:Running sweep with optimization
INFO:tenpy.tools.params:DMRG: reading 'max_N_for_ED'=400
INFO:tenpy.tools.params:DMRG: reading 'update_env'=5
INFO:tenpy.algorithms.mps_common:start environment_sweep
INFO:tenpy.algorithms.dmrg:checkpoint after sweep 10
energy=0.1519015435138324, max S=1.1942506253917959, age=198, norm_err=6.3e-02
Current memory usage 217.6MB, wall time: 75.6s
Delta E = nan, Delta S = 1.7905e-02 (per sweep)
max trunc_err = 2.0757e-08, max E_trunc = -1.7431e-08
chi: [256, 256, 256, 256, 256, 256]
================================================================================
INFO:tenpy.algorithms.dmrg:Running sweep with optimization
INFO:tenpy.algorithms.mps_common:start environment_sweep
INFO:tenpy.algorithms.dmrg:checkpoint after sweep 20
energy=-0.6651756844860822, max S=2.4197394440931275, age=378, norm_err=1.2e-02
Current memory usage 217.6MB, wall time: 76.7s
Delta E = -8.1708e-02, Delta S = 1.0899e-01 (per sweep)
max trunc_err = 1.5836e-07, max E_trunc = -1.1987e-07
chi: [256, 256, 256, 256, 256, 256]
================================================================================
INFO:tenpy.tools.params:DMRG: reading 'max_E_err'=1e-08
INFO:tenpy.tools.params:DMRG: reading 'max_S_err'=1e-05
INFO:tenpy.algorithms.dmrg:Running sweep with optimization
INFO:tenpy.algorithms.mps_common:start environment_sweep
INFO:tenpy.algorithms.dmrg:checkpoint after sweep 30
energy=0.2988955641934960, max S=1.3875648432539653, age=558, norm_err=6.6e-03
Current memory usage 217.6MB, wall time: 76.6s
Delta E = 9.6407e-02, Delta S = -9.1062e-02 (per sweep)
max trunc_err = 2.6103e-08, max E_trunc = -4.7010e-09
chi: [256, 256, 256, 256, 256, 256]
================================================================================
INFO:tenpy.algorithms.dmrg:Running sweep with optimization
INFO:tenpy.algorithms.mps_common:start environment_sweep
INFO:tenpy.algorithms.dmrg:checkpoint after sweep 40
energy=0.0903894767026827, max S=1.9651922925046816, age=738, norm_err=3.8e-02
Current memory usage 217.6MB, wall time: 77.3s
Delta E = -2.0851e-02, Delta S = 4.9173e-02 (per sweep)
max trunc_err = 2.8316e-08, max E_trunc = -1.9116e-08
chi: [256, 256, 256, 256, 256, 256]
================================================================================
INFO:tenpy.algorithms.dmrg:Running sweep with optimization
INFO:tenpy.algorithms.mps_common:start environment_sweep
INFO:tenpy.algorithms.dmrg:checkpoint after sweep 50
energy=-0.7039904432468612, max S=1.2172104591322586, age=918, norm_err=4.0e-06
Current memory usage 217.6MB, wall time: 75.3s
Delta E = -7.9438e-02, Delta S = -8.2157e-02 (per sweep)
max trunc_err = 1.0229e-07, max E_trunc = -1.0233e-09
chi: [256, 256, 256, 256, 256, 256]
================================================================================
INFO:tenpy.algorithms.dmrg:Running sweep with optimization
INFO:tenpy.algorithms.mps_common:start environment_sweep
INFO:tenpy.algorithms.dmrg:checkpoint after sweep 60
energy=0.2837462472781548, max S=2.1304586690547564, age=1098, norm_err=6.0e-02
Current memory usage 217.6MB, wall time: 75.5s
Delta E = 9.8774e-02, Delta S = 1.0376e-01 (per sweep)
max trunc_err = 3.8049e-08, max E_trunc = -3.7869e-08
chi: [256, 256, 256, 256, 256, 256]
================================================================================
INFO:tenpy.algorithms.dmrg:Running sweep with optimization
INFO:tenpy.algorithms.mps_common:start environment_sweep
INFO:tenpy.algorithms.dmrg:checkpoint after sweep 70
energy=0.5521678154572669, max S=1.2001527612833285, age=1278, norm_err=9.6e-02
Current memory usage 217.6MB, wall time: 75.6s
Delta E = 2.6842e-02, Delta S = -8.7529e-02 (per sweep)
max trunc_err = 7.7091e-08, max E_trunc = 3.4155e-08
chi: [256, 256, 256, 256, 256, 256]
================================================================================
INFO:tenpy.algorithms.dmrg:Running sweep with optimization
INFO:tenpy.algorithms.mps_common:start environment_sweep
INFO:tenpy.algorithms.dmrg:checkpoint after sweep 80
energy=0.2136909755714100, max S=1.3078041502498952, age=1458, norm_err=3.0e-02
Current memory usage 217.6MB, wall time: 74.1s
Delta E = -3.3848e-02, Delta S = -5.8742e-03 (per sweep)
max trunc_err = 4.5296e-08, max E_trunc = -1.1029e-08
chi: [256, 256, 256, 256, 256, 256]
================================================================================
INFO:tenpy.algorithms.dmrg:Running sweep with optimization
INFO:tenpy.algorithms.mps_common:start environment_sweep
INFO:tenpy.algorithms.dmrg:checkpoint after sweep 90
energy=0.1645315921712154, max S=2.1149784375783023, age=1638, norm_err=2.1e-02
Current memory usage 217.6MB, wall time: 73.1s
Delta E = -4.9159e-03, Delta S = 7.4565e-02 (per sweep)
max trunc_err = 3.8881e-07, max E_trunc = -8.8732e-08
chi: [256, 256, 256, 256, 256, 256]
================================================================================
INFO:tenpy.algorithms.dmrg:Running sweep with optimization
INFO:tenpy.algorithms.mps_common:start environment_sweep
INFO:tenpy.algorithms.dmrg:checkpoint after sweep 100
energy=0.5828362588064616, max S=1.5583454913650752, age=1818, norm_err=4.5e-02
Current memory usage 217.6MB, wall time: 76.4s
Delta E = 4.1830e-02, Delta S = -3.1042e-02 (per sweep)
max trunc_err = 5.0546e-08, max E_trunc = 3.4129e-10
chi: [256, 256, 256, 256, 256, 256]
================================================================================
INFO:tenpy.algorithms.dmrg:Running sweep with optimization
INFO:tenpy.algorithms.mps_common:start environment_sweep
INFO:tenpy.algorithms.dmrg:checkpoint after sweep 110
energy=0.4231322529593058, max S=1.4243956907709401, age=1998, norm_err=1.1e-01
Current memory usage 217.6MB, wall time: 77.0s
Delta E = -1.5970e-02, Delta S = -1.9302e-02 (per sweep)
max trunc_err = 3.5714e-08, max E_trunc = 1.0380e-09
chi: [256, 256, 256, 256, 256, 256]
================================================================================
INFO:tenpy.algorithms.mps_common:TwoSiteDMRGEngine: Maximum number of sweeps reached
INFO:tenpy.tools.params:DMRG: reading 'norm_tol'=1e-05
INFO:tenpy.tools.params:DMRG: reading 'norm_tol_final'=1e-10
INFO:tenpy.tools.params:DMRG: reading 'norm_tol_iter'=5
WARNING:tenpy.algorithms.dmrg:final DMRG state not in canonical form up to norm_tol=1.00e-05: norm_err=1.06e-01
INFO:tenpy.algorithms.mps_common:start environment_sweep
INFO:tenpy.algorithms.mps_common:start environment_sweep
INFO:tenpy.algorithms.mps_common:start environment_sweep
INFO:tenpy.algorithms.mps_common:start environment_sweep
WARNING:tenpy.algorithms.dmrg:final DMRG state not in canonical form up to norm_tol_final=1.00e-10: norm_err=5.58e-06, calling psi.canonical_form()
INFO:tenpy.algorithms.dmrg:TwoSiteDMRGEngine finished after 110 sweeps, max chi=253
INFO:tenpy.tools.params:DMRG: reading 'max_trunc_err'=0.0001
INFO:tenpy.tools.params:MixedHofstadterLandauGauge_Pi_2: reading 'explicit_plus_hc'=False
INFO:tenpy.tools.params:MixedHofstadterLandauGauge_Pi_2: reading 'Lx'=2
INFO:tenpy.tools.params:MixedHofstadterLandauGauge_Pi_2: setting 'N_rings'=2
INFO:tenpy.tools.params:MixedHofstadterLandauGauge_Pi_2: reading 'xy_lattice'='Square'
INFO:tenpy.tools.params:MixedHofstadterLandauGauge_Pi_2: reading 'Ly'=3
INFO:tenpy.tools.params:MixedHofstadterLandauGauge_Pi_2: reading 'ring_order'=None
INFO:tenpy.tools.params:MixedHofstadterLandauGauge_Pi_2: reading 'conserve_k'=True
INFO:tenpy.tools.params:MixedHofstadterLandauGauge_Pi_2: reading 'bc_MPS'='infinite'
INFO:tenpy.tools.params:MixedHofstadterLandauGauge_Pi_2: reading 't'=-1
INFO:tenpy.tools.params:MixedHofstadterLandauGauge_Pi_2: reading 't2'=-0.25
INFO:tenpy.tools.params:MixedHofstadterLandauGauge_Pi_2: reading 'V1'=0.6
INFO:tenpy.tools.params:MixedHofstadterLandauGauge_Pi_2: reading 'phi_ext'=np.float64(1.6500000000000001)
INFO:tenpy.tools.params:MixedHofstadterLandauGauge_Pi_2: reading 'sort_mpo_legs'=False
/home/t30/kna/ge54yin/Documents/MasterThesisFQHinTMDs/MPS_stuff/MPScalculations/.venv/lib/python3.12/site-packages/tenpy/tools/params.py:232: UserWarning: unused options for config MixedHofstadterLandauGauge_Pi_2:
['Delta', 'N_rings', 'Nsec', 'bc', 'chi_max', 'ktot', 'saveAll']
  warnings.warn(msg.format(keys=sorted(unused), name=self.name))
INFO:tenpy.tools.params:DMRG: reading 'active_sites'=2
INFO:tenpy.tools.params:DMRG: reading 'diag_method'='default'
INFO:tenpy.tools.params:DMRG: subconfig 'trunc_params'=Config(<5 options>, 'trunc_params')
INFO:tenpy.tools.params:DMRG: reading 'max_N_sites_per_ring'=18
INFO:tenpy.tools.params:DMRG: reading 'combine'=False
INFO:tenpy.tools.params:DMRG: subconfig 'lanczos_params'=Config(<9 options>, 'lanczos_params')
INFO:tenpy.tools.params:DMRG: reading 'chi_list'=None
INFO:tenpy.tools.params:DMRG: reading 'start_env'=1
INFO:tenpy.algorithms.mps_common:start environment_sweep
INFO:tenpy.tools.params:DMRG: reading 'N_sweeps_check'=10
INFO:tenpy.tools.params:DMRG: subconfig 'mixer_params'=Config(<3 options>, 'mixer_params')
INFO:tenpy.tools.params:DMRG: reading 'mixer'=None
INFO:tenpy.tools.params:DMRG: reading 'max_sweeps'=100
INFO:tenpy.tools.params:DMRG: reading 'max_hours'=8760
INFO:tenpy.tools.params:DMRG: reading 'P_tol_to_trunc'=0.05
INFO:tenpy.tools.params:DMRG: reading 'P_tol_min'=5.0000000000000004e-30
INFO:tenpy.tools.params:DMRG: reading 'P_tol_max'=0.0001
INFO:tenpy.tools.params:DMRG: reading 'E_tol_to_trunc'=None
INFO:tenpy.algorithms.dmrg:Running sweep with optimization
INFO:tenpy.tools.params:DMRG: reading 'max_N_for_ED'=400
INFO:tenpy.tools.params:DMRG: reading 'update_env'=5
INFO:tenpy.algorithms.mps_common:start environment_sweep
INFO:tenpy.algorithms.dmrg:checkpoint after sweep 10
energy=0.1060110710691238, max S=0.6478188893660046, age=198, norm_err=4.3e-06
Current memory usage 217.6MB, wall time: 75.8s
Delta E = nan, Delta S = -9.2089e-02 (per sweep)
max trunc_err = 3.2643e-08, max E_trunc = 3.8741e-08
chi: [256, 256, 256, 256, 256, 256]
================================================================================
INFO:tenpy.algorithms.dmrg:Running sweep with optimization
INFO:tenpy.algorithms.mps_common:start environment_sweep
INFO:tenpy.algorithms.dmrg:checkpoint after sweep 20
energy=0.8163961956648246, max S=0.3358966030682352, age=378, norm_err=1.7e-02
Current memory usage 217.6MB, wall time: 73.3s
Delta E = 7.1039e-02, Delta S = -1.1490e-02 (per sweep)
max trunc_err = 9.5096e-08, max E_trunc = 1.9182e-10
chi: [256, 256, 256, 256, 256, 256]
================================================================================
INFO:tenpy.tools.params:DMRG: reading 'max_E_err'=1e-08
INFO:tenpy.tools.params:DMRG: reading 'max_S_err'=1e-05
INFO:tenpy.algorithms.dmrg:Running sweep with optimization
INFO:tenpy.algorithms.mps_common:start environment_sweep
INFO:tenpy.algorithms.dmrg:checkpoint after sweep 30
energy=0.6040879015511346, max S=0.2267055508654980, age=558, norm_err=7.2e-05
Current memory usage 217.6MB, wall time: 75.4s
Delta E = -2.1231e-02, Delta S = -9.3627e-03 (per sweep)
max trunc_err = 2.3110e-08, max E_trunc = 1.0021e-08
chi: [256, 256, 256, 256, 256, 256]
================================================================================
INFO:tenpy.algorithms.dmrg:Running sweep with optimization
INFO:tenpy.algorithms.mps_common:start environment_sweep
INFO:tenpy.algorithms.dmrg:checkpoint after sweep 40
energy=0.1324634561208313, max S=1.3563453758199735, age=738, norm_err=1.4e-02
Current memory usage 217.6MB, wall time: 72.9s
Delta E = -4.7162e-02, Delta S = 8.8976e-02 (per sweep)
max trunc_err = 4.5919e-08, max E_trunc = 8.1616e-10
chi: [256, 252, 256, 256, 256, 256]
================================================================================
INFO:tenpy.algorithms.dmrg:Running sweep with optimization
INFO:tenpy.algorithms.mps_common:start environment_sweep
INFO:tenpy.algorithms.dmrg:checkpoint after sweep 50
energy=0.3079491363075419, max S=1.2526758269345091, age=918, norm_err=1.4e-02
Current memory usage 217.6MB, wall time: 75.6s
Delta E = 1.7549e-02, Delta S = -1.7596e-02 (per sweep)
max trunc_err = 1.8055e-08, max E_trunc = -3.0822e-09
chi: [256, 256, 256, 256, 256, 256]
================================================================================
INFO:tenpy.algorithms.dmrg:Running sweep with optimization
INFO:tenpy.algorithms.mps_common:start environment_sweep
INFO:tenpy.algorithms.dmrg:checkpoint after sweep 60
energy=0.5566436330677126, max S=0.4891738937364378, age=1098, norm_err=7.3e-05
Current memory usage 217.6MB, wall time: 73.3s
Delta E = 2.4869e-02, Delta S = -5.8535e-02 (per sweep)
max trunc_err = 1.1146e-07, max E_trunc = 9.2710e-09
chi: [256, 253, 256, 256, 256, 256]
================================================================================
INFO:tenpy.algorithms.dmrg:Running sweep with optimization
INFO:tenpy.algorithms.mps_common:start environment_sweep
INFO:tenpy.algorithms.dmrg:checkpoint after sweep 70
energy=1.2982999161308157, max S=1.7911614779941805, age=1278, norm_err=1.0e-01
Current memory usage 217.6MB, wall time: 72.6s
Delta E = 7.4166e-02, Delta S = 1.2661e-01 (per sweep)
max trunc_err = 3.0200e-08, max E_trunc = -2.2999e-10
chi: [256, 256, 256, 256, 256, 256]
================================================================================
INFO:tenpy.algorithms.dmrg:Running sweep with optimization
INFO:tenpy.algorithms.mps_common:start environment_sweep
INFO:tenpy.algorithms.dmrg:checkpoint after sweep 80
energy=0.4855562932246282, max S=1.0926760048318580, age=1458, norm_err=4.7e-03
Current memory usage 217.6MB, wall time: 72.8s
Delta E = -8.1274e-02, Delta S = -7.8806e-02 (per sweep)
max trunc_err = 1.3939e-07, max E_trunc = 1.9959e-09
chi: [256, 251, 256, 256, 256, 256]
================================================================================
INFO:tenpy.algorithms.dmrg:Running sweep with optimization
INFO:tenpy.algorithms.mps_common:start environment_sweep
INFO:tenpy.algorithms.dmrg:checkpoint after sweep 90
energy=0.2961872651506023, max S=0.8137374759016198, age=1638, norm_err=5.0e-01
Current memory usage 217.6MB, wall time: 75.1s
Delta E = -1.8937e-02, Delta S = -1.0608e-02 (per sweep)
max trunc_err = 5.4694e-08, max E_trunc = 5.1500e-10
chi: [256, 256, 256, 256, 256, 256]
================================================================================
INFO:tenpy.algorithms.dmrg:Running sweep with optimization
INFO:tenpy.algorithms.mps_common:start environment_sweep
INFO:tenpy.algorithms.dmrg:checkpoint after sweep 100
energy=1.3498023881240140, max S=2.5839661358107930, age=1818, norm_err=1.1e-01
Current memory usage 217.6MB, wall time: 75.5s
Delta E = 1.0536e-01, Delta S = 1.7461e-01 (per sweep)
max trunc_err = 1.3951e-07, max E_trunc = 8.3742e-10
chi: [256, 256, 256, 256, 256, 256]
================================================================================
INFO:tenpy.algorithms.dmrg:Running sweep with optimization
INFO:tenpy.algorithms.mps_common:start environment_sweep
INFO:tenpy.algorithms.dmrg:checkpoint after sweep 110
energy=1.7566130114288967, max S=2.4351941989158545, age=1998, norm_err=2.4e-01
Current memory usage 217.6MB, wall time: 75.5s
Delta E = 4.0681e-02, Delta S = -8.9637e-03 (per sweep)
max trunc_err = 3.2723e-08, max E_trunc = 1.7560e-09
chi: [256, 256, 256, 256, 256, 256]
================================================================================
INFO:tenpy.algorithms.mps_common:TwoSiteDMRGEngine: Maximum number of sweeps reached
INFO:tenpy.tools.params:DMRG: reading 'norm_tol'=1e-05
INFO:tenpy.tools.params:DMRG: reading 'norm_tol_final'=1e-10
INFO:tenpy.tools.params:DMRG: reading 'norm_tol_iter'=5
WARNING:tenpy.algorithms.dmrg:final DMRG state not in canonical form up to norm_tol=1.00e-05: norm_err=2.38e-01
INFO:tenpy.algorithms.mps_common:start environment_sweep
INFO:tenpy.algorithms.mps_common:start environment_sweep
INFO:tenpy.algorithms.mps_common:start environment_sweep
INFO:tenpy.algorithms.mps_common:start environment_sweep
WARNING:tenpy.algorithms.dmrg:final DMRG state not in canonical form up to norm_tol_final=1.00e-10: norm_err=3.26e-06, calling psi.canonical_form()
INFO:tenpy.algorithms.dmrg:TwoSiteDMRGEngine finished after 110 sweeps, max chi=256
INFO:tenpy.tools.params:DMRG: reading 'max_trunc_err'=0.0001
INFO:tenpy.tools.params:MixedHofstadterLandauGauge_Pi_2: reading 'explicit_plus_hc'=False
INFO:tenpy.tools.params:MixedHofstadterLandauGauge_Pi_2: reading 'Lx'=2
INFO:tenpy.tools.params:MixedHofstadterLandauGauge_Pi_2: setting 'N_rings'=2
INFO:tenpy.tools.params:MixedHofstadterLandauGauge_Pi_2: reading 'xy_lattice'='Square'
INFO:tenpy.tools.params:MixedHofstadterLandauGauge_Pi_2: reading 'Ly'=3
INFO:tenpy.tools.params:MixedHofstadterLandauGauge_Pi_2: reading 'ring_order'=None
INFO:tenpy.tools.params:MixedHofstadterLandauGauge_Pi_2: reading 'conserve_k'=True
INFO:tenpy.tools.params:MixedHofstadterLandauGauge_Pi_2: reading 'bc_MPS'='infinite'
INFO:tenpy.tools.params:MixedHofstadterLandauGauge_Pi_2: reading 't'=-1
INFO:tenpy.tools.params:MixedHofstadterLandauGauge_Pi_2: reading 't2'=-0.25
INFO:tenpy.tools.params:MixedHofstadterLandauGauge_Pi_2: reading 'V1'=0.6
INFO:tenpy.tools.params:MixedHofstadterLandauGauge_Pi_2: reading 'phi_ext'=np.float64(1.7000000000000002)
INFO:tenpy.tools.params:MixedHofstadterLandauGauge_Pi_2: reading 'sort_mpo_legs'=False
/home/t30/kna/ge54yin/Documents/MasterThesisFQHinTMDs/MPS_stuff/MPScalculations/.venv/lib/python3.12/site-packages/tenpy/tools/params.py:232: UserWarning: unused options for config MixedHofstadterLandauGauge_Pi_2:
['Delta', 'N_rings', 'Nsec', 'bc', 'chi_max', 'ktot', 'saveAll']
  warnings.warn(msg.format(keys=sorted(unused), name=self.name))
INFO:tenpy.tools.params:DMRG: reading 'active_sites'=2
INFO:tenpy.tools.params:DMRG: reading 'diag_method'='default'
INFO:tenpy.tools.params:DMRG: subconfig 'trunc_params'=Config(<5 options>, 'trunc_params')
INFO:tenpy.tools.params:DMRG: reading 'max_N_sites_per_ring'=18
INFO:tenpy.tools.params:DMRG: reading 'combine'=False
INFO:tenpy.tools.params:DMRG: subconfig 'lanczos_params'=Config(<9 options>, 'lanczos_params')
INFO:tenpy.tools.params:DMRG: reading 'chi_list'=None
INFO:tenpy.tools.params:DMRG: reading 'start_env'=1
INFO:tenpy.algorithms.mps_common:start environment_sweep
INFO:tenpy.tools.params:DMRG: reading 'N_sweeps_check'=10
INFO:tenpy.tools.params:DMRG: subconfig 'mixer_params'=Config(<3 options>, 'mixer_params')
INFO:tenpy.tools.params:DMRG: reading 'mixer'=None
INFO:tenpy.tools.params:DMRG: reading 'max_sweeps'=100
INFO:tenpy.tools.params:DMRG: reading 'max_hours'=8760
INFO:tenpy.tools.params:DMRG: reading 'P_tol_to_trunc'=0.05
INFO:tenpy.tools.params:DMRG: reading 'P_tol_min'=5.0000000000000004e-30
INFO:tenpy.tools.params:DMRG: reading 'P_tol_max'=0.0001
INFO:tenpy.tools.params:DMRG: reading 'E_tol_to_trunc'=None
INFO:tenpy.algorithms.dmrg:Running sweep with optimization
INFO:tenpy.tools.params:DMRG: reading 'max_N_for_ED'=400
INFO:tenpy.tools.params:DMRG: reading 'update_env'=5
INFO:tenpy.algorithms.mps_common:start environment_sweep
INFO:tenpy.algorithms.dmrg:checkpoint after sweep 10
energy=0.4074601942152884, max S=1.2883635273472964, age=198, norm_err=2.9e-02
Current memory usage 217.6MB, wall time: 73.3s
Delta E = nan, Delta S = -1.3129e-02 (per sweep)
max trunc_err = 8.5754e-08, max E_trunc = 1.0165e-09
chi: [256, 254, 256, 256, 256, 256]
================================================================================
INFO:tenpy.algorithms.dmrg:Running sweep with optimization
INFO:tenpy.algorithms.mps_common:start environment_sweep
INFO:tenpy.algorithms.dmrg:checkpoint after sweep 20
energy=0.2432900804868297, max S=0.4637748249306861, age=378, norm_err=1.6e-03
Current memory usage 217.6MB, wall time: 76.0s
Delta E = -1.6417e-02, Delta S = -6.4942e-02 (per sweep)
max trunc_err = 1.3122e-07, max E_trunc = 5.9714e-10
chi: [256, 250, 256, 256, 256, 256]
================================================================================
INFO:tenpy.tools.params:DMRG: reading 'max_E_err'=1e-08
INFO:tenpy.tools.params:DMRG: reading 'max_S_err'=1e-05
INFO:tenpy.algorithms.dmrg:Running sweep with optimization
INFO:tenpy.algorithms.mps_common:start environment_sweep
INFO:tenpy.algorithms.dmrg:checkpoint after sweep 30
energy=0.3228658693137258, max S=0.9936328642354398, age=558, norm_err=6.5e-04
Current memory usage 217.6MB, wall time: 74.4s
Delta E = 7.9576e-03, Delta S = 2.5852e-02 (per sweep)
max trunc_err = 1.0639e-07, max E_trunc = 1.7840e-09
chi: [256, 255, 256, 256, 256, 256]
================================================================================
INFO:tenpy.algorithms.dmrg:Running sweep with optimization
INFO:tenpy.algorithms.mps_common:start environment_sweep
INFO:tenpy.algorithms.dmrg:checkpoint after sweep 40
energy=0.2801809999412181, max S=1.8207410893711371, age=738, norm_err=1.2e-01
Current memory usage 217.6MB, wall time: 72.6s
Delta E = -4.2685e-03, Delta S = 9.7894e-02 (per sweep)
max trunc_err = 2.9651e-08, max E_trunc = -9.8255e-09
chi: [256, 256, 256, 256, 256, 256]
================================================================================
INFO:tenpy.algorithms.dmrg:Running sweep with optimization
INFO:tenpy.algorithms.mps_common:start environment_sweep
INFO:tenpy.algorithms.dmrg:checkpoint after sweep 50
energy=0.1323250831241296, max S=1.2121312707057803, age=918, norm_err=1.6e-02
Current memory usage 217.6MB, wall time: 74.9s
Delta E = -1.4786e-02, Delta S = -5.4093e-02 (per sweep)
max trunc_err = 1.8877e-08, max E_trunc = 5.9276e-10
chi: [256, 256, 256, 256, 256, 256]
================================================================================
INFO:tenpy.algorithms.dmrg:Running sweep with optimization
INFO:tenpy.algorithms.mps_common:start environment_sweep
INFO:tenpy.algorithms.dmrg:checkpoint after sweep 60
energy=0.0020310039431687, max S=2.5110591743614732, age=1098, norm_err=2.5e-01
Current memory usage 217.6MB, wall time: 75.1s
Delta E = -1.3029e-02, Delta S = 1.1741e-01 (per sweep)
max trunc_err = 3.8921e-08, max E_trunc = 9.4008e-10
chi: [256, 255, 256, 256, 256, 256]
================================================================================
INFO:tenpy.algorithms.dmrg:Running sweep with optimization
INFO:tenpy.algorithms.mps_common:start environment_sweep
INFO:tenpy.algorithms.dmrg:checkpoint after sweep 70
energy=-0.7096271578989501, max S=2.2860475340683015, age=1278, norm_err=1.6e-01
Current memory usage 217.6MB, wall time: 75.6s
Delta E = -7.1166e-02, Delta S = -2.1573e-02 (per sweep)
max trunc_err = 5.1544e-08, max E_trunc = 1.5016e-08
chi: [256, 256, 256, 256, 256, 256]
================================================================================
INFO:tenpy.algorithms.dmrg:Running sweep with optimization
INFO:tenpy.algorithms.mps_common:start environment_sweep
INFO:tenpy.algorithms.dmrg:checkpoint after sweep 80
energy=-0.5754527290245903, max S=2.4900005842768564, age=1458, norm_err=1.2e-01
Current memory usage 217.6MB, wall time: 76.1s
Delta E = 1.3417e-02, Delta S = 1.4928e-02 (per sweep)
max trunc_err = 2.7449e-08, max E_trunc = 6.5413e-08
chi: [256, 256, 256, 256, 256, 256]
================================================================================
INFO:tenpy.algorithms.dmrg:Running sweep with optimization
INFO:tenpy.algorithms.mps_common:start environment_sweep
INFO:tenpy.algorithms.dmrg:checkpoint after sweep 90
energy=0.8801575040718982, max S=0.7422250958729922, age=1638, norm_err=1.8e-05
Current memory usage 217.6MB, wall time: 77.3s
Delta E = 1.4556e-01, Delta S = -1.7268e-01 (per sweep)
max trunc_err = 3.6757e-08, max E_trunc = 2.1012e-08
chi: [256, 256, 256, 256, 256, 256]
================================================================================
INFO:tenpy.algorithms.dmrg:Running sweep with optimization
INFO:tenpy.algorithms.mps_common:start environment_sweep
INFO:tenpy.algorithms.dmrg:checkpoint after sweep 100
energy=0.4002768268748393, max S=0.8723632731216893, age=1818, norm_err=2.0e-03
Current memory usage 217.6MB, wall time: 77.3s
Delta E = -4.7988e-02, Delta S = 1.7306e-02 (per sweep)
max trunc_err = 3.8148e-08, max E_trunc = 1.4882e-08
chi: [256, 256, 256, 256, 256, 256]
================================================================================
INFO:tenpy.algorithms.dmrg:Running sweep with optimization
INFO:tenpy.algorithms.mps_common:start environment_sweep
INFO:tenpy.algorithms.dmrg:checkpoint after sweep 110
energy=0.0286429456471448, max S=2.4475565265892461, age=1998, norm_err=2.4e-01
Current memory usage 217.6MB, wall time: 75.8s
Delta E = -3.7163e-02, Delta S = 1.6055e-01 (per sweep)
max trunc_err = 3.8095e-08, max E_trunc = 8.0374e-09
chi: [256, 256, 256, 256, 256, 256]
================================================================================
INFO:tenpy.algorithms.mps_common:TwoSiteDMRGEngine: Maximum number of sweeps reached
INFO:tenpy.tools.params:DMRG: reading 'norm_tol'=1e-05
INFO:tenpy.tools.params:DMRG: reading 'norm_tol_final'=1e-10
INFO:tenpy.tools.params:DMRG: reading 'norm_tol_iter'=5
WARNING:tenpy.algorithms.dmrg:final DMRG state not in canonical form up to norm_tol=1.00e-05: norm_err=2.37e-01
INFO:tenpy.algorithms.mps_common:start environment_sweep
INFO:tenpy.algorithms.mps_common:start environment_sweep
INFO:tenpy.algorithms.mps_common:start environment_sweep
INFO:tenpy.algorithms.mps_common:start environment_sweep
INFO:tenpy.algorithms.mps_common:start environment_sweep
WARNING:tenpy.algorithms.dmrg:norm_err=3.85e-05 still too high after environment_sweeps
WARNING:tenpy.algorithms.dmrg:final DMRG state not in canonical form up to norm_tol_final=1.00e-10: norm_err=3.85e-05, calling psi.canonical_form()
INFO:tenpy.algorithms.dmrg:TwoSiteDMRGEngine finished after 110 sweeps, max chi=256
INFO:tenpy.tools.params:DMRG: reading 'max_trunc_err'=0.0001
INFO:tenpy.tools.params:MixedHofstadterLandauGauge_Pi_2: reading 'explicit_plus_hc'=False
INFO:tenpy.tools.params:MixedHofstadterLandauGauge_Pi_2: reading 'Lx'=2
INFO:tenpy.tools.params:MixedHofstadterLandauGauge_Pi_2: setting 'N_rings'=2
INFO:tenpy.tools.params:MixedHofstadterLandauGauge_Pi_2: reading 'xy_lattice'='Square'
INFO:tenpy.tools.params:MixedHofstadterLandauGauge_Pi_2: reading 'Ly'=3
INFO:tenpy.tools.params:MixedHofstadterLandauGauge_Pi_2: reading 'ring_order'=None
INFO:tenpy.tools.params:MixedHofstadterLandauGauge_Pi_2: reading 'conserve_k'=True
INFO:tenpy.tools.params:MixedHofstadterLandauGauge_Pi_2: reading 'bc_MPS'='infinite'
INFO:tenpy.tools.params:MixedHofstadterLandauGauge_Pi_2: reading 't'=-1
INFO:tenpy.tools.params:MixedHofstadterLandauGauge_Pi_2: reading 't2'=-0.25
INFO:tenpy.tools.params:MixedHofstadterLandauGauge_Pi_2: reading 'V1'=0.6
INFO:tenpy.tools.params:MixedHofstadterLandauGauge_Pi_2: reading 'phi_ext'=np.float64(1.75)
INFO:tenpy.tools.params:MixedHofstadterLandauGauge_Pi_2: reading 'sort_mpo_legs'=False
/home/t30/kna/ge54yin/Documents/MasterThesisFQHinTMDs/MPS_stuff/MPScalculations/.venv/lib/python3.12/site-packages/tenpy/tools/params.py:232: UserWarning: unused options for config MixedHofstadterLandauGauge_Pi_2:
['Delta', 'N_rings', 'Nsec', 'bc', 'chi_max', 'ktot', 'saveAll']
  warnings.warn(msg.format(keys=sorted(unused), name=self.name))
INFO:tenpy.tools.params:DMRG: reading 'active_sites'=2
INFO:tenpy.tools.params:DMRG: reading 'diag_method'='default'
INFO:tenpy.tools.params:DMRG: subconfig 'trunc_params'=Config(<5 options>, 'trunc_params')
INFO:tenpy.tools.params:DMRG: reading 'max_N_sites_per_ring'=18
INFO:tenpy.tools.params:DMRG: reading 'combine'=False
INFO:tenpy.tools.params:DMRG: subconfig 'lanczos_params'=Config(<9 options>, 'lanczos_params')
INFO:tenpy.tools.params:DMRG: reading 'chi_list'=None
INFO:tenpy.tools.params:DMRG: reading 'start_env'=1
INFO:tenpy.algorithms.mps_common:start environment_sweep
INFO:tenpy.tools.params:DMRG: reading 'N_sweeps_check'=10
INFO:tenpy.tools.params:DMRG: subconfig 'mixer_params'=Config(<3 options>, 'mixer_params')
INFO:tenpy.tools.params:DMRG: reading 'mixer'=None
INFO:tenpy.tools.params:DMRG: reading 'max_sweeps'=100
INFO:tenpy.tools.params:DMRG: reading 'max_hours'=8760
INFO:tenpy.tools.params:DMRG: reading 'P_tol_to_trunc'=0.05
INFO:tenpy.tools.params:DMRG: reading 'P_tol_min'=5.0000000000000004e-30
INFO:tenpy.tools.params:DMRG: reading 'P_tol_max'=0.0001
INFO:tenpy.tools.params:DMRG: reading 'E_tol_to_trunc'=None
INFO:tenpy.algorithms.dmrg:Running sweep with optimization
INFO:tenpy.tools.params:DMRG: reading 'max_N_for_ED'=400
INFO:tenpy.tools.params:DMRG: reading 'update_env'=5
INFO:tenpy.algorithms.mps_common:start environment_sweep
INFO:tenpy.algorithms.dmrg:checkpoint after sweep 10
energy=1.7855183777404828, max S=2.4072685754034655, age=198, norm_err=2.8e-01
Current memory usage 217.6MB, wall time: 74.0s
Delta E = nan, Delta S = 1.7069e-01 (per sweep)
max trunc_err = 1.9358e-08, max E_trunc = 1.4353e-09
chi: [256, 256, 256, 256, 256, 256]
================================================================================
INFO:tenpy.algorithms.dmrg:Running sweep with optimization
INFO:tenpy.algorithms.mps_common:start environment_sweep
INFO:tenpy.algorithms.dmrg:checkpoint after sweep 20
energy=0.2793095146569963, max S=1.4658571734850723, age=378, norm_err=1.6e-02
Current memory usage 217.6MB, wall time: 75.0s
Delta E = -1.5062e-01, Delta S = -9.1577e-02 (per sweep)
max trunc_err = 2.2434e-08, max E_trunc = 1.5336e-09
chi: [256, 256, 256, 256, 256, 256]
================================================================================
INFO:tenpy.tools.params:DMRG: reading 'max_E_err'=1e-08
INFO:tenpy.tools.params:DMRG: reading 'max_S_err'=1e-05
INFO:tenpy.algorithms.dmrg:Running sweep with optimization
INFO:tenpy.algorithms.mps_common:start environment_sweep
INFO:tenpy.algorithms.dmrg:checkpoint after sweep 30
energy=0.3565642002723119, max S=0.4260389517453643, age=558, norm_err=1.6e-04
Current memory usage 217.6MB, wall time: 76.7s
Delta E = 7.7255e-03, Delta S = -1.0854e-01 (per sweep)
max trunc_err = 5.5453e-08, max E_trunc = 7.9439e-10
chi: [256, 256, 256, 256, 256, 256]
================================================================================
INFO:tenpy.algorithms.dmrg:Running sweep with optimization
INFO:tenpy.algorithms.mps_common:start environment_sweep
INFO:tenpy.algorithms.dmrg:checkpoint after sweep 40
energy=-0.7006718685678948, max S=2.3913992641635855, age=738, norm_err=1.3e-01
Current memory usage 217.6MB, wall time: 76.3s
Delta E = -1.0572e-01, Delta S = 1.8359e-01 (per sweep)
max trunc_err = 9.3344e-08, max E_trunc = 1.3071e-08
chi: [256, 256, 256, 256, 256, 256]
================================================================================
INFO:tenpy.algorithms.dmrg:Running sweep with optimization
INFO:tenpy.algorithms.mps_common:start environment_sweep
INFO:tenpy.algorithms.dmrg:checkpoint after sweep 50
energy=-0.6936329688877928, max S=2.1623622500260051, age=918, norm_err=3.7e-01
Current memory usage 217.6MB, wall time: 75.9s
Delta E = 7.0389e-04, Delta S = -1.6437e-02 (per sweep)
max trunc_err = 1.2733e-07, max E_trunc = 7.4696e-09
chi: [256, 256, 256, 256, 256, 256]
================================================================================
INFO:tenpy.algorithms.dmrg:Running sweep with optimization
INFO:tenpy.algorithms.mps_common:start environment_sweep
INFO:tenpy.algorithms.dmrg:checkpoint after sweep 60
energy=-0.7027658135962630, max S=2.3203427654436259, age=1098, norm_err=1.8e-01
Current memory usage 217.6MB, wall time: 76.3s
Delta E = -9.1328e-04, Delta S = 1.0661e-02 (per sweep)
max trunc_err = 9.8705e-08, max E_trunc = 8.2025e-10
chi: [256, 256, 256, 256, 256, 256]
================================================================================
INFO:tenpy.algorithms.dmrg:Running sweep with optimization
INFO:tenpy.algorithms.mps_common:start environment_sweep
INFO:tenpy.algorithms.dmrg:checkpoint after sweep 70
energy=-0.7029244929579098, max S=2.1872212252478755, age=1278, norm_err=2.9e-01
Current memory usage 217.6MB, wall time: 76.0s
Delta E = -1.5868e-05, Delta S = -8.2063e-03 (per sweep)
max trunc_err = 4.7853e-08, max E_trunc = 1.1534e-08
chi: [256, 256, 256, 256, 256, 256]
================================================================================
INFO:tenpy.algorithms.dmrg:Running sweep with optimization
INFO:tenpy.algorithms.mps_common:start environment_sweep
INFO:tenpy.algorithms.dmrg:checkpoint after sweep 80
energy=-0.6980611818508086, max S=2.1826589277568793, age=1458, norm_err=3.5e-01
Current memory usage 217.6MB, wall time: 76.6s
Delta E = 4.8633e-04, Delta S = -6.3182e-03 (per sweep)
max trunc_err = 1.1572e-07, max E_trunc = 1.2673e-08
chi: [256, 256, 256, 256, 256, 256]
================================================================================
INFO:tenpy.algorithms.dmrg:Running sweep with optimization
INFO:tenpy.algorithms.mps_common:start environment_sweep
INFO:tenpy.algorithms.dmrg:checkpoint after sweep 90
energy=-0.6976231454192620, max S=2.1537083259812828, age=1638, norm_err=3.3e-01
Current memory usage 217.6MB, wall time: 76.6s
Delta E = 4.3804e-05, Delta S = 4.7679e-03 (per sweep)
max trunc_err = 1.2932e-07, max E_trunc = 4.4590e-09
chi: [256, 256, 256, 256, 256, 256]
================================================================================
INFO:tenpy.algorithms.dmrg:Running sweep with optimization
INFO:tenpy.algorithms.mps_common:start environment_sweep
INFO:tenpy.algorithms.dmrg:checkpoint after sweep 100
energy=-0.6935129215694170, max S=2.0619150276662941, age=1818, norm_err=4.1e-01
Current memory usage 217.6MB, wall time: 76.5s
Delta E = 4.1102e-04, Delta S = -6.6336e-03 (per sweep)
max trunc_err = 1.1098e-07, max E_trunc = 1.0321e-08
chi: [256, 256, 256, 256, 256, 256]
================================================================================
INFO:tenpy.algorithms.dmrg:Running sweep with optimization
INFO:tenpy.algorithms.mps_common:start environment_sweep
INFO:tenpy.algorithms.dmrg:checkpoint after sweep 110
energy=-0.6887452499985519, max S=2.1010056557828358, age=1998, norm_err=3.5e-01
Current memory usage 217.6MB, wall time: 76.4s
Delta E = 4.7677e-04, Delta S = 5.3904e-03 (per sweep)
max trunc_err = 1.1792e-07, max E_trunc = 1.5806e-08
chi: [256, 256, 256, 256, 256, 256]
================================================================================
INFO:tenpy.algorithms.mps_common:TwoSiteDMRGEngine: Maximum number of sweeps reached
INFO:tenpy.tools.params:DMRG: reading 'norm_tol'=1e-05
INFO:tenpy.tools.params:DMRG: reading 'norm_tol_final'=1e-10
INFO:tenpy.tools.params:DMRG: reading 'norm_tol_iter'=5
WARNING:tenpy.algorithms.dmrg:final DMRG state not in canonical form up to norm_tol=1.00e-05: norm_err=3.55e-01
INFO:tenpy.algorithms.mps_common:start environment_sweep
INFO:tenpy.algorithms.mps_common:start environment_sweep
INFO:tenpy.algorithms.mps_common:start environment_sweep
INFO:tenpy.algorithms.mps_common:start environment_sweep
INFO:tenpy.algorithms.mps_common:start environment_sweep
WARNING:tenpy.algorithms.dmrg:norm_err=3.07e-03 still too high after environment_sweeps
WARNING:tenpy.algorithms.dmrg:final DMRG state not in canonical form up to norm_tol_final=1.00e-10: norm_err=3.07e-03, calling psi.canonical_form()
INFO:tenpy.algorithms.dmrg:TwoSiteDMRGEngine finished after 110 sweeps, max chi=256
INFO:tenpy.tools.params:DMRG: reading 'max_trunc_err'=0.0001
INFO:tenpy.tools.params:MixedHofstadterLandauGauge_Pi_2: reading 'explicit_plus_hc'=False
INFO:tenpy.tools.params:MixedHofstadterLandauGauge_Pi_2: reading 'Lx'=2
INFO:tenpy.tools.params:MixedHofstadterLandauGauge_Pi_2: setting 'N_rings'=2
INFO:tenpy.tools.params:MixedHofstadterLandauGauge_Pi_2: reading 'xy_lattice'='Square'
INFO:tenpy.tools.params:MixedHofstadterLandauGauge_Pi_2: reading 'Ly'=3
INFO:tenpy.tools.params:MixedHofstadterLandauGauge_Pi_2: reading 'ring_order'=None
INFO:tenpy.tools.params:MixedHofstadterLandauGauge_Pi_2: reading 'conserve_k'=True
INFO:tenpy.tools.params:MixedHofstadterLandauGauge_Pi_2: reading 'bc_MPS'='infinite'
INFO:tenpy.tools.params:MixedHofstadterLandauGauge_Pi_2: reading 't'=-1
INFO:tenpy.tools.params:MixedHofstadterLandauGauge_Pi_2: reading 't2'=-0.25
INFO:tenpy.tools.params:MixedHofstadterLandauGauge_Pi_2: reading 'V1'=0.6
INFO:tenpy.tools.params:MixedHofstadterLandauGauge_Pi_2: reading 'phi_ext'=np.float64(1.8)
INFO:tenpy.tools.params:MixedHofstadterLandauGauge_Pi_2: reading 'sort_mpo_legs'=False
/home/t30/kna/ge54yin/Documents/MasterThesisFQHinTMDs/MPS_stuff/MPScalculations/.venv/lib/python3.12/site-packages/tenpy/tools/params.py:232: UserWarning: unused options for config MixedHofstadterLandauGauge_Pi_2:
['Delta', 'N_rings', 'Nsec', 'bc', 'chi_max', 'ktot', 'saveAll']
  warnings.warn(msg.format(keys=sorted(unused), name=self.name))
INFO:tenpy.tools.params:DMRG: reading 'active_sites'=2
INFO:tenpy.tools.params:DMRG: reading 'diag_method'='default'
INFO:tenpy.tools.params:DMRG: subconfig 'trunc_params'=Config(<5 options>, 'trunc_params')
INFO:tenpy.tools.params:DMRG: reading 'max_N_sites_per_ring'=18
INFO:tenpy.tools.params:DMRG: reading 'combine'=False
INFO:tenpy.tools.params:DMRG: subconfig 'lanczos_params'=Config(<9 options>, 'lanczos_params')
INFO:tenpy.tools.params:DMRG: reading 'chi_list'=None
INFO:tenpy.tools.params:DMRG: reading 'start_env'=1
INFO:tenpy.algorithms.mps_common:start environment_sweep
INFO:tenpy.tools.params:DMRG: reading 'N_sweeps_check'=10
INFO:tenpy.tools.params:DMRG: subconfig 'mixer_params'=Config(<3 options>, 'mixer_params')
INFO:tenpy.tools.params:DMRG: reading 'mixer'=None
INFO:tenpy.tools.params:DMRG: reading 'max_sweeps'=100
INFO:tenpy.tools.params:DMRG: reading 'max_hours'=8760
INFO:tenpy.tools.params:DMRG: reading 'P_tol_to_trunc'=0.05
INFO:tenpy.tools.params:DMRG: reading 'P_tol_min'=5.0000000000000004e-30
INFO:tenpy.tools.params:DMRG: reading 'P_tol_max'=0.0001
INFO:tenpy.tools.params:DMRG: reading 'E_tol_to_trunc'=None
INFO:tenpy.algorithms.dmrg:Running sweep with optimization
INFO:tenpy.tools.params:DMRG: reading 'max_N_for_ED'=400
INFO:tenpy.tools.params:DMRG: reading 'update_env'=5
INFO:tenpy.algorithms.mps_common:start environment_sweep
INFO:tenpy.algorithms.dmrg:checkpoint after sweep 10
energy=1.3447011775730644, max S=2.4883354272918945, age=198, norm_err=7.6e-02
Current memory usage 217.6MB, wall time: 76.1s
Delta E = nan, Delta S = 3.4894e-02 (per sweep)
max trunc_err = 1.1277e-07, max E_trunc = 1.3588e-08
chi: [256, 255, 256, 256, 256, 256]
================================================================================
INFO:tenpy.algorithms.dmrg:Running sweep with optimization
INFO:tenpy.algorithms.mps_common:start environment_sweep
INFO:tenpy.algorithms.dmrg:checkpoint after sweep 20
energy=0.0103366287010213, max S=1.4526617460174658, age=378, norm_err=3.7e-02
Current memory usage 217.6MB, wall time: 77.4s
Delta E = -1.3344e-01, Delta S = -1.1106e-01 (per sweep)
max trunc_err = 6.2370e-08, max E_trunc = 1.3041e-08
chi: [256, 256, 256, 256, 256, 256]
================================================================================
INFO:tenpy.tools.params:DMRG: reading 'max_E_err'=1e-08
INFO:tenpy.tools.params:DMRG: reading 'max_S_err'=1e-05
INFO:tenpy.algorithms.dmrg:Running sweep with optimization
INFO:tenpy.algorithms.mps_common:start environment_sweep
INFO:tenpy.algorithms.dmrg:checkpoint after sweep 30
energy=-0.7084451686700675, max S=2.3770854784193585, age=558, norm_err=9.5e-02
Current memory usage 217.6MB, wall time: 76.5s
Delta E = -7.1878e-02, Delta S = 8.8839e-02 (per sweep)
max trunc_err = 3.6466e-08, max E_trunc = 1.9004e-09
chi: [256, 256, 256, 256, 256, 256]
================================================================================
INFO:tenpy.algorithms.dmrg:Running sweep with optimization
INFO:tenpy.algorithms.mps_common:start environment_sweep
INFO:tenpy.algorithms.dmrg:checkpoint after sweep 40
energy=-0.6596598892228750, max S=2.5076274436194446, age=738, norm_err=6.1e-02
Current memory usage 217.6MB, wall time: 76.7s
Delta E = 4.8785e-03, Delta S = 1.3066e-02 (per sweep)
max trunc_err = 7.9482e-08, max E_trunc = 9.9199e-09
chi: [256, 256, 256, 256, 256, 256]
================================================================================
INFO:tenpy.algorithms.dmrg:Running sweep with optimization
INFO:tenpy.algorithms.mps_common:start environment_sweep
INFO:tenpy.algorithms.dmrg:checkpoint after sweep 50
energy=0.4953307830739391, max S=2.7764749353554214, age=918, norm_err=2.0e-01
Current memory usage 217.6MB, wall time: 75.7s
Delta E = 1.1550e-01, Delta S = 3.6307e-02 (per sweep)
max trunc_err = 7.1042e-08, max E_trunc = 1.1860e-09
chi: [256, 256, 256, 256, 256, 256]
================================================================================
INFO:tenpy.algorithms.dmrg:Running sweep with optimization
INFO:tenpy.algorithms.mps_common:start environment_sweep
INFO:tenpy.algorithms.dmrg:checkpoint after sweep 60
energy=-0.6892274869034622, max S=2.5514188240864537, age=1098, norm_err=3.8e-02
Current memory usage 217.6MB, wall time: 76.1s
Delta E = -1.1846e-01, Delta S = -3.0372e-02 (per sweep)
max trunc_err = 2.1334e-07, max E_trunc = 2.9968e-09
chi: [256, 256, 256, 256, 256, 256]
================================================================================
INFO:tenpy.algorithms.dmrg:Running sweep with optimization
INFO:tenpy.algorithms.mps_common:start environment_sweep
INFO:tenpy.algorithms.dmrg:checkpoint after sweep 70
energy=-0.6491292187430417, max S=2.5867608858240727, age=1278, norm_err=3.8e-02
Current memory usage 217.6MB, wall time: 76.0s
Delta E = 4.0098e-03, Delta S = 4.4031e-03 (per sweep)
max trunc_err = 2.1736e-07, max E_trunc = 4.8757e-09
chi: [256, 255, 256, 255, 256, 256]
================================================================================
INFO:tenpy.algorithms.dmrg:Running sweep with optimization
INFO:tenpy.algorithms.mps_common:start environment_sweep
INFO:tenpy.algorithms.dmrg:checkpoint after sweep 80
energy=0.9462767260236168, max S=1.4413353912599856, age=1458, norm_err=3.1e-01
Current memory usage 217.6MB, wall time: 76.8s
Delta E = 1.5954e-01, Delta S = -1.0343e-01 (per sweep)
max trunc_err = 1.3500e-07, max E_trunc = 2.7085e-09
chi: [256, 255, 256, 256, 256, 256]
================================================================================
INFO:tenpy.algorithms.dmrg:Running sweep with optimization
INFO:tenpy.algorithms.mps_common:start environment_sweep
INFO:tenpy.algorithms.dmrg:checkpoint after sweep 90
energy=0.2614670179751973, max S=1.1653411068331783, age=1638, norm_err=7.9e-03
Current memory usage 217.6MB, wall time: 77.4s
Delta E = -6.8481e-02, Delta S = -2.2759e-02 (per sweep)
max trunc_err = 6.1173e-08, max E_trunc = 9.5201e-10
chi: [256, 256, 256, 256, 256, 256]
================================================================================
INFO:tenpy.algorithms.dmrg:Running sweep with optimization
INFO:tenpy.algorithms.mps_common:start environment_sweep
INFO:tenpy.algorithms.dmrg:checkpoint after sweep 100
energy=1.1938473924848079, max S=1.5813369407777982, age=1818, norm_err=6.3e-02
Current memory usage 217.6MB, wall time: 77.2s
Delta E = 9.3238e-02, Delta S = 2.4239e-02 (per sweep)
max trunc_err = 1.6446e-07, max E_trunc = 7.5306e-10
chi: [256, 256, 256, 256, 256, 256]
================================================================================
INFO:tenpy.algorithms.dmrg:Running sweep with optimization
INFO:tenpy.algorithms.mps_common:start environment_sweep
INFO:tenpy.algorithms.dmrg:checkpoint after sweep 110
energy=-0.6979658745100892, max S=2.3286629227099613, age=1998, norm_err=2.7e-01
Current memory usage 217.6MB, wall time: 76.8s
Delta E = -1.8918e-01, Delta S = 7.9420e-02 (per sweep)
max trunc_err = 8.2601e-08, max E_trunc = 8.4697e-10
chi: [256, 256, 256, 256, 256, 256]
================================================================================
INFO:tenpy.algorithms.mps_common:TwoSiteDMRGEngine: Maximum number of sweeps reached
INFO:tenpy.tools.params:DMRG: reading 'norm_tol'=1e-05
INFO:tenpy.tools.params:DMRG: reading 'norm_tol_final'=1e-10
INFO:tenpy.tools.params:DMRG: reading 'norm_tol_iter'=5
WARNING:tenpy.algorithms.dmrg:final DMRG state not in canonical form up to norm_tol=1.00e-05: norm_err=2.71e-01
INFO:tenpy.algorithms.mps_common:start environment_sweep
INFO:tenpy.algorithms.mps_common:start environment_sweep
INFO:tenpy.algorithms.mps_common:start environment_sweep
INFO:tenpy.algorithms.mps_common:start environment_sweep
INFO:tenpy.algorithms.mps_common:start environment_sweep
WARNING:tenpy.algorithms.dmrg:norm_err=2.99e-04 still too high after environment_sweeps
WARNING:tenpy.algorithms.dmrg:final DMRG state not in canonical form up to norm_tol_final=1.00e-10: norm_err=2.99e-04, calling psi.canonical_form()
INFO:tenpy.algorithms.dmrg:TwoSiteDMRGEngine finished after 110 sweeps, max chi=256
INFO:tenpy.tools.params:DMRG: reading 'max_trunc_err'=0.0001
INFO:tenpy.tools.params:MixedHofstadterLandauGauge_Pi_2: reading 'explicit_plus_hc'=False
INFO:tenpy.tools.params:MixedHofstadterLandauGauge_Pi_2: reading 'Lx'=2
INFO:tenpy.tools.params:MixedHofstadterLandauGauge_Pi_2: setting 'N_rings'=2
INFO:tenpy.tools.params:MixedHofstadterLandauGauge_Pi_2: reading 'xy_lattice'='Square'
INFO:tenpy.tools.params:MixedHofstadterLandauGauge_Pi_2: reading 'Ly'=3
INFO:tenpy.tools.params:MixedHofstadterLandauGauge_Pi_2: reading 'ring_order'=None
INFO:tenpy.tools.params:MixedHofstadterLandauGauge_Pi_2: reading 'conserve_k'=True
INFO:tenpy.tools.params:MixedHofstadterLandauGauge_Pi_2: reading 'bc_MPS'='infinite'
INFO:tenpy.tools.params:MixedHofstadterLandauGauge_Pi_2: reading 't'=-1
INFO:tenpy.tools.params:MixedHofstadterLandauGauge_Pi_2: reading 't2'=-0.25
INFO:tenpy.tools.params:MixedHofstadterLandauGauge_Pi_2: reading 'V1'=0.6
INFO:tenpy.tools.params:MixedHofstadterLandauGauge_Pi_2: reading 'phi_ext'=np.float64(1.85)
INFO:tenpy.tools.params:MixedHofstadterLandauGauge_Pi_2: reading 'sort_mpo_legs'=False
/home/t30/kna/ge54yin/Documents/MasterThesisFQHinTMDs/MPS_stuff/MPScalculations/.venv/lib/python3.12/site-packages/tenpy/tools/params.py:232: UserWarning: unused options for config MixedHofstadterLandauGauge_Pi_2:
['Delta', 'N_rings', 'Nsec', 'bc', 'chi_max', 'ktot', 'saveAll']
  warnings.warn(msg.format(keys=sorted(unused), name=self.name))
INFO:tenpy.tools.params:DMRG: reading 'active_sites'=2
INFO:tenpy.tools.params:DMRG: reading 'diag_method'='default'
INFO:tenpy.tools.params:DMRG: subconfig 'trunc_params'=Config(<5 options>, 'trunc_params')
INFO:tenpy.tools.params:DMRG: reading 'max_N_sites_per_ring'=18
INFO:tenpy.tools.params:DMRG: reading 'combine'=False
INFO:tenpy.tools.params:DMRG: subconfig 'lanczos_params'=Config(<9 options>, 'lanczos_params')
INFO:tenpy.tools.params:DMRG: reading 'chi_list'=None
INFO:tenpy.tools.params:DMRG: reading 'start_env'=1
INFO:tenpy.algorithms.mps_common:start environment_sweep
INFO:tenpy.tools.params:DMRG: reading 'N_sweeps_check'=10
INFO:tenpy.tools.params:DMRG: subconfig 'mixer_params'=Config(<3 options>, 'mixer_params')
INFO:tenpy.tools.params:DMRG: reading 'mixer'=None
INFO:tenpy.tools.params:DMRG: reading 'max_sweeps'=100
INFO:tenpy.tools.params:DMRG: reading 'max_hours'=8760
INFO:tenpy.tools.params:DMRG: reading 'P_tol_to_trunc'=0.05
INFO:tenpy.tools.params:DMRG: reading 'P_tol_min'=5.0000000000000004e-30
INFO:tenpy.tools.params:DMRG: reading 'P_tol_max'=0.0001
INFO:tenpy.tools.params:DMRG: reading 'E_tol_to_trunc'=None
INFO:tenpy.algorithms.dmrg:Running sweep with optimization
INFO:tenpy.tools.params:DMRG: reading 'max_N_for_ED'=400
INFO:tenpy.tools.params:DMRG: reading 'update_env'=5
INFO:tenpy.algorithms.mps_common:start environment_sweep
INFO:tenpy.algorithms.dmrg:checkpoint after sweep 10
energy=-0.7052176110471938, max S=2.4652519328311788, age=198, norm_err=7.8e-02
Current memory usage 217.6MB, wall time: 75.3s
Delta E = nan, Delta S = 8.1894e-03 (per sweep)
max trunc_err = 6.8455e-08, max E_trunc = 2.1521e-09
chi: [256, 256, 256, 256, 256, 256]
================================================================================
INFO:tenpy.algorithms.dmrg:Running sweep with optimization
INFO:tenpy.algorithms.mps_common:start environment_sweep
INFO:tenpy.algorithms.dmrg:checkpoint after sweep 20
energy=-0.6773298318130779, max S=2.6207942866794260, age=378, norm_err=3.0e-01
Current memory usage 217.6MB, wall time: 76.3s
Delta E = 2.7888e-03, Delta S = 1.2641e-02 (per sweep)
max trunc_err = 2.7788e-07, max E_trunc = 6.9655e-09
chi: [256, 256, 256, 256, 256, 256]
================================================================================
INFO:tenpy.tools.params:DMRG: reading 'max_E_err'=1e-08
INFO:tenpy.tools.params:DMRG: reading 'max_S_err'=1e-05
INFO:tenpy.algorithms.dmrg:Running sweep with optimization
INFO:tenpy.algorithms.mps_common:start environment_sweep
INFO:tenpy.algorithms.dmrg:checkpoint after sweep 30
energy=-0.7059988606813145, max S=2.4079340421403606, age=558, norm_err=4.0e-02
Current memory usage 217.6MB, wall time: 76.2s
Delta E = -2.8669e-03, Delta S = -1.6723e-02 (per sweep)
max trunc_err = 4.5090e-08, max E_trunc = 7.5677e-09
chi: [256, 256, 256, 256, 256, 256]
================================================================================
INFO:tenpy.algorithms.dmrg:Running sweep with optimization
INFO:tenpy.algorithms.mps_common:start environment_sweep
INFO:tenpy.algorithms.dmrg:checkpoint after sweep 40
energy=0.2058922403144739, max S=0.7240770024594660, age=738, norm_err=3.5e-02
Current memory usage 217.6MB, wall time: 75.4s
Delta E = 9.1189e-02, Delta S = -1.5876e-01 (per sweep)
max trunc_err = 2.0815e-08, max E_trunc = 5.5110e-10
chi: [256, 256, 256, 256, 256, 256]
================================================================================
INFO:tenpy.algorithms.dmrg:Running sweep with optimization
INFO:tenpy.algorithms.mps_common:start environment_sweep
INFO:tenpy.algorithms.dmrg:checkpoint after sweep 50
energy=0.3948212931596231, max S=0.6189339607603495, age=918, norm_err=3.7e-02
Current memory usage 217.6MB, wall time: 74.5s
Delta E = 1.8893e-02, Delta S = -6.2914e-03 (per sweep)
max trunc_err = 2.2173e-08, max E_trunc = 1.6155e-10
chi: [256, 256, 256, 256, 256, 256]
================================================================================
INFO:tenpy.algorithms.dmrg:Running sweep with optimization
INFO:tenpy.algorithms.mps_common:start environment_sweep
INFO:tenpy.algorithms.dmrg:checkpoint after sweep 60
energy=-0.6991082611448197, max S=2.3271695270216983, age=1098, norm_err=3.9e-02
Current memory usage 217.6MB, wall time: 75.3s
Delta E = -1.0939e-01, Delta S = 1.5932e-01 (per sweep)
max trunc_err = 2.0173e-07, max E_trunc = 1.2366e-09
chi: [256, 256, 256, 256, 256, 256]
================================================================================
INFO:tenpy.algorithms.dmrg:Running sweep with optimization
INFO:tenpy.algorithms.mps_common:start environment_sweep
INFO:tenpy.algorithms.dmrg:checkpoint after sweep 70
energy=-0.6744700137719141, max S=2.5672853444921149, age=1278, norm_err=3.1e-01
Current memory usage 217.6MB, wall time: 76.7s
Delta E = 2.4638e-03, Delta S = 3.0888e-02 (per sweep)
max trunc_err = 8.9229e-08, max E_trunc = 1.3806e-09
chi: [256, 256, 256, 256, 256, 256]
================================================================================
INFO:tenpy.algorithms.dmrg:Running sweep with optimization
INFO:tenpy.algorithms.mps_common:start environment_sweep
INFO:tenpy.algorithms.dmrg:checkpoint after sweep 80
energy=-0.7051910701543230, max S=2.4821625224267239, age=1458, norm_err=1.1e-01
Current memory usage 217.6MB, wall time: 75.9s
Delta E = -3.0721e-03, Delta S = -1.6741e-02 (per sweep)
max trunc_err = 5.6010e-08, max E_trunc = 6.0572e-10
chi: [256, 256, 256, 256, 256, 256]
================================================================================
INFO:tenpy.algorithms.dmrg:Running sweep with optimization
INFO:tenpy.algorithms.mps_common:start environment_sweep
INFO:tenpy.algorithms.dmrg:checkpoint after sweep 90
energy=0.2441642980879427, max S=0.8882281951836182, age=1638, norm_err=1.7e-02
Current memory usage 217.6MB, wall time: 76.9s
Delta E = 9.4936e-02, Delta S = -1.5183e-01 (per sweep)
max trunc_err = 5.8525e-08, max E_trunc = 1.7105e-08
chi: [256, 256, 256, 256, 256, 256]
================================================================================
INFO:tenpy.algorithms.dmrg:Running sweep with optimization
INFO:tenpy.algorithms.mps_common:start environment_sweep
INFO:tenpy.algorithms.dmrg:checkpoint after sweep 100
energy=-0.3906205056353353, max S=0.9012570029020265, age=1818, norm_err=3.5e-03
Current memory usage 217.6MB, wall time: 77.7s
Delta E = -6.3478e-02, Delta S = -1.4304e-02 (per sweep)
max trunc_err = 4.6547e-08, max E_trunc = 3.7189e-09
chi: [256, 256, 256, 256, 256, 256]
================================================================================
INFO:tenpy.algorithms.dmrg:Running sweep with optimization
INFO:tenpy.algorithms.mps_common:start environment_sweep
INFO:tenpy.algorithms.dmrg:checkpoint after sweep 110
energy=0.2222497333364686, max S=1.5091315571441655, age=1998, norm_err=1.2e-02
Current memory usage 217.6MB, wall time: 77.3s
Delta E = 6.1287e-02, Delta S = 8.3334e-02 (per sweep)
max trunc_err = 2.5392e-08, max E_trunc = -1.9259e-09
chi: [256, 256, 256, 256, 256, 256]
================================================================================
INFO:tenpy.algorithms.mps_common:TwoSiteDMRGEngine: Maximum number of sweeps reached
INFO:tenpy.tools.params:DMRG: reading 'norm_tol'=1e-05
INFO:tenpy.tools.params:DMRG: reading 'norm_tol_final'=1e-10
INFO:tenpy.tools.params:DMRG: reading 'norm_tol_iter'=5
WARNING:tenpy.algorithms.dmrg:final DMRG state not in canonical form up to norm_tol=1.00e-05: norm_err=1.16e-02
INFO:tenpy.algorithms.mps_common:start environment_sweep
INFO:tenpy.algorithms.mps_common:start environment_sweep
WARNING:tenpy.algorithms.dmrg:final DMRG state not in canonical form up to norm_tol_final=1.00e-10: norm_err=2.56e-06, calling psi.canonical_form()
INFO:tenpy.algorithms.dmrg:TwoSiteDMRGEngine finished after 110 sweeps, max chi=256
INFO:tenpy.tools.params:DMRG: reading 'max_trunc_err'=0.0001
INFO:tenpy.tools.params:MixedHofstadterLandauGauge_Pi_2: reading 'explicit_plus_hc'=False
INFO:tenpy.tools.params:MixedHofstadterLandauGauge_Pi_2: reading 'Lx'=2
INFO:tenpy.tools.params:MixedHofstadterLandauGauge_Pi_2: setting 'N_rings'=2
INFO:tenpy.tools.params:MixedHofstadterLandauGauge_Pi_2: reading 'xy_lattice'='Square'
INFO:tenpy.tools.params:MixedHofstadterLandauGauge_Pi_2: reading 'Ly'=3
INFO:tenpy.tools.params:MixedHofstadterLandauGauge_Pi_2: reading 'ring_order'=None
INFO:tenpy.tools.params:MixedHofstadterLandauGauge_Pi_2: reading 'conserve_k'=True
INFO:tenpy.tools.params:MixedHofstadterLandauGauge_Pi_2: reading 'bc_MPS'='infinite'
INFO:tenpy.tools.params:MixedHofstadterLandauGauge_Pi_2: reading 't'=-1
INFO:tenpy.tools.params:MixedHofstadterLandauGauge_Pi_2: reading 't2'=-0.25
INFO:tenpy.tools.params:MixedHofstadterLandauGauge_Pi_2: reading 'V1'=0.6
INFO:tenpy.tools.params:MixedHofstadterLandauGauge_Pi_2: reading 'phi_ext'=np.float64(1.9000000000000001)
INFO:tenpy.tools.params:MixedHofstadterLandauGauge_Pi_2: reading 'sort_mpo_legs'=False
/home/t30/kna/ge54yin/Documents/MasterThesisFQHinTMDs/MPS_stuff/MPScalculations/.venv/lib/python3.12/site-packages/tenpy/tools/params.py:232: UserWarning: unused options for config MixedHofstadterLandauGauge_Pi_2:
['Delta', 'N_rings', 'Nsec', 'bc', 'chi_max', 'ktot', 'saveAll']
  warnings.warn(msg.format(keys=sorted(unused), name=self.name))
INFO:tenpy.tools.params:DMRG: reading 'active_sites'=2
INFO:tenpy.tools.params:DMRG: reading 'diag_method'='default'
INFO:tenpy.tools.params:DMRG: subconfig 'trunc_params'=Config(<5 options>, 'trunc_params')
INFO:tenpy.tools.params:DMRG: reading 'max_N_sites_per_ring'=18
INFO:tenpy.tools.params:DMRG: reading 'combine'=False
INFO:tenpy.tools.params:DMRG: subconfig 'lanczos_params'=Config(<9 options>, 'lanczos_params')
INFO:tenpy.tools.params:DMRG: reading 'chi_list'=None
INFO:tenpy.tools.params:DMRG: reading 'start_env'=1
INFO:tenpy.algorithms.mps_common:start environment_sweep
INFO:tenpy.tools.params:DMRG: reading 'N_sweeps_check'=10
INFO:tenpy.tools.params:DMRG: subconfig 'mixer_params'=Config(<3 options>, 'mixer_params')
INFO:tenpy.tools.params:DMRG: reading 'mixer'=None
INFO:tenpy.tools.params:DMRG: reading 'max_sweeps'=100
INFO:tenpy.tools.params:DMRG: reading 'max_hours'=8760
INFO:tenpy.tools.params:DMRG: reading 'P_tol_to_trunc'=0.05
INFO:tenpy.tools.params:DMRG: reading 'P_tol_min'=5.0000000000000004e-30
INFO:tenpy.tools.params:DMRG: reading 'P_tol_max'=0.0001
INFO:tenpy.tools.params:DMRG: reading 'E_tol_to_trunc'=None
INFO:tenpy.algorithms.dmrg:Running sweep with optimization
INFO:tenpy.tools.params:DMRG: reading 'max_N_for_ED'=400
INFO:tenpy.tools.params:DMRG: reading 'update_env'=5
INFO:tenpy.algorithms.mps_common:start environment_sweep
INFO:tenpy.algorithms.dmrg:checkpoint after sweep 10
energy=1.5517585927373148, max S=2.5367838672704397, age=198, norm_err=2.7e-01
Current memory usage 217.6MB, wall time: 77.0s
Delta E = nan, Delta S = 9.2449e-02 (per sweep)
max trunc_err = 7.1720e-08, max E_trunc = 8.3006e-10
chi: [256, 256, 256, 256, 256, 256]
================================================================================
INFO:tenpy.algorithms.dmrg:Running sweep with optimization
INFO:tenpy.algorithms.mps_common:start environment_sweep
INFO:tenpy.algorithms.dmrg:checkpoint after sweep 20
energy=0.4543224559965395, max S=1.7620831109637849, age=378, norm_err=3.8e-02
Current memory usage 217.6MB, wall time: 76.9s
Delta E = -1.0974e-01, Delta S = -7.5271e-02 (per sweep)
max trunc_err = 2.4001e-08, max E_trunc = 4.3133e-08
chi: [256, 256, 256, 256, 256, 256]
================================================================================
INFO:tenpy.tools.params:DMRG: reading 'max_E_err'=1e-08
INFO:tenpy.tools.params:DMRG: reading 'max_S_err'=1e-05
INFO:tenpy.algorithms.dmrg:Running sweep with optimization
INFO:tenpy.algorithms.mps_common:start environment_sweep
INFO:tenpy.algorithms.dmrg:checkpoint after sweep 30
energy=0.2169934259617416, max S=1.0103035786221448, age=558, norm_err=2.4e-03
Current memory usage 217.6MB, wall time: 77.7s
Delta E = -2.3733e-02, Delta S = -8.4727e-02 (per sweep)
max trunc_err = 1.7663e-07, max E_trunc = -4.5391e-09
chi: [256, 256, 256, 256, 256, 256]
================================================================================
INFO:tenpy.algorithms.dmrg:Running sweep with optimization
INFO:tenpy.algorithms.mps_common:start environment_sweep
INFO:tenpy.algorithms.dmrg:checkpoint after sweep 40
energy=0.2765603856425069, max S=2.0955732715988509, age=738, norm_err=5.9e-02
Current memory usage 217.6MB, wall time: 76.5s
Delta E = 5.9567e-03, Delta S = 1.1419e-01 (per sweep)
max trunc_err = 5.0229e-08, max E_trunc = -2.0250e-08
chi: [256, 256, 256, 256, 256, 256]
================================================================================
INFO:tenpy.algorithms.dmrg:Running sweep with optimization
INFO:tenpy.algorithms.mps_common:start environment_sweep
INFO:tenpy.algorithms.dmrg:checkpoint after sweep 50
energy=0.1805138148161044, max S=1.5792458609261211, age=918, norm_err=3.1e-02
Current memory usage 217.6MB, wall time: 76.6s
Delta E = -9.6047e-03, Delta S = -4.4432e-02 (per sweep)
max trunc_err = 1.1541e-07, max E_trunc = -1.0392e-08
chi: [256, 256, 256, 256, 256, 256]
================================================================================
INFO:tenpy.algorithms.dmrg:Running sweep with optimization
INFO:tenpy.algorithms.mps_common:start environment_sweep
INFO:tenpy.algorithms.dmrg:checkpoint after sweep 60
energy=0.2562791412900746, max S=1.7144453340480634, age=1098, norm_err=2.7e-02
Current memory usage 217.6MB, wall time: 77.5s
Delta E = 7.5765e-03, Delta S = 8.1796e-03 (per sweep)
max trunc_err = 8.2359e-08, max E_trunc = 1.0135e-08
chi: [256, 256, 256, 256, 256, 256]
================================================================================
INFO:tenpy.algorithms.dmrg:Running sweep with optimization
INFO:tenpy.algorithms.mps_common:start environment_sweep
INFO:tenpy.algorithms.dmrg:checkpoint after sweep 70
energy=0.5471666773119731, max S=2.6341935274053192, age=1278, norm_err=1.5e-01
Current memory usage 217.6MB, wall time: 78.0s
Delta E = 2.9089e-02, Delta S = 7.7677e-02 (per sweep)
max trunc_err = 1.2615e-07, max E_trunc = -2.1766e-09
chi: [256, 256, 256, 256, 256, 256]
================================================================================
INFO:tenpy.algorithms.dmrg:Running sweep with optimization
INFO:tenpy.algorithms.mps_common:start environment_sweep
INFO:tenpy.algorithms.dmrg:checkpoint after sweep 80
energy=-0.6880859248261212, max S=2.5017580818749323, age=1458, norm_err=8.4e-02
Current memory usage 217.6MB, wall time: 77.0s
Delta E = -1.2353e-01, Delta S = -5.1400e-04 (per sweep)
max trunc_err = 1.4548e-07, max E_trunc = 3.4634e-08
chi: [256, 256, 256, 256, 256, 256]
================================================================================
INFO:tenpy.algorithms.dmrg:Running sweep with optimization
INFO:tenpy.algorithms.mps_common:start environment_sweep
INFO:tenpy.algorithms.dmrg:checkpoint after sweep 90
energy=-0.7048629874606149, max S=2.5026478149703322, age=1638, norm_err=1.3e-01
Current memory usage 217.6MB, wall time: 76.8s
Delta E = -1.6777e-03, Delta S = -5.4298e-04 (per sweep)
max trunc_err = 7.2772e-08, max E_trunc = 5.1698e-08
chi: [256, 256, 256, 256, 256, 256]
================================================================================
INFO:tenpy.algorithms.dmrg:Running sweep with optimization
INFO:tenpy.algorithms.mps_common:start environment_sweep
INFO:tenpy.algorithms.dmrg:checkpoint after sweep 100
energy=-0.7042657471389475, max S=2.5555208260514650, age=1818, norm_err=9.5e-02
Current memory usage 217.6MB, wall time: 76.8s
Delta E = 5.9724e-05, Delta S = 6.4898e-03 (per sweep)
max trunc_err = 5.2824e-08, max E_trunc = 5.2838e-08
chi: [256, 256, 256, 256, 256, 256]
================================================================================
INFO:tenpy.algorithms.dmrg:Running sweep with optimization
INFO:tenpy.algorithms.mps_common:start environment_sweep
INFO:tenpy.algorithms.dmrg:checkpoint after sweep 110
energy=1.4704987807688401, max S=2.6300825098310492, age=1998, norm_err=2.4e-01
Current memory usage 217.6MB, wall time: 76.0s
Delta E = 2.1748e-01, Delta S = 5.0373e-03 (per sweep)
max trunc_err = 7.9692e-08, max E_trunc = 1.3642e-08
chi: [256, 256, 256, 256, 256, 256]
================================================================================
INFO:tenpy.algorithms.mps_common:TwoSiteDMRGEngine: Maximum number of sweeps reached
INFO:tenpy.tools.params:DMRG: reading 'norm_tol'=1e-05
INFO:tenpy.tools.params:DMRG: reading 'norm_tol_final'=1e-10
INFO:tenpy.tools.params:DMRG: reading 'norm_tol_iter'=5
WARNING:tenpy.algorithms.dmrg:final DMRG state not in canonical form up to norm_tol=1.00e-05: norm_err=2.40e-01
INFO:tenpy.algorithms.mps_common:start environment_sweep
INFO:tenpy.algorithms.mps_common:start environment_sweep
INFO:tenpy.algorithms.mps_common:start environment_sweep
WARNING:tenpy.algorithms.dmrg:final DMRG state not in canonical form up to norm_tol_final=1.00e-10: norm_err=5.71e-07, calling psi.canonical_form()
INFO:tenpy.algorithms.dmrg:TwoSiteDMRGEngine finished after 110 sweeps, max chi=256
INFO:tenpy.tools.params:DMRG: reading 'max_trunc_err'=0.0001
INFO:tenpy.tools.params:MixedHofstadterLandauGauge_Pi_2: reading 'explicit_plus_hc'=False
INFO:tenpy.tools.params:MixedHofstadterLandauGauge_Pi_2: reading 'Lx'=2
INFO:tenpy.tools.params:MixedHofstadterLandauGauge_Pi_2: setting 'N_rings'=2
INFO:tenpy.tools.params:MixedHofstadterLandauGauge_Pi_2: reading 'xy_lattice'='Square'
INFO:tenpy.tools.params:MixedHofstadterLandauGauge_Pi_2: reading 'Ly'=3
INFO:tenpy.tools.params:MixedHofstadterLandauGauge_Pi_2: reading 'ring_order'=None
INFO:tenpy.tools.params:MixedHofstadterLandauGauge_Pi_2: reading 'conserve_k'=True
INFO:tenpy.tools.params:MixedHofstadterLandauGauge_Pi_2: reading 'bc_MPS'='infinite'
INFO:tenpy.tools.params:MixedHofstadterLandauGauge_Pi_2: reading 't'=-1
INFO:tenpy.tools.params:MixedHofstadterLandauGauge_Pi_2: reading 't2'=-0.25
INFO:tenpy.tools.params:MixedHofstadterLandauGauge_Pi_2: reading 'V1'=0.6
INFO:tenpy.tools.params:MixedHofstadterLandauGauge_Pi_2: reading 'phi_ext'=np.float64(1.9500000000000002)
INFO:tenpy.tools.params:MixedHofstadterLandauGauge_Pi_2: reading 'sort_mpo_legs'=False
/home/t30/kna/ge54yin/Documents/MasterThesisFQHinTMDs/MPS_stuff/MPScalculations/.venv/lib/python3.12/site-packages/tenpy/tools/params.py:232: UserWarning: unused options for config MixedHofstadterLandauGauge_Pi_2:
['Delta', 'N_rings', 'Nsec', 'bc', 'chi_max', 'ktot', 'saveAll']
  warnings.warn(msg.format(keys=sorted(unused), name=self.name))
INFO:tenpy.tools.params:DMRG: reading 'active_sites'=2
INFO:tenpy.tools.params:DMRG: reading 'diag_method'='default'
INFO:tenpy.tools.params:DMRG: subconfig 'trunc_params'=Config(<5 options>, 'trunc_params')
INFO:tenpy.tools.params:DMRG: reading 'max_N_sites_per_ring'=18
INFO:tenpy.tools.params:DMRG: reading 'combine'=False
INFO:tenpy.tools.params:DMRG: subconfig 'lanczos_params'=Config(<9 options>, 'lanczos_params')
INFO:tenpy.tools.params:DMRG: reading 'chi_list'=None
INFO:tenpy.tools.params:DMRG: reading 'start_env'=1
INFO:tenpy.algorithms.mps_common:start environment_sweep
INFO:tenpy.tools.params:DMRG: reading 'N_sweeps_check'=10
INFO:tenpy.tools.params:DMRG: subconfig 'mixer_params'=Config(<3 options>, 'mixer_params')
INFO:tenpy.tools.params:DMRG: reading 'mixer'=None
INFO:tenpy.tools.params:DMRG: reading 'max_sweeps'=100
INFO:tenpy.tools.params:DMRG: reading 'max_hours'=8760
INFO:tenpy.tools.params:DMRG: reading 'P_tol_to_trunc'=0.05
INFO:tenpy.tools.params:DMRG: reading 'P_tol_min'=5.0000000000000004e-30
INFO:tenpy.tools.params:DMRG: reading 'P_tol_max'=0.0001
INFO:tenpy.tools.params:DMRG: reading 'E_tol_to_trunc'=None
INFO:tenpy.algorithms.dmrg:Running sweep with optimization
INFO:tenpy.tools.params:DMRG: reading 'max_N_for_ED'=400
INFO:tenpy.tools.params:DMRG: reading 'update_env'=5
INFO:tenpy.algorithms.mps_common:start environment_sweep
INFO:tenpy.algorithms.dmrg:checkpoint after sweep 10
energy=0.1862939407068147, max S=1.9718607046681984, age=198, norm_err=8.7e-02
Current memory usage 217.6MB, wall time: 73.4s
Delta E = nan, Delta S = 5.7382e-02 (per sweep)
max trunc_err = 1.7082e-07, max E_trunc = 1.0263e-09
chi: [256, 255, 256, 256, 256, 256]
================================================================================
INFO:tenpy.algorithms.dmrg:Running sweep with optimization
INFO:tenpy.algorithms.mps_common:start environment_sweep
INFO:tenpy.algorithms.dmrg:checkpoint after sweep 20
energy=0.3544349554715230, max S=1.0779341875213784, age=378, norm_err=8.2e-02
Current memory usage 217.6MB, wall time: 72.3s
Delta E = 1.6814e-02, Delta S = -6.6296e-02 (per sweep)
max trunc_err = 1.2350e-07, max E_trunc = -1.8146e-08
chi: [256, 256, 256, 256, 256, 256]
================================================================================
INFO:tenpy.tools.params:DMRG: reading 'max_E_err'=1e-08
INFO:tenpy.tools.params:DMRG: reading 'max_S_err'=1e-05
INFO:tenpy.algorithms.dmrg:Running sweep with optimization
INFO:tenpy.algorithms.mps_common:start environment_sweep
INFO:tenpy.algorithms.dmrg:checkpoint after sweep 30
energy=0.1615571963278815, max S=1.8588926260184719, age=558, norm_err=3.4e-02
Current memory usage 217.6MB, wall time: 74.1s
Delta E = -1.9288e-02, Delta S = 6.8404e-02 (per sweep)
max trunc_err = 2.1830e-07, max E_trunc = -2.6525e-08
chi: [256, 256, 256, 256, 256, 256]
================================================================================
INFO:tenpy.algorithms.dmrg:Running sweep with optimization
INFO:tenpy.algorithms.mps_common:start environment_sweep
INFO:tenpy.algorithms.dmrg:checkpoint after sweep 40
energy=0.4401151845754565, max S=1.7032867486442835, age=738, norm_err=3.6e-02
Current memory usage 217.6MB, wall time: 74.0s
Delta E = 2.7856e-02, Delta S = -2.8052e-02 (per sweep)
max trunc_err = 2.7591e-07, max E_trunc = -2.8365e-11
chi: [256, 256, 256, 256, 256, 256]
================================================================================
INFO:tenpy.algorithms.dmrg:Running sweep with optimization
INFO:tenpy.algorithms.mps_common:start environment_sweep
INFO:tenpy.algorithms.dmrg:checkpoint after sweep 50
energy=0.3002300618273163, max S=1.4914774329400080, age=918, norm_err=2.7e-02
Current memory usage 217.6MB, wall time: 74.1s
Delta E = -1.3989e-02, Delta S = -1.2676e-02 (per sweep)
max trunc_err = 4.3488e-07, max E_trunc = 7.8319e-10
chi: [256, 256, 256, 256, 255, 256]
================================================================================
INFO:tenpy.algorithms.dmrg:Running sweep with optimization
INFO:tenpy.algorithms.mps_common:start environment_sweep
INFO:tenpy.algorithms.dmrg:checkpoint after sweep 60
energy=0.2144201623265568, max S=2.2466412494429235, age=1098, norm_err=3.3e-02
Current memory usage 217.6MB, wall time: 74.0s
Delta E = -8.5810e-03, Delta S = 7.7325e-02 (per sweep)
max trunc_err = 1.3642e-07, max E_trunc = -1.3332e-08
chi: [256, 256, 256, 255, 256, 256]
================================================================================
INFO:tenpy.algorithms.dmrg:Running sweep with optimization
INFO:tenpy.algorithms.mps_common:start environment_sweep
INFO:tenpy.algorithms.dmrg:checkpoint after sweep 70
energy=0.1212259205703674, max S=1.0276103349791850, age=1278, norm_err=1.3e-02
Current memory usage 217.6MB, wall time: 74.0s
Delta E = -9.3194e-03, Delta S = -1.1608e-01 (per sweep)
max trunc_err = 5.9682e-07, max E_trunc = 1.6162e-09
chi: [256, 256, 256, 256, 256, 256]
================================================================================
INFO:tenpy.algorithms.dmrg:Running sweep with optimization
INFO:tenpy.algorithms.mps_common:start environment_sweep
INFO:tenpy.algorithms.dmrg:checkpoint after sweep 80
energy=-0.7035667098974917, max S=2.3271342475693766, age=1458, norm_err=3.2e-01
Current memory usage 217.6MB, wall time: 74.1s
Delta E = -8.2479e-02, Delta S = 1.1867e-01 (per sweep)
max trunc_err = 4.1651e-07, max E_trunc = 1.0114e-09
chi: [256, 256, 256, 256, 256, 256]
================================================================================
INFO:tenpy.algorithms.dmrg:Running sweep with optimization
INFO:tenpy.algorithms.mps_common:start environment_sweep
INFO:tenpy.algorithms.dmrg:checkpoint after sweep 90
energy=-0.7077504158939595, max S=2.4641970745284785, age=1638, norm_err=2.6e-01
Current memory usage 217.6MB, wall time: 72.7s
Delta E = -4.1837e-04, Delta S = 2.1199e-02 (per sweep)
max trunc_err = 7.5083e-08, max E_trunc = 1.1332e-09
chi: [256, 256, 256, 256, 256, 256]
================================================================================
INFO:tenpy.algorithms.dmrg:Running sweep with optimization
INFO:tenpy.algorithms.mps_common:start environment_sweep
INFO:tenpy.algorithms.dmrg:checkpoint after sweep 100
energy=-0.7010739772115926, max S=2.3784506987524541, age=1818, norm_err=2.9e-01
Current memory usage 217.6MB, wall time: 73.7s
Delta E = 6.6764e-04, Delta S = -1.8473e-02 (per sweep)
max trunc_err = 2.7695e-07, max E_trunc = 1.6762e-08
chi: [256, 256, 256, 256, 256, 256]
================================================================================
INFO:tenpy.algorithms.dmrg:Running sweep with optimization
INFO:tenpy.algorithms.mps_common:start environment_sweep
INFO:tenpy.algorithms.dmrg:checkpoint after sweep 110
energy=-0.7018420287821717, max S=2.3894234266407812, age=1998, norm_err=1.8e-01
Current memory usage 217.6MB, wall time: 73.4s
Delta E = -7.6805e-05, Delta S = 9.0187e-03 (per sweep)
max trunc_err = 2.9837e-07, max E_trunc = 7.7903e-08
chi: [256, 256, 256, 256, 256, 256]
================================================================================
INFO:tenpy.algorithms.mps_common:TwoSiteDMRGEngine: Maximum number of sweeps reached
INFO:tenpy.tools.params:DMRG: reading 'norm_tol'=1e-05
INFO:tenpy.tools.params:DMRG: reading 'norm_tol_final'=1e-10
INFO:tenpy.tools.params:DMRG: reading 'norm_tol_iter'=5
WARNING:tenpy.algorithms.dmrg:final DMRG state not in canonical form up to norm_tol=1.00e-05: norm_err=1.78e-01
INFO:tenpy.algorithms.mps_common:start environment_sweep
INFO:tenpy.algorithms.mps_common:start environment_sweep
INFO:tenpy.algorithms.mps_common:start environment_sweep
INFO:tenpy.algorithms.mps_common:start environment_sweep
INFO:tenpy.algorithms.mps_common:start environment_sweep
WARNING:tenpy.algorithms.dmrg:norm_err=2.64e-03 still too high after environment_sweeps
WARNING:tenpy.algorithms.dmrg:final DMRG state not in canonical form up to norm_tol_final=1.00e-10: norm_err=2.64e-03, calling psi.canonical_form()
INFO:tenpy.algorithms.dmrg:TwoSiteDMRGEngine finished after 110 sweeps, max chi=256
INFO:tenpy.tools.params:DMRG: reading 'max_trunc_err'=0.0001
INFO:tenpy.tools.params:MixedHofstadterLandauGauge_Pi_2: reading 'explicit_plus_hc'=False
INFO:tenpy.tools.params:MixedHofstadterLandauGauge_Pi_2: reading 'Lx'=2
INFO:tenpy.tools.params:MixedHofstadterLandauGauge_Pi_2: setting 'N_rings'=2
INFO:tenpy.tools.params:MixedHofstadterLandauGauge_Pi_2: reading 'xy_lattice'='Square'
INFO:tenpy.tools.params:MixedHofstadterLandauGauge_Pi_2: reading 'Ly'=3
INFO:tenpy.tools.params:MixedHofstadterLandauGauge_Pi_2: reading 'ring_order'=None
INFO:tenpy.tools.params:MixedHofstadterLandauGauge_Pi_2: reading 'conserve_k'=True
INFO:tenpy.tools.params:MixedHofstadterLandauGauge_Pi_2: reading 'bc_MPS'='infinite'
INFO:tenpy.tools.params:MixedHofstadterLandauGauge_Pi_2: reading 't'=-1
INFO:tenpy.tools.params:MixedHofstadterLandauGauge_Pi_2: reading 't2'=-0.25
INFO:tenpy.tools.params:MixedHofstadterLandauGauge_Pi_2: reading 'V1'=0.6
INFO:tenpy.tools.params:MixedHofstadterLandauGauge_Pi_2: reading 'phi_ext'=np.float64(2.0)
INFO:tenpy.tools.params:MixedHofstadterLandauGauge_Pi_2: reading 'sort_mpo_legs'=False
/home/t30/kna/ge54yin/Documents/MasterThesisFQHinTMDs/MPS_stuff/MPScalculations/.venv/lib/python3.12/site-packages/tenpy/tools/params.py:232: UserWarning: unused options for config MixedHofstadterLandauGauge_Pi_2:
['Delta', 'N_rings', 'Nsec', 'bc', 'chi_max', 'ktot', 'saveAll']
  warnings.warn(msg.format(keys=sorted(unused), name=self.name))
INFO:tenpy.tools.params:DMRG: reading 'active_sites'=2
INFO:tenpy.tools.params:DMRG: reading 'diag_method'='default'
INFO:tenpy.tools.params:DMRG: subconfig 'trunc_params'=Config(<5 options>, 'trunc_params')
INFO:tenpy.tools.params:DMRG: reading 'max_N_sites_per_ring'=18
INFO:tenpy.tools.params:DMRG: reading 'combine'=False
INFO:tenpy.tools.params:DMRG: subconfig 'lanczos_params'=Config(<9 options>, 'lanczos_params')
INFO:tenpy.tools.params:DMRG: reading 'chi_list'=None
INFO:tenpy.tools.params:DMRG: reading 'start_env'=1
INFO:tenpy.algorithms.mps_common:start environment_sweep
INFO:tenpy.tools.params:DMRG: reading 'N_sweeps_check'=10
INFO:tenpy.tools.params:DMRG: subconfig 'mixer_params'=Config(<3 options>, 'mixer_params')
INFO:tenpy.tools.params:DMRG: reading 'mixer'=None
INFO:tenpy.tools.params:DMRG: reading 'max_sweeps'=100
INFO:tenpy.tools.params:DMRG: reading 'max_hours'=8760
INFO:tenpy.tools.params:DMRG: reading 'P_tol_to_trunc'=0.05
INFO:tenpy.tools.params:DMRG: reading 'P_tol_min'=5.0000000000000004e-30
INFO:tenpy.tools.params:DMRG: reading 'P_tol_max'=0.0001
INFO:tenpy.tools.params:DMRG: reading 'E_tol_to_trunc'=None
INFO:tenpy.algorithms.dmrg:Running sweep with optimization
INFO:tenpy.tools.params:DMRG: reading 'max_N_for_ED'=400
INFO:tenpy.tools.params:DMRG: reading 'update_env'=5
INFO:tenpy.algorithms.mps_common:start environment_sweep
INFO:tenpy.algorithms.dmrg:checkpoint after sweep 10
energy=1.5085743250653134, max S=2.3048251128180706, age=198, norm_err=8.7e-02
Current memory usage 217.6MB, wall time: 70.2s
Delta E = nan, Delta S = 1.2827e-03 (per sweep)
max trunc_err = 4.0351e-07, max E_trunc = -2.8155e-08
chi: [256, 256, 256, 256, 256, 256]
================================================================================
INFO:tenpy.algorithms.dmrg:Running sweep with optimization
INFO:tenpy.algorithms.mps_common:start environment_sweep
INFO:tenpy.algorithms.dmrg:checkpoint after sweep 20
energy=0.1435103268719307, max S=0.9705753721128116, age=378, norm_err=3.5e-03
Current memory usage 217.6MB, wall time: 70.8s
Delta E = -1.3651e-01, Delta S = -1.3295e-01 (per sweep)
max trunc_err = 2.3274e-07, max E_trunc = 1.0928e-09
chi: [256, 256, 256, 256, 256, 256]
================================================================================
INFO:tenpy.tools.params:DMRG: reading 'max_E_err'=1e-08
INFO:tenpy.tools.params:DMRG: reading 'max_S_err'=1e-05
INFO:tenpy.algorithms.dmrg:Running sweep with optimization
INFO:tenpy.algorithms.mps_common:start environment_sweep
INFO:tenpy.algorithms.dmrg:checkpoint after sweep 30
energy=-0.6497852907176593, max S=2.3229029586365098, age=558, norm_err=1.8e-01
Current memory usage 217.6MB, wall time: 71.2s
Delta E = -7.9330e-02, Delta S = 1.2190e-01 (per sweep)
max trunc_err = 5.1343e-07, max E_trunc = 6.9010e-09
chi: [256, 256, 256, 256, 256, 256]
================================================================================
INFO:tenpy.algorithms.dmrg:Running sweep with optimization
INFO:tenpy.algorithms.mps_common:start environment_sweep
INFO:tenpy.algorithms.dmrg:checkpoint after sweep 40
energy=-0.7026963598250120, max S=2.4698003048784587, age=738, norm_err=1.5e-01
Current memory usage 217.6MB, wall time: 71.3s
Delta E = -5.2911e-03, Delta S = 1.7693e-02 (per sweep)
max trunc_err = 2.4418e-08, max E_trunc = 2.1376e-08
chi: [256, 256, 256, 256, 256, 256]
================================================================================
INFO:tenpy.algorithms.dmrg:Running sweep with optimization
INFO:tenpy.algorithms.mps_common:start environment_sweep
INFO:tenpy.algorithms.dmrg:checkpoint after sweep 50
energy=-0.7053571609262880, max S=2.3706345814103509, age=918, norm_err=9.2e-02
Current memory usage 217.6MB, wall time: 71.1s
Delta E = -2.6608e-04, Delta S = -1.1212e-02 (per sweep)
max trunc_err = 3.3551e-08, max E_trunc = 7.0431e-09
chi: [256, 256, 256, 256, 256, 256]
================================================================================
INFO:tenpy.algorithms.dmrg:Running sweep with optimization
INFO:tenpy.algorithms.mps_common:start environment_sweep
INFO:tenpy.algorithms.dmrg:checkpoint after sweep 60
energy=-0.6785677222447740, max S=2.5433272020456088, age=1098, norm_err=1.9e-01
Current memory usage 217.6MB, wall time: 71.3s
Delta E = 2.6789e-03, Delta S = 1.7571e-02 (per sweep)
max trunc_err = 1.6296e-08, max E_trunc = 1.9764e-08
chi: [256, 256, 256, 256, 256, 256]
================================================================================
INFO:tenpy.algorithms.dmrg:Running sweep with optimization
INFO:tenpy.algorithms.mps_common:start environment_sweep
INFO:tenpy.algorithms.dmrg:checkpoint after sweep 70
energy=-0.6489432301936328, max S=2.6282185775271172, age=1278, norm_err=9.3e-02
Current memory usage 217.6MB, wall time: 71.3s
Delta E = 2.9624e-03, Delta S = 9.5022e-03 (per sweep)
max trunc_err = 2.5226e-08, max E_trunc = 4.1503e-08
chi: [256, 256, 256, 256, 256, 256]
================================================================================
INFO:tenpy.algorithms.dmrg:Running sweep with optimization
INFO:tenpy.algorithms.mps_common:start environment_sweep
INFO:tenpy.algorithms.dmrg:checkpoint after sweep 80
energy=-0.6933290771848704, max S=2.5062975925573472, age=1458, norm_err=1.3e-01
Current memory usage 217.6MB, wall time: 71.6s
Delta E = -4.4386e-03, Delta S = -1.5615e-02 (per sweep)
max trunc_err = 2.0245e-08, max E_trunc = 9.8830e-09
chi: [256, 256, 256, 256, 256, 256]
================================================================================
INFO:tenpy.algorithms.dmrg:Running sweep with optimization
INFO:tenpy.algorithms.mps_common:start environment_sweep
INFO:tenpy.algorithms.dmrg:checkpoint after sweep 90
energy=-0.2119978692793817, max S=2.7163404278331718, age=1638, norm_err=1.3e-01
Current memory usage 217.6MB, wall time: 71.3s
Delta E = 4.8133e-02, Delta S = 1.9768e-02 (per sweep)
max trunc_err = 3.3031e-08, max E_trunc = 8.5122e-09
chi: [256, 256, 256, 256, 256, 256]
================================================================================
INFO:tenpy.algorithms.dmrg:Running sweep with optimization
INFO:tenpy.algorithms.mps_common:start environment_sweep
INFO:tenpy.algorithms.dmrg:checkpoint after sweep 100
energy=-0.7013875862443797, max S=2.5295083067833168, age=1818, norm_err=1.1e-01
Current memory usage 217.6MB, wall time: 71.1s
Delta E = -4.8939e-02, Delta S = -1.5094e-02 (per sweep)
max trunc_err = 1.9813e-08, max E_trunc = 8.0170e-09
chi: [256, 256, 256, 256, 256, 256]
================================================================================
INFO:tenpy.algorithms.dmrg:Running sweep with optimization
INFO:tenpy.algorithms.mps_common:start environment_sweep
INFO:tenpy.algorithms.dmrg:checkpoint after sweep 110
energy=0.5680372477297055, max S=1.5563847551969503, age=1998, norm_err=7.7e-02
Current memory usage 217.6MB, wall time: 71.2s
Delta E = 1.2694e-01, Delta S = -9.9012e-02 (per sweep)
max trunc_err = 2.2010e-08, max E_trunc = 1.9062e-08
chi: [256, 256, 256, 256, 256, 256]
================================================================================
INFO:tenpy.algorithms.mps_common:TwoSiteDMRGEngine: Maximum number of sweeps reached
INFO:tenpy.tools.params:DMRG: reading 'norm_tol'=1e-05
INFO:tenpy.tools.params:DMRG: reading 'norm_tol_final'=1e-10
INFO:tenpy.tools.params:DMRG: reading 'norm_tol_iter'=5
WARNING:tenpy.algorithms.dmrg:final DMRG state not in canonical form up to norm_tol=1.00e-05: norm_err=7.75e-02
INFO:tenpy.algorithms.mps_common:start environment_sweep
INFO:tenpy.algorithms.mps_common:start environment_sweep
INFO:tenpy.algorithms.mps_common:start environment_sweep
INFO:tenpy.algorithms.mps_common:start environment_sweep
INFO:tenpy.algorithms.mps_common:start environment_sweep
WARNING:tenpy.algorithms.dmrg:final DMRG state not in canonical form up to norm_tol_final=1.00e-10: norm_err=6.30e-06, calling psi.canonical_form()
INFO:tenpy.algorithms.dmrg:TwoSiteDMRGEngine finished after 110 sweeps, max chi=256
INFO:tenpy.tools.params:DMRG: reading 'max_trunc_err'=0.0001
INFO:tenpy.tools.params:MixedHofstadterLandauGauge_Pi_2: reading 'explicit_plus_hc'=False
INFO:tenpy.tools.params:MixedHofstadterLandauGauge_Pi_2: reading 'Lx'=2
INFO:tenpy.tools.params:MixedHofstadterLandauGauge_Pi_2: setting 'N_rings'=2
INFO:tenpy.tools.params:MixedHofstadterLandauGauge_Pi_2: reading 'xy_lattice'='Square'
INFO:tenpy.tools.params:MixedHofstadterLandauGauge_Pi_2: reading 'Ly'=3
INFO:tenpy.tools.params:MixedHofstadterLandauGauge_Pi_2: reading 'ring_order'=None
INFO:tenpy.tools.params:MixedHofstadterLandauGauge_Pi_2: reading 'conserve_k'=True
INFO:tenpy.tools.params:MixedHofstadterLandauGauge_Pi_2: reading 'bc_MPS'='infinite'
INFO:tenpy.tools.params:MixedHofstadterLandauGauge_Pi_2: reading 't'=-1
INFO:tenpy.tools.params:MixedHofstadterLandauGauge_Pi_2: reading 't2'=-0.25
INFO:tenpy.tools.params:MixedHofstadterLandauGauge_Pi_2: reading 'V1'=0.6
INFO:tenpy.tools.params:MixedHofstadterLandauGauge_Pi_2: reading 'phi_ext'=np.float64(2.0500000000000003)
INFO:tenpy.tools.params:MixedHofstadterLandauGauge_Pi_2: reading 'sort_mpo_legs'=False
/home/t30/kna/ge54yin/Documents/MasterThesisFQHinTMDs/MPS_stuff/MPScalculations/.venv/lib/python3.12/site-packages/tenpy/tools/params.py:232: UserWarning: unused options for config MixedHofstadterLandauGauge_Pi_2:
['Delta', 'N_rings', 'Nsec', 'bc', 'chi_max', 'ktot', 'saveAll']
  warnings.warn(msg.format(keys=sorted(unused), name=self.name))
INFO:tenpy.tools.params:DMRG: reading 'active_sites'=2
INFO:tenpy.tools.params:DMRG: reading 'diag_method'='default'
INFO:tenpy.tools.params:DMRG: subconfig 'trunc_params'=Config(<5 options>, 'trunc_params')
INFO:tenpy.tools.params:DMRG: reading 'max_N_sites_per_ring'=18
INFO:tenpy.tools.params:DMRG: reading 'combine'=False
INFO:tenpy.tools.params:DMRG: subconfig 'lanczos_params'=Config(<9 options>, 'lanczos_params')
INFO:tenpy.tools.params:DMRG: reading 'chi_list'=None
INFO:tenpy.tools.params:DMRG: reading 'start_env'=1
INFO:tenpy.algorithms.mps_common:start environment_sweep
INFO:tenpy.tools.params:DMRG: reading 'N_sweeps_check'=10
INFO:tenpy.tools.params:DMRG: subconfig 'mixer_params'=Config(<3 options>, 'mixer_params')
INFO:tenpy.tools.params:DMRG: reading 'mixer'=None
INFO:tenpy.tools.params:DMRG: reading 'max_sweeps'=100
INFO:tenpy.tools.params:DMRG: reading 'max_hours'=8760
INFO:tenpy.tools.params:DMRG: reading 'P_tol_to_trunc'=0.05
INFO:tenpy.tools.params:DMRG: reading 'P_tol_min'=5.0000000000000004e-30
INFO:tenpy.tools.params:DMRG: reading 'P_tol_max'=0.0001
INFO:tenpy.tools.params:DMRG: reading 'E_tol_to_trunc'=None
INFO:tenpy.algorithms.dmrg:Running sweep with optimization
INFO:tenpy.tools.params:DMRG: reading 'max_N_for_ED'=400
INFO:tenpy.tools.params:DMRG: reading 'update_env'=5
INFO:tenpy.algorithms.mps_common:start environment_sweep
INFO:tenpy.algorithms.dmrg:checkpoint after sweep 10
energy=-0.6802765952919904, max S=2.3617610572223624, age=198, norm_err=1.6e-02
Current memory usage 217.6MB, wall time: 69.6s
Delta E = nan, Delta S = 9.0812e-02 (per sweep)
max trunc_err = 3.0383e-07, max E_trunc = -4.9730e-08
chi: [256, 256, 256, 256, 256, 256]
================================================================================
INFO:tenpy.algorithms.dmrg:Running sweep with optimization
INFO:tenpy.algorithms.mps_common:start environment_sweep
INFO:tenpy.algorithms.dmrg:checkpoint after sweep 20
energy=-0.6425362557736397, max S=2.4038045788425153, age=378, norm_err=1.1e-02
Current memory usage 217.6MB, wall time: 69.6s
Delta E = 3.7740e-03, Delta S = -6.7430e-04 (per sweep)
max trunc_err = 1.9142e-07, max E_trunc = -5.0316e-09
chi: [256, 256, 256, 256, 256, 256]
================================================================================
INFO:tenpy.tools.params:DMRG: reading 'max_E_err'=1e-08
INFO:tenpy.tools.params:DMRG: reading 'max_S_err'=1e-05
INFO:tenpy.algorithms.dmrg:Running sweep with optimization
INFO:tenpy.algorithms.mps_common:start environment_sweep
INFO:tenpy.algorithms.dmrg:checkpoint after sweep 30
energy=0.2537195818297278, max S=0.9991900235508786, age=558, norm_err=1.8e-02
Current memory usage 217.6MB, wall time: 70.5s
Delta E = 8.9626e-02, Delta S = -1.3627e-01 (per sweep)
max trunc_err = 1.3149e-07, max E_trunc = 5.5093e-10
chi: [256, 256, 256, 256, 256, 256]
================================================================================
INFO:tenpy.algorithms.dmrg:Running sweep with optimization
INFO:tenpy.algorithms.mps_common:start environment_sweep
INFO:tenpy.algorithms.dmrg:checkpoint after sweep 40
energy=0.2847585169160993, max S=1.8386137764693173, age=738, norm_err=9.4e-02
Current memory usage 217.6MB, wall time: 68.7s
Delta E = 3.1039e-03, Delta S = 8.6653e-02 (per sweep)
max trunc_err = 2.1987e-07, max E_trunc = -1.2980e-07
chi: [256, 256, 256, 256, 256, 256]
================================================================================
INFO:tenpy.algorithms.dmrg:Running sweep with optimization
INFO:tenpy.algorithms.mps_common:start environment_sweep
INFO:tenpy.algorithms.dmrg:checkpoint after sweep 50
energy=0.2711229494236041, max S=1.1440949042698660, age=918, norm_err=4.3e-02
Current memory usage 217.6MB, wall time: 69.6s
Delta E = -1.3636e-03, Delta S = -6.2014e-02 (per sweep)
max trunc_err = 2.1361e-07, max E_trunc = 8.9210e-10
chi: [256, 256, 256, 256, 255, 256]
================================================================================
INFO:tenpy.algorithms.dmrg:Running sweep with optimization
INFO:tenpy.algorithms.mps_common:start environment_sweep
INFO:tenpy.algorithms.dmrg:checkpoint after sweep 60
energy=-0.7056912972831052, max S=2.3082138665975211, age=1098, norm_err=8.5e-02
Current memory usage 217.6MB, wall time: 68.6s
Delta E = -9.7681e-02, Delta S = 1.0467e-01 (per sweep)
max trunc_err = 8.0145e-08, max E_trunc = -1.6747e-08
chi: [256, 256, 256, 256, 255, 256]
================================================================================
INFO:tenpy.algorithms.dmrg:Running sweep with optimization
INFO:tenpy.algorithms.mps_common:start environment_sweep
INFO:tenpy.algorithms.dmrg:checkpoint after sweep 70
energy=0.0215709575575147, max S=0.2389703996208646, age=1278, norm_err=1.5e-05
Current memory usage 217.6MB, wall time: 70.8s
Delta E = 7.2726e-02, Delta S = -1.9117e-01 (per sweep)
max trunc_err = 2.8104e-07, max E_trunc = 9.5523e-08
chi: [256, 256, 256, 256, 256, 256]
================================================================================
INFO:tenpy.algorithms.dmrg:Running sweep with optimization
INFO:tenpy.algorithms.mps_common:start environment_sweep
INFO:tenpy.algorithms.dmrg:checkpoint after sweep 80
energy=-0.7095267534435360, max S=2.4068294091350255, age=1458, norm_err=1.3e-01
Current memory usage 217.6MB, wall time: 71.7s
Delta E = -7.3110e-02, Delta S = 1.9849e-01 (per sweep)
max trunc_err = 3.9690e-08, max E_trunc = 8.4344e-10
chi: [256, 256, 256, 256, 256, 256]
================================================================================
INFO:tenpy.algorithms.dmrg:Running sweep with optimization
INFO:tenpy.algorithms.mps_common:start environment_sweep
INFO:tenpy.algorithms.dmrg:checkpoint after sweep 90
energy=-0.5750550180030890, max S=2.2504720222512971, age=1638, norm_err=5.7e-03
Current memory usage 217.6MB, wall time: 71.5s
Delta E = 1.3447e-02, Delta S = -2.3799e-02 (per sweep)
max trunc_err = 5.4579e-07, max E_trunc = 5.0409e-10
chi: [256, 256, 256, 256, 256, 256]
================================================================================
INFO:tenpy.algorithms.dmrg:Running sweep with optimization
INFO:tenpy.algorithms.mps_common:start environment_sweep
INFO:tenpy.algorithms.dmrg:checkpoint after sweep 100
energy=-0.4582223345266812, max S=2.6313325798935217, age=1818, norm_err=9.1e-02
Current memory usage 217.6MB, wall time: 71.6s
Delta E = 1.1683e-02, Delta S = 4.6033e-02 (per sweep)
max trunc_err = 1.3169e-07, max E_trunc = 3.0107e-09
chi: [256, 256, 256, 256, 256, 256]
================================================================================
INFO:tenpy.algorithms.dmrg:Running sweep with optimization
INFO:tenpy.algorithms.mps_common:start environment_sweep
INFO:tenpy.algorithms.dmrg:checkpoint after sweep 110
energy=0.3166080079807709, max S=1.1850730414387298, age=1998, norm_err=4.1e-02
Current memory usage 217.6MB, wall time: 71.4s
Delta E = 7.7483e-02, Delta S = -1.4022e-01 (per sweep)
max trunc_err = 5.2474e-07, max E_trunc = 1.0883e-08
chi: [256, 256, 256, 256, 256, 256]
================================================================================
INFO:tenpy.algorithms.mps_common:TwoSiteDMRGEngine: Maximum number of sweeps reached
INFO:tenpy.tools.params:DMRG: reading 'norm_tol'=1e-05
INFO:tenpy.tools.params:DMRG: reading 'norm_tol_final'=1e-10
INFO:tenpy.tools.params:DMRG: reading 'norm_tol_iter'=5
WARNING:tenpy.algorithms.dmrg:final DMRG state not in canonical form up to norm_tol=1.00e-05: norm_err=4.10e-02
INFO:tenpy.algorithms.mps_common:start environment_sweep
INFO:tenpy.algorithms.mps_common:start environment_sweep
INFO:tenpy.algorithms.mps_common:start environment_sweep
WARNING:tenpy.algorithms.dmrg:final DMRG state not in canonical form up to norm_tol_final=1.00e-10: norm_err=9.78e-07, calling psi.canonical_form()
INFO:tenpy.algorithms.dmrg:TwoSiteDMRGEngine finished after 110 sweeps, max chi=256
INFO:tenpy.tools.params:DMRG: reading 'max_trunc_err'=0.0001
INFO:tenpy.tools.params:MixedHofstadterLandauGauge_Pi_2: reading 'explicit_plus_hc'=False
INFO:tenpy.tools.params:MixedHofstadterLandauGauge_Pi_2: reading 'Lx'=2
INFO:tenpy.tools.params:MixedHofstadterLandauGauge_Pi_2: setting 'N_rings'=2
INFO:tenpy.tools.params:MixedHofstadterLandauGauge_Pi_2: reading 'xy_lattice'='Square'
INFO:tenpy.tools.params:MixedHofstadterLandauGauge_Pi_2: reading 'Ly'=3
INFO:tenpy.tools.params:MixedHofstadterLandauGauge_Pi_2: reading 'ring_order'=None
INFO:tenpy.tools.params:MixedHofstadterLandauGauge_Pi_2: reading 'conserve_k'=True
INFO:tenpy.tools.params:MixedHofstadterLandauGauge_Pi_2: reading 'bc_MPS'='infinite'
INFO:tenpy.tools.params:MixedHofstadterLandauGauge_Pi_2: reading 't'=-1
INFO:tenpy.tools.params:MixedHofstadterLandauGauge_Pi_2: reading 't2'=-0.25
INFO:tenpy.tools.params:MixedHofstadterLandauGauge_Pi_2: reading 'V1'=0.6
INFO:tenpy.tools.params:MixedHofstadterLandauGauge_Pi_2: reading 'phi_ext'=np.float64(2.1)
INFO:tenpy.tools.params:MixedHofstadterLandauGauge_Pi_2: reading 'sort_mpo_legs'=False
/home/t30/kna/ge54yin/Documents/MasterThesisFQHinTMDs/MPS_stuff/MPScalculations/.venv/lib/python3.12/site-packages/tenpy/tools/params.py:232: UserWarning: unused options for config MixedHofstadterLandauGauge_Pi_2:
['Delta', 'N_rings', 'Nsec', 'bc', 'chi_max', 'ktot', 'saveAll']
  warnings.warn(msg.format(keys=sorted(unused), name=self.name))
INFO:tenpy.tools.params:DMRG: reading 'active_sites'=2
INFO:tenpy.tools.params:DMRG: reading 'diag_method'='default'
INFO:tenpy.tools.params:DMRG: subconfig 'trunc_params'=Config(<5 options>, 'trunc_params')
INFO:tenpy.tools.params:DMRG: reading 'max_N_sites_per_ring'=18
INFO:tenpy.tools.params:DMRG: reading 'combine'=False
INFO:tenpy.tools.params:DMRG: subconfig 'lanczos_params'=Config(<9 options>, 'lanczos_params')
INFO:tenpy.tools.params:DMRG: reading 'chi_list'=None
INFO:tenpy.tools.params:DMRG: reading 'start_env'=1
INFO:tenpy.algorithms.mps_common:start environment_sweep
INFO:tenpy.tools.params:DMRG: reading 'N_sweeps_check'=10
INFO:tenpy.tools.params:DMRG: subconfig 'mixer_params'=Config(<3 options>, 'mixer_params')
INFO:tenpy.tools.params:DMRG: reading 'mixer'=None
INFO:tenpy.tools.params:DMRG: reading 'max_sweeps'=100
INFO:tenpy.tools.params:DMRG: reading 'max_hours'=8760
INFO:tenpy.tools.params:DMRG: reading 'P_tol_to_trunc'=0.05
INFO:tenpy.tools.params:DMRG: reading 'P_tol_min'=5.0000000000000004e-30
INFO:tenpy.tools.params:DMRG: reading 'P_tol_max'=0.0001
INFO:tenpy.tools.params:DMRG: reading 'E_tol_to_trunc'=None
INFO:tenpy.algorithms.dmrg:Running sweep with optimization
INFO:tenpy.tools.params:DMRG: reading 'max_N_for_ED'=400
INFO:tenpy.tools.params:DMRG: reading 'update_env'=5
INFO:tenpy.algorithms.mps_common:start environment_sweep
INFO:tenpy.algorithms.dmrg:checkpoint after sweep 10
energy=-0.5588777723910473, max S=2.6178506440891924, age=198, norm_err=6.9e-02
Current memory usage 217.6MB, wall time: 70.4s
Delta E = nan, Delta S = 1.4077e-01 (per sweep)
max trunc_err = 1.3379e-07, max E_trunc = -1.9146e-08
chi: [256, 256, 256, 256, 256, 256]
================================================================================
INFO:tenpy.algorithms.dmrg:Running sweep with optimization
INFO:tenpy.algorithms.mps_common:start environment_sweep
INFO:tenpy.algorithms.dmrg:checkpoint after sweep 20
energy=0.3611867250263667, max S=1.3976769585266897, age=378, norm_err=1.1e-02
Current memory usage 217.6MB, wall time: 72.0s
Delta E = 9.2006e-02, Delta S = -1.2226e-01 (per sweep)
max trunc_err = 8.3253e-08, max E_trunc = 3.3066e-08
chi: [256, 256, 256, 256, 256, 256]
================================================================================
INFO:tenpy.tools.params:DMRG: reading 'max_E_err'=1e-08
INFO:tenpy.tools.params:DMRG: reading 'max_S_err'=1e-05
INFO:tenpy.algorithms.dmrg:Running sweep with optimization
INFO:tenpy.algorithms.mps_common:start environment_sweep
INFO:tenpy.algorithms.dmrg:checkpoint after sweep 30
energy=0.2099321802077204, max S=1.2915765551897500, age=558, norm_err=9.1e-03
Current memory usage 217.6MB, wall time: 71.6s
Delta E = -1.5125e-02, Delta S = 2.1881e-03 (per sweep)
max trunc_err = 1.3327e-07, max E_trunc = -3.7179e-09
chi: [256, 256, 256, 256, 256, 256]
================================================================================
INFO:tenpy.algorithms.dmrg:Running sweep with optimization
INFO:tenpy.algorithms.mps_common:start environment_sweep
INFO:tenpy.algorithms.dmrg:checkpoint after sweep 40
energy=0.1165887859082157, max S=0.8701983545399459, age=738, norm_err=3.8e-03
Current memory usage 217.6MB, wall time: 71.5s
Delta E = -9.3343e-03, Delta S = -4.4668e-02 (per sweep)
max trunc_err = 1.8296e-08, max E_trunc = 3.8015e-09
chi: [256, 256, 256, 256, 256, 256]
================================================================================
INFO:tenpy.algorithms.dmrg:Running sweep with optimization
INFO:tenpy.algorithms.mps_common:start environment_sweep
INFO:tenpy.algorithms.dmrg:checkpoint after sweep 50
energy=0.0729131037741316, max S=1.4499651582197719, age=918, norm_err=3.1e-02
Current memory usage 217.6MB, wall time: 71.2s
Delta E = -4.3676e-03, Delta S = 4.4225e-02 (per sweep)
max trunc_err = 4.5749e-08, max E_trunc = 9.9112e-10
chi: [256, 256, 256, 256, 256, 256]
================================================================================
INFO:tenpy.algorithms.dmrg:Running sweep with optimization
INFO:tenpy.algorithms.mps_common:start environment_sweep
INFO:tenpy.algorithms.dmrg:checkpoint after sweep 60
energy=-0.7005983331861027, max S=2.6392280714216385, age=1098, norm_err=7.4e-02
Current memory usage 217.6MB, wall time: 72.0s
Delta E = -7.7351e-02, Delta S = 1.1066e-01 (per sweep)
max trunc_err = 4.8208e-08, max E_trunc = 1.6495e-08
chi: [256, 256, 256, 256, 256, 256]
================================================================================
INFO:tenpy.algorithms.dmrg:Running sweep with optimization
INFO:tenpy.algorithms.mps_common:start environment_sweep
INFO:tenpy.algorithms.dmrg:checkpoint after sweep 70
energy=-0.7041698463116196, max S=2.5774267648539135, age=1278, norm_err=1.0e-01
Current memory usage 217.6MB, wall time: 72.2s
Delta E = -3.5715e-04, Delta S = 1.1590e-03 (per sweep)
max trunc_err = 6.5643e-08, max E_trunc = 5.6456e-09
chi: [256, 256, 256, 256, 256, 256]
================================================================================
INFO:tenpy.algorithms.dmrg:Running sweep with optimization
INFO:tenpy.algorithms.mps_common:start environment_sweep
INFO:tenpy.algorithms.dmrg:checkpoint after sweep 80
energy=-0.7052690437485865, max S=2.5701101816910428, age=1458, norm_err=1.1e-01
Current memory usage 217.6MB, wall time: 72.7s
Delta E = -1.0992e-04, Delta S = 3.3535e-03 (per sweep)
max trunc_err = 4.1601e-08, max E_trunc = 4.4978e-09
chi: [256, 256, 256, 256, 256, 256]
================================================================================
INFO:tenpy.algorithms.dmrg:Running sweep with optimization
INFO:tenpy.algorithms.mps_common:start environment_sweep
INFO:tenpy.algorithms.dmrg:checkpoint after sweep 90
energy=-0.7001704341083155, max S=2.5527925709776182, age=1638, norm_err=4.7e-02
Current memory usage 217.6MB, wall time: 72.6s
Delta E = 5.0986e-04, Delta S = -6.5883e-03 (per sweep)
max trunc_err = 7.1847e-08, max E_trunc = 3.3327e-08
chi: [256, 256, 256, 256, 256, 256]
================================================================================
INFO:tenpy.algorithms.dmrg:Running sweep with optimization
INFO:tenpy.algorithms.mps_common:start environment_sweep
INFO:tenpy.algorithms.dmrg:checkpoint after sweep 100
energy=0.1984299660093522, max S=1.2350661338606885, age=1818, norm_err=2.9e-02
Current memory usage 217.6MB, wall time: 72.7s
Delta E = 8.9860e-02, Delta S = -1.2325e-01 (per sweep)
max trunc_err = 2.5327e-08, max E_trunc = 1.3511e-08
chi: [256, 256, 256, 256, 256, 256]
================================================================================
INFO:tenpy.algorithms.dmrg:Running sweep with optimization
INFO:tenpy.algorithms.mps_common:start environment_sweep
INFO:tenpy.algorithms.dmrg:checkpoint after sweep 110
energy=1.3620555343980338, max S=2.2025358388786356, age=1998, norm_err=1.8e-01
Current memory usage 217.6MB, wall time: 72.2s
Delta E = 1.1636e-01, Delta S = 8.1219e-02 (per sweep)
max trunc_err = 5.5840e-08, max E_trunc = 1.1157e-09
chi: [256, 256, 256, 256, 256, 256]
================================================================================
INFO:tenpy.algorithms.mps_common:TwoSiteDMRGEngine: Maximum number of sweeps reached
INFO:tenpy.tools.params:DMRG: reading 'norm_tol'=1e-05
INFO:tenpy.tools.params:DMRG: reading 'norm_tol_final'=1e-10
INFO:tenpy.tools.params:DMRG: reading 'norm_tol_iter'=5
WARNING:tenpy.algorithms.dmrg:final DMRG state not in canonical form up to norm_tol=1.00e-05: norm_err=1.85e-01
INFO:tenpy.algorithms.mps_common:start environment_sweep
INFO:tenpy.algorithms.mps_common:start environment_sweep
WARNING:tenpy.algorithms.dmrg:final DMRG state not in canonical form up to norm_tol_final=1.00e-10: norm_err=1.01e-07, calling psi.canonical_form()
INFO:tenpy.algorithms.dmrg:TwoSiteDMRGEngine finished after 110 sweeps, max chi=256
INFO:tenpy.tools.params:DMRG: reading 'max_trunc_err'=0.0001
INFO:tenpy.tools.params:MixedHofstadterLandauGauge_Pi_2: reading 'explicit_plus_hc'=False
INFO:tenpy.tools.params:MixedHofstadterLandauGauge_Pi_2: reading 'Lx'=2
INFO:tenpy.tools.params:MixedHofstadterLandauGauge_Pi_2: setting 'N_rings'=2
INFO:tenpy.tools.params:MixedHofstadterLandauGauge_Pi_2: reading 'xy_lattice'='Square'
INFO:tenpy.tools.params:MixedHofstadterLandauGauge_Pi_2: reading 'Ly'=3
INFO:tenpy.tools.params:MixedHofstadterLandauGauge_Pi_2: reading 'ring_order'=None
INFO:tenpy.tools.params:MixedHofstadterLandauGauge_Pi_2: reading 'conserve_k'=True
INFO:tenpy.tools.params:MixedHofstadterLandauGauge_Pi_2: reading 'bc_MPS'='infinite'
INFO:tenpy.tools.params:MixedHofstadterLandauGauge_Pi_2: reading 't'=-1
INFO:tenpy.tools.params:MixedHofstadterLandauGauge_Pi_2: reading 't2'=-0.25
INFO:tenpy.tools.params:MixedHofstadterLandauGauge_Pi_2: reading 'V1'=0.6
INFO:tenpy.tools.params:MixedHofstadterLandauGauge_Pi_2: reading 'phi_ext'=np.float64(2.15)
INFO:tenpy.tools.params:MixedHofstadterLandauGauge_Pi_2: reading 'sort_mpo_legs'=False
/home/t30/kna/ge54yin/Documents/MasterThesisFQHinTMDs/MPS_stuff/MPScalculations/.venv/lib/python3.12/site-packages/tenpy/tools/params.py:232: UserWarning: unused options for config MixedHofstadterLandauGauge_Pi_2:
['Delta', 'N_rings', 'Nsec', 'bc', 'chi_max', 'ktot', 'saveAll']
  warnings.warn(msg.format(keys=sorted(unused), name=self.name))
INFO:tenpy.tools.params:DMRG: reading 'active_sites'=2
INFO:tenpy.tools.params:DMRG: reading 'diag_method'='default'
INFO:tenpy.tools.params:DMRG: subconfig 'trunc_params'=Config(<5 options>, 'trunc_params')
INFO:tenpy.tools.params:DMRG: reading 'max_N_sites_per_ring'=18
INFO:tenpy.tools.params:DMRG: reading 'combine'=False
INFO:tenpy.tools.params:DMRG: subconfig 'lanczos_params'=Config(<9 options>, 'lanczos_params')
INFO:tenpy.tools.params:DMRG: reading 'chi_list'=None
INFO:tenpy.tools.params:DMRG: reading 'start_env'=1
INFO:tenpy.algorithms.mps_common:start environment_sweep
INFO:tenpy.tools.params:DMRG: reading 'N_sweeps_check'=10
INFO:tenpy.tools.params:DMRG: subconfig 'mixer_params'=Config(<3 options>, 'mixer_params')
INFO:tenpy.tools.params:DMRG: reading 'mixer'=None
INFO:tenpy.tools.params:DMRG: reading 'max_sweeps'=100
INFO:tenpy.tools.params:DMRG: reading 'max_hours'=8760
INFO:tenpy.tools.params:DMRG: reading 'P_tol_to_trunc'=0.05
INFO:tenpy.tools.params:DMRG: reading 'P_tol_min'=5.0000000000000004e-30
INFO:tenpy.tools.params:DMRG: reading 'P_tol_max'=0.0001
INFO:tenpy.tools.params:DMRG: reading 'E_tol_to_trunc'=None
INFO:tenpy.algorithms.dmrg:Running sweep with optimization
INFO:tenpy.tools.params:DMRG: reading 'max_N_for_ED'=400
INFO:tenpy.tools.params:DMRG: reading 'update_env'=5
INFO:tenpy.algorithms.mps_common:start environment_sweep
INFO:tenpy.algorithms.dmrg:checkpoint after sweep 10
energy=0.1825861767848593, max S=1.4480390169784645, age=198, norm_err=2.2e-02
Current memory usage 217.6MB, wall time: 66.9s
Delta E = nan, Delta S = 2.6474e-02 (per sweep)
max trunc_err = 2.8564e-08, max E_trunc = 7.6300e-10
chi: [256, 256, 256, 256, 256, 256]
================================================================================
INFO:tenpy.algorithms.dmrg:Running sweep with optimization
INFO:tenpy.algorithms.mps_common:start environment_sweep
INFO:tenpy.algorithms.dmrg:checkpoint after sweep 20
energy=0.5337013779978838, max S=0.5123523730164815, age=378, norm_err=1.2e-02
Current memory usage 217.6MB, wall time: 70.7s
Delta E = 3.5112e-02, Delta S = -8.9361e-02 (per sweep)
max trunc_err = 7.3052e-08, max E_trunc = 1.2251e-08
chi: [256, 256, 256, 256, 256, 256]
================================================================================
INFO:tenpy.tools.params:DMRG: reading 'max_E_err'=1e-08
INFO:tenpy.tools.params:DMRG: reading 'max_S_err'=1e-05
INFO:tenpy.algorithms.dmrg:Running sweep with optimization
INFO:tenpy.algorithms.mps_common:start environment_sweep
INFO:tenpy.algorithms.dmrg:checkpoint after sweep 30
energy=0.6096768143825860, max S=1.2331304846141515, age=558, norm_err=4.2e-02
Current memory usage 217.6MB, wall time: 73.3s
Delta E = 7.5975e-03, Delta S = 6.9014e-02 (per sweep)
max trunc_err = 6.4127e-08, max E_trunc = 1.2630e-08
chi: [256, 256, 256, 256, 256, 256]
================================================================================
INFO:tenpy.algorithms.dmrg:Running sweep with optimization
INFO:tenpy.algorithms.mps_common:start environment_sweep
INFO:tenpy.algorithms.dmrg:checkpoint after sweep 40
energy=0.3768512765246186, max S=0.2901238679553625, age=738, norm_err=3.7e-03
Current memory usage 217.6MB, wall time: 73.3s
Delta E = -2.3283e-02, Delta S = -7.8656e-02 (per sweep)
max trunc_err = 2.1965e-08, max E_trunc = 2.6823e-08
chi: [256, 256, 256, 256, 256, 256]
================================================================================
INFO:tenpy.algorithms.dmrg:Running sweep with optimization
INFO:tenpy.algorithms.mps_common:start environment_sweep
INFO:tenpy.algorithms.dmrg:checkpoint after sweep 50
energy=-0.6484833310726685, max S=2.5229925450229427, age=918, norm_err=8.0e-02
Current memory usage 217.6MB, wall time: 72.3s
Delta E = -1.0253e-01, Delta S = 1.9747e-01 (per sweep)
max trunc_err = 1.4409e-08, max E_trunc = 1.7693e-08
chi: [256, 256, 256, 256, 256, 256]
================================================================================
INFO:tenpy.algorithms.dmrg:Running sweep with optimization
INFO:tenpy.algorithms.mps_common:start environment_sweep
INFO:tenpy.algorithms.dmrg:checkpoint after sweep 60
energy=-0.6914853228396964, max S=2.3342158844178380, age=1098, norm_err=3.6e-02
Current memory usage 217.6MB, wall time: 72.2s
Delta E = -4.3002e-03, Delta S = -2.2187e-02 (per sweep)
max trunc_err = 8.1843e-08, max E_trunc = 9.3622e-09
chi: [256, 256, 256, 256, 256, 256]
================================================================================
INFO:tenpy.algorithms.dmrg:Running sweep with optimization
INFO:tenpy.algorithms.mps_common:start environment_sweep
INFO:tenpy.algorithms.dmrg:checkpoint after sweep 70
energy=-0.6976655123386498, max S=2.3617401050091944, age=1278, norm_err=4.8e-02
Current memory usage 217.6MB, wall time: 73.0s
Delta E = -6.1802e-04, Delta S = 3.1157e-03 (per sweep)
max trunc_err = 8.2617e-08, max E_trunc = 1.3233e-08
chi: [256, 256, 256, 256, 256, 256]
================================================================================
INFO:tenpy.algorithms.dmrg:Running sweep with optimization
INFO:tenpy.algorithms.mps_common:start environment_sweep
INFO:tenpy.algorithms.dmrg:checkpoint after sweep 80
energy=-0.6539027880531970, max S=2.3346056323398319, age=1458, norm_err=2.9e-02
Current memory usage 217.6MB, wall time: 72.6s
Delta E = 4.3763e-03, Delta S = -5.4076e-03 (per sweep)
max trunc_err = 6.7757e-08, max E_trunc = 3.1168e-09
chi: [256, 256, 256, 256, 256, 256]
================================================================================
INFO:tenpy.algorithms.dmrg:Running sweep with optimization
INFO:tenpy.algorithms.mps_common:start environment_sweep
INFO:tenpy.algorithms.dmrg:checkpoint after sweep 90
energy=-0.7002119947902088, max S=2.3251427920029752, age=1638, norm_err=6.3e-02
Current memory usage 217.6MB, wall time: 73.0s
Delta E = -4.6309e-03, Delta S = -1.5767e-03 (per sweep)
max trunc_err = 9.4201e-08, max E_trunc = 1.5938e-08
chi: [256, 256, 256, 256, 256, 256]
================================================================================
INFO:tenpy.algorithms.dmrg:Running sweep with optimization
INFO:tenpy.algorithms.mps_common:start environment_sweep
INFO:tenpy.algorithms.dmrg:checkpoint after sweep 100
energy=-0.7001406593001699, max S=2.3980785226929018, age=1818, norm_err=3.2e-02
Current memory usage 217.6MB, wall time: 72.7s
Delta E = 7.1335e-06, Delta S = 1.0938e-02 (per sweep)
max trunc_err = 1.5681e-07, max E_trunc = 3.9688e-09
chi: [256, 256, 256, 256, 256, 256]
================================================================================
INFO:tenpy.algorithms.dmrg:Running sweep with optimization
INFO:tenpy.algorithms.mps_common:start environment_sweep
INFO:tenpy.algorithms.dmrg:checkpoint after sweep 110
energy=-0.6983330023025852, max S=2.4593889866584382, age=1998, norm_err=3.5e-02
Current memory usage 217.6MB, wall time: 72.7s
Delta E = 1.8077e-04, Delta S = 3.9192e-03 (per sweep)
max trunc_err = 9.2635e-08, max E_trunc = 2.5063e-09
chi: [256, 256, 256, 256, 256, 256]
================================================================================
INFO:tenpy.algorithms.mps_common:TwoSiteDMRGEngine: Maximum number of sweeps reached
INFO:tenpy.tools.params:DMRG: reading 'norm_tol'=1e-05
INFO:tenpy.tools.params:DMRG: reading 'norm_tol_final'=1e-10
INFO:tenpy.tools.params:DMRG: reading 'norm_tol_iter'=5
WARNING:tenpy.algorithms.dmrg:final DMRG state not in canonical form up to norm_tol=1.00e-05: norm_err=3.51e-02
INFO:tenpy.algorithms.mps_common:start environment_sweep
INFO:tenpy.algorithms.mps_common:start environment_sweep
WARNING:tenpy.algorithms.dmrg:final DMRG state not in canonical form up to norm_tol_final=1.00e-10: norm_err=8.26e-06, calling psi.canonical_form()
INFO:tenpy.algorithms.dmrg:TwoSiteDMRGEngine finished after 110 sweeps, max chi=256
INFO:tenpy.tools.params:DMRG: reading 'max_trunc_err'=0.0001
INFO:tenpy.tools.params:MixedHofstadterLandauGauge_Pi_2: reading 'explicit_plus_hc'=False
INFO:tenpy.tools.params:MixedHofstadterLandauGauge_Pi_2: reading 'Lx'=2
INFO:tenpy.tools.params:MixedHofstadterLandauGauge_Pi_2: setting 'N_rings'=2
INFO:tenpy.tools.params:MixedHofstadterLandauGauge_Pi_2: reading 'xy_lattice'='Square'
INFO:tenpy.tools.params:MixedHofstadterLandauGauge_Pi_2: reading 'Ly'=3
INFO:tenpy.tools.params:MixedHofstadterLandauGauge_Pi_2: reading 'ring_order'=None
INFO:tenpy.tools.params:MixedHofstadterLandauGauge_Pi_2: reading 'conserve_k'=True
INFO:tenpy.tools.params:MixedHofstadterLandauGauge_Pi_2: reading 'bc_MPS'='infinite'
INFO:tenpy.tools.params:MixedHofstadterLandauGauge_Pi_2: reading 't'=-1
INFO:tenpy.tools.params:MixedHofstadterLandauGauge_Pi_2: reading 't2'=-0.25
INFO:tenpy.tools.params:MixedHofstadterLandauGauge_Pi_2: reading 'V1'=0.6
INFO:tenpy.tools.params:MixedHofstadterLandauGauge_Pi_2: reading 'phi_ext'=np.float64(2.2)
INFO:tenpy.tools.params:MixedHofstadterLandauGauge_Pi_2: reading 'sort_mpo_legs'=False
/home/t30/kna/ge54yin/Documents/MasterThesisFQHinTMDs/MPS_stuff/MPScalculations/.venv/lib/python3.12/site-packages/tenpy/tools/params.py:232: UserWarning: unused options for config MixedHofstadterLandauGauge_Pi_2:
['Delta', 'N_rings', 'Nsec', 'bc', 'chi_max', 'ktot', 'saveAll']
  warnings.warn(msg.format(keys=sorted(unused), name=self.name))
INFO:tenpy.tools.params:DMRG: reading 'active_sites'=2
INFO:tenpy.tools.params:DMRG: reading 'diag_method'='default'
INFO:tenpy.tools.params:DMRG: subconfig 'trunc_params'=Config(<5 options>, 'trunc_params')
INFO:tenpy.tools.params:DMRG: reading 'max_N_sites_per_ring'=18
INFO:tenpy.tools.params:DMRG: reading 'combine'=False
INFO:tenpy.tools.params:DMRG: subconfig 'lanczos_params'=Config(<9 options>, 'lanczos_params')
INFO:tenpy.tools.params:DMRG: reading 'chi_list'=None
INFO:tenpy.tools.params:DMRG: reading 'start_env'=1
INFO:tenpy.algorithms.mps_common:start environment_sweep
INFO:tenpy.tools.params:DMRG: reading 'N_sweeps_check'=10
INFO:tenpy.tools.params:DMRG: subconfig 'mixer_params'=Config(<3 options>, 'mixer_params')
INFO:tenpy.tools.params:DMRG: reading 'mixer'=None
INFO:tenpy.tools.params:DMRG: reading 'max_sweeps'=100
INFO:tenpy.tools.params:DMRG: reading 'max_hours'=8760
INFO:tenpy.tools.params:DMRG: reading 'P_tol_to_trunc'=0.05
INFO:tenpy.tools.params:DMRG: reading 'P_tol_min'=5.0000000000000004e-30
INFO:tenpy.tools.params:DMRG: reading 'P_tol_max'=0.0001
INFO:tenpy.tools.params:DMRG: reading 'E_tol_to_trunc'=None
INFO:tenpy.algorithms.dmrg:Running sweep with optimization
INFO:tenpy.tools.params:DMRG: reading 'max_N_for_ED'=400
INFO:tenpy.tools.params:DMRG: reading 'update_env'=5
INFO:tenpy.algorithms.mps_common:start environment_sweep
INFO:tenpy.algorithms.dmrg:checkpoint after sweep 10
energy=-0.6729803082167246, max S=2.9587125679872122, age=198, norm_err=5.3e-02
Current memory usage 217.6MB, wall time: 71.4s
Delta E = nan, Delta S = 5.4762e-02 (per sweep)
max trunc_err = 8.8032e-08, max E_trunc = 1.5617e-08
chi: [256, 256, 256, 256, 256, 256]
================================================================================
INFO:tenpy.algorithms.dmrg:Running sweep with optimization
INFO:tenpy.algorithms.mps_common:start environment_sweep
INFO:tenpy.algorithms.dmrg:checkpoint after sweep 20
energy=0.7805768095056015, max S=0.7717806741898134, age=378, norm_err=1.4e-03
Current memory usage 217.6MB, wall time: 73.2s
Delta E = 1.4536e-01, Delta S = -2.2287e-01 (per sweep)
max trunc_err = 6.1704e-08, max E_trunc = 1.1987e-08
chi: [256, 256, 256, 256, 256, 256]
================================================================================
INFO:tenpy.tools.params:DMRG: reading 'max_E_err'=1e-08
INFO:tenpy.tools.params:DMRG: reading 'max_S_err'=1e-05
INFO:tenpy.algorithms.dmrg:Running sweep with optimization
INFO:tenpy.algorithms.mps_common:start environment_sweep
INFO:tenpy.algorithms.dmrg:checkpoint after sweep 30
energy=0.2416863606628681, max S=1.3992706089157980, age=558, norm_err=2.0e-02
Current memory usage 217.6MB, wall time: 70.2s
Delta E = -5.3889e-02, Delta S = 6.0877e-02 (per sweep)
max trunc_err = 2.0301e-08, max E_trunc = 5.4962e-10
chi: [256, 256, 256, 256, 256, 256]
================================================================================
INFO:tenpy.algorithms.dmrg:Running sweep with optimization
INFO:tenpy.algorithms.mps_common:start environment_sweep
INFO:tenpy.algorithms.dmrg:checkpoint after sweep 40
energy=-0.6166460844961771, max S=2.6676050471299888, age=738, norm_err=5.5e-02
Current memory usage 217.6MB, wall time: 71.9s
Delta E = -8.5833e-02, Delta S = 1.3524e-01 (per sweep)
max trunc_err = 7.6558e-08, max E_trunc = 6.9809e-10
chi: [256, 256, 256, 256, 256, 256]
================================================================================
INFO:tenpy.algorithms.dmrg:Running sweep with optimization
INFO:tenpy.algorithms.mps_common:start environment_sweep
INFO:tenpy.algorithms.dmrg:checkpoint after sweep 50
energy=-0.6816273195195777, max S=2.3331912601576836, age=918, norm_err=2.0e-02
Current memory usage 217.6MB, wall time: 73.0s
Delta E = -6.4981e-03, Delta S = -3.7832e-02 (per sweep)
max trunc_err = 1.7122e-07, max E_trunc = 2.6153e-09
chi: [256, 256, 256, 256, 256, 256]
================================================================================
INFO:tenpy.algorithms.dmrg:Running sweep with optimization
INFO:tenpy.algorithms.mps_common:start environment_sweep
INFO:tenpy.algorithms.dmrg:checkpoint after sweep 60
energy=-0.0186103823444720, max S=1.2934995312025936, age=1098, norm_err=1.0e-02
Current memory usage 217.6MB, wall time: 73.0s
Delta E = 6.6302e-02, Delta S = -9.6852e-02 (per sweep)
max trunc_err = 1.5121e-08, max E_trunc = 1.4967e-08
chi: [256, 256, 256, 256, 256, 256]
================================================================================
INFO:tenpy.algorithms.dmrg:Running sweep with optimization
INFO:tenpy.algorithms.mps_common:start environment_sweep
INFO:tenpy.algorithms.dmrg:checkpoint after sweep 70
energy=-0.5101698857257778, max S=2.7641776089455874, age=1278, norm_err=1.8e-01
Current memory usage 217.6MB, wall time: 73.2s
Delta E = -4.9156e-02, Delta S = 1.3855e-01 (per sweep)
max trunc_err = 7.6505e-08, max E_trunc = 1.9113e-09
chi: [256, 256, 256, 256, 256, 256]
================================================================================
INFO:tenpy.algorithms.dmrg:Running sweep with optimization
INFO:tenpy.algorithms.mps_common:start environment_sweep
INFO:tenpy.algorithms.dmrg:checkpoint after sweep 80
energy=-0.6717223996290139, max S=2.6523566383396777, age=1458, norm_err=8.1e-02
Current memory usage 217.6MB, wall time: 73.2s
Delta E = -1.6155e-02, Delta S = -9.4367e-03 (per sweep)
max trunc_err = 5.2171e-08, max E_trunc = 1.6704e-09
chi: [256, 256, 256, 256, 256, 256]
================================================================================
INFO:tenpy.algorithms.dmrg:Running sweep with optimization
INFO:tenpy.algorithms.mps_common:start environment_sweep
INFO:tenpy.algorithms.dmrg:checkpoint after sweep 90
energy=-0.6959256163667457, max S=2.4927421813509536, age=1638, norm_err=4.7e-02
Current memory usage 217.6MB, wall time: 73.0s
Delta E = -2.4203e-03, Delta S = -1.3077e-02 (per sweep)
max trunc_err = 4.8511e-08, max E_trunc = 8.9233e-09
chi: [256, 256, 256, 256, 256, 256]
================================================================================
INFO:tenpy.algorithms.dmrg:Running sweep with optimization
INFO:tenpy.algorithms.mps_common:start environment_sweep
INFO:tenpy.algorithms.dmrg:checkpoint after sweep 100
energy=1.6619249519912387, max S=1.1839603237969671, age=1818, norm_err=1.3e-01
Current memory usage 217.6MB, wall time: 72.6s
Delta E = 2.3579e-01, Delta S = -1.1822e-01 (per sweep)
max trunc_err = 1.1427e-07, max E_trunc = 2.5445e-09
chi: [256, 256, 256, 255, 256, 256]
================================================================================
INFO:tenpy.algorithms.dmrg:Running sweep with optimization
INFO:tenpy.algorithms.mps_common:start environment_sweep
INFO:tenpy.algorithms.dmrg:checkpoint after sweep 110
energy=0.9371198559527253, max S=2.1149799905821598, age=1998, norm_err=1.4e-01
Current memory usage 217.6MB, wall time: 71.8s
Delta E = -7.2481e-02, Delta S = 8.5485e-02 (per sweep)
max trunc_err = 6.6103e-08, max E_trunc = -2.6125e-10
chi: [256, 256, 256, 256, 256, 256]
================================================================================
INFO:tenpy.algorithms.mps_common:TwoSiteDMRGEngine: Maximum number of sweeps reached
INFO:tenpy.tools.params:DMRG: reading 'norm_tol'=1e-05
INFO:tenpy.tools.params:DMRG: reading 'norm_tol_final'=1e-10
INFO:tenpy.tools.params:DMRG: reading 'norm_tol_iter'=5
WARNING:tenpy.algorithms.dmrg:final DMRG state not in canonical form up to norm_tol=1.00e-05: norm_err=1.42e-01
INFO:tenpy.algorithms.mps_common:start environment_sweep
INFO:tenpy.algorithms.mps_common:start environment_sweep
INFO:tenpy.algorithms.mps_common:start environment_sweep
INFO:tenpy.algorithms.mps_common:start environment_sweep
INFO:tenpy.algorithms.mps_common:start environment_sweep
WARNING:tenpy.algorithms.dmrg:final DMRG state not in canonical form up to norm_tol_final=1.00e-10: norm_err=1.93e-06, calling psi.canonical_form()
INFO:tenpy.algorithms.dmrg:TwoSiteDMRGEngine finished after 110 sweeps, max chi=256
INFO:tenpy.tools.params:DMRG: reading 'max_trunc_err'=0.0001
INFO:tenpy.tools.params:MixedHofstadterLandauGauge_Pi_2: reading 'explicit_plus_hc'=False
INFO:tenpy.tools.params:MixedHofstadterLandauGauge_Pi_2: reading 'Lx'=2
INFO:tenpy.tools.params:MixedHofstadterLandauGauge_Pi_2: setting 'N_rings'=2
INFO:tenpy.tools.params:MixedHofstadterLandauGauge_Pi_2: reading 'xy_lattice'='Square'
INFO:tenpy.tools.params:MixedHofstadterLandauGauge_Pi_2: reading 'Ly'=3
INFO:tenpy.tools.params:MixedHofstadterLandauGauge_Pi_2: reading 'ring_order'=None
INFO:tenpy.tools.params:MixedHofstadterLandauGauge_Pi_2: reading 'conserve_k'=True
INFO:tenpy.tools.params:MixedHofstadterLandauGauge_Pi_2: reading 'bc_MPS'='infinite'
INFO:tenpy.tools.params:MixedHofstadterLandauGauge_Pi_2: reading 't'=-1
INFO:tenpy.tools.params:MixedHofstadterLandauGauge_Pi_2: reading 't2'=-0.25
INFO:tenpy.tools.params:MixedHofstadterLandauGauge_Pi_2: reading 'V1'=0.6
INFO:tenpy.tools.params:MixedHofstadterLandauGauge_Pi_2: reading 'phi_ext'=np.float64(2.25)
INFO:tenpy.tools.params:MixedHofstadterLandauGauge_Pi_2: reading 'sort_mpo_legs'=False
/home/t30/kna/ge54yin/Documents/MasterThesisFQHinTMDs/MPS_stuff/MPScalculations/.venv/lib/python3.12/site-packages/tenpy/tools/params.py:232: UserWarning: unused options for config MixedHofstadterLandauGauge_Pi_2:
['Delta', 'N_rings', 'Nsec', 'bc', 'chi_max', 'ktot', 'saveAll']
  warnings.warn(msg.format(keys=sorted(unused), name=self.name))
INFO:tenpy.tools.params:DMRG: reading 'active_sites'=2
INFO:tenpy.tools.params:DMRG: reading 'diag_method'='default'
INFO:tenpy.tools.params:DMRG: subconfig 'trunc_params'=Config(<5 options>, 'trunc_params')
INFO:tenpy.tools.params:DMRG: reading 'max_N_sites_per_ring'=18
INFO:tenpy.tools.params:DMRG: reading 'combine'=False
INFO:tenpy.tools.params:DMRG: subconfig 'lanczos_params'=Config(<9 options>, 'lanczos_params')
INFO:tenpy.tools.params:DMRG: reading 'chi_list'=None
INFO:tenpy.tools.params:DMRG: reading 'start_env'=1
INFO:tenpy.algorithms.mps_common:start environment_sweep
INFO:tenpy.tools.params:DMRG: reading 'N_sweeps_check'=10
INFO:tenpy.tools.params:DMRG: subconfig 'mixer_params'=Config(<3 options>, 'mixer_params')
INFO:tenpy.tools.params:DMRG: reading 'mixer'=None
INFO:tenpy.tools.params:DMRG: reading 'max_sweeps'=100
INFO:tenpy.tools.params:DMRG: reading 'max_hours'=8760
INFO:tenpy.tools.params:DMRG: reading 'P_tol_to_trunc'=0.05
INFO:tenpy.tools.params:DMRG: reading 'P_tol_min'=5.0000000000000004e-30
INFO:tenpy.tools.params:DMRG: reading 'P_tol_max'=0.0001
INFO:tenpy.tools.params:DMRG: reading 'E_tol_to_trunc'=None
INFO:tenpy.algorithms.dmrg:Running sweep with optimization
INFO:tenpy.tools.params:DMRG: reading 'max_N_for_ED'=400
INFO:tenpy.tools.params:DMRG: reading 'update_env'=5
INFO:tenpy.algorithms.mps_common:start environment_sweep
INFO:tenpy.algorithms.dmrg:checkpoint after sweep 10
energy=0.3123144331358271, max S=1.6569687448203845, age=198, norm_err=1.9e-02
Current memory usage 217.6MB, wall time: 62.3s
Delta E = nan, Delta S = -7.6238e-04 (per sweep)
max trunc_err = 6.3200e-08, max E_trunc = 8.5231e-10
chi: [256, 256, 256, 256, 256, 256]
================================================================================
INFO:tenpy.algorithms.dmrg:Running sweep with optimization
INFO:tenpy.algorithms.mps_common:start environment_sweep
INFO:tenpy.algorithms.dmrg:checkpoint after sweep 20
energy=0.3380020053839890, max S=1.7830258589934576, age=378, norm_err=5.8e-02
Current memory usage 217.6MB, wall time: 62.9s
Delta E = 2.5688e-03, Delta S = 1.5475e-02 (per sweep)
max trunc_err = 1.9205e-08, max E_trunc = -1.0033e-08
chi: [256, 256, 256, 256, 256, 256]
================================================================================
INFO:tenpy.tools.params:DMRG: reading 'max_E_err'=1e-08
INFO:tenpy.tools.params:DMRG: reading 'max_S_err'=1e-05
INFO:tenpy.algorithms.dmrg:Running sweep with optimization
INFO:tenpy.algorithms.mps_common:start environment_sweep
INFO:tenpy.algorithms.dmrg:checkpoint after sweep 30
energy=0.8380018980556135, max S=0.7981477045662119, age=558, norm_err=1.3e-02
Current memory usage 217.6MB, wall time: 62.7s
Delta E = 5.0000e-02, Delta S = -1.0554e-01 (per sweep)
max trunc_err = 2.0271e-08, max E_trunc = 8.0490e-10
chi: [256, 256, 256, 256, 256, 256]
================================================================================
INFO:tenpy.algorithms.dmrg:Running sweep with optimization
INFO:tenpy.algorithms.mps_common:start environment_sweep
INFO:tenpy.algorithms.dmrg:checkpoint after sweep 40
energy=0.2642044489238866, max S=1.1687699459465026, age=738, norm_err=2.5e-02
Current memory usage 217.6MB, wall time: 65.9s
Delta E = -5.7380e-02, Delta S = 4.9074e-02 (per sweep)
max trunc_err = 2.9819e-08, max E_trunc = 2.8442e-09
chi: [256, 256, 256, 256, 256, 256]
================================================================================
INFO:tenpy.algorithms.dmrg:Running sweep with optimization
INFO:tenpy.algorithms.mps_common:start environment_sweep
INFO:tenpy.algorithms.dmrg:checkpoint after sweep 50
energy=-0.6029043662200309, max S=0.7524112947233884, age=918, norm_err=2.7e-05
Current memory usage 217.6MB, wall time: 73.7s
Delta E = -8.6711e-02, Delta S = -5.6658e-02 (per sweep)
max trunc_err = 5.3481e-08, max E_trunc = 6.5211e-10
chi: [256, 256, 256, 256, 256, 256]
================================================================================
INFO:tenpy.algorithms.dmrg:Running sweep with optimization
INFO:tenpy.algorithms.mps_common:start environment_sweep
INFO:tenpy.algorithms.dmrg:checkpoint after sweep 60
energy=-0.4220377779024507, max S=3.0048374625144394, age=1098, norm_err=5.4e-02
Current memory usage 217.6MB, wall time: 71.4s
Delta E = 1.8087e-02, Delta S = 2.3001e-01 (per sweep)
max trunc_err = 2.0282e-08, max E_trunc = 4.9643e-08
chi: [256, 256, 256, 256, 256, 256]
================================================================================
INFO:tenpy.algorithms.dmrg:Running sweep with optimization
INFO:tenpy.algorithms.mps_common:start environment_sweep
INFO:tenpy.algorithms.dmrg:checkpoint after sweep 70
energy=-0.6767818743275503, max S=2.9620707848906935, age=1278, norm_err=6.2e-02
Current memory usage 217.6MB, wall time: 71.9s
Delta E = -2.5474e-02, Delta S = -8.2663e-03 (per sweep)
max trunc_err = 5.3141e-08, max E_trunc = 7.0800e-09
chi: [256, 256, 256, 256, 256, 256]
================================================================================
INFO:tenpy.algorithms.dmrg:Running sweep with optimization
INFO:tenpy.algorithms.mps_common:start environment_sweep
INFO:tenpy.algorithms.dmrg:checkpoint after sweep 80
energy=-0.6727130179182552, max S=3.0085927858112820, age=1458, norm_err=5.6e-02
Current memory usage 217.6MB, wall time: 72.5s
Delta E = 4.0689e-04, Delta S = 6.6643e-04 (per sweep)
max trunc_err = 3.1373e-08, max E_trunc = 5.8190e-08
chi: [256, 256, 256, 256, 256, 256]
================================================================================
INFO:tenpy.algorithms.dmrg:Running sweep with optimization
INFO:tenpy.algorithms.mps_common:start environment_sweep
INFO:tenpy.algorithms.dmrg:checkpoint after sweep 90
energy=-0.6629974468231694, max S=3.1062809022559552, age=1638, norm_err=2.4e-02
Current memory usage 217.6MB, wall time: 72.8s
Delta E = 9.7156e-04, Delta S = 1.3403e-02 (per sweep)
max trunc_err = 6.2794e-08, max E_trunc = 1.8727e-08
chi: [256, 256, 256, 256, 256, 256]
================================================================================
INFO:tenpy.algorithms.dmrg:Running sweep with optimization
INFO:tenpy.algorithms.mps_common:start environment_sweep
INFO:tenpy.algorithms.dmrg:checkpoint after sweep 100
energy=0.1797594678333591, max S=0.6176389304130291, age=1818, norm_err=3.7e-03
Current memory usage 217.6MB, wall time: 72.4s
Delta E = 8.4276e-02, Delta S = -2.3289e-01 (per sweep)
max trunc_err = 1.4076e-08, max E_trunc = 2.7150e-08
chi: [256, 256, 256, 256, 256, 256]
================================================================================
INFO:tenpy.algorithms.dmrg:Running sweep with optimization
INFO:tenpy.algorithms.mps_common:start environment_sweep
INFO:tenpy.algorithms.dmrg:checkpoint after sweep 110
energy=-0.6789638346169417, max S=2.8189388441304808, age=1998, norm_err=9.6e-02
Current memory usage 217.6MB, wall time: 72.7s
Delta E = -8.5872e-02, Delta S = 2.0377e-01 (per sweep)
max trunc_err = 3.2156e-08, max E_trunc = -6.9826e-10
chi: [256, 256, 256, 256, 256, 256]
================================================================================
INFO:tenpy.algorithms.mps_common:TwoSiteDMRGEngine: Maximum number of sweeps reached
INFO:tenpy.tools.params:DMRG: reading 'norm_tol'=1e-05
INFO:tenpy.tools.params:DMRG: reading 'norm_tol_final'=1e-10
INFO:tenpy.tools.params:DMRG: reading 'norm_tol_iter'=5
WARNING:tenpy.algorithms.dmrg:final DMRG state not in canonical form up to norm_tol=1.00e-05: norm_err=9.60e-02
INFO:tenpy.algorithms.mps_common:start environment_sweep
INFO:tenpy.algorithms.mps_common:start environment_sweep
INFO:tenpy.algorithms.mps_common:start environment_sweep
INFO:tenpy.algorithms.mps_common:start environment_sweep
WARNING:tenpy.algorithms.dmrg:final DMRG state not in canonical form up to norm_tol_final=1.00e-10: norm_err=1.53e-06, calling psi.canonical_form()
INFO:tenpy.algorithms.dmrg:TwoSiteDMRGEngine finished after 110 sweeps, max chi=256
INFO:tenpy.tools.params:DMRG: reading 'max_trunc_err'=0.0001
INFO:tenpy.tools.params:MixedHofstadterLandauGauge_Pi_2: reading 'explicit_plus_hc'=False
INFO:tenpy.tools.params:MixedHofstadterLandauGauge_Pi_2: reading 'Lx'=2
INFO:tenpy.tools.params:MixedHofstadterLandauGauge_Pi_2: setting 'N_rings'=2
INFO:tenpy.tools.params:MixedHofstadterLandauGauge_Pi_2: reading 'xy_lattice'='Square'
INFO:tenpy.tools.params:MixedHofstadterLandauGauge_Pi_2: reading 'Ly'=3
INFO:tenpy.tools.params:MixedHofstadterLandauGauge_Pi_2: reading 'ring_order'=None
INFO:tenpy.tools.params:MixedHofstadterLandauGauge_Pi_2: reading 'conserve_k'=True
INFO:tenpy.tools.params:MixedHofstadterLandauGauge_Pi_2: reading 'bc_MPS'='infinite'
INFO:tenpy.tools.params:MixedHofstadterLandauGauge_Pi_2: reading 't'=-1
INFO:tenpy.tools.params:MixedHofstadterLandauGauge_Pi_2: reading 't2'=-0.25
INFO:tenpy.tools.params:MixedHofstadterLandauGauge_Pi_2: reading 'V1'=0.6
INFO:tenpy.tools.params:MixedHofstadterLandauGauge_Pi_2: reading 'phi_ext'=np.float64(2.3000000000000003)
INFO:tenpy.tools.params:MixedHofstadterLandauGauge_Pi_2: reading 'sort_mpo_legs'=False
/home/t30/kna/ge54yin/Documents/MasterThesisFQHinTMDs/MPS_stuff/MPScalculations/.venv/lib/python3.12/site-packages/tenpy/tools/params.py:232: UserWarning: unused options for config MixedHofstadterLandauGauge_Pi_2:
['Delta', 'N_rings', 'Nsec', 'bc', 'chi_max', 'ktot', 'saveAll']
  warnings.warn(msg.format(keys=sorted(unused), name=self.name))
INFO:tenpy.tools.params:DMRG: reading 'active_sites'=2
INFO:tenpy.tools.params:DMRG: reading 'diag_method'='default'
INFO:tenpy.tools.params:DMRG: subconfig 'trunc_params'=Config(<5 options>, 'trunc_params')
INFO:tenpy.tools.params:DMRG: reading 'max_N_sites_per_ring'=18
INFO:tenpy.tools.params:DMRG: reading 'combine'=False
INFO:tenpy.tools.params:DMRG: subconfig 'lanczos_params'=Config(<9 options>, 'lanczos_params')
INFO:tenpy.tools.params:DMRG: reading 'chi_list'=None
INFO:tenpy.tools.params:DMRG: reading 'start_env'=1
INFO:tenpy.algorithms.mps_common:start environment_sweep
INFO:tenpy.tools.params:DMRG: reading 'N_sweeps_check'=10
INFO:tenpy.tools.params:DMRG: subconfig 'mixer_params'=Config(<3 options>, 'mixer_params')
INFO:tenpy.tools.params:DMRG: reading 'mixer'=None
INFO:tenpy.tools.params:DMRG: reading 'max_sweeps'=100
INFO:tenpy.tools.params:DMRG: reading 'max_hours'=8760
INFO:tenpy.tools.params:DMRG: reading 'P_tol_to_trunc'=0.05
INFO:tenpy.tools.params:DMRG: reading 'P_tol_min'=5.0000000000000004e-30
INFO:tenpy.tools.params:DMRG: reading 'P_tol_max'=0.0001
INFO:tenpy.tools.params:DMRG: reading 'E_tol_to_trunc'=None
INFO:tenpy.algorithms.dmrg:Running sweep with optimization
INFO:tenpy.tools.params:DMRG: reading 'max_N_for_ED'=400
INFO:tenpy.tools.params:DMRG: reading 'update_env'=5
INFO:tenpy.algorithms.mps_common:start environment_sweep
INFO:tenpy.algorithms.dmrg:checkpoint after sweep 10
energy=0.1866277840725263, max S=1.3093628220829454, age=198, norm_err=1.6e-03
Current memory usage 217.8MB, wall time: 71.3s
Delta E = nan, Delta S = -1.6376e-01 (per sweep)
max trunc_err = 2.8359e-08, max E_trunc = 9.3223e-09
chi: [256, 256, 256, 256, 255, 256]
================================================================================
INFO:tenpy.algorithms.dmrg:Running sweep with optimization
INFO:tenpy.algorithms.mps_common:start environment_sweep
INFO:tenpy.algorithms.dmrg:checkpoint after sweep 20
energy=-0.6597064934160812, max S=2.9553278194272554, age=378, norm_err=9.1e-02
Current memory usage 217.8MB, wall time: 71.6s
Delta E = -8.4633e-02, Delta S = 1.7506e-01 (per sweep)
max trunc_err = 3.6933e-08, max E_trunc = -9.9442e-09
chi: [256, 256, 256, 256, 256, 256]
================================================================================
INFO:tenpy.tools.params:DMRG: reading 'max_E_err'=1e-08
INFO:tenpy.tools.params:DMRG: reading 'max_S_err'=1e-05
INFO:tenpy.algorithms.dmrg:Running sweep with optimization
INFO:tenpy.algorithms.mps_common:start environment_sweep
INFO:tenpy.algorithms.dmrg:checkpoint after sweep 30
energy=0.7212235066415124, max S=0.7630862448540375, age=558, norm_err=6.6e-02
Current memory usage 217.8MB, wall time: 71.8s
Delta E = 1.3809e-01, Delta S = -2.0396e-01 (per sweep)
max trunc_err = 1.4504e-08, max E_trunc = 9.0790e-09
chi: [256, 256, 256, 256, 256, 256]
================================================================================
INFO:tenpy.algorithms.dmrg:Running sweep with optimization
INFO:tenpy.algorithms.mps_common:start environment_sweep
INFO:tenpy.algorithms.dmrg:checkpoint after sweep 40
energy=-0.6656673962861248, max S=2.7599482117834850, age=738, norm_err=7.7e-02
Current memory usage 217.8MB, wall time: 71.4s
Delta E = -1.3869e-01, Delta S = 1.8696e-01 (per sweep)
max trunc_err = 4.4210e-08, max E_trunc = -2.6676e-08
chi: [256, 256, 256, 256, 256, 256]
================================================================================
INFO:tenpy.algorithms.dmrg:Running sweep with optimization
INFO:tenpy.algorithms.mps_common:start environment_sweep
INFO:tenpy.algorithms.dmrg:checkpoint after sweep 50
energy=-0.4386740537135647, max S=2.9344417798326736, age=918, norm_err=1.4e-01
Current memory usage 217.8MB, wall time: 72.9s
Delta E = 2.2699e-02, Delta S = 1.5759e-02 (per sweep)
max trunc_err = 3.9940e-08, max E_trunc = 1.3467e-08
chi: [256, 256, 256, 256, 256, 256]
================================================================================
INFO:tenpy.algorithms.dmrg:Running sweep with optimization
INFO:tenpy.algorithms.mps_common:start environment_sweep
INFO:tenpy.algorithms.dmrg:checkpoint after sweep 60
energy=2.0163777727040801, max S=1.3111247275801818, age=1098, norm_err=1.0e-01
Current memory usage 217.8MB, wall time: 73.3s
Delta E = 2.4551e-01, Delta S = -1.6293e-01 (per sweep)
max trunc_err = 3.4356e-08, max E_trunc = -2.3430e-09
chi: [256, 256, 256, 256, 256, 256]
================================================================================
INFO:tenpy.algorithms.dmrg:Running sweep with optimization
INFO:tenpy.algorithms.mps_common:start environment_sweep
INFO:tenpy.algorithms.dmrg:checkpoint after sweep 70
energy=0.3936325738912956, max S=1.4803206487600946, age=1278, norm_err=6.5e-02
Current memory usage 217.8MB, wall time: 72.0s
Delta E = -1.6227e-01, Delta S = 4.1260e-02 (per sweep)
max trunc_err = 1.9821e-08, max E_trunc = -1.6459e-08
chi: [256, 256, 256, 256, 256, 256]
================================================================================
INFO:tenpy.algorithms.dmrg:Running sweep with optimization
INFO:tenpy.algorithms.mps_common:start environment_sweep
INFO:tenpy.algorithms.dmrg:checkpoint after sweep 80
energy=0.2735752797503229, max S=1.3470836208578294, age=1458, norm_err=1.5e-02
Current memory usage 217.8MB, wall time: 71.5s
Delta E = -1.2006e-02, Delta S = -2.7449e-02 (per sweep)
max trunc_err = 1.4874e-08, max E_trunc = 3.0203e-08
chi: [256, 256, 256, 256, 256, 256]
================================================================================
INFO:tenpy.algorithms.dmrg:Running sweep with optimization
INFO:tenpy.algorithms.mps_common:start environment_sweep
INFO:tenpy.algorithms.dmrg:checkpoint after sweep 90
energy=-0.0971682950978826, max S=0.5618645078193223, age=1638, norm_err=1.0e-02
Current memory usage 217.8MB, wall time: 69.7s
Delta E = -3.7074e-02, Delta S = -6.5433e-02 (per sweep)
max trunc_err = 1.3421e-08, max E_trunc = 1.0557e-08
chi: [256, 256, 256, 256, 256, 256]
================================================================================
INFO:tenpy.algorithms.dmrg:Running sweep with optimization
INFO:tenpy.algorithms.mps_common:start environment_sweep
INFO:tenpy.algorithms.dmrg:checkpoint after sweep 100
energy=0.9731278536596809, max S=0.7078602439581059, age=1818, norm_err=3.7e-02
Current memory usage 217.8MB, wall time: 70.3s
Delta E = 1.0703e-01, Delta S = 2.0223e-03 (per sweep)
max trunc_err = 8.9780e-08, max E_trunc = 1.0612e-09
chi: [256, 255, 256, 256, 256, 256]
================================================================================
INFO:tenpy.algorithms.dmrg:Running sweep with optimization
INFO:tenpy.algorithms.mps_common:start environment_sweep
INFO:tenpy.algorithms.dmrg:checkpoint after sweep 110
energy=-0.7075471868494864, max S=2.3384434104403731, age=1998, norm_err=1.4e-01
Current memory usage 217.8MB, wall time: 71.9s
Delta E = -1.6807e-01, Delta S = 1.5199e-01 (per sweep)
max trunc_err = 2.9654e-08, max E_trunc = 2.0862e-09
chi: [256, 256, 256, 256, 256, 256]
================================================================================
INFO:tenpy.algorithms.mps_common:TwoSiteDMRGEngine: Maximum number of sweeps reached
INFO:tenpy.tools.params:DMRG: reading 'norm_tol'=1e-05
INFO:tenpy.tools.params:DMRG: reading 'norm_tol_final'=1e-10
INFO:tenpy.tools.params:DMRG: reading 'norm_tol_iter'=5
WARNING:tenpy.algorithms.dmrg:final DMRG state not in canonical form up to norm_tol=1.00e-05: norm_err=1.37e-01
INFO:tenpy.algorithms.mps_common:start environment_sweep
INFO:tenpy.algorithms.mps_common:start environment_sweep
INFO:tenpy.algorithms.mps_common:start environment_sweep
INFO:tenpy.algorithms.mps_common:start environment_sweep
INFO:tenpy.algorithms.mps_common:start environment_sweep
WARNING:tenpy.algorithms.dmrg:final DMRG state not in canonical form up to norm_tol_final=1.00e-10: norm_err=2.55e-06, calling psi.canonical_form()
INFO:tenpy.algorithms.dmrg:TwoSiteDMRGEngine finished after 110 sweeps, max chi=256
INFO:tenpy.tools.params:DMRG: reading 'max_trunc_err'=0.0001
INFO:tenpy.tools.params:MixedHofstadterLandauGauge_Pi_2: reading 'explicit_plus_hc'=False
INFO:tenpy.tools.params:MixedHofstadterLandauGauge_Pi_2: reading 'Lx'=2
INFO:tenpy.tools.params:MixedHofstadterLandauGauge_Pi_2: setting 'N_rings'=2
INFO:tenpy.tools.params:MixedHofstadterLandauGauge_Pi_2: reading 'xy_lattice'='Square'
INFO:tenpy.tools.params:MixedHofstadterLandauGauge_Pi_2: reading 'Ly'=3
INFO:tenpy.tools.params:MixedHofstadterLandauGauge_Pi_2: reading 'ring_order'=None
INFO:tenpy.tools.params:MixedHofstadterLandauGauge_Pi_2: reading 'conserve_k'=True
INFO:tenpy.tools.params:MixedHofstadterLandauGauge_Pi_2: reading 'bc_MPS'='infinite'
INFO:tenpy.tools.params:MixedHofstadterLandauGauge_Pi_2: reading 't'=-1
INFO:tenpy.tools.params:MixedHofstadterLandauGauge_Pi_2: reading 't2'=-0.25
INFO:tenpy.tools.params:MixedHofstadterLandauGauge_Pi_2: reading 'V1'=0.6
INFO:tenpy.tools.params:MixedHofstadterLandauGauge_Pi_2: reading 'phi_ext'=np.float64(2.35)
INFO:tenpy.tools.params:MixedHofstadterLandauGauge_Pi_2: reading 'sort_mpo_legs'=False
/home/t30/kna/ge54yin/Documents/MasterThesisFQHinTMDs/MPS_stuff/MPScalculations/.venv/lib/python3.12/site-packages/tenpy/tools/params.py:232: UserWarning: unused options for config MixedHofstadterLandauGauge_Pi_2:
['Delta', 'N_rings', 'Nsec', 'bc', 'chi_max', 'ktot', 'saveAll']
  warnings.warn(msg.format(keys=sorted(unused), name=self.name))
INFO:tenpy.tools.params:DMRG: reading 'active_sites'=2
INFO:tenpy.tools.params:DMRG: reading 'diag_method'='default'
INFO:tenpy.tools.params:DMRG: subconfig 'trunc_params'=Config(<5 options>, 'trunc_params')
INFO:tenpy.tools.params:DMRG: reading 'max_N_sites_per_ring'=18
INFO:tenpy.tools.params:DMRG: reading 'combine'=False
INFO:tenpy.tools.params:DMRG: subconfig 'lanczos_params'=Config(<9 options>, 'lanczos_params')
INFO:tenpy.tools.params:DMRG: reading 'chi_list'=None
INFO:tenpy.tools.params:DMRG: reading 'start_env'=1
INFO:tenpy.algorithms.mps_common:start environment_sweep
INFO:tenpy.tools.params:DMRG: reading 'N_sweeps_check'=10
INFO:tenpy.tools.params:DMRG: subconfig 'mixer_params'=Config(<3 options>, 'mixer_params')
INFO:tenpy.tools.params:DMRG: reading 'mixer'=None
INFO:tenpy.tools.params:DMRG: reading 'max_sweeps'=100
INFO:tenpy.tools.params:DMRG: reading 'max_hours'=8760
INFO:tenpy.tools.params:DMRG: reading 'P_tol_to_trunc'=0.05
INFO:tenpy.tools.params:DMRG: reading 'P_tol_min'=5.0000000000000004e-30
INFO:tenpy.tools.params:DMRG: reading 'P_tol_max'=0.0001
INFO:tenpy.tools.params:DMRG: reading 'E_tol_to_trunc'=None
INFO:tenpy.algorithms.dmrg:Running sweep with optimization
INFO:tenpy.tools.params:DMRG: reading 'max_N_for_ED'=400
INFO:tenpy.tools.params:DMRG: reading 'update_env'=5
INFO:tenpy.algorithms.mps_common:start environment_sweep
INFO:tenpy.algorithms.dmrg:checkpoint after sweep 10
energy=0.9897406368924907, max S=2.8831603004585871, age=198, norm_err=1.7e-01
Current memory usage 217.8MB, wall time: 71.4s
Delta E = nan, Delta S = 5.7846e-02 (per sweep)
max trunc_err = 2.6407e-08, max E_trunc = 4.7129e-10
chi: [256, 256, 256, 256, 256, 256]
================================================================================
INFO:tenpy.algorithms.dmrg:Running sweep with optimization
INFO:tenpy.algorithms.mps_common:start environment_sweep
INFO:tenpy.algorithms.dmrg:checkpoint after sweep 20
energy=-0.1079171896189095, max S=0.6516998858558981, age=378, norm_err=4.9e-03
Current memory usage 217.8MB, wall time: 71.5s
Delta E = -1.0977e-01, Delta S = -2.1260e-01 (per sweep)
max trunc_err = 5.6461e-08, max E_trunc = 6.2920e-10
chi: [256, 256, 256, 256, 256, 256]
================================================================================
INFO:tenpy.tools.params:DMRG: reading 'max_E_err'=1e-08
INFO:tenpy.tools.params:DMRG: reading 'max_S_err'=1e-05
INFO:tenpy.algorithms.dmrg:Running sweep with optimization
INFO:tenpy.algorithms.mps_common:start environment_sweep
INFO:tenpy.algorithms.dmrg:checkpoint after sweep 30
energy=0.3867929642059238, max S=1.2023039863010241, age=558, norm_err=9.1e-02
Current memory usage 217.8MB, wall time: 71.7s
Delta E = 4.9471e-02, Delta S = 5.6611e-02 (per sweep)
max trunc_err = 6.1853e-08, max E_trunc = 9.9243e-10
chi: [256, 256, 256, 256, 256, 256]
================================================================================
INFO:tenpy.algorithms.dmrg:Running sweep with optimization
INFO:tenpy.algorithms.mps_common:start environment_sweep
INFO:tenpy.algorithms.dmrg:checkpoint after sweep 40
energy=0.3860081728952499, max S=0.8713043365918249, age=738, norm_err=2.9e-02
Current memory usage 217.8MB, wall time: 70.4s
Delta E = -7.8479e-05, Delta S = -2.4182e-02 (per sweep)
max trunc_err = 3.2346e-08, max E_trunc = 1.7115e-09
chi: [256, 255, 256, 256, 256, 256]
================================================================================
INFO:tenpy.algorithms.dmrg:Running sweep with optimization
INFO:tenpy.algorithms.mps_common:start environment_sweep
INFO:tenpy.algorithms.dmrg:checkpoint after sweep 50
energy=0.4018721725947406, max S=1.5713646476015297, age=918, norm_err=3.7e-02
Current memory usage 217.8MB, wall time: 70.3s
Delta E = 1.5864e-03, Delta S = 5.3831e-02 (per sweep)
max trunc_err = 4.9112e-08, max E_trunc = 1.6125e-09
chi: [256, 256, 256, 256, 256, 256]
================================================================================
INFO:tenpy.algorithms.dmrg:Running sweep with optimization
INFO:tenpy.algorithms.mps_common:start environment_sweep
INFO:tenpy.algorithms.dmrg:checkpoint after sweep 60
energy=0.2253202524052161, max S=1.6587001520448523, age=1098, norm_err=1.3e-02
Current memory usage 217.8MB, wall time: 71.1s
Delta E = -1.7655e-02, Delta S = 8.2682e-03 (per sweep)
max trunc_err = 4.9933e-08, max E_trunc = 3.6960e-10
chi: [256, 256, 256, 256, 256, 256]
================================================================================
INFO:tenpy.algorithms.dmrg:Running sweep with optimization
INFO:tenpy.algorithms.mps_common:start environment_sweep
INFO:tenpy.algorithms.dmrg:checkpoint after sweep 70
energy=-0.3436303986061944, max S=1.1701613498007490, age=1278, norm_err=4.8e-02
Current memory usage 217.8MB, wall time: 71.4s
Delta E = -5.6895e-02, Delta S = -6.6394e-02 (per sweep)
max trunc_err = 3.9536e-08, max E_trunc = 1.7908e-09
chi: [256, 255, 256, 256, 256, 256]
================================================================================
INFO:tenpy.algorithms.dmrg:Running sweep with optimization
INFO:tenpy.algorithms.mps_common:start environment_sweep
INFO:tenpy.algorithms.dmrg:checkpoint after sweep 80
energy=0.1743852654586059, max S=1.6418068314873628, age=1458, norm_err=2.9e-02
Current memory usage 217.8MB, wall time: 71.4s
Delta E = 5.1802e-02, Delta S = 6.0771e-02 (per sweep)
max trunc_err = 2.3435e-08, max E_trunc = 1.1279e-09
chi: [256, 256, 256, 256, 256, 256]
================================================================================
INFO:tenpy.algorithms.dmrg:Running sweep with optimization
INFO:tenpy.algorithms.mps_common:start environment_sweep
INFO:tenpy.algorithms.dmrg:checkpoint after sweep 90
energy=2.4913232078991050, max S=2.1550574249198191, age=1638, norm_err=1.8e-01
Current memory usage 217.8MB, wall time: 69.4s
Delta E = 2.3169e-01, Delta S = 4.4809e-02 (per sweep)
max trunc_err = 3.2600e-07, max E_trunc = -1.0068e-09
chi: [256, 256, 256, 256, 256, 256]
================================================================================
INFO:tenpy.algorithms.dmrg:Running sweep with optimization
INFO:tenpy.algorithms.mps_common:start environment_sweep
INFO:tenpy.algorithms.dmrg:checkpoint after sweep 100
energy=1.2628204132464778, max S=2.3365411404635861, age=1818, norm_err=1.5e-01
Current memory usage 217.8MB, wall time: 69.5s
Delta E = -1.2285e-01, Delta S = 3.3544e-02 (per sweep)
max trunc_err = 3.0880e-08, max E_trunc = -7.0088e-09
chi: [256, 256, 256, 256, 256, 256]
================================================================================
INFO:tenpy.algorithms.dmrg:Running sweep with optimization
INFO:tenpy.algorithms.mps_common:start environment_sweep
INFO:tenpy.algorithms.dmrg:checkpoint after sweep 110
energy=0.2320950841999547, max S=1.3387249889531574, age=1998, norm_err=4.0e-02
Current memory usage 217.8MB, wall time: 70.8s
Delta E = -1.0307e-01, Delta S = -1.0079e-01 (per sweep)
max trunc_err = 2.2969e-08, max E_trunc = 1.0854e-08
chi: [256, 256, 256, 256, 256, 256]
================================================================================
INFO:tenpy.algorithms.mps_common:TwoSiteDMRGEngine: Maximum number of sweeps reached
INFO:tenpy.tools.params:DMRG: reading 'norm_tol'=1e-05
INFO:tenpy.tools.params:DMRG: reading 'norm_tol_final'=1e-10
INFO:tenpy.tools.params:DMRG: reading 'norm_tol_iter'=5
WARNING:tenpy.algorithms.dmrg:final DMRG state not in canonical form up to norm_tol=1.00e-05: norm_err=4.02e-02
INFO:tenpy.algorithms.mps_common:start environment_sweep
INFO:tenpy.algorithms.mps_common:start environment_sweep
INFO:tenpy.algorithms.mps_common:start environment_sweep
WARNING:tenpy.algorithms.dmrg:final DMRG state not in canonical form up to norm_tol_final=1.00e-10: norm_err=3.41e-07, calling psi.canonical_form()
INFO:tenpy.algorithms.dmrg:TwoSiteDMRGEngine finished after 110 sweeps, max chi=251
INFO:tenpy.tools.params:DMRG: reading 'max_trunc_err'=0.0001
INFO:tenpy.tools.params:MixedHofstadterLandauGauge_Pi_2: reading 'explicit_plus_hc'=False
INFO:tenpy.tools.params:MixedHofstadterLandauGauge_Pi_2: reading 'Lx'=2
INFO:tenpy.tools.params:MixedHofstadterLandauGauge_Pi_2: setting 'N_rings'=2
INFO:tenpy.tools.params:MixedHofstadterLandauGauge_Pi_2: reading 'xy_lattice'='Square'
INFO:tenpy.tools.params:MixedHofstadterLandauGauge_Pi_2: reading 'Ly'=3
INFO:tenpy.tools.params:MixedHofstadterLandauGauge_Pi_2: reading 'ring_order'=None
INFO:tenpy.tools.params:MixedHofstadterLandauGauge_Pi_2: reading 'conserve_k'=True
INFO:tenpy.tools.params:MixedHofstadterLandauGauge_Pi_2: reading 'bc_MPS'='infinite'
INFO:tenpy.tools.params:MixedHofstadterLandauGauge_Pi_2: reading 't'=-1
INFO:tenpy.tools.params:MixedHofstadterLandauGauge_Pi_2: reading 't2'=-0.25
INFO:tenpy.tools.params:MixedHofstadterLandauGauge_Pi_2: reading 'V1'=0.6
INFO:tenpy.tools.params:MixedHofstadterLandauGauge_Pi_2: reading 'phi_ext'=np.float64(2.4000000000000004)
INFO:tenpy.tools.params:MixedHofstadterLandauGauge_Pi_2: reading 'sort_mpo_legs'=False
/home/t30/kna/ge54yin/Documents/MasterThesisFQHinTMDs/MPS_stuff/MPScalculations/.venv/lib/python3.12/site-packages/tenpy/tools/params.py:232: UserWarning: unused options for config MixedHofstadterLandauGauge_Pi_2:
['Delta', 'N_rings', 'Nsec', 'bc', 'chi_max', 'ktot', 'saveAll']
  warnings.warn(msg.format(keys=sorted(unused), name=self.name))
INFO:tenpy.tools.params:DMRG: reading 'active_sites'=2
INFO:tenpy.tools.params:DMRG: reading 'diag_method'='default'
INFO:tenpy.tools.params:DMRG: subconfig 'trunc_params'=Config(<5 options>, 'trunc_params')
INFO:tenpy.tools.params:DMRG: reading 'max_N_sites_per_ring'=18
INFO:tenpy.tools.params:DMRG: reading 'combine'=False
INFO:tenpy.tools.params:DMRG: subconfig 'lanczos_params'=Config(<9 options>, 'lanczos_params')
INFO:tenpy.tools.params:DMRG: reading 'chi_list'=None
INFO:tenpy.tools.params:DMRG: reading 'start_env'=1
INFO:tenpy.algorithms.mps_common:start environment_sweep
INFO:tenpy.tools.params:DMRG: reading 'N_sweeps_check'=10
INFO:tenpy.tools.params:DMRG: subconfig 'mixer_params'=Config(<3 options>, 'mixer_params')
INFO:tenpy.tools.params:DMRG: reading 'mixer'=None
INFO:tenpy.tools.params:DMRG: reading 'max_sweeps'=100
INFO:tenpy.tools.params:DMRG: reading 'max_hours'=8760
INFO:tenpy.tools.params:DMRG: reading 'P_tol_to_trunc'=0.05
INFO:tenpy.tools.params:DMRG: reading 'P_tol_min'=5.0000000000000004e-30
INFO:tenpy.tools.params:DMRG: reading 'P_tol_max'=0.0001
INFO:tenpy.tools.params:DMRG: reading 'E_tol_to_trunc'=None
INFO:tenpy.algorithms.dmrg:Running sweep with optimization
INFO:tenpy.tools.params:DMRG: reading 'max_N_for_ED'=400
INFO:tenpy.tools.params:DMRG: reading 'update_env'=5
INFO:tenpy.algorithms.mps_common:start environment_sweep
INFO:tenpy.algorithms.dmrg:checkpoint after sweep 10
energy=0.1092901670961789, max S=1.9841669010385348, age=198, norm_err=3.9e-02
Current memory usage 217.8MB, wall time: 70.8s
Delta E = nan, Delta S = 6.3151e-02 (per sweep)
max trunc_err = 7.2938e-08, max E_trunc = 9.8788e-09
chi: [256, 256, 256, 256, 256, 256]
================================================================================
INFO:tenpy.algorithms.dmrg:Running sweep with optimization
INFO:tenpy.algorithms.mps_common:start environment_sweep
INFO:tenpy.algorithms.dmrg:checkpoint after sweep 20
energy=0.7144468317631384, max S=2.3366570071965977, age=378, norm_err=1.5e-01
Current memory usage 217.8MB, wall time: 71.7s
Delta E = 6.0516e-02, Delta S = 2.7814e-02 (per sweep)
max trunc_err = 4.6015e-08, max E_trunc = 1.7289e-09
chi: [256, 256, 256, 256, 256, 256]
================================================================================
INFO:tenpy.tools.params:DMRG: reading 'max_E_err'=1e-08
INFO:tenpy.tools.params:DMRG: reading 'max_S_err'=1e-05
INFO:tenpy.algorithms.dmrg:Running sweep with optimization
INFO:tenpy.algorithms.mps_common:start environment_sweep
INFO:tenpy.algorithms.dmrg:checkpoint after sweep 30
energy=-0.5950121176825623, max S=2.4499413587078100, age=558, norm_err=2.2e-01
Current memory usage 217.8MB, wall time: 71.6s
Delta E = -1.3095e-01, Delta S = 6.0978e-03 (per sweep)
max trunc_err = 4.8019e-08, max E_trunc = 1.7361e-09
chi: [256, 256, 256, 256, 256, 256]
================================================================================
INFO:tenpy.algorithms.dmrg:Running sweep with optimization
INFO:tenpy.algorithms.mps_common:start environment_sweep
INFO:tenpy.algorithms.dmrg:checkpoint after sweep 40
energy=0.3699820865703553, max S=1.1845509560037164, age=738, norm_err=2.2e-02
Current memory usage 217.8MB, wall time: 71.5s
Delta E = 9.6499e-02, Delta S = -1.3302e-01 (per sweep)
max trunc_err = 2.7944e-08, max E_trunc = 3.0645e-09
chi: [256, 256, 256, 256, 256, 256]
================================================================================
INFO:tenpy.algorithms.dmrg:Running sweep with optimization
INFO:tenpy.algorithms.mps_common:start environment_sweep
INFO:tenpy.algorithms.dmrg:checkpoint after sweep 50
energy=-0.7045387859326411, max S=1.5978262408476953, age=918, norm_err=3.6e-03
Current memory usage 217.8MB, wall time: 67.3s
Delta E = -1.0745e-01, Delta S = 4.6055e-02 (per sweep)
max trunc_err = 4.8802e-08, max E_trunc = 8.5754e-10
chi: [256, 256, 256, 256, 256, 256]
================================================================================
INFO:tenpy.algorithms.dmrg:Running sweep with optimization
INFO:tenpy.algorithms.mps_common:start environment_sweep
INFO:tenpy.algorithms.dmrg:checkpoint after sweep 60
energy=0.0752071941290922, max S=1.6144373918411676, age=1098, norm_err=2.9e-02
Current memory usage 217.8MB, wall time: 60.5s
Delta E = 7.7975e-02, Delta S = 1.0079e-02 (per sweep)
max trunc_err = 2.8871e-08, max E_trunc = 3.0411e-10
chi: [256, 256, 256, 256, 256, 256]
================================================================================
INFO:tenpy.algorithms.dmrg:Running sweep with optimization
INFO:tenpy.algorithms.mps_common:start environment_sweep
INFO:tenpy.algorithms.dmrg:checkpoint after sweep 70
energy=0.1316971212978899, max S=1.7638827909966819, age=1278, norm_err=2.0e-02
Current memory usage 217.8MB, wall time: 57.5s
Delta E = 5.6490e-03, Delta S = 1.8306e-02 (per sweep)
max trunc_err = 5.3567e-08, max E_trunc = 5.9900e-09
chi: [256, 256, 256, 256, 256, 256]
================================================================================
INFO:tenpy.algorithms.dmrg:Running sweep with optimization
INFO:tenpy.algorithms.mps_common:start environment_sweep
INFO:tenpy.algorithms.dmrg:checkpoint after sweep 80
energy=-0.6519853490290662, max S=1.9179197962996766, age=1458, norm_err=7.4e-03
Current memory usage 217.8MB, wall time: 52.9s
Delta E = -7.8368e-02, Delta S = 8.5640e-03 (per sweep)
max trunc_err = 2.5363e-06, max E_trunc = -2.3765e-08
chi: [256, 255, 256, 256, 256, 256]
================================================================================
INFO:tenpy.algorithms.dmrg:Running sweep with optimization
INFO:tenpy.algorithms.mps_common:start environment_sweep
INFO:tenpy.algorithms.dmrg:checkpoint after sweep 90
energy=0.6366164425473168, max S=1.7978155586508509, age=1638, norm_err=6.8e-02
Current memory usage 217.8MB, wall time: 48.5s
Delta E = 1.2886e-01, Delta S = -1.1537e-02 (per sweep)
max trunc_err = 2.2407e-08, max E_trunc = 2.5057e-10
chi: [256, 256, 256, 256, 256, 256]
================================================================================
INFO:tenpy.algorithms.dmrg:Running sweep with optimization
INFO:tenpy.algorithms.mps_common:start environment_sweep
INFO:tenpy.algorithms.dmrg:checkpoint after sweep 100
energy=1.3932896453803778, max S=2.1022537638270538, age=1818, norm_err=2.2e-01
Current memory usage 217.8MB, wall time: 50.2s
Delta E = 7.5667e-02, Delta S = 2.5333e-02 (per sweep)
max trunc_err = 8.0636e-08, max E_trunc = 1.6632e-09
chi: [256, 256, 256, 256, 256, 256]
================================================================================
INFO:tenpy.algorithms.dmrg:Running sweep with optimization
INFO:tenpy.algorithms.mps_common:start environment_sweep
INFO:tenpy.algorithms.dmrg:checkpoint after sweep 110
energy=0.3623393084862225, max S=1.3797631478454957, age=1998, norm_err=9.9e-03
Current memory usage 217.8MB, wall time: 50.9s
Delta E = -1.0310e-01, Delta S = -5.1264e-02 (per sweep)
max trunc_err = 2.0744e-08, max E_trunc = 2.3147e-10
chi: [256, 256, 256, 256, 256, 256]
================================================================================
INFO:tenpy.algorithms.mps_common:TwoSiteDMRGEngine: Maximum number of sweeps reached
INFO:tenpy.tools.params:DMRG: reading 'norm_tol'=1e-05
INFO:tenpy.tools.params:DMRG: reading 'norm_tol_final'=1e-10
INFO:tenpy.tools.params:DMRG: reading 'norm_tol_iter'=5
WARNING:tenpy.algorithms.dmrg:final DMRG state not in canonical form up to norm_tol=1.00e-05: norm_err=9.90e-03
INFO:tenpy.algorithms.mps_common:start environment_sweep
INFO:tenpy.algorithms.mps_common:start environment_sweep
WARNING:tenpy.algorithms.dmrg:final DMRG state not in canonical form up to norm_tol_final=1.00e-10: norm_err=2.11e-07, calling psi.canonical_form()
INFO:tenpy.algorithms.dmrg:TwoSiteDMRGEngine finished after 110 sweeps, max chi=256
INFO:tenpy.tools.params:DMRG: reading 'max_trunc_err'=0.0001
INFO:tenpy.tools.params:MixedHofstadterLandauGauge_Pi_2: reading 'explicit_plus_hc'=False
INFO:tenpy.tools.params:MixedHofstadterLandauGauge_Pi_2: reading 'Lx'=2
INFO:tenpy.tools.params:MixedHofstadterLandauGauge_Pi_2: setting 'N_rings'=2
INFO:tenpy.tools.params:MixedHofstadterLandauGauge_Pi_2: reading 'xy_lattice'='Square'
INFO:tenpy.tools.params:MixedHofstadterLandauGauge_Pi_2: reading 'Ly'=3
INFO:tenpy.tools.params:MixedHofstadterLandauGauge_Pi_2: reading 'ring_order'=None
INFO:tenpy.tools.params:MixedHofstadterLandauGauge_Pi_2: reading 'conserve_k'=True
INFO:tenpy.tools.params:MixedHofstadterLandauGauge_Pi_2: reading 'bc_MPS'='infinite'
INFO:tenpy.tools.params:MixedHofstadterLandauGauge_Pi_2: reading 't'=-1
INFO:tenpy.tools.params:MixedHofstadterLandauGauge_Pi_2: reading 't2'=-0.25
INFO:tenpy.tools.params:MixedHofstadterLandauGauge_Pi_2: reading 'V1'=0.6
INFO:tenpy.tools.params:MixedHofstadterLandauGauge_Pi_2: reading 'phi_ext'=np.float64(2.45)
INFO:tenpy.tools.params:MixedHofstadterLandauGauge_Pi_2: reading 'sort_mpo_legs'=False
/home/t30/kna/ge54yin/Documents/MasterThesisFQHinTMDs/MPS_stuff/MPScalculations/.venv/lib/python3.12/site-packages/tenpy/tools/params.py:232: UserWarning: unused options for config MixedHofstadterLandauGauge_Pi_2:
['Delta', 'N_rings', 'Nsec', 'bc', 'chi_max', 'ktot', 'saveAll']
  warnings.warn(msg.format(keys=sorted(unused), name=self.name))
INFO:tenpy.tools.params:DMRG: reading 'active_sites'=2
INFO:tenpy.tools.params:DMRG: reading 'diag_method'='default'
INFO:tenpy.tools.params:DMRG: subconfig 'trunc_params'=Config(<5 options>, 'trunc_params')
INFO:tenpy.tools.params:DMRG: reading 'max_N_sites_per_ring'=18
INFO:tenpy.tools.params:DMRG: reading 'combine'=False
INFO:tenpy.tools.params:DMRG: subconfig 'lanczos_params'=Config(<9 options>, 'lanczos_params')
INFO:tenpy.tools.params:DMRG: reading 'chi_list'=None
INFO:tenpy.tools.params:DMRG: reading 'start_env'=1
INFO:tenpy.algorithms.mps_common:start environment_sweep
INFO:tenpy.tools.params:DMRG: reading 'N_sweeps_check'=10
INFO:tenpy.tools.params:DMRG: subconfig 'mixer_params'=Config(<3 options>, 'mixer_params')
INFO:tenpy.tools.params:DMRG: reading 'mixer'=None
INFO:tenpy.tools.params:DMRG: reading 'max_sweeps'=100
INFO:tenpy.tools.params:DMRG: reading 'max_hours'=8760
INFO:tenpy.tools.params:DMRG: reading 'P_tol_to_trunc'=0.05
INFO:tenpy.tools.params:DMRG: reading 'P_tol_min'=5.0000000000000004e-30
INFO:tenpy.tools.params:DMRG: reading 'P_tol_max'=0.0001
INFO:tenpy.tools.params:DMRG: reading 'E_tol_to_trunc'=None
INFO:tenpy.algorithms.dmrg:Running sweep with optimization
INFO:tenpy.tools.params:DMRG: reading 'max_N_for_ED'=400
INFO:tenpy.tools.params:DMRG: reading 'update_env'=5
INFO:tenpy.algorithms.mps_common:start environment_sweep
INFO:tenpy.algorithms.dmrg:checkpoint after sweep 10
energy=-0.6872321217350503, max S=1.6716009726502163, age=198, norm_err=3.8e-03
Current memory usage 217.8MB, wall time: 48.3s
Delta E = nan, Delta S = 1.5327e-02 (per sweep)
max trunc_err = 1.3627e-06, max E_trunc = 1.6134e-08
chi: [256, 256, 256, 256, 256, 256]
================================================================================
INFO:tenpy.algorithms.dmrg:Running sweep with optimization
INFO:tenpy.algorithms.mps_common:start environment_sweep
INFO:tenpy.algorithms.dmrg:checkpoint after sweep 20
energy=-0.7139764056628906, max S=2.1064062592000665, age=378, norm_err=1.1e+00
Current memory usage 217.8MB, wall time: 28.5s
Delta E = -2.6744e-03, Delta S = 2.4272e-02 (per sweep)
max trunc_err = 5.6604e-08, max E_trunc = 5.8254e-08
chi: [256, 256, 256, 256, 256, 256]
================================================================================
INFO:tenpy.tools.params:DMRG: reading 'max_E_err'=1e-08
INFO:tenpy.tools.params:DMRG: reading 'max_S_err'=1e-05
INFO:tenpy.algorithms.dmrg:Running sweep with optimization
INFO:tenpy.algorithms.mps_common:start environment_sweep
INFO:tenpy.algorithms.dmrg:checkpoint after sweep 30
energy=0.2872423697555699, max S=0.9699514760156779, age=558, norm_err=2.4e-03
Current memory usage 217.8MB, wall time: 49.7s
Delta E = 1.0012e-01, Delta S = -9.6689e-02 (per sweep)
max trunc_err = 7.0921e-08, max E_trunc = 2.6799e-09
chi: [256, 256, 256, 256, 256, 256]
================================================================================
INFO:tenpy.algorithms.dmrg:Running sweep with optimization
INFO:tenpy.algorithms.mps_common:start environment_sweep
INFO:tenpy.algorithms.dmrg:checkpoint after sweep 40
energy=1.8484809406785037, max S=2.4221030776093420, age=738, norm_err=2.3e-01
Current memory usage 217.8MB, wall time: 49.1s
Delta E = 1.5612e-01, Delta S = 1.4221e-01 (per sweep)
max trunc_err = 4.8423e-08, max E_trunc = -8.8246e-09
chi: [256, 256, 256, 256, 256, 256]
================================================================================
INFO:tenpy.algorithms.dmrg:Running sweep with optimization
INFO:tenpy.algorithms.mps_common:start environment_sweep
INFO:tenpy.algorithms.dmrg:checkpoint after sweep 50
energy=-0.7073974248684275, max S=1.4951621293924635, age=918, norm_err=8.1e-03
Current memory usage 217.8MB, wall time: 49.4s
Delta E = -2.5559e-01, Delta S = -8.9887e-02 (per sweep)
max trunc_err = 3.7267e-07, max E_trunc = 6.4369e-10
chi: [256, 256, 256, 256, 256, 256]
================================================================================
INFO:tenpy.algorithms.dmrg:Running sweep with optimization
INFO:tenpy.algorithms.mps_common:start environment_sweep
INFO:tenpy.algorithms.dmrg:checkpoint after sweep 60
energy=0.1104145439078366, max S=1.5359161407891582, age=1098, norm_err=1.0e-01
Current memory usage 217.8MB, wall time: 41.7s
Delta E = 8.1781e-02, Delta S = 5.0288e-03 (per sweep)
max trunc_err = 2.2341e-07, max E_trunc = -1.0954e-09
chi: [256, 256, 256, 256, 256, 256]
================================================================================
INFO:tenpy.algorithms.dmrg:Running sweep with optimization
INFO:tenpy.algorithms.mps_common:start environment_sweep
INFO:tenpy.algorithms.dmrg:checkpoint after sweep 70
energy=-0.7107734548782977, max S=1.0197753764720674, age=1278, norm_err=3.7e-03
Current memory usage 217.8MB, wall time: 43.9s
Delta E = -8.2119e-02, Delta S = -5.1911e-02 (per sweep)
max trunc_err = 1.3929e-07, max E_trunc = 1.5086e-08
chi: [256, 256, 256, 256, 256, 256]
================================================================================
INFO:tenpy.algorithms.dmrg:Running sweep with optimization
INFO:tenpy.algorithms.mps_common:start environment_sweep
INFO:tenpy.algorithms.dmrg:checkpoint after sweep 80
energy=-0.6801096665916097, max S=1.2034520659491097, age=1458, norm_err=5.9e-04
Current memory usage 217.8MB, wall time: 50.0s
Delta E = 3.0664e-03, Delta S = 2.1531e-02 (per sweep)
max trunc_err = 1.5518e-07, max E_trunc = -2.6696e-09
chi: [256, 256, 256, 256, 256, 256]
================================================================================
INFO:tenpy.algorithms.dmrg:Running sweep with optimization
INFO:tenpy.algorithms.mps_common:start environment_sweep
INFO:tenpy.algorithms.dmrg:checkpoint after sweep 90
energy=-0.6919499940652637, max S=1.4330758997501616, age=1638, norm_err=5.8e-04
Current memory usage 217.8MB, wall time: 43.0s
Delta E = -1.1840e-03, Delta S = 1.9408e-02 (per sweep)
max trunc_err = 6.1400e-07, max E_trunc = -1.1623e-09
chi: [256, 256, 256, 256, 256, 256]
================================================================================
INFO:tenpy.algorithms.dmrg:Running sweep with optimization
INFO:tenpy.algorithms.mps_common:start environment_sweep
INFO:tenpy.algorithms.dmrg:checkpoint after sweep 100
energy=0.3847351211897110, max S=1.7113432169792699, age=1818, norm_err=2.2e-02
Current memory usage 217.8MB, wall time: 37.8s
Delta E = 1.0767e-01, Delta S = 3.1261e-02 (per sweep)
max trunc_err = 2.5091e-08, max E_trunc = -2.1737e-08
chi: [256, 256, 256, 256, 256, 256]
================================================================================
INFO:tenpy.algorithms.dmrg:Running sweep with optimization
INFO:tenpy.algorithms.mps_common:start environment_sweep
INFO:tenpy.algorithms.dmrg:checkpoint after sweep 110
energy=-0.7107362646497867, max S=1.4829963380022639, age=1998, norm_err=5.0e-03
Current memory usage 217.8MB, wall time: 50.4s
Delta E = -1.0955e-01, Delta S = -2.6961e-02 (per sweep)
max trunc_err = 4.6204e-08, max E_trunc = -2.4054e-08
chi: [256, 256, 256, 256, 256, 256]
================================================================================
INFO:tenpy.algorithms.mps_common:TwoSiteDMRGEngine: Maximum number of sweeps reached
INFO:tenpy.tools.params:DMRG: reading 'norm_tol'=1e-05
INFO:tenpy.tools.params:DMRG: reading 'norm_tol_final'=1e-10
INFO:tenpy.tools.params:DMRG: reading 'norm_tol_iter'=5
WARNING:tenpy.algorithms.dmrg:final DMRG state not in canonical form up to norm_tol=1.00e-05: norm_err=5.00e-03
INFO:tenpy.algorithms.mps_common:start environment_sweep
INFO:tenpy.algorithms.mps_common:start environment_sweep
WARNING:tenpy.algorithms.dmrg:final DMRG state not in canonical form up to norm_tol_final=1.00e-10: norm_err=1.61e-07, calling psi.canonical_form()
INFO:tenpy.algorithms.dmrg:TwoSiteDMRGEngine finished after 110 sweeps, max chi=256
INFO:tenpy.tools.params:DMRG: reading 'max_trunc_err'=0.0001
INFO:tenpy.tools.params:MixedHofstadterLandauGauge_Pi_2: reading 'explicit_plus_hc'=False
INFO:tenpy.tools.params:MixedHofstadterLandauGauge_Pi_2: reading 'Lx'=2
INFO:tenpy.tools.params:MixedHofstadterLandauGauge_Pi_2: setting 'N_rings'=2
INFO:tenpy.tools.params:MixedHofstadterLandauGauge_Pi_2: reading 'xy_lattice'='Square'
INFO:tenpy.tools.params:MixedHofstadterLandauGauge_Pi_2: reading 'Ly'=3
INFO:tenpy.tools.params:MixedHofstadterLandauGauge_Pi_2: reading 'ring_order'=None
INFO:tenpy.tools.params:MixedHofstadterLandauGauge_Pi_2: reading 'conserve_k'=True
INFO:tenpy.tools.params:MixedHofstadterLandauGauge_Pi_2: reading 'bc_MPS'='infinite'
INFO:tenpy.tools.params:MixedHofstadterLandauGauge_Pi_2: reading 't'=-1
INFO:tenpy.tools.params:MixedHofstadterLandauGauge_Pi_2: reading 't2'=-0.25
INFO:tenpy.tools.params:MixedHofstadterLandauGauge_Pi_2: reading 'V1'=0.6
INFO:tenpy.tools.params:MixedHofstadterLandauGauge_Pi_2: reading 'phi_ext'=np.float64(2.5)
INFO:tenpy.tools.params:MixedHofstadterLandauGauge_Pi_2: reading 'sort_mpo_legs'=False
/home/t30/kna/ge54yin/Documents/MasterThesisFQHinTMDs/MPS_stuff/MPScalculations/.venv/lib/python3.12/site-packages/tenpy/tools/params.py:232: UserWarning: unused options for config MixedHofstadterLandauGauge_Pi_2:
['Delta', 'N_rings', 'Nsec', 'bc', 'chi_max', 'ktot', 'saveAll']
  warnings.warn(msg.format(keys=sorted(unused), name=self.name))
INFO:tenpy.tools.params:DMRG: reading 'active_sites'=2
INFO:tenpy.tools.params:DMRG: reading 'diag_method'='default'
INFO:tenpy.tools.params:DMRG: subconfig 'trunc_params'=Config(<5 options>, 'trunc_params')
INFO:tenpy.tools.params:DMRG: reading 'max_N_sites_per_ring'=18
INFO:tenpy.tools.params:DMRG: reading 'combine'=False
INFO:tenpy.tools.params:DMRG: subconfig 'lanczos_params'=Config(<9 options>, 'lanczos_params')
INFO:tenpy.tools.params:DMRG: reading 'chi_list'=None
INFO:tenpy.tools.params:DMRG: reading 'start_env'=1
INFO:tenpy.algorithms.mps_common:start environment_sweep
INFO:tenpy.tools.params:DMRG: reading 'N_sweeps_check'=10
INFO:tenpy.tools.params:DMRG: subconfig 'mixer_params'=Config(<3 options>, 'mixer_params')
INFO:tenpy.tools.params:DMRG: reading 'mixer'=None
INFO:tenpy.tools.params:DMRG: reading 'max_sweeps'=100
INFO:tenpy.tools.params:DMRG: reading 'max_hours'=8760
INFO:tenpy.tools.params:DMRG: reading 'P_tol_to_trunc'=0.05
INFO:tenpy.tools.params:DMRG: reading 'P_tol_min'=5.0000000000000004e-30
INFO:tenpy.tools.params:DMRG: reading 'P_tol_max'=0.0001
INFO:tenpy.tools.params:DMRG: reading 'E_tol_to_trunc'=None
INFO:tenpy.algorithms.dmrg:Running sweep with optimization
INFO:tenpy.tools.params:DMRG: reading 'max_N_for_ED'=400
INFO:tenpy.tools.params:DMRG: reading 'update_env'=5
INFO:tenpy.algorithms.mps_common:start environment_sweep
INFO:tenpy.algorithms.dmrg:checkpoint after sweep 10
energy=-0.7127887122996270, max S=1.1974322433351712, age=198, norm_err=6.0e-08
Current memory usage 218.7MB, wall time: 13.6s
Delta E = nan, Delta S = -2.5262e-02 (per sweep)
max trunc_err = 1.2479e-09, max E_trunc = 1.6852e-08
chi: [256, 256, 256, 256, 256, 256]
================================================================================
INFO:tenpy.algorithms.dmrg:Running sweep with optimization
INFO:tenpy.algorithms.mps_common:start environment_sweep
INFO:tenpy.algorithms.dmrg:checkpoint after sweep 20
energy=-0.7127887143435506, max S=1.1974077418602886, age=378, norm_err=4.1e-09
Current memory usage 218.7MB, wall time: 11.1s
Delta E = -2.0439e-10, Delta S = -2.4629e-06 (per sweep)
max trunc_err = 2.2076e-09, max E_trunc = 2.3119e-08
chi: [256, 256, 256, 256, 256, 256]
================================================================================
INFO:tenpy.tools.params:DMRG: reading 'max_E_err'=1e-08
INFO:tenpy.tools.params:DMRG: reading 'max_S_err'=1e-05
INFO:tenpy.tools.params:DMRG: reading 'norm_tol'=1e-05
INFO:tenpy.tools.params:DMRG: reading 'norm_tol_final'=1e-10
INFO:tenpy.tools.params:DMRG: reading 'norm_tol_iter'=5
WARNING:tenpy.algorithms.dmrg:final DMRG state not in canonical form up to norm_tol_final=1.00e-10: norm_err=4.11e-09, calling psi.canonical_form()
INFO:tenpy.algorithms.dmrg:TwoSiteDMRGEngine finished after 20 sweeps, max chi=256
INFO:tenpy.tools.params:DMRG: reading 'max_trunc_err'=0.0001
INFO:tenpy.tools.params:MixedHofstadterLandauGauge_Pi_2: reading 'explicit_plus_hc'=False
INFO:tenpy.tools.params:MixedHofstadterLandauGauge_Pi_2: reading 'Lx'=2
INFO:tenpy.tools.params:MixedHofstadterLandauGauge_Pi_2: setting 'N_rings'=2
INFO:tenpy.tools.params:MixedHofstadterLandauGauge_Pi_2: reading 'xy_lattice'='Square'
INFO:tenpy.tools.params:MixedHofstadterLandauGauge_Pi_2: reading 'Ly'=3
INFO:tenpy.tools.params:MixedHofstadterLandauGauge_Pi_2: reading 'ring_order'=None
INFO:tenpy.tools.params:MixedHofstadterLandauGauge_Pi_2: reading 'conserve_k'=True
INFO:tenpy.tools.params:MixedHofstadterLandauGauge_Pi_2: reading 'bc_MPS'='infinite'
INFO:tenpy.tools.params:MixedHofstadterLandauGauge_Pi_2: reading 't'=-1
INFO:tenpy.tools.params:MixedHofstadterLandauGauge_Pi_2: reading 't2'=-0.25
INFO:tenpy.tools.params:MixedHofstadterLandauGauge_Pi_2: reading 'V1'=0.6
INFO:tenpy.tools.params:MixedHofstadterLandauGauge_Pi_2: reading 'phi_ext'=np.float64(2.5500000000000003)
INFO:tenpy.tools.params:MixedHofstadterLandauGauge_Pi_2: reading 'sort_mpo_legs'=False
/home/t30/kna/ge54yin/Documents/MasterThesisFQHinTMDs/MPS_stuff/MPScalculations/.venv/lib/python3.12/site-packages/tenpy/tools/params.py:232: UserWarning: unused options for config MixedHofstadterLandauGauge_Pi_2:
['Delta', 'N_rings', 'Nsec', 'bc', 'chi_max', 'ktot', 'saveAll']
  warnings.warn(msg.format(keys=sorted(unused), name=self.name))
INFO:tenpy.tools.params:DMRG: reading 'active_sites'=2
INFO:tenpy.tools.params:DMRG: reading 'diag_method'='default'
INFO:tenpy.tools.params:DMRG: subconfig 'trunc_params'=Config(<5 options>, 'trunc_params')
INFO:tenpy.tools.params:DMRG: reading 'max_N_sites_per_ring'=18
INFO:tenpy.tools.params:DMRG: reading 'combine'=False
INFO:tenpy.tools.params:DMRG: subconfig 'lanczos_params'=Config(<9 options>, 'lanczos_params')
INFO:tenpy.tools.params:DMRG: reading 'chi_list'=None
INFO:tenpy.tools.params:DMRG: reading 'start_env'=1
INFO:tenpy.algorithms.mps_common:start environment_sweep
INFO:tenpy.tools.params:DMRG: reading 'N_sweeps_check'=10
INFO:tenpy.tools.params:DMRG: subconfig 'mixer_params'=Config(<3 options>, 'mixer_params')
INFO:tenpy.tools.params:DMRG: reading 'mixer'=None
INFO:tenpy.tools.params:DMRG: reading 'max_sweeps'=100
INFO:tenpy.tools.params:DMRG: reading 'max_hours'=8760
INFO:tenpy.tools.params:DMRG: reading 'P_tol_to_trunc'=0.05
INFO:tenpy.tools.params:DMRG: reading 'P_tol_min'=5.0000000000000004e-30
INFO:tenpy.tools.params:DMRG: reading 'P_tol_max'=0.0001
INFO:tenpy.tools.params:DMRG: reading 'E_tol_to_trunc'=None
INFO:tenpy.algorithms.dmrg:Running sweep with optimization
INFO:tenpy.tools.params:DMRG: reading 'max_N_for_ED'=400
INFO:tenpy.tools.params:DMRG: reading 'update_env'=5
INFO:tenpy.algorithms.mps_common:start environment_sweep
INFO:tenpy.algorithms.dmrg:checkpoint after sweep 10
energy=-0.7137036279408401, max S=1.1197715413111538, age=198, norm_err=9.4e-10
Current memory usage 218.7MB, wall time: 12.4s
Delta E = nan, Delta S = -3.7746e-03 (per sweep)
max trunc_err = 4.9668e-10, max E_trunc = 7.5598e-09
chi: [256, 256, 256, 256, 256, 256]
================================================================================
INFO:tenpy.algorithms.dmrg:Running sweep with optimization
INFO:tenpy.algorithms.mps_common:start environment_sweep
INFO:tenpy.algorithms.dmrg:checkpoint after sweep 20
energy=-0.7137036280014541, max S=1.1197697876217401, age=378, norm_err=1.6e-11
Current memory usage 218.7MB, wall time: 9.3s
Delta E = -6.0614e-12, Delta S = -1.5609e-07 (per sweep)
max trunc_err = 8.5304e-10, max E_trunc = 9.2228e-09
chi: [256, 256, 256, 256, 256, 256]
================================================================================
INFO:tenpy.tools.params:DMRG: reading 'max_E_err'=1e-08
INFO:tenpy.tools.params:DMRG: reading 'max_S_err'=1e-05
INFO:tenpy.tools.params:DMRG: reading 'norm_tol'=1e-05
INFO:tenpy.tools.params:DMRG: reading 'norm_tol_final'=1e-10
INFO:tenpy.tools.params:DMRG: reading 'norm_tol_iter'=5
INFO:tenpy.algorithms.dmrg:TwoSiteDMRGEngine finished after 20 sweeps, max chi=256
INFO:tenpy.tools.params:DMRG: reading 'max_trunc_err'=0.0001
INFO:tenpy.tools.params:MixedHofstadterLandauGauge_Pi_2: reading 'explicit_plus_hc'=False
INFO:tenpy.tools.params:MixedHofstadterLandauGauge_Pi_2: reading 'Lx'=2
INFO:tenpy.tools.params:MixedHofstadterLandauGauge_Pi_2: setting 'N_rings'=2
INFO:tenpy.tools.params:MixedHofstadterLandauGauge_Pi_2: reading 'xy_lattice'='Square'
INFO:tenpy.tools.params:MixedHofstadterLandauGauge_Pi_2: reading 'Ly'=3
INFO:tenpy.tools.params:MixedHofstadterLandauGauge_Pi_2: reading 'ring_order'=None
INFO:tenpy.tools.params:MixedHofstadterLandauGauge_Pi_2: reading 'conserve_k'=True
INFO:tenpy.tools.params:MixedHofstadterLandauGauge_Pi_2: reading 'bc_MPS'='infinite'
INFO:tenpy.tools.params:MixedHofstadterLandauGauge_Pi_2: reading 't'=-1
INFO:tenpy.tools.params:MixedHofstadterLandauGauge_Pi_2: reading 't2'=-0.25
INFO:tenpy.tools.params:MixedHofstadterLandauGauge_Pi_2: reading 'V1'=0.6
INFO:tenpy.tools.params:MixedHofstadterLandauGauge_Pi_2: reading 'phi_ext'=np.float64(2.6)
INFO:tenpy.tools.params:MixedHofstadterLandauGauge_Pi_2: reading 'sort_mpo_legs'=False
/home/t30/kna/ge54yin/Documents/MasterThesisFQHinTMDs/MPS_stuff/MPScalculations/.venv/lib/python3.12/site-packages/tenpy/tools/params.py:232: UserWarning: unused options for config MixedHofstadterLandauGauge_Pi_2:
['Delta', 'N_rings', 'Nsec', 'bc', 'chi_max', 'ktot', 'saveAll']
  warnings.warn(msg.format(keys=sorted(unused), name=self.name))
INFO:tenpy.tools.params:DMRG: reading 'active_sites'=2
INFO:tenpy.tools.params:DMRG: reading 'diag_method'='default'
INFO:tenpy.tools.params:DMRG: subconfig 'trunc_params'=Config(<5 options>, 'trunc_params')
INFO:tenpy.tools.params:DMRG: reading 'max_N_sites_per_ring'=18
INFO:tenpy.tools.params:DMRG: reading 'combine'=False
INFO:tenpy.tools.params:DMRG: subconfig 'lanczos_params'=Config(<9 options>, 'lanczos_params')
INFO:tenpy.tools.params:DMRG: reading 'chi_list'=None
INFO:tenpy.tools.params:DMRG: reading 'start_env'=1
INFO:tenpy.algorithms.mps_common:start environment_sweep
INFO:tenpy.tools.params:DMRG: reading 'N_sweeps_check'=10
INFO:tenpy.tools.params:DMRG: subconfig 'mixer_params'=Config(<3 options>, 'mixer_params')
INFO:tenpy.tools.params:DMRG: reading 'mixer'=None
INFO:tenpy.tools.params:DMRG: reading 'max_sweeps'=100
INFO:tenpy.tools.params:DMRG: reading 'max_hours'=8760
INFO:tenpy.tools.params:DMRG: reading 'P_tol_to_trunc'=0.05
INFO:tenpy.tools.params:DMRG: reading 'P_tol_min'=5.0000000000000004e-30
INFO:tenpy.tools.params:DMRG: reading 'P_tol_max'=0.0001
INFO:tenpy.tools.params:DMRG: reading 'E_tol_to_trunc'=None
INFO:tenpy.algorithms.dmrg:Running sweep with optimization
INFO:tenpy.tools.params:DMRG: reading 'max_N_for_ED'=400
INFO:tenpy.tools.params:DMRG: reading 'update_env'=5
INFO:tenpy.algorithms.mps_common:start environment_sweep
INFO:tenpy.algorithms.dmrg:checkpoint after sweep 10
energy=-0.7144932186236682, max S=1.0881704161143513, age=198, norm_err=9.3e-11
Current memory usage 218.7MB, wall time: 13.0s
Delta E = nan, Delta S = -1.9017e-03 (per sweep)
max trunc_err = 5.2410e-10, max E_trunc = 5.6679e-09
chi: [256, 256, 256, 256, 256, 256]
================================================================================
INFO:tenpy.algorithms.dmrg:Running sweep with optimization
INFO:tenpy.algorithms.mps_common:start environment_sweep
INFO:tenpy.algorithms.dmrg:checkpoint after sweep 20
energy=-0.7144932186031762, max S=1.0881711044772966, age=378, norm_err=2.1e-12
Current memory usage 218.7MB, wall time: 9.6s
Delta E = 2.0492e-12, Delta S = 8.6142e-08 (per sweep)
max trunc_err = 5.2895e-10, max E_trunc = 5.8438e-09
chi: [256, 256, 256, 256, 256, 256]
================================================================================
INFO:tenpy.tools.params:DMRG: reading 'max_E_err'=1e-08
INFO:tenpy.tools.params:DMRG: reading 'max_S_err'=1e-05
INFO:tenpy.tools.params:DMRG: reading 'norm_tol'=1e-05
INFO:tenpy.tools.params:DMRG: reading 'norm_tol_final'=1e-10
INFO:tenpy.tools.params:DMRG: reading 'norm_tol_iter'=5
INFO:tenpy.algorithms.dmrg:TwoSiteDMRGEngine finished after 20 sweeps, max chi=256
INFO:tenpy.tools.params:DMRG: reading 'max_trunc_err'=0.0001
INFO:tenpy.tools.params:MixedHofstadterLandauGauge_Pi_2: reading 'explicit_plus_hc'=False
INFO:tenpy.tools.params:MixedHofstadterLandauGauge_Pi_2: reading 'Lx'=2
INFO:tenpy.tools.params:MixedHofstadterLandauGauge_Pi_2: setting 'N_rings'=2
INFO:tenpy.tools.params:MixedHofstadterLandauGauge_Pi_2: reading 'xy_lattice'='Square'
INFO:tenpy.tools.params:MixedHofstadterLandauGauge_Pi_2: reading 'Ly'=3
INFO:tenpy.tools.params:MixedHofstadterLandauGauge_Pi_2: reading 'ring_order'=None
INFO:tenpy.tools.params:MixedHofstadterLandauGauge_Pi_2: reading 'conserve_k'=True
INFO:tenpy.tools.params:MixedHofstadterLandauGauge_Pi_2: reading 'bc_MPS'='infinite'
INFO:tenpy.tools.params:MixedHofstadterLandauGauge_Pi_2: reading 't'=-1
INFO:tenpy.tools.params:MixedHofstadterLandauGauge_Pi_2: reading 't2'=-0.25
INFO:tenpy.tools.params:MixedHofstadterLandauGauge_Pi_2: reading 'V1'=0.6
INFO:tenpy.tools.params:MixedHofstadterLandauGauge_Pi_2: reading 'phi_ext'=np.float64(2.6500000000000004)
INFO:tenpy.tools.params:MixedHofstadterLandauGauge_Pi_2: reading 'sort_mpo_legs'=False
/home/t30/kna/ge54yin/Documents/MasterThesisFQHinTMDs/MPS_stuff/MPScalculations/.venv/lib/python3.12/site-packages/tenpy/tools/params.py:232: UserWarning: unused options for config MixedHofstadterLandauGauge_Pi_2:
['Delta', 'N_rings', 'Nsec', 'bc', 'chi_max', 'ktot', 'saveAll']
  warnings.warn(msg.format(keys=sorted(unused), name=self.name))
INFO:tenpy.tools.params:DMRG: reading 'active_sites'=2
INFO:tenpy.tools.params:DMRG: reading 'diag_method'='default'
INFO:tenpy.tools.params:DMRG: subconfig 'trunc_params'=Config(<5 options>, 'trunc_params')
INFO:tenpy.tools.params:DMRG: reading 'max_N_sites_per_ring'=18
INFO:tenpy.tools.params:DMRG: reading 'combine'=False
INFO:tenpy.tools.params:DMRG: subconfig 'lanczos_params'=Config(<9 options>, 'lanczos_params')
INFO:tenpy.tools.params:DMRG: reading 'chi_list'=None
INFO:tenpy.tools.params:DMRG: reading 'start_env'=1
INFO:tenpy.algorithms.mps_common:start environment_sweep
INFO:tenpy.tools.params:DMRG: reading 'N_sweeps_check'=10
INFO:tenpy.tools.params:DMRG: subconfig 'mixer_params'=Config(<3 options>, 'mixer_params')
INFO:tenpy.tools.params:DMRG: reading 'mixer'=None
INFO:tenpy.tools.params:DMRG: reading 'max_sweeps'=100
INFO:tenpy.tools.params:DMRG: reading 'max_hours'=8760
INFO:tenpy.tools.params:DMRG: reading 'P_tol_to_trunc'=0.05
INFO:tenpy.tools.params:DMRG: reading 'P_tol_min'=5.0000000000000004e-30
INFO:tenpy.tools.params:DMRG: reading 'P_tol_max'=0.0001
INFO:tenpy.tools.params:DMRG: reading 'E_tol_to_trunc'=None
INFO:tenpy.algorithms.dmrg:Running sweep with optimization
INFO:tenpy.tools.params:DMRG: reading 'max_N_for_ED'=400
INFO:tenpy.tools.params:DMRG: reading 'update_env'=5
INFO:tenpy.algorithms.mps_common:start environment_sweep
INFO:tenpy.algorithms.dmrg:checkpoint after sweep 10
energy=-0.7151000049104562, max S=1.0830252887407246, age=198, norm_err=1.2e-11
Current memory usage 218.7MB, wall time: 11.5s
Delta E = nan, Delta S = -1.1461e-03 (per sweep)
max trunc_err = 3.8394e-10, max E_trunc = 4.3139e-09
chi: [256, 256, 256, 256, 256, 256]
================================================================================
INFO:tenpy.algorithms.dmrg:Running sweep with optimization
INFO:tenpy.algorithms.mps_common:start environment_sweep
INFO:tenpy.algorithms.dmrg:checkpoint after sweep 20
energy=-0.7151000048913309, max S=1.0830246103184014, age=378, norm_err=9.7e-13
Current memory usage 218.7MB, wall time: 8.9s
Delta E = 1.9125e-12, Delta S = -9.4864e-08 (per sweep)
max trunc_err = 3.8564e-10, max E_trunc = 4.3575e-09
chi: [256, 256, 256, 256, 256, 256]
================================================================================
INFO:tenpy.tools.params:DMRG: reading 'max_E_err'=1e-08
INFO:tenpy.tools.params:DMRG: reading 'max_S_err'=1e-05
INFO:tenpy.tools.params:DMRG: reading 'norm_tol'=1e-05
INFO:tenpy.tools.params:DMRG: reading 'norm_tol_final'=1e-10
INFO:tenpy.tools.params:DMRG: reading 'norm_tol_iter'=5
INFO:tenpy.algorithms.dmrg:TwoSiteDMRGEngine finished after 20 sweeps, max chi=256
INFO:tenpy.tools.params:DMRG: reading 'max_trunc_err'=0.0001
INFO:tenpy.tools.params:MixedHofstadterLandauGauge_Pi_2: reading 'explicit_plus_hc'=False
INFO:tenpy.tools.params:MixedHofstadterLandauGauge_Pi_2: reading 'Lx'=2
INFO:tenpy.tools.params:MixedHofstadterLandauGauge_Pi_2: setting 'N_rings'=2
INFO:tenpy.tools.params:MixedHofstadterLandauGauge_Pi_2: reading 'xy_lattice'='Square'
INFO:tenpy.tools.params:MixedHofstadterLandauGauge_Pi_2: reading 'Ly'=3
INFO:tenpy.tools.params:MixedHofstadterLandauGauge_Pi_2: reading 'ring_order'=None
INFO:tenpy.tools.params:MixedHofstadterLandauGauge_Pi_2: reading 'conserve_k'=True
INFO:tenpy.tools.params:MixedHofstadterLandauGauge_Pi_2: reading 'bc_MPS'='infinite'
INFO:tenpy.tools.params:MixedHofstadterLandauGauge_Pi_2: reading 't'=-1
INFO:tenpy.tools.params:MixedHofstadterLandauGauge_Pi_2: reading 't2'=-0.25
INFO:tenpy.tools.params:MixedHofstadterLandauGauge_Pi_2: reading 'V1'=0.6
INFO:tenpy.tools.params:MixedHofstadterLandauGauge_Pi_2: reading 'phi_ext'=np.float64(2.7)
INFO:tenpy.tools.params:MixedHofstadterLandauGauge_Pi_2: reading 'sort_mpo_legs'=False
/home/t30/kna/ge54yin/Documents/MasterThesisFQHinTMDs/MPS_stuff/MPScalculations/.venv/lib/python3.12/site-packages/tenpy/tools/params.py:232: UserWarning: unused options for config MixedHofstadterLandauGauge_Pi_2:
['Delta', 'N_rings', 'Nsec', 'bc', 'chi_max', 'ktot', 'saveAll']
  warnings.warn(msg.format(keys=sorted(unused), name=self.name))
INFO:tenpy.tools.params:DMRG: reading 'active_sites'=2
INFO:tenpy.tools.params:DMRG: reading 'diag_method'='default'
INFO:tenpy.tools.params:DMRG: subconfig 'trunc_params'=Config(<5 options>, 'trunc_params')
INFO:tenpy.tools.params:DMRG: reading 'max_N_sites_per_ring'=18
INFO:tenpy.tools.params:DMRG: reading 'combine'=False
INFO:tenpy.tools.params:DMRG: subconfig 'lanczos_params'=Config(<9 options>, 'lanczos_params')
INFO:tenpy.tools.params:DMRG: reading 'chi_list'=None
INFO:tenpy.tools.params:DMRG: reading 'start_env'=1
INFO:tenpy.algorithms.mps_common:start environment_sweep
INFO:tenpy.tools.params:DMRG: reading 'N_sweeps_check'=10
INFO:tenpy.tools.params:DMRG: subconfig 'mixer_params'=Config(<3 options>, 'mixer_params')
INFO:tenpy.tools.params:DMRG: reading 'mixer'=None
INFO:tenpy.tools.params:DMRG: reading 'max_sweeps'=100
INFO:tenpy.tools.params:DMRG: reading 'max_hours'=8760
INFO:tenpy.tools.params:DMRG: reading 'P_tol_to_trunc'=0.05
INFO:tenpy.tools.params:DMRG: reading 'P_tol_min'=5.0000000000000004e-30
INFO:tenpy.tools.params:DMRG: reading 'P_tol_max'=0.0001
INFO:tenpy.tools.params:DMRG: reading 'E_tol_to_trunc'=None
INFO:tenpy.algorithms.dmrg:Running sweep with optimization
INFO:tenpy.tools.params:DMRG: reading 'max_N_for_ED'=400
INFO:tenpy.tools.params:DMRG: reading 'update_env'=5
INFO:tenpy.algorithms.mps_common:start environment_sweep
INFO:tenpy.algorithms.dmrg:checkpoint after sweep 10
energy=-0.7154817216729228, max S=1.0802490901283008, age=198, norm_err=3.9e-12
Current memory usage 218.7MB, wall time: 12.6s
Delta E = nan, Delta S = -6.4526e-04 (per sweep)
max trunc_err = 3.2155e-10, max E_trunc = 3.6881e-09
chi: [256, 256, 256, 256, 256, 256]
================================================================================
INFO:tenpy.algorithms.dmrg:Running sweep with optimization
INFO:tenpy.algorithms.mps_common:start environment_sweep
INFO:tenpy.algorithms.dmrg:checkpoint after sweep 20
energy=-0.7154817216729915, max S=1.0802488788331133, age=378, norm_err=4.7e-13
Current memory usage 218.7MB, wall time: 9.6s
Delta E = -6.8723e-15, Delta S = -3.3490e-08 (per sweep)
max trunc_err = 3.2129e-10, max E_trunc = 3.6853e-09
chi: [256, 256, 256, 256, 256, 256]
================================================================================
INFO:tenpy.tools.params:DMRG: reading 'max_E_err'=1e-08
INFO:tenpy.tools.params:DMRG: reading 'max_S_err'=1e-05
INFO:tenpy.tools.params:DMRG: reading 'norm_tol'=1e-05
INFO:tenpy.tools.params:DMRG: reading 'norm_tol_final'=1e-10
INFO:tenpy.tools.params:DMRG: reading 'norm_tol_iter'=5
INFO:tenpy.algorithms.dmrg:TwoSiteDMRGEngine finished after 20 sweeps, max chi=256
INFO:tenpy.tools.params:DMRG: reading 'max_trunc_err'=0.0001
INFO:tenpy.tools.params:MixedHofstadterLandauGauge_Pi_2: reading 'explicit_plus_hc'=False
INFO:tenpy.tools.params:MixedHofstadterLandauGauge_Pi_2: reading 'Lx'=2
INFO:tenpy.tools.params:MixedHofstadterLandauGauge_Pi_2: setting 'N_rings'=2
INFO:tenpy.tools.params:MixedHofstadterLandauGauge_Pi_2: reading 'xy_lattice'='Square'
INFO:tenpy.tools.params:MixedHofstadterLandauGauge_Pi_2: reading 'Ly'=3
INFO:tenpy.tools.params:MixedHofstadterLandauGauge_Pi_2: reading 'ring_order'=None
INFO:tenpy.tools.params:MixedHofstadterLandauGauge_Pi_2: reading 'conserve_k'=True
INFO:tenpy.tools.params:MixedHofstadterLandauGauge_Pi_2: reading 'bc_MPS'='infinite'
INFO:tenpy.tools.params:MixedHofstadterLandauGauge_Pi_2: reading 't'=-1
INFO:tenpy.tools.params:MixedHofstadterLandauGauge_Pi_2: reading 't2'=-0.25
INFO:tenpy.tools.params:MixedHofstadterLandauGauge_Pi_2: reading 'V1'=0.6
INFO:tenpy.tools.params:MixedHofstadterLandauGauge_Pi_2: reading 'phi_ext'=np.float64(2.75)
INFO:tenpy.tools.params:MixedHofstadterLandauGauge_Pi_2: reading 'sort_mpo_legs'=False
/home/t30/kna/ge54yin/Documents/MasterThesisFQHinTMDs/MPS_stuff/MPScalculations/.venv/lib/python3.12/site-packages/tenpy/tools/params.py:232: UserWarning: unused options for config MixedHofstadterLandauGauge_Pi_2:
['Delta', 'N_rings', 'Nsec', 'bc', 'chi_max', 'ktot', 'saveAll']
  warnings.warn(msg.format(keys=sorted(unused), name=self.name))
INFO:tenpy.tools.params:DMRG: reading 'active_sites'=2
INFO:tenpy.tools.params:DMRG: reading 'diag_method'='default'
INFO:tenpy.tools.params:DMRG: subconfig 'trunc_params'=Config(<5 options>, 'trunc_params')
INFO:tenpy.tools.params:DMRG: reading 'max_N_sites_per_ring'=18
INFO:tenpy.tools.params:DMRG: reading 'combine'=False
INFO:tenpy.tools.params:DMRG: subconfig 'lanczos_params'=Config(<9 options>, 'lanczos_params')
INFO:tenpy.tools.params:DMRG: reading 'chi_list'=None
INFO:tenpy.tools.params:DMRG: reading 'start_env'=1
INFO:tenpy.algorithms.mps_common:start environment_sweep
INFO:tenpy.tools.params:DMRG: reading 'N_sweeps_check'=10
INFO:tenpy.tools.params:DMRG: subconfig 'mixer_params'=Config(<3 options>, 'mixer_params')
INFO:tenpy.tools.params:DMRG: reading 'mixer'=None
INFO:tenpy.tools.params:DMRG: reading 'max_sweeps'=100
INFO:tenpy.tools.params:DMRG: reading 'max_hours'=8760
INFO:tenpy.tools.params:DMRG: reading 'P_tol_to_trunc'=0.05
INFO:tenpy.tools.params:DMRG: reading 'P_tol_min'=5.0000000000000004e-30
INFO:tenpy.tools.params:DMRG: reading 'P_tol_max'=0.0001
INFO:tenpy.tools.params:DMRG: reading 'E_tol_to_trunc'=None
INFO:tenpy.algorithms.dmrg:Running sweep with optimization
INFO:tenpy.tools.params:DMRG: reading 'max_N_for_ED'=400
INFO:tenpy.tools.params:DMRG: reading 'update_env'=5
INFO:tenpy.algorithms.mps_common:start environment_sweep
INFO:tenpy.algorithms.dmrg:checkpoint after sweep 10
energy=-0.7156119642500892, max S=1.0793540962870145, age=198, norm_err=2.5e-12
Current memory usage 218.7MB, wall time: 12.0s
Delta E = nan, Delta S = -2.1087e-04 (per sweep)
max trunc_err = 2.9474e-10, max E_trunc = 3.4168e-09
chi: [256, 256, 256, 256, 256, 256]
================================================================================
INFO:tenpy.algorithms.dmrg:Running sweep with optimization
INFO:tenpy.algorithms.mps_common:start environment_sweep
INFO:tenpy.algorithms.dmrg:checkpoint after sweep 20
energy=-0.7156119642501011, max S=1.0793540410163729, age=378, norm_err=4.3e-13
Current memory usage 218.7MB, wall time: 9.4s
Delta E = -1.1879e-15, Delta S = -9.5088e-09 (per sweep)
max trunc_err = 2.9480e-10, max E_trunc = 3.4172e-09
chi: [256, 256, 256, 256, 256, 256]
================================================================================
INFO:tenpy.tools.params:DMRG: reading 'max_E_err'=1e-08
INFO:tenpy.tools.params:DMRG: reading 'max_S_err'=1e-05
INFO:tenpy.tools.params:DMRG: reading 'norm_tol'=1e-05
INFO:tenpy.tools.params:DMRG: reading 'norm_tol_final'=1e-10
INFO:tenpy.tools.params:DMRG: reading 'norm_tol_iter'=5
INFO:tenpy.algorithms.dmrg:TwoSiteDMRGEngine finished after 20 sweeps, max chi=256
INFO:tenpy.tools.params:DMRG: reading 'max_trunc_err'=0.0001
INFO:tenpy.tools.params:MixedHofstadterLandauGauge_Pi_2: reading 'explicit_plus_hc'=False
INFO:tenpy.tools.params:MixedHofstadterLandauGauge_Pi_2: reading 'Lx'=2
INFO:tenpy.tools.params:MixedHofstadterLandauGauge_Pi_2: setting 'N_rings'=2
INFO:tenpy.tools.params:MixedHofstadterLandauGauge_Pi_2: reading 'xy_lattice'='Square'
INFO:tenpy.tools.params:MixedHofstadterLandauGauge_Pi_2: reading 'Ly'=3
INFO:tenpy.tools.params:MixedHofstadterLandauGauge_Pi_2: reading 'ring_order'=None
INFO:tenpy.tools.params:MixedHofstadterLandauGauge_Pi_2: reading 'conserve_k'=True
INFO:tenpy.tools.params:MixedHofstadterLandauGauge_Pi_2: reading 'bc_MPS'='infinite'
INFO:tenpy.tools.params:MixedHofstadterLandauGauge_Pi_2: reading 't'=-1
INFO:tenpy.tools.params:MixedHofstadterLandauGauge_Pi_2: reading 't2'=-0.25
INFO:tenpy.tools.params:MixedHofstadterLandauGauge_Pi_2: reading 'V1'=0.6
INFO:tenpy.tools.params:MixedHofstadterLandauGauge_Pi_2: reading 'phi_ext'=np.float64(2.8000000000000003)
INFO:tenpy.tools.params:MixedHofstadterLandauGauge_Pi_2: reading 'sort_mpo_legs'=False
/home/t30/kna/ge54yin/Documents/MasterThesisFQHinTMDs/MPS_stuff/MPScalculations/.venv/lib/python3.12/site-packages/tenpy/tools/params.py:232: UserWarning: unused options for config MixedHofstadterLandauGauge_Pi_2:
['Delta', 'N_rings', 'Nsec', 'bc', 'chi_max', 'ktot', 'saveAll']
  warnings.warn(msg.format(keys=sorted(unused), name=self.name))
INFO:tenpy.tools.params:DMRG: reading 'active_sites'=2
INFO:tenpy.tools.params:DMRG: reading 'diag_method'='default'
INFO:tenpy.tools.params:DMRG: subconfig 'trunc_params'=Config(<5 options>, 'trunc_params')
INFO:tenpy.tools.params:DMRG: reading 'max_N_sites_per_ring'=18
INFO:tenpy.tools.params:DMRG: reading 'combine'=False
INFO:tenpy.tools.params:DMRG: subconfig 'lanczos_params'=Config(<9 options>, 'lanczos_params')
INFO:tenpy.tools.params:DMRG: reading 'chi_list'=None
INFO:tenpy.tools.params:DMRG: reading 'start_env'=1
INFO:tenpy.algorithms.mps_common:start environment_sweep
INFO:tenpy.tools.params:DMRG: reading 'N_sweeps_check'=10
INFO:tenpy.tools.params:DMRG: subconfig 'mixer_params'=Config(<3 options>, 'mixer_params')
INFO:tenpy.tools.params:DMRG: reading 'mixer'=None
INFO:tenpy.tools.params:DMRG: reading 'max_sweeps'=100
INFO:tenpy.tools.params:DMRG: reading 'max_hours'=8760
INFO:tenpy.tools.params:DMRG: reading 'P_tol_to_trunc'=0.05
INFO:tenpy.tools.params:DMRG: reading 'P_tol_min'=5.0000000000000004e-30
INFO:tenpy.tools.params:DMRG: reading 'P_tol_max'=0.0001
INFO:tenpy.tools.params:DMRG: reading 'E_tol_to_trunc'=None
INFO:tenpy.algorithms.dmrg:Running sweep with optimization
INFO:tenpy.tools.params:DMRG: reading 'max_N_for_ED'=400
INFO:tenpy.tools.params:DMRG: reading 'update_env'=5
INFO:tenpy.algorithms.mps_common:start environment_sweep
INFO:tenpy.algorithms.dmrg:checkpoint after sweep 10
energy=-0.7154817216346009, max S=1.0802489717821349, age=198, norm_err=4.5e-12
Current memory usage 218.7MB, wall time: 13.2s
Delta E = nan, Delta S = 2.1090e-04 (per sweep)
max trunc_err = 3.1655e-10, max E_trunc = 3.6375e-09
chi: [256, 256, 256, 256, 256, 256]
================================================================================
INFO:tenpy.algorithms.dmrg:Running sweep with optimization
INFO:tenpy.algorithms.mps_common:start environment_sweep
INFO:tenpy.algorithms.dmrg:checkpoint after sweep 20
energy=-0.7154817216345464, max S=1.0802488705826530, age=378, norm_err=1.2e-12
Current memory usage 218.7MB, wall time: 9.7s
Delta E = 5.4512e-15, Delta S = -1.6763e-08 (per sweep)
max trunc_err = 3.1643e-10, max E_trunc = 3.6368e-09
chi: [256, 256, 256, 256, 256, 256]
================================================================================
INFO:tenpy.tools.params:DMRG: reading 'max_E_err'=1e-08
INFO:tenpy.tools.params:DMRG: reading 'max_S_err'=1e-05
INFO:tenpy.tools.params:DMRG: reading 'norm_tol'=1e-05
INFO:tenpy.tools.params:DMRG: reading 'norm_tol_final'=1e-10
INFO:tenpy.tools.params:DMRG: reading 'norm_tol_iter'=5
INFO:tenpy.algorithms.dmrg:TwoSiteDMRGEngine finished after 20 sweeps, max chi=256
INFO:tenpy.tools.params:DMRG: reading 'max_trunc_err'=0.0001
INFO:tenpy.tools.params:MixedHofstadterLandauGauge_Pi_2: reading 'explicit_plus_hc'=False
INFO:tenpy.tools.params:MixedHofstadterLandauGauge_Pi_2: reading 'Lx'=2
INFO:tenpy.tools.params:MixedHofstadterLandauGauge_Pi_2: setting 'N_rings'=2
INFO:tenpy.tools.params:MixedHofstadterLandauGauge_Pi_2: reading 'xy_lattice'='Square'
INFO:tenpy.tools.params:MixedHofstadterLandauGauge_Pi_2: reading 'Ly'=3
INFO:tenpy.tools.params:MixedHofstadterLandauGauge_Pi_2: reading 'ring_order'=None
INFO:tenpy.tools.params:MixedHofstadterLandauGauge_Pi_2: reading 'conserve_k'=True
INFO:tenpy.tools.params:MixedHofstadterLandauGauge_Pi_2: reading 'bc_MPS'='infinite'
INFO:tenpy.tools.params:MixedHofstadterLandauGauge_Pi_2: reading 't'=-1
INFO:tenpy.tools.params:MixedHofstadterLandauGauge_Pi_2: reading 't2'=-0.25
INFO:tenpy.tools.params:MixedHofstadterLandauGauge_Pi_2: reading 'V1'=0.6
INFO:tenpy.tools.params:MixedHofstadterLandauGauge_Pi_2: reading 'phi_ext'=np.float64(2.85)
INFO:tenpy.tools.params:MixedHofstadterLandauGauge_Pi_2: reading 'sort_mpo_legs'=False
/home/t30/kna/ge54yin/Documents/MasterThesisFQHinTMDs/MPS_stuff/MPScalculations/.venv/lib/python3.12/site-packages/tenpy/tools/params.py:232: UserWarning: unused options for config MixedHofstadterLandauGauge_Pi_2:
['Delta', 'N_rings', 'Nsec', 'bc', 'chi_max', 'ktot', 'saveAll']
  warnings.warn(msg.format(keys=sorted(unused), name=self.name))
INFO:tenpy.tools.params:DMRG: reading 'active_sites'=2
INFO:tenpy.tools.params:DMRG: reading 'diag_method'='default'
INFO:tenpy.tools.params:DMRG: subconfig 'trunc_params'=Config(<5 options>, 'trunc_params')
INFO:tenpy.tools.params:DMRG: reading 'max_N_sites_per_ring'=18
INFO:tenpy.tools.params:DMRG: reading 'combine'=False
INFO:tenpy.tools.params:DMRG: subconfig 'lanczos_params'=Config(<9 options>, 'lanczos_params')
INFO:tenpy.tools.params:DMRG: reading 'chi_list'=None
INFO:tenpy.tools.params:DMRG: reading 'start_env'=1
INFO:tenpy.algorithms.mps_common:start environment_sweep
INFO:tenpy.tools.params:DMRG: reading 'N_sweeps_check'=10
INFO:tenpy.tools.params:DMRG: subconfig 'mixer_params'=Config(<3 options>, 'mixer_params')
INFO:tenpy.tools.params:DMRG: reading 'mixer'=None
INFO:tenpy.tools.params:DMRG: reading 'max_sweeps'=100
INFO:tenpy.tools.params:DMRG: reading 'max_hours'=8760
INFO:tenpy.tools.params:DMRG: reading 'P_tol_to_trunc'=0.05
INFO:tenpy.tools.params:DMRG: reading 'P_tol_min'=5.0000000000000004e-30
INFO:tenpy.tools.params:DMRG: reading 'P_tol_max'=0.0001
INFO:tenpy.tools.params:DMRG: reading 'E_tol_to_trunc'=None
INFO:tenpy.algorithms.dmrg:Running sweep with optimization
INFO:tenpy.tools.params:DMRG: reading 'max_N_for_ED'=400
INFO:tenpy.tools.params:DMRG: reading 'update_env'=5
INFO:tenpy.algorithms.mps_common:start environment_sweep
INFO:tenpy.algorithms.dmrg:checkpoint after sweep 10
energy=-0.7151000048675845, max S=1.0830243338067356, age=198, norm_err=4.1e-12
Current memory usage 218.7MB, wall time: 12.6s
Delta E = nan, Delta S = 6.4525e-04 (per sweep)
max trunc_err = 3.8408e-10, max E_trunc = 4.3544e-09
chi: [256, 256, 256, 256, 256, 256]
================================================================================
INFO:tenpy.algorithms.dmrg:Running sweep with optimization
INFO:tenpy.algorithms.mps_common:start environment_sweep
INFO:tenpy.algorithms.dmrg:checkpoint after sweep 20
energy=-0.7151000048678782, max S=1.0830246090095366, age=378, norm_err=1.1e-12
Current memory usage 218.7MB, wall time: 9.6s
Delta E = -2.9365e-14, Delta S = 3.9498e-08 (per sweep)
max trunc_err = 3.8409e-10, max E_trunc = 4.3549e-09
chi: [256, 256, 256, 256, 256, 256]
================================================================================
INFO:tenpy.tools.params:DMRG: reading 'max_E_err'=1e-08
INFO:tenpy.tools.params:DMRG: reading 'max_S_err'=1e-05
INFO:tenpy.tools.params:DMRG: reading 'norm_tol'=1e-05
INFO:tenpy.tools.params:DMRG: reading 'norm_tol_final'=1e-10
INFO:tenpy.tools.params:DMRG: reading 'norm_tol_iter'=5
INFO:tenpy.algorithms.dmrg:TwoSiteDMRGEngine finished after 20 sweeps, max chi=256
INFO:tenpy.tools.params:DMRG: reading 'max_trunc_err'=0.0001
INFO:tenpy.tools.params:MixedHofstadterLandauGauge_Pi_2: reading 'explicit_plus_hc'=False
INFO:tenpy.tools.params:MixedHofstadterLandauGauge_Pi_2: reading 'Lx'=2
INFO:tenpy.tools.params:MixedHofstadterLandauGauge_Pi_2: setting 'N_rings'=2
INFO:tenpy.tools.params:MixedHofstadterLandauGauge_Pi_2: reading 'xy_lattice'='Square'
INFO:tenpy.tools.params:MixedHofstadterLandauGauge_Pi_2: reading 'Ly'=3
INFO:tenpy.tools.params:MixedHofstadterLandauGauge_Pi_2: reading 'ring_order'=None
INFO:tenpy.tools.params:MixedHofstadterLandauGauge_Pi_2: reading 'conserve_k'=True
INFO:tenpy.tools.params:MixedHofstadterLandauGauge_Pi_2: reading 'bc_MPS'='infinite'
INFO:tenpy.tools.params:MixedHofstadterLandauGauge_Pi_2: reading 't'=-1
INFO:tenpy.tools.params:MixedHofstadterLandauGauge_Pi_2: reading 't2'=-0.25
INFO:tenpy.tools.params:MixedHofstadterLandauGauge_Pi_2: reading 'V1'=0.6
INFO:tenpy.tools.params:MixedHofstadterLandauGauge_Pi_2: reading 'phi_ext'=np.float64(2.9000000000000004)
INFO:tenpy.tools.params:MixedHofstadterLandauGauge_Pi_2: reading 'sort_mpo_legs'=False
/home/t30/kna/ge54yin/Documents/MasterThesisFQHinTMDs/MPS_stuff/MPScalculations/.venv/lib/python3.12/site-packages/tenpy/tools/params.py:232: UserWarning: unused options for config MixedHofstadterLandauGauge_Pi_2:
['Delta', 'N_rings', 'Nsec', 'bc', 'chi_max', 'ktot', 'saveAll']
  warnings.warn(msg.format(keys=sorted(unused), name=self.name))
INFO:tenpy.tools.params:DMRG: reading 'active_sites'=2
INFO:tenpy.tools.params:DMRG: reading 'diag_method'='default'
INFO:tenpy.tools.params:DMRG: subconfig 'trunc_params'=Config(<5 options>, 'trunc_params')
INFO:tenpy.tools.params:DMRG: reading 'max_N_sites_per_ring'=18
INFO:tenpy.tools.params:DMRG: reading 'combine'=False
INFO:tenpy.tools.params:DMRG: subconfig 'lanczos_params'=Config(<9 options>, 'lanczos_params')
INFO:tenpy.tools.params:DMRG: reading 'chi_list'=None
INFO:tenpy.tools.params:DMRG: reading 'start_env'=1
INFO:tenpy.algorithms.mps_common:start environment_sweep
INFO:tenpy.tools.params:DMRG: reading 'N_sweeps_check'=10
INFO:tenpy.tools.params:DMRG: subconfig 'mixer_params'=Config(<3 options>, 'mixer_params')
INFO:tenpy.tools.params:DMRG: reading 'mixer'=None
INFO:tenpy.tools.params:DMRG: reading 'max_sweeps'=100
INFO:tenpy.tools.params:DMRG: reading 'max_hours'=8760
INFO:tenpy.tools.params:DMRG: reading 'P_tol_to_trunc'=0.05
INFO:tenpy.tools.params:DMRG: reading 'P_tol_min'=5.0000000000000004e-30
INFO:tenpy.tools.params:DMRG: reading 'P_tol_max'=0.0001
INFO:tenpy.tools.params:DMRG: reading 'E_tol_to_trunc'=None
INFO:tenpy.algorithms.dmrg:Running sweep with optimization
INFO:tenpy.tools.params:DMRG: reading 'max_N_for_ED'=400
INFO:tenpy.tools.params:DMRG: reading 'update_env'=5
INFO:tenpy.algorithms.mps_common:start environment_sweep
INFO:tenpy.algorithms.dmrg:checkpoint after sweep 10
energy=-0.7144932132479885, max S=1.0881703648013334, age=198, norm_err=5.6e-11
Current memory usage 218.7MB, wall time: 14.2s
Delta E = nan, Delta S = 1.1461e-03 (per sweep)
max trunc_err = 5.2426e-10, max E_trunc = 5.7211e-09
chi: [256, 256, 256, 256, 256, 256]
================================================================================
INFO:tenpy.algorithms.dmrg:Running sweep with optimization
INFO:tenpy.algorithms.mps_common:start environment_sweep
INFO:tenpy.algorithms.dmrg:checkpoint after sweep 20
energy=-0.7144932132652002, max S=1.0881710948027048, age=378, norm_err=4.7e-12
Current memory usage 218.7MB, wall time: 9.6s
Delta E = -1.7212e-12, Delta S = 9.2671e-08 (per sweep)
max trunc_err = 5.2409e-10, max E_trunc = 5.7245e-09
chi: [256, 256, 256, 256, 256, 256]
================================================================================
INFO:tenpy.tools.params:DMRG: reading 'max_E_err'=1e-08
INFO:tenpy.tools.params:DMRG: reading 'max_S_err'=1e-05
INFO:tenpy.tools.params:DMRG: reading 'norm_tol'=1e-05
INFO:tenpy.tools.params:DMRG: reading 'norm_tol_final'=1e-10
INFO:tenpy.tools.params:DMRG: reading 'norm_tol_iter'=5
INFO:tenpy.algorithms.dmrg:TwoSiteDMRGEngine finished after 20 sweeps, max chi=256
INFO:tenpy.tools.params:DMRG: reading 'max_trunc_err'=0.0001
INFO:tenpy.tools.params:MixedHofstadterLandauGauge_Pi_2: reading 'explicit_plus_hc'=False
INFO:tenpy.tools.params:MixedHofstadterLandauGauge_Pi_2: reading 'Lx'=2
INFO:tenpy.tools.params:MixedHofstadterLandauGauge_Pi_2: setting 'N_rings'=2
INFO:tenpy.tools.params:MixedHofstadterLandauGauge_Pi_2: reading 'xy_lattice'='Square'
INFO:tenpy.tools.params:MixedHofstadterLandauGauge_Pi_2: reading 'Ly'=3
INFO:tenpy.tools.params:MixedHofstadterLandauGauge_Pi_2: reading 'ring_order'=None
INFO:tenpy.tools.params:MixedHofstadterLandauGauge_Pi_2: reading 'conserve_k'=True
INFO:tenpy.tools.params:MixedHofstadterLandauGauge_Pi_2: reading 'bc_MPS'='infinite'
INFO:tenpy.tools.params:MixedHofstadterLandauGauge_Pi_2: reading 't'=-1
INFO:tenpy.tools.params:MixedHofstadterLandauGauge_Pi_2: reading 't2'=-0.25
INFO:tenpy.tools.params:MixedHofstadterLandauGauge_Pi_2: reading 'V1'=0.6
INFO:tenpy.tools.params:MixedHofstadterLandauGauge_Pi_2: reading 'phi_ext'=np.float64(2.95)
INFO:tenpy.tools.params:MixedHofstadterLandauGauge_Pi_2: reading 'sort_mpo_legs'=False
/home/t30/kna/ge54yin/Documents/MasterThesisFQHinTMDs/MPS_stuff/MPScalculations/.venv/lib/python3.12/site-packages/tenpy/tools/params.py:232: UserWarning: unused options for config MixedHofstadterLandauGauge_Pi_2:
['Delta', 'N_rings', 'Nsec', 'bc', 'chi_max', 'ktot', 'saveAll']
  warnings.warn(msg.format(keys=sorted(unused), name=self.name))
INFO:tenpy.tools.params:DMRG: reading 'active_sites'=2
INFO:tenpy.tools.params:DMRG: reading 'diag_method'='default'
INFO:tenpy.tools.params:DMRG: subconfig 'trunc_params'=Config(<5 options>, 'trunc_params')
INFO:tenpy.tools.params:DMRG: reading 'max_N_sites_per_ring'=18
INFO:tenpy.tools.params:DMRG: reading 'combine'=False
INFO:tenpy.tools.params:DMRG: subconfig 'lanczos_params'=Config(<9 options>, 'lanczos_params')
INFO:tenpy.tools.params:DMRG: reading 'chi_list'=None
INFO:tenpy.tools.params:DMRG: reading 'start_env'=1
INFO:tenpy.algorithms.mps_common:start environment_sweep
INFO:tenpy.tools.params:DMRG: reading 'N_sweeps_check'=10
INFO:tenpy.tools.params:DMRG: subconfig 'mixer_params'=Config(<3 options>, 'mixer_params')
INFO:tenpy.tools.params:DMRG: reading 'mixer'=None
INFO:tenpy.tools.params:DMRG: reading 'max_sweeps'=100
INFO:tenpy.tools.params:DMRG: reading 'max_hours'=8760
INFO:tenpy.tools.params:DMRG: reading 'P_tol_to_trunc'=0.05
INFO:tenpy.tools.params:DMRG: reading 'P_tol_min'=5.0000000000000004e-30
INFO:tenpy.tools.params:DMRG: reading 'P_tol_max'=0.0001
INFO:tenpy.tools.params:DMRG: reading 'E_tol_to_trunc'=None
INFO:tenpy.algorithms.dmrg:Running sweep with optimization
INFO:tenpy.tools.params:DMRG: reading 'max_N_for_ED'=400
INFO:tenpy.tools.params:DMRG: reading 'update_env'=5
INFO:tenpy.algorithms.mps_common:start environment_sweep
INFO:tenpy.algorithms.dmrg:checkpoint after sweep 10
energy=-0.7137036264494014, max S=1.1197672208929839, age=198, norm_err=7.7e-10
Current memory usage 218.7MB, wall time: 14.7s
Delta E = nan, Delta S = 1.9014e-03 (per sweep)
max trunc_err = 8.6097e-10, max E_trunc = 9.3253e-09
chi: [256, 256, 256, 256, 256, 256]
================================================================================
INFO:tenpy.algorithms.dmrg:Running sweep with optimization
INFO:tenpy.algorithms.mps_common:start environment_sweep
INFO:tenpy.algorithms.dmrg:checkpoint after sweep 20
energy=-0.7137036264699977, max S=1.1197694082359240, age=378, norm_err=2.1e-11
Current memory usage 218.7MB, wall time: 9.6s
Delta E = -2.0596e-12, Delta S = 1.9796e-07 (per sweep)
max trunc_err = 8.5816e-10, max E_trunc = 9.2932e-09
chi: [256, 256, 256, 256, 256, 256]
================================================================================
INFO:tenpy.tools.params:DMRG: reading 'max_E_err'=1e-08
INFO:tenpy.tools.params:DMRG: reading 'max_S_err'=1e-05
INFO:tenpy.tools.params:DMRG: reading 'norm_tol'=1e-05
INFO:tenpy.tools.params:DMRG: reading 'norm_tol_final'=1e-10
INFO:tenpy.tools.params:DMRG: reading 'norm_tol_iter'=5
INFO:tenpy.algorithms.dmrg:TwoSiteDMRGEngine finished after 20 sweeps, max chi=256
INFO:tenpy.tools.params:DMRG: reading 'max_trunc_err'=0.0001
INFO:tenpy.tools.params:MixedHofstadterLandauGauge_Pi_2: reading 'explicit_plus_hc'=False
INFO:tenpy.tools.params:MixedHofstadterLandauGauge_Pi_2: reading 'Lx'=2
INFO:tenpy.tools.params:MixedHofstadterLandauGauge_Pi_2: setting 'N_rings'=2
INFO:tenpy.tools.params:MixedHofstadterLandauGauge_Pi_2: reading 'xy_lattice'='Square'
INFO:tenpy.tools.params:MixedHofstadterLandauGauge_Pi_2: reading 'Ly'=3
INFO:tenpy.tools.params:MixedHofstadterLandauGauge_Pi_2: reading 'ring_order'=None
INFO:tenpy.tools.params:MixedHofstadterLandauGauge_Pi_2: reading 'conserve_k'=True
INFO:tenpy.tools.params:MixedHofstadterLandauGauge_Pi_2: reading 'bc_MPS'='infinite'
INFO:tenpy.tools.params:MixedHofstadterLandauGauge_Pi_2: reading 't'=-1
INFO:tenpy.tools.params:MixedHofstadterLandauGauge_Pi_2: reading 't2'=-0.25
INFO:tenpy.tools.params:MixedHofstadterLandauGauge_Pi_2: reading 'V1'=0.6
INFO:tenpy.tools.params:MixedHofstadterLandauGauge_Pi_2: reading 'phi_ext'=np.float64(3.0)
INFO:tenpy.tools.params:MixedHofstadterLandauGauge_Pi_2: reading 'sort_mpo_legs'=False
/home/t30/kna/ge54yin/Documents/MasterThesisFQHinTMDs/MPS_stuff/MPScalculations/.venv/lib/python3.12/site-packages/tenpy/tools/params.py:232: UserWarning: unused options for config MixedHofstadterLandauGauge_Pi_2:
['Delta', 'N_rings', 'Nsec', 'bc', 'chi_max', 'ktot', 'saveAll']
  warnings.warn(msg.format(keys=sorted(unused), name=self.name))
INFO:tenpy.tools.params:DMRG: reading 'active_sites'=2
INFO:tenpy.tools.params:DMRG: reading 'diag_method'='default'
INFO:tenpy.tools.params:DMRG: subconfig 'trunc_params'=Config(<5 options>, 'trunc_params')
INFO:tenpy.tools.params:DMRG: reading 'max_N_sites_per_ring'=18
INFO:tenpy.tools.params:DMRG: reading 'combine'=False
INFO:tenpy.tools.params:DMRG: subconfig 'lanczos_params'=Config(<9 options>, 'lanczos_params')
INFO:tenpy.tools.params:DMRG: reading 'chi_list'=None
INFO:tenpy.tools.params:DMRG: reading 'start_env'=1
INFO:tenpy.algorithms.mps_common:start environment_sweep
INFO:tenpy.tools.params:DMRG: reading 'N_sweeps_check'=10
INFO:tenpy.tools.params:DMRG: subconfig 'mixer_params'=Config(<3 options>, 'mixer_params')
INFO:tenpy.tools.params:DMRG: reading 'mixer'=None
INFO:tenpy.tools.params:DMRG: reading 'max_sweeps'=100
INFO:tenpy.tools.params:DMRG: reading 'max_hours'=8760
INFO:tenpy.tools.params:DMRG: reading 'P_tol_to_trunc'=0.05
INFO:tenpy.tools.params:DMRG: reading 'P_tol_min'=5.0000000000000004e-30
INFO:tenpy.tools.params:DMRG: reading 'P_tol_max'=0.0001
INFO:tenpy.tools.params:DMRG: reading 'E_tol_to_trunc'=None
INFO:tenpy.algorithms.dmrg:Running sweep with optimization
INFO:tenpy.tools.params:DMRG: reading 'max_N_for_ED'=400
INFO:tenpy.tools.params:DMRG: reading 'update_env'=5
INFO:tenpy.algorithms.mps_common:start environment_sweep
INFO:tenpy.algorithms.dmrg:checkpoint after sweep 10
energy=-0.7127887152170610, max S=1.1974194345398641, age=198, norm_err=1.3e-08
Current memory usage 218.7MB, wall time: 18.7s
Delta E = nan, Delta S = 3.7759e-03 (per sweep)
max trunc_err = 2.3296e-09, max E_trunc = 2.4028e-08
chi: [256, 256, 256, 256, 256, 256]
================================================================================
INFO:tenpy.algorithms.dmrg:Running sweep with optimization
INFO:tenpy.algorithms.mps_common:start environment_sweep
INFO:tenpy.algorithms.dmrg:checkpoint after sweep 20
energy=-0.7127887154901202, max S=1.1974127232464882, age=378, norm_err=4.7e-10
Current memory usage 218.7MB, wall time: 8.9s
Delta E = -2.7306e-11, Delta S = -6.6480e-07 (per sweep)
max trunc_err = 2.1563e-09, max E_trunc = 2.2713e-08
chi: [256, 256, 256, 256, 256, 256]
================================================================================
INFO:tenpy.tools.params:DMRG: reading 'max_E_err'=1e-08
INFO:tenpy.tools.params:DMRG: reading 'max_S_err'=1e-05
INFO:tenpy.tools.params:DMRG: reading 'norm_tol'=1e-05
INFO:tenpy.tools.params:DMRG: reading 'norm_tol_final'=1e-10
INFO:tenpy.tools.params:DMRG: reading 'norm_tol_iter'=5
WARNING:tenpy.algorithms.dmrg:final DMRG state not in canonical form up to norm_tol_final=1.00e-10: norm_err=4.68e-10, calling psi.canonical_form()
INFO:tenpy.algorithms.dmrg:TwoSiteDMRGEngine finished after 20 sweeps, max chi=256
INFO:tenpy.tools.params:DMRG: reading 'max_trunc_err'=0.0001
started simualtion
phi_ext = 0.00
started to simulate
{'bc_MPS': 'infinite', 'bc': ['periodic', 'periodic'], 'V1': 0.6, 't': -1, 't2': -0.25, 'Lx': 2, 'Ly': 3, 'chi_max': 256, 'Nsec': 2, 'ktot': np.int64(2), 'saveAll': False, 'Delta': 0, 'phi_ext': np.float64(0.0)}
2
[1.57079633 3.14159265 0.        ] 0
[-1.57079633  3.14159265  3.14159265] 1
[1.57079633 3.14159265 0.        ] 0
[-1.57079633  3.14159265  3.14159265] 1
[1.57079633 3.14159265 0.        ] 0
[-1.57079633  3.14159265  3.14159265] 1
created model
initial state [0 0 0 1 0 1]
momentum of initial state: 2 , particle number of initial state: 2
starting drmg run
E= -0.7127887161838089
max bond dimension= 256
[-0.93915116  1.02616282]
started to simulate
{'bc_MPS': 'infinite', 'bc': ['periodic', 'periodic'], 'V1': 0.6, 't': -1, 't2': -0.25, 'Lx': 2, 'Ly': 3, 'chi_max': 256, 'Nsec': 2, 'ktot': np.int64(2), 'saveAll': False, 'Delta': 0, 'phi_ext': np.float64(0.05), 'explicit_plus_hc': False, 'N_rings': 2, 'xy_lattice': 'Square', 'ring_order': None, 'conserve_k': True, 'sort_mpo_legs': False}
2
[1.57079633 3.14159265 0.        ] 0
[-1.57079633  3.14159265  3.14159265] 1
[1.57079633 3.14159265 0.        ] 0
[-1.57079633  3.14159265  3.14159265] 1
[1.57079633 3.14159265 0.        ] 0
[-1.57079633  3.14159265  3.14159265] 1
created model
loaded psi
momentum of initial state: 2 , particle number of initial state: 2
starting drmg run
E= -0.7114691996929423
max bond dimension= 256
[-0.9310191   0.11607603]
started to simulate
{'bc_MPS': 'infinite', 'bc': ['periodic', 'periodic'], 'V1': 0.6, 't': -1, 't2': -0.25, 'Lx': 2, 'Ly': 3, 'chi_max': 256, 'Nsec': 2, 'ktot': np.int64(2), 'saveAll': False, 'Delta': 0, 'phi_ext': np.float64(0.1), 'explicit_plus_hc': False, 'N_rings': 2, 'xy_lattice': 'Square', 'ring_order': None, 'conserve_k': True, 'sort_mpo_legs': False}
2
[1.57079633 3.14159265 0.        ] 0
[-1.57079633  3.14159265  3.14159265] 1
[1.57079633 3.14159265 0.        ] 0
[-1.57079633  3.14159265  3.14159265] 1
[1.57079633 3.14159265 0.        ] 0
[-1.57079633  3.14159265  3.14159265] 1
created model
loaded psi
momentum of initial state: 2 , particle number of initial state: 2
starting drmg run
E= -0.7070444095057837
max bond dimension= 256
[0.99551411 1.07061734]
started to simulate
{'bc_MPS': 'infinite', 'bc': ['periodic', 'periodic'], 'V1': 0.6, 't': -1, 't2': -0.25, 'Lx': 2, 'Ly': 3, 'chi_max': 256, 'Nsec': 2, 'ktot': np.int64(2), 'saveAll': False, 'Delta': 0, 'phi_ext': np.float64(0.15000000000000002), 'explicit_plus_hc': False, 'N_rings': 2, 'xy_lattice': 'Square', 'ring_order': None, 'conserve_k': True, 'sort_mpo_legs': False}
2
[1.57079633 3.14159265 0.        ] 0
[-1.57079633  3.14159265  3.14159265] 1
[1.57079633 3.14159265 0.        ] 0
[-1.57079633  3.14159265  3.14159265] 1
[1.57079633 3.14159265 0.        ] 0
[-1.57079633  3.14159265  3.14159265] 1
created model
loaded psi
momentum of initial state: 2 , particle number of initial state: 2
starting drmg run
E= 0.05846879183879613
max bond dimension= 256
[1.04872108 1.00409749]
started to simulate
{'bc_MPS': 'infinite', 'bc': ['periodic', 'periodic'], 'V1': 0.6, 't': -1, 't2': -0.25, 'Lx': 2, 'Ly': 3, 'chi_max': 256, 'Nsec': 2, 'ktot': np.int64(2), 'saveAll': False, 'Delta': 0, 'phi_ext': np.float64(0.2), 'explicit_plus_hc': False, 'N_rings': 2, 'xy_lattice': 'Square', 'ring_order': None, 'conserve_k': True, 'sort_mpo_legs': False}
2
[1.57079633 3.14159265 0.        ] 0
[-1.57079633  3.14159265  3.14159265] 1
[1.57079633 3.14159265 0.        ] 0
[-1.57079633  3.14159265  3.14159265] 1
[1.57079633 3.14159265 0.        ] 0
[-1.57079633  3.14159265  3.14159265] 1
created model
loaded psi
momentum of initial state: 2 , particle number of initial state: 2
starting drmg run
E= 0.47187887178599414
max bond dimension= 256
[-1.31899224e-06  6.36868502e-05]
started to simulate
{'bc_MPS': 'infinite', 'bc': ['periodic', 'periodic'], 'V1': 0.6, 't': -1, 't2': -0.25, 'Lx': 2, 'Ly': 3, 'chi_max': 256, 'Nsec': 2, 'ktot': np.int64(2), 'saveAll': False, 'Delta': 0, 'phi_ext': np.float64(0.25), 'explicit_plus_hc': False, 'N_rings': 2, 'xy_lattice': 'Square', 'ring_order': None, 'conserve_k': True, 'sort_mpo_legs': False}
2
[1.57079633 3.14159265 0.        ] 0
[-1.57079633  3.14159265  3.14159265] 1
[1.57079633 3.14159265 0.        ] 0
[-1.57079633  3.14159265  3.14159265] 1
[1.57079633 3.14159265 0.        ] 0
[-1.57079633  3.14159265  3.14159265] 1
created model
loaded psi
momentum of initial state: 2 , particle number of initial state: 2
starting drmg run
E= -0.7156476476183494
max bond dimension= 256
[1.0570655  0.89394242]
started to simulate
{'bc_MPS': 'infinite', 'bc': ['periodic', 'periodic'], 'V1': 0.6, 't': -1, 't2': -0.25, 'Lx': 2, 'Ly': 3, 'chi_max': 256, 'Nsec': 2, 'ktot': np.int64(2), 'saveAll': False, 'Delta': 0, 'phi_ext': np.float64(0.30000000000000004), 'explicit_plus_hc': False, 'N_rings': 2, 'xy_lattice': 'Square', 'ring_order': None, 'conserve_k': True, 'sort_mpo_legs': False}
2
[1.57079633 3.14159265 0.        ] 0
[-1.57079633  3.14159265  3.14159265] 1
[1.57079633 3.14159265 0.        ] 0
[-1.57079633  3.14159265  3.14159265] 1
[1.57079633 3.14159265 0.        ] 0
[-1.57079633  3.14159265  3.14159265] 1
created model
loaded psi
momentum of initial state: 2 , particle number of initial state: 2
starting drmg run
E= -0.7149100228510482
max bond dimension= 256
[1.0485161  1.10033572]
started to simulate
{'bc_MPS': 'infinite', 'bc': ['periodic', 'periodic'], 'V1': 0.6, 't': -1, 't2': -0.25, 'Lx': 2, 'Ly': 3, 'chi_max': 256, 'Nsec': 2, 'ktot': np.int64(2), 'saveAll': False, 'Delta': 0, 'phi_ext': np.float64(0.35000000000000003), 'explicit_plus_hc': False, 'N_rings': 2, 'xy_lattice': 'Square', 'ring_order': None, 'conserve_k': True, 'sort_mpo_legs': False}
2
[1.57079633 3.14159265 0.        ] 0
[-1.57079633  3.14159265  3.14159265] 1
[1.57079633 3.14159265 0.        ] 0
[-1.57079633  3.14159265  3.14159265] 1
[1.57079633 3.14159265 0.        ] 0
[-1.57079633  3.14159265  3.14159265] 1
created model
loaded psi
momentum of initial state: 2 , particle number of initial state: 2
starting drmg run
E= -0.7044393282685443
max bond dimension= 256
[1.01408699 1.09414785]
started to simulate
{'bc_MPS': 'infinite', 'bc': ['periodic', 'periodic'], 'V1': 0.6, 't': -1, 't2': -0.25, 'Lx': 2, 'Ly': 3, 'chi_max': 256, 'Nsec': 2, 'ktot': np.int64(2), 'saveAll': False, 'Delta': 0, 'phi_ext': np.float64(0.4), 'explicit_plus_hc': False, 'N_rings': 2, 'xy_lattice': 'Square', 'ring_order': None, 'conserve_k': True, 'sort_mpo_legs': False}
2
[1.57079633 3.14159265 0.        ] 0
[-1.57079633  3.14159265  3.14159265] 1
[1.57079633 3.14159265 0.        ] 0
[-1.57079633  3.14159265  3.14159265] 1
[1.57079633 3.14159265 0.        ] 0
[-1.57079633  3.14159265  3.14159265] 1
created model
loaded psi
momentum of initial state: 2 , particle number of initial state: 2
starting drmg run
E= -0.7093179369487643
max bond dimension= 256
[1.02889279 1.03976124]
started to simulate
{'bc_MPS': 'infinite', 'bc': ['periodic', 'periodic'], 'V1': 0.6, 't': -1, 't2': -0.25, 'Lx': 2, 'Ly': 3, 'chi_max': 256, 'Nsec': 2, 'ktot': np.int64(2), 'saveAll': False, 'Delta': 0, 'phi_ext': np.float64(0.45), 'explicit_plus_hc': False, 'N_rings': 2, 'xy_lattice': 'Square', 'ring_order': None, 'conserve_k': True, 'sort_mpo_legs': False}
2
[1.57079633 3.14159265 0.        ] 0
[-1.57079633  3.14159265  3.14159265] 1
[1.57079633 3.14159265 0.        ] 0
[-1.57079633  3.14159265  3.14159265] 1
[1.57079633 3.14159265 0.        ] 0
[-1.57079633  3.14159265  3.14159265] 1
created model
loaded psi
momentum of initial state: 2 , particle number of initial state: 2
starting drmg run
E= -0.709890953205767
max bond dimension= 256
[0.99591111 0.98385508]
started to simulate
{'bc_MPS': 'infinite', 'bc': ['periodic', 'periodic'], 'V1': 0.6, 't': -1, 't2': -0.25, 'Lx': 2, 'Ly': 3, 'chi_max': 256, 'Nsec': 2, 'ktot': np.int64(2), 'saveAll': False, 'Delta': 0, 'phi_ext': np.float64(0.5), 'explicit_plus_hc': False, 'N_rings': 2, 'xy_lattice': 'Square', 'ring_order': None, 'conserve_k': True, 'sort_mpo_legs': False}
2
[1.57079633 3.14159265 0.        ] 0
[-1.57079633  3.14159265  3.14159265] 1
[1.57079633 3.14159265 0.        ] 0
[-1.57079633  3.14159265  3.14159265] 1
[1.57079633 3.14159265 0.        ] 0
[-1.57079633  3.14159265  3.14159265] 1
created model
loaded psi
momentum of initial state: 2 , particle number of initial state: 2
starting drmg run
E= 0.2661063161986969
max bond dimension= 256
[1.86147147 1.99995616]
started to simulate
{'bc_MPS': 'infinite', 'bc': ['periodic', 'periodic'], 'V1': 0.6, 't': -1, 't2': -0.25, 'Lx': 2, 'Ly': 3, 'chi_max': 256, 'Nsec': 2, 'ktot': np.int64(2), 'saveAll': False, 'Delta': 0, 'phi_ext': np.float64(0.55), 'explicit_plus_hc': False, 'N_rings': 2, 'xy_lattice': 'Square', 'ring_order': None, 'conserve_k': True, 'sort_mpo_legs': False}
2
[1.57079633 3.14159265 0.        ] 0
[-1.57079633  3.14159265  3.14159265] 1
[1.57079633 3.14159265 0.        ] 0
[-1.57079633  3.14159265  3.14159265] 1
[1.57079633 3.14159265 0.        ] 0
[-1.57079633  3.14159265  3.14159265] 1
created model
loaded psi
momentum of initial state: 2 , particle number of initial state: 2
starting drmg run
E= -0.7074529108537035
max bond dimension= 256
[1.06564341 1.03089433]
started to simulate
{'bc_MPS': 'infinite', 'bc': ['periodic', 'periodic'], 'V1': 0.6, 't': -1, 't2': -0.25, 'Lx': 2, 'Ly': 3, 'chi_max': 256, 'Nsec': 2, 'ktot': np.int64(2), 'saveAll': False, 'Delta': 0, 'phi_ext': np.float64(0.6000000000000001), 'explicit_plus_hc': False, 'N_rings': 2, 'xy_lattice': 'Square', 'ring_order': None, 'conserve_k': True, 'sort_mpo_legs': False}
2
[1.57079633 3.14159265 0.        ] 0
[-1.57079633  3.14159265  3.14159265] 1
[1.57079633 3.14159265 0.        ] 0
[-1.57079633  3.14159265  3.14159265] 1
[1.57079633 3.14159265 0.        ] 0
[-1.57079633  3.14159265  3.14159265] 1
created model
loaded psi
momentum of initial state: 2 , particle number of initial state: 2
starting drmg run
E= -0.7063283795381873
max bond dimension= 256
[0.00138834 0.83014701]
started to simulate
{'bc_MPS': 'infinite', 'bc': ['periodic', 'periodic'], 'V1': 0.6, 't': -1, 't2': -0.25, 'Lx': 2, 'Ly': 3, 'chi_max': 256, 'Nsec': 2, 'ktot': np.int64(2), 'saveAll': False, 'Delta': 0, 'phi_ext': np.float64(0.65), 'explicit_plus_hc': False, 'N_rings': 2, 'xy_lattice': 'Square', 'ring_order': None, 'conserve_k': True, 'sort_mpo_legs': False}
2
[1.57079633 3.14159265 0.        ] 0
[-1.57079633  3.14159265  3.14159265] 1
[1.57079633 3.14159265 0.        ] 0
[-1.57079633  3.14159265  3.14159265] 1
[1.57079633 3.14159265 0.        ] 0
[-1.57079633  3.14159265  3.14159265] 1
created model
loaded psi
momentum of initial state: 2 , particle number of initial state: 2
starting drmg run
E= 1.0365503511884715
max bond dimension= 256
[-1.6111701   0.99957038]
started to simulate
{'bc_MPS': 'infinite', 'bc': ['periodic', 'periodic'], 'V1': 0.6, 't': -1, 't2': -0.25, 'Lx': 2, 'Ly': 3, 'chi_max': 256, 'Nsec': 2, 'ktot': np.int64(2), 'saveAll': False, 'Delta': 0, 'phi_ext': np.float64(0.7000000000000001), 'explicit_plus_hc': False, 'N_rings': 2, 'xy_lattice': 'Square', 'ring_order': None, 'conserve_k': True, 'sort_mpo_legs': False}
2
[1.57079633 3.14159265 0.        ] 0
[-1.57079633  3.14159265  3.14159265] 1
[1.57079633 3.14159265 0.        ] 0
[-1.57079633  3.14159265  3.14159265] 1
[1.57079633 3.14159265 0.        ] 0
[-1.57079633  3.14159265  3.14159265] 1
created model
loaded psi
momentum of initial state: 2 , particle number of initial state: 2
starting drmg run
E= 1.6966828368056024
max bond dimension= 256
[-0.90496311  1.99999049]
started to simulate
{'bc_MPS': 'infinite', 'bc': ['periodic', 'periodic'], 'V1': 0.6, 't': -1, 't2': -0.25, 'Lx': 2, 'Ly': 3, 'chi_max': 256, 'Nsec': 2, 'ktot': np.int64(2), 'saveAll': False, 'Delta': 0, 'phi_ext': np.float64(0.75), 'explicit_plus_hc': False, 'N_rings': 2, 'xy_lattice': 'Square', 'ring_order': None, 'conserve_k': True, 'sort_mpo_legs': False}
2
[1.57079633 3.14159265 0.        ] 0
[-1.57079633  3.14159265  3.14159265] 1
[1.57079633 3.14159265 0.        ] 0
[-1.57079633  3.14159265  3.14159265] 1
[1.57079633 3.14159265 0.        ] 0
[-1.57079633  3.14159265  3.14159265] 1
created model
loaded psi
momentum of initial state: 2 , particle number of initial state: 2
starting drmg run
E= -0.7073916458440598
max bond dimension= 256
[1.04200646 1.07874776]
started to simulate
{'bc_MPS': 'infinite', 'bc': ['periodic', 'periodic'], 'V1': 0.6, 't': -1, 't2': -0.25, 'Lx': 2, 'Ly': 3, 'chi_max': 256, 'Nsec': 2, 'ktot': np.int64(2), 'saveAll': False, 'Delta': 0, 'phi_ext': np.float64(0.8), 'explicit_plus_hc': False, 'N_rings': 2, 'xy_lattice': 'Square', 'ring_order': None, 'conserve_k': True, 'sort_mpo_legs': False}
2
[1.57079633 3.14159265 0.        ] 0
[-1.57079633  3.14159265  3.14159265] 1
[1.57079633 3.14159265 0.        ] 0
[-1.57079633  3.14159265  3.14159265] 1
[1.57079633 3.14159265 0.        ] 0
[-1.57079633  3.14159265  3.14159265] 1
created model
loaded psi
momentum of initial state: 2 , particle number of initial state: 2
starting drmg run
E= -0.7050485066647904
max bond dimension= 256
[0.93382202 1.15018327]
started to simulate
{'bc_MPS': 'infinite', 'bc': ['periodic', 'periodic'], 'V1': 0.6, 't': -1, 't2': -0.25, 'Lx': 2, 'Ly': 3, 'chi_max': 256, 'Nsec': 2, 'ktot': np.int64(2), 'saveAll': False, 'Delta': 0, 'phi_ext': np.float64(0.8500000000000001), 'explicit_plus_hc': False, 'N_rings': 2, 'xy_lattice': 'Square', 'ring_order': None, 'conserve_k': True, 'sort_mpo_legs': False}
2
[1.57079633 3.14159265 0.        ] 0
[-1.57079633  3.14159265  3.14159265] 1
[1.57079633 3.14159265 0.        ] 0
[-1.57079633  3.14159265  3.14159265] 1
[1.57079633 3.14159265 0.        ] 0
[-1.57079633  3.14159265  3.14159265] 1
created model
loaded psi
momentum of initial state: 2 , particle number of initial state: 2
starting drmg run
E= -0.7099336166090401
max bond dimension= 256
[-1.11924656  1.24929858]
started to simulate
{'bc_MPS': 'infinite', 'bc': ['periodic', 'periodic'], 'V1': 0.6, 't': -1, 't2': -0.25, 'Lx': 2, 'Ly': 3, 'chi_max': 256, 'Nsec': 2, 'ktot': np.int64(2), 'saveAll': False, 'Delta': 0, 'phi_ext': np.float64(0.9), 'explicit_plus_hc': False, 'N_rings': 2, 'xy_lattice': 'Square', 'ring_order': None, 'conserve_k': True, 'sort_mpo_legs': False}
2
[1.57079633 3.14159265 0.        ] 0
[-1.57079633  3.14159265  3.14159265] 1
[1.57079633 3.14159265 0.        ] 0
[-1.57079633  3.14159265  3.14159265] 1
[1.57079633 3.14159265 0.        ] 0
[-1.57079633  3.14159265  3.14159265] 1
created model
loaded psi
momentum of initial state: 2 , particle number of initial state: 2
starting drmg run
E= -0.6994504250543514
max bond dimension= 256
[-1.17990862  0.67200929]
started to simulate
{'bc_MPS': 'infinite', 'bc': ['periodic', 'periodic'], 'V1': 0.6, 't': -1, 't2': -0.25, 'Lx': 2, 'Ly': 3, 'chi_max': 256, 'Nsec': 2, 'ktot': np.int64(2), 'saveAll': False, 'Delta': 0, 'phi_ext': np.float64(0.9500000000000001), 'explicit_plus_hc': False, 'N_rings': 2, 'xy_lattice': 'Square', 'ring_order': None, 'conserve_k': True, 'sort_mpo_legs': False}
2
[1.57079633 3.14159265 0.        ] 0
[-1.57079633  3.14159265  3.14159265] 1
[1.57079633 3.14159265 0.        ] 0
[-1.57079633  3.14159265  3.14159265] 1
[1.57079633 3.14159265 0.        ] 0
[-1.57079633  3.14159265  3.14159265] 1
created model
loaded psi
momentum of initial state: 2 , particle number of initial state: 2
starting drmg run
E= 1.240910801682503
max bond dimension= 256
[-0.47111722  0.00113795]
started to simulate
{'bc_MPS': 'infinite', 'bc': ['periodic', 'periodic'], 'V1': 0.6, 't': -1, 't2': -0.25, 'Lx': 2, 'Ly': 3, 'chi_max': 256, 'Nsec': 2, 'ktot': np.int64(2), 'saveAll': False, 'Delta': 0, 'phi_ext': np.float64(1.0), 'explicit_plus_hc': False, 'N_rings': 2, 'xy_lattice': 'Square', 'ring_order': None, 'conserve_k': True, 'sort_mpo_legs': False}
2
[1.57079633 3.14159265 0.        ] 0
[-1.57079633  3.14159265  3.14159265] 1
[1.57079633 3.14159265 0.        ] 0
[-1.57079633  3.14159265  3.14159265] 1
[1.57079633 3.14159265 0.        ] 0
[-1.57079633  3.14159265  3.14159265] 1
created model
loaded psi
momentum of initial state: 2 , particle number of initial state: 2
starting drmg run
E= -0.7127887203194803
max bond dimension= 256
[-1.21015737  0.21433346]
started to simulate
{'bc_MPS': 'infinite', 'bc': ['periodic', 'periodic'], 'V1': 0.6, 't': -1, 't2': -0.25, 'Lx': 2, 'Ly': 3, 'chi_max': 256, 'Nsec': 2, 'ktot': np.int64(2), 'saveAll': False, 'Delta': 0, 'phi_ext': np.float64(1.05), 'explicit_plus_hc': False, 'N_rings': 2, 'xy_lattice': 'Square', 'ring_order': None, 'conserve_k': True, 'sort_mpo_legs': False}
2
[1.57079633 3.14159265 0.        ] 0
[-1.57079633  3.14159265  3.14159265] 1
[1.57079633 3.14159265 0.        ] 0
[-1.57079633  3.14159265  3.14159265] 1
[1.57079633 3.14159265 0.        ] 0
[-1.57079633  3.14159265  3.14159265] 1
created model
loaded psi
momentum of initial state: 2 , particle number of initial state: 2
starting drmg run
E= -0.7137036252739222
max bond dimension= 256
[-1.16971219  0.22849205]
started to simulate
{'bc_MPS': 'infinite', 'bc': ['periodic', 'periodic'], 'V1': 0.6, 't': -1, 't2': -0.25, 'Lx': 2, 'Ly': 3, 'chi_max': 256, 'Nsec': 2, 'ktot': np.int64(2), 'saveAll': False, 'Delta': 0, 'phi_ext': np.float64(1.1), 'explicit_plus_hc': False, 'N_rings': 2, 'xy_lattice': 'Square', 'ring_order': None, 'conserve_k': True, 'sort_mpo_legs': False}
2
[1.57079633 3.14159265 0.        ] 0
[-1.57079633  3.14159265  3.14159265] 1
[1.57079633 3.14159265 0.        ] 0
[-1.57079633  3.14159265  3.14159265] 1
[1.57079633 3.14159265 0.        ] 0
[-1.57079633  3.14159265  3.14159265] 1
created model
loaded psi
momentum of initial state: 2 , particle number of initial state: 2
starting drmg run
E= -0.7144932009186485
max bond dimension= 256
[-1.12743996  0.25212495]
started to simulate
{'bc_MPS': 'infinite', 'bc': ['periodic', 'periodic'], 'V1': 0.6, 't': -1, 't2': -0.25, 'Lx': 2, 'Ly': 3, 'chi_max': 256, 'Nsec': 2, 'ktot': np.int64(2), 'saveAll': False, 'Delta': 0, 'phi_ext': np.float64(1.1500000000000001), 'explicit_plus_hc': False, 'N_rings': 2, 'xy_lattice': 'Square', 'ring_order': None, 'conserve_k': True, 'sort_mpo_legs': False}
2
[1.57079633 3.14159265 0.        ] 0
[-1.57079633  3.14159265  3.14159265] 1
[1.57079633 3.14159265 0.        ] 0
[-1.57079633  3.14159265  3.14159265] 1
[1.57079633 3.14159265 0.        ] 0
[-1.57079633  3.14159265  3.14159265] 1
created model
loaded psi
momentum of initial state: 2 , particle number of initial state: 2
starting drmg run
E= -0.7151000047575214
max bond dimension= 256
[-1.08490607  0.28160006]
started to simulate
{'bc_MPS': 'infinite', 'bc': ['periodic', 'periodic'], 'V1': 0.6, 't': -1, 't2': -0.25, 'Lx': 2, 'Ly': 3, 'chi_max': 256, 'Nsec': 2, 'ktot': np.int64(2), 'saveAll': False, 'Delta': 0, 'phi_ext': np.float64(1.2000000000000002), 'explicit_plus_hc': False, 'N_rings': 2, 'xy_lattice': 'Square', 'ring_order': None, 'conserve_k': True, 'sort_mpo_legs': False}
2
[1.57079633 3.14159265 0.        ] 0
[-1.57079633  3.14159265  3.14159265] 1
[1.57079633 3.14159265 0.        ] 0
[-1.57079633  3.14159265  3.14159265] 1
[1.57079633 3.14159265 0.        ] 0
[-1.57079633  3.14159265  3.14159265] 1
created model
loaded psi
momentum of initial state: 2 , particle number of initial state: 2
starting drmg run
E= -0.7154817216394301
max bond dimension= 256
[-1.04242029  0.31628158]
started to simulate
{'bc_MPS': 'infinite', 'bc': ['periodic', 'periodic'], 'V1': 0.6, 't': -1, 't2': -0.25, 'Lx': 2, 'Ly': 3, 'chi_max': 256, 'Nsec': 2, 'ktot': np.int64(2), 'saveAll': False, 'Delta': 0, 'phi_ext': np.float64(1.25), 'explicit_plus_hc': False, 'N_rings': 2, 'xy_lattice': 'Square', 'ring_order': None, 'conserve_k': True, 'sort_mpo_legs': False}
2
[1.57079633 3.14159265 0.        ] 0
[-1.57079633  3.14159265  3.14159265] 1
[1.57079633 3.14159265 0.        ] 0
[-1.57079633  3.14159265  3.14159265] 1
[1.57079633 3.14159265 0.        ] 0
[-1.57079633  3.14159265  3.14159265] 1
created model
loaded psi
momentum of initial state: 2 , particle number of initial state: 2
starting drmg run
E= -0.7156119642394382
max bond dimension= 256
[-0.99999999  0.35616708]
started to simulate
{'bc_MPS': 'infinite', 'bc': ['periodic', 'periodic'], 'V1': 0.6, 't': -1, 't2': -0.25, 'Lx': 2, 'Ly': 3, 'chi_max': 256, 'Nsec': 2, 'ktot': np.int64(2), 'saveAll': False, 'Delta': 0, 'phi_ext': np.float64(1.3), 'explicit_plus_hc': False, 'N_rings': 2, 'xy_lattice': 'Square', 'ring_order': None, 'conserve_k': True, 'sort_mpo_legs': False}
2
[1.57079633 3.14159265 0.        ] 0
[-1.57079633  3.14159265  3.14159265] 1
[1.57079633 3.14159265 0.        ] 0
[-1.57079633  3.14159265  3.14159265] 1
[1.57079633 3.14159265 0.        ] 0
[-1.57079633  3.14159265  3.14159265] 1
created model
loaded psi
momentum of initial state: 2 , particle number of initial state: 2
starting drmg run
E= -0.7154817216376396
max bond dimension= 256
[-0.9575797  0.4013882]
started to simulate
{'bc_MPS': 'infinite', 'bc': ['periodic', 'periodic'], 'V1': 0.6, 't': -1, 't2': -0.25, 'Lx': 2, 'Ly': 3, 'chi_max': 256, 'Nsec': 2, 'ktot': np.int64(2), 'saveAll': False, 'Delta': 0, 'phi_ext': np.float64(1.35), 'explicit_plus_hc': False, 'N_rings': 2, 'xy_lattice': 'Square', 'ring_order': None, 'conserve_k': True, 'sort_mpo_legs': False}
2
[1.57079633 3.14159265 0.        ] 0
[-1.57079633  3.14159265  3.14159265] 1
[1.57079633 3.14159265 0.        ] 0
[-1.57079633  3.14159265  3.14159265] 1
[1.57079633 3.14159265 0.        ] 0
[-1.57079633  3.14159265  3.14159265] 1
created model
loaded psi
momentum of initial state: 2 , particle number of initial state: 2
starting drmg run
E= -0.7151000048641502
max bond dimension= 256
[-0.91509392  0.45206731]
started to simulate
{'bc_MPS': 'infinite', 'bc': ['periodic', 'periodic'], 'V1': 0.6, 't': -1, 't2': -0.25, 'Lx': 2, 'Ly': 3, 'chi_max': 256, 'Nsec': 2, 'ktot': np.int64(2), 'saveAll': False, 'Delta': 0, 'phi_ext': np.float64(1.4000000000000001), 'explicit_plus_hc': False, 'N_rings': 2, 'xy_lattice': 'Square', 'ring_order': None, 'conserve_k': True, 'sort_mpo_legs': False}
2
[1.57079633 3.14159265 0.        ] 0
[-1.57079633  3.14159265  3.14159265] 1
[1.57079633 3.14159265 0.        ] 0
[-1.57079633  3.14159265  3.14159265] 1
[1.57079633 3.14159265 0.        ] 0
[-1.57079633  3.14159265  3.14159265] 1
created model
loaded psi
momentum of initial state: 2 , particle number of initial state: 2
starting drmg run
E= -0.7144932131853162
max bond dimension= 256
[-0.87256004  0.5082993 ]
started to simulate
{'bc_MPS': 'infinite', 'bc': ['periodic', 'periodic'], 'V1': 0.6, 't': -1, 't2': -0.25, 'Lx': 2, 'Ly': 3, 'chi_max': 256, 'Nsec': 2, 'ktot': np.int64(2), 'saveAll': False, 'Delta': 0, 'phi_ext': np.float64(1.4500000000000002), 'explicit_plus_hc': False, 'N_rings': 2, 'xy_lattice': 'Square', 'ring_order': None, 'conserve_k': True, 'sort_mpo_legs': False}
2
[1.57079633 3.14159265 0.        ] 0
[-1.57079633  3.14159265  3.14159265] 1
[1.57079633 3.14159265 0.        ] 0
[-1.57079633  3.14159265  3.14159265] 1
[1.57079633 3.14159265 0.        ] 0
[-1.57079633  3.14159265  3.14159265] 1
created model
loaded psi
momentum of initial state: 2 , particle number of initial state: 2
starting drmg run
E= -0.7137036264283884
max bond dimension= 256
[-0.83028778  0.57025034]
started to simulate
{'bc_MPS': 'infinite', 'bc': ['periodic', 'periodic'], 'V1': 0.6, 't': -1, 't2': -0.25, 'Lx': 2, 'Ly': 3, 'chi_max': 256, 'Nsec': 2, 'ktot': np.int64(2), 'saveAll': False, 'Delta': 0, 'phi_ext': np.float64(1.5), 'explicit_plus_hc': False, 'N_rings': 2, 'xy_lattice': 'Square', 'ring_order': None, 'conserve_k': True, 'sort_mpo_legs': False}
2
[1.57079633 3.14159265 0.        ] 0
[-1.57079633  3.14159265  3.14159265] 1
[1.57079633 3.14159265 0.        ] 0
[-1.57079633  3.14159265  3.14159265] 1
[1.57079633 3.14159265 0.        ] 0
[-1.57079633  3.14159265  3.14159265] 1
created model
loaded psi
momentum of initial state: 2 , particle number of initial state: 2
starting drmg run
E= -0.7127887171528897
max bond dimension= 256
[-0.78984273  0.63874007]
started to simulate
{'bc_MPS': 'infinite', 'bc': ['periodic', 'periodic'], 'V1': 0.6, 't': -1, 't2': -0.25, 'Lx': 2, 'Ly': 3, 'chi_max': 256, 'Nsec': 2, 'ktot': np.int64(2), 'saveAll': False, 'Delta': 0, 'phi_ext': np.float64(1.55), 'explicit_plus_hc': False, 'N_rings': 2, 'xy_lattice': 'Square', 'ring_order': None, 'conserve_k': True, 'sort_mpo_legs': False}
2
[1.57079633 3.14159265 0.        ] 0
[-1.57079633  3.14159265  3.14159265] 1
[1.57079633 3.14159265 0.        ] 0
[-1.57079633  3.14159265  3.14159265] 1
[1.57079633 3.14159265 0.        ] 0
[-1.57079633  3.14159265  3.14159265] 1
created model
loaded psi
momentum of initial state: 2 , particle number of initial state: 2
starting drmg run
E= -0.7067125216781278
max bond dimension= 256
[-0.7252604   0.70699924]
started to simulate
{'bc_MPS': 'infinite', 'bc': ['periodic', 'periodic'], 'V1': 0.6, 't': -1, 't2': -0.25, 'Lx': 2, 'Ly': 3, 'chi_max': 256, 'Nsec': 2, 'ktot': np.int64(2), 'saveAll': False, 'Delta': 0, 'phi_ext': np.float64(1.6), 'explicit_plus_hc': False, 'N_rings': 2, 'xy_lattice': 'Square', 'ring_order': None, 'conserve_k': True, 'sort_mpo_legs': False}
2
[1.57079633 3.14159265 0.        ] 0
[-1.57079633  3.14159265  3.14159265] 1
[1.57079633 3.14159265 0.        ] 0
[-1.57079633  3.14159265  3.14159265] 1
[1.57079633 3.14159265 0.        ] 0
[-1.57079633  3.14159265  3.14159265] 1
created model
loaded psi
momentum of initial state: 2 , particle number of initial state: 2
starting drmg run
E= 0.4231322529593058
max bond dimension= 253
[4.56962143 1.43040316]
started to simulate
{'bc_MPS': 'infinite', 'bc': ['periodic', 'periodic'], 'V1': 0.6, 't': -1, 't2': -0.25, 'Lx': 2, 'Ly': 3, 'chi_max': 256, 'Nsec': 2, 'ktot': np.int64(2), 'saveAll': False, 'Delta': 0, 'phi_ext': np.float64(1.6500000000000001), 'explicit_plus_hc': False, 'N_rings': 2, 'xy_lattice': 'Square', 'ring_order': None, 'conserve_k': True, 'sort_mpo_legs': False}
2
[1.57079633 3.14159265 0.        ] 0
[-1.57079633  3.14159265  3.14159265] 1
[1.57079633 3.14159265 0.        ] 0
[-1.57079633  3.14159265  3.14159265] 1
[1.57079633 3.14159265 0.        ] 0
[-1.57079633  3.14159265  3.14159265] 1
created model
loaded psi
momentum of initial state: 2 , particle number of initial state: 2
starting drmg run
E= 1.7566130114288967
max bond dimension= 256
[0.52655887 0.4719771 ]
started to simulate
{'bc_MPS': 'infinite', 'bc': ['periodic', 'periodic'], 'V1': 0.6, 't': -1, 't2': -0.25, 'Lx': 2, 'Ly': 3, 'chi_max': 256, 'Nsec': 2, 'ktot': np.int64(2), 'saveAll': False, 'Delta': 0, 'phi_ext': np.float64(1.7000000000000002), 'explicit_plus_hc': False, 'N_rings': 2, 'xy_lattice': 'Square', 'ring_order': None, 'conserve_k': True, 'sort_mpo_legs': False}
2
[1.57079633 3.14159265 0.        ] 0
[-1.57079633  3.14159265  3.14159265] 1
[1.57079633 3.14159265 0.        ] 0
[-1.57079633  3.14159265  3.14159265] 1
[1.57079633 3.14159265 0.        ] 0
[-1.57079633  3.14159265  3.14159265] 1
created model
loaded psi
momentum of initial state: 2 , particle number of initial state: 2
starting drmg run
E= 0.028642945647144796
max bond dimension= 256
[-3.84709673  0.30532085]
started to simulate
{'bc_MPS': 'infinite', 'bc': ['periodic', 'periodic'], 'V1': 0.6, 't': -1, 't2': -0.25, 'Lx': 2, 'Ly': 3, 'chi_max': 256, 'Nsec': 2, 'ktot': np.int64(2), 'saveAll': False, 'Delta': 0, 'phi_ext': np.float64(1.75), 'explicit_plus_hc': False, 'N_rings': 2, 'xy_lattice': 'Square', 'ring_order': None, 'conserve_k': True, 'sort_mpo_legs': False}
2
[1.57079633 3.14159265 0.        ] 0
[-1.57079633  3.14159265  3.14159265] 1
[1.57079633 3.14159265 0.        ] 0
[-1.57079633  3.14159265  3.14159265] 1
[1.57079633 3.14159265 0.        ] 0
[-1.57079633  3.14159265  3.14159265] 1
created model
loaded psi
momentum of initial state: 2 , particle number of initial state: 2
starting drmg run
E= -0.6887452499985519
max bond dimension= 256
[-0.97777527  0.99037949]
started to simulate
{'bc_MPS': 'infinite', 'bc': ['periodic', 'periodic'], 'V1': 0.6, 't': -1, 't2': -0.25, 'Lx': 2, 'Ly': 3, 'chi_max': 256, 'Nsec': 2, 'ktot': np.int64(2), 'saveAll': False, 'Delta': 0, 'phi_ext': np.float64(1.8), 'explicit_plus_hc': False, 'N_rings': 2, 'xy_lattice': 'Square', 'ring_order': None, 'conserve_k': True, 'sort_mpo_legs': False}
2
[1.57079633 3.14159265 0.        ] 0
[-1.57079633  3.14159265  3.14159265] 1
[1.57079633 3.14159265 0.        ] 0
[-1.57079633  3.14159265  3.14159265] 1
[1.57079633 3.14159265 0.        ] 0
[-1.57079633  3.14159265  3.14159265] 1
created model
loaded psi
momentum of initial state: 2 , particle number of initial state: 2
starting drmg run
E= -0.6979658745100892
max bond dimension= 256
[-1.05184072  0.9926016 ]
started to simulate
{'bc_MPS': 'infinite', 'bc': ['periodic', 'periodic'], 'V1': 0.6, 't': -1, 't2': -0.25, 'Lx': 2, 'Ly': 3, 'chi_max': 256, 'Nsec': 2, 'ktot': np.int64(2), 'saveAll': False, 'Delta': 0, 'phi_ext': np.float64(1.85), 'explicit_plus_hc': False, 'N_rings': 2, 'xy_lattice': 'Square', 'ring_order': None, 'conserve_k': True, 'sort_mpo_legs': False}
2
[1.57079633 3.14159265 0.        ] 0
[-1.57079633  3.14159265  3.14159265] 1
[1.57079633 3.14159265 0.        ] 0
[-1.57079633  3.14159265  3.14159265] 1
[1.57079633 3.14159265 0.        ] 0
[-1.57079633  3.14159265  3.14159265] 1
created model
loaded psi
momentum of initial state: 2 , particle number of initial state: 2
starting drmg run
E= 0.22224973333646858
max bond dimension= 256
[-0.66335497  0.61617712]
started to simulate
{'bc_MPS': 'infinite', 'bc': ['periodic', 'periodic'], 'V1': 0.6, 't': -1, 't2': -0.25, 'Lx': 2, 'Ly': 3, 'chi_max': 256, 'Nsec': 2, 'ktot': np.int64(2), 'saveAll': False, 'Delta': 0, 'phi_ext': np.float64(1.9000000000000001), 'explicit_plus_hc': False, 'N_rings': 2, 'xy_lattice': 'Square', 'ring_order': None, 'conserve_k': True, 'sort_mpo_legs': False}
2
[1.57079633 3.14159265 0.        ] 0
[-1.57079633  3.14159265  3.14159265] 1
[1.57079633 3.14159265 0.        ] 0
[-1.57079633  3.14159265  3.14159265] 1
[1.57079633 3.14159265 0.        ] 0
[-1.57079633  3.14159265  3.14159265] 1
created model
loaded psi
momentum of initial state: 2 , particle number of initial state: 2
starting drmg run
E= 1.47049878076884
max bond dimension= 256
[0.22456028 0.77543427]
started to simulate
{'bc_MPS': 'infinite', 'bc': ['periodic', 'periodic'], 'V1': 0.6, 't': -1, 't2': -0.25, 'Lx': 2, 'Ly': 3, 'chi_max': 256, 'Nsec': 2, 'ktot': np.int64(2), 'saveAll': False, 'Delta': 0, 'phi_ext': np.float64(1.9500000000000002), 'explicit_plus_hc': False, 'N_rings': 2, 'xy_lattice': 'Square', 'ring_order': None, 'conserve_k': True, 'sort_mpo_legs': False}
2
[1.57079633 3.14159265 0.        ] 0
[-1.57079633  3.14159265  3.14159265] 1
[1.57079633 3.14159265 0.        ] 0
[-1.57079633  3.14159265  3.14159265] 1
[1.57079633 3.14159265 0.        ] 0
[-1.57079633  3.14159265  3.14159265] 1
created model
loaded psi
momentum of initial state: 2 , particle number of initial state: 2
starting drmg run
E= -0.7018420287821717
max bond dimension= 256
[2.78032233 0.98125719]
started to simulate
{'bc_MPS': 'infinite', 'bc': ['periodic', 'periodic'], 'V1': 0.6, 't': -1, 't2': -0.25, 'Lx': 2, 'Ly': 3, 'chi_max': 256, 'Nsec': 2, 'ktot': np.int64(2), 'saveAll': False, 'Delta': 0, 'phi_ext': np.float64(2.0), 'explicit_plus_hc': False, 'N_rings': 2, 'xy_lattice': 'Square', 'ring_order': None, 'conserve_k': True, 'sort_mpo_legs': False}
2
[1.57079633 3.14159265 0.        ] 0
[-1.57079633  3.14159265  3.14159265] 1
[1.57079633 3.14159265 0.        ] 0
[-1.57079633  3.14159265  3.14159265] 1
[1.57079633 3.14159265 0.        ] 0
[-1.57079633  3.14159265  3.14159265] 1
created model
loaded psi
momentum of initial state: 2 , particle number of initial state: 2
starting drmg run
E= 0.5680372477297055
max bond dimension= 256
[1.19643766 1.803532  ]
started to simulate
{'bc_MPS': 'infinite', 'bc': ['periodic', 'periodic'], 'V1': 0.6, 't': -1, 't2': -0.25, 'Lx': 2, 'Ly': 3, 'chi_max': 256, 'Nsec': 2, 'ktot': np.int64(2), 'saveAll': False, 'Delta': 0, 'phi_ext': np.float64(2.0500000000000003), 'explicit_plus_hc': False, 'N_rings': 2, 'xy_lattice': 'Square', 'ring_order': None, 'conserve_k': True, 'sort_mpo_legs': False}
2
[1.57079633 3.14159265 0.        ] 0
[-1.57079633  3.14159265  3.14159265] 1
[1.57079633 3.14159265 0.        ] 0
[-1.57079633  3.14159265  3.14159265] 1
[1.57079633 3.14159265 0.        ] 0
[-1.57079633  3.14159265  3.14159265] 1
created model
loaded psi
momentum of initial state: 2 , particle number of initial state: 2
starting drmg run
E= 0.3166080079807709
max bond dimension= 256
[7.23976622 1.75978693]
started to simulate
{'bc_MPS': 'infinite', 'bc': ['periodic', 'periodic'], 'V1': 0.6, 't': -1, 't2': -0.25, 'Lx': 2, 'Ly': 3, 'chi_max': 256, 'Nsec': 2, 'ktot': np.int64(2), 'saveAll': False, 'Delta': 0, 'phi_ext': np.float64(2.1), 'explicit_plus_hc': False, 'N_rings': 2, 'xy_lattice': 'Square', 'ring_order': None, 'conserve_k': True, 'sort_mpo_legs': False}
2
[1.57079633 3.14159265 0.        ] 0
[-1.57079633  3.14159265  3.14159265] 1
[1.57079633 3.14159265 0.        ] 0
[-1.57079633  3.14159265  3.14159265] 1
[1.57079633 3.14159265 0.        ] 0
[-1.57079633  3.14159265  3.14159265] 1
created model
loaded psi
momentum of initial state: 2 , particle number of initial state: 2
starting drmg run
E= 1.3620555343980338
max bond dimension= 256
[7.48525489 1.51446783]
started to simulate
{'bc_MPS': 'infinite', 'bc': ['periodic', 'periodic'], 'V1': 0.6, 't': -1, 't2': -0.25, 'Lx': 2, 'Ly': 3, 'chi_max': 256, 'Nsec': 2, 'ktot': np.int64(2), 'saveAll': False, 'Delta': 0, 'phi_ext': np.float64(2.15), 'explicit_plus_hc': False, 'N_rings': 2, 'xy_lattice': 'Square', 'ring_order': None, 'conserve_k': True, 'sort_mpo_legs': False}
2
[1.57079633 3.14159265 0.        ] 0
[-1.57079633  3.14159265  3.14159265] 1
[1.57079633 3.14159265 0.        ] 0
[-1.57079633  3.14159265  3.14159265] 1
[1.57079633 3.14159265 0.        ] 0
[-1.57079633  3.14159265  3.14159265] 1
created model
loaded psi
momentum of initial state: 2 , particle number of initial state: 2
starting drmg run
E= -0.6983330023025852
max bond dimension= 256
[7.97313242 1.166745  ]
started to simulate
{'bc_MPS': 'infinite', 'bc': ['periodic', 'periodic'], 'V1': 0.6, 't': -1, 't2': -0.25, 'Lx': 2, 'Ly': 3, 'chi_max': 256, 'Nsec': 2, 'ktot': np.int64(2), 'saveAll': False, 'Delta': 0, 'phi_ext': np.float64(2.2), 'explicit_plus_hc': False, 'N_rings': 2, 'xy_lattice': 'Square', 'ring_order': None, 'conserve_k': True, 'sort_mpo_legs': False}
2
[1.57079633 3.14159265 0.        ] 0
[-1.57079633  3.14159265  3.14159265] 1
[1.57079633 3.14159265 0.        ] 0
[-1.57079633  3.14159265  3.14159265] 1
[1.57079633 3.14159265 0.        ] 0
[-1.57079633  3.14159265  3.14159265] 1
created model
loaded psi
momentum of initial state: 2 , particle number of initial state: 2
starting drmg run
E= 0.9371198559527253
max bond dimension= 256
[8.12642861 1.72537051]
started to simulate
{'bc_MPS': 'infinite', 'bc': ['periodic', 'periodic'], 'V1': 0.6, 't': -1, 't2': -0.25, 'Lx': 2, 'Ly': 3, 'chi_max': 256, 'Nsec': 2, 'ktot': np.int64(2), 'saveAll': False, 'Delta': 0, 'phi_ext': np.float64(2.25), 'explicit_plus_hc': False, 'N_rings': 2, 'xy_lattice': 'Square', 'ring_order': None, 'conserve_k': True, 'sort_mpo_legs': False}
2
[1.57079633 3.14159265 0.        ] 0
[-1.57079633  3.14159265  3.14159265] 1
[1.57079633 3.14159265 0.        ] 0
[-1.57079633  3.14159265  3.14159265] 1
[1.57079633 3.14159265 0.        ] 0
[-1.57079633  3.14159265  3.14159265] 1
created model
loaded psi
momentum of initial state: 2 , particle number of initial state: 2
starting drmg run
E= -0.6789638346169417
max bond dimension= 256
[13.97329884  1.03175411]
started to simulate
{'bc_MPS': 'infinite', 'bc': ['periodic', 'periodic'], 'V1': 0.6, 't': -1, 't2': -0.25, 'Lx': 2, 'Ly': 3, 'chi_max': 256, 'Nsec': 2, 'ktot': np.int64(2), 'saveAll': False, 'Delta': 0, 'phi_ext': np.float64(2.3000000000000003), 'explicit_plus_hc': False, 'N_rings': 2, 'xy_lattice': 'Square', 'ring_order': None, 'conserve_k': True, 'sort_mpo_legs': False}
2
[1.57079633 3.14159265 0.        ] 0
[-1.57079633  3.14159265  3.14159265] 1
[1.57079633 3.14159265 0.        ] 0
[-1.57079633  3.14159265  3.14159265] 1
[1.57079633 3.14159265 0.        ] 0
[-1.57079633  3.14159265  3.14159265] 1
created model
loaded psi
momentum of initial state: 2 , particle number of initial state: 2
starting drmg run
E= -0.7075471868494864
max bond dimension= 256
[12.02242285  0.97592356]
started to simulate
{'bc_MPS': 'infinite', 'bc': ['periodic', 'periodic'], 'V1': 0.6, 't': -1, 't2': -0.25, 'Lx': 2, 'Ly': 3, 'chi_max': 256, 'Nsec': 2, 'ktot': np.int64(2), 'saveAll': False, 'Delta': 0, 'phi_ext': np.float64(2.35), 'explicit_plus_hc': False, 'N_rings': 2, 'xy_lattice': 'Square', 'ring_order': None, 'conserve_k': True, 'sort_mpo_legs': False}
2
[1.57079633 3.14159265 0.        ] 0
[-1.57079633  3.14159265  3.14159265] 1
[1.57079633 3.14159265 0.        ] 0
[-1.57079633  3.14159265  3.14159265] 1
[1.57079633 3.14159265 0.        ] 0
[-1.57079633  3.14159265  3.14159265] 1
created model
loaded psi
momentum of initial state: 2 , particle number of initial state: 2
starting drmg run
E= 0.23209508419995473
max bond dimension= 251
[12.45442449  1.00917608]
started to simulate
{'bc_MPS': 'infinite', 'bc': ['periodic', 'periodic'], 'V1': 0.6, 't': -1, 't2': -0.25, 'Lx': 2, 'Ly': 3, 'chi_max': 256, 'Nsec': 2, 'ktot': np.int64(2), 'saveAll': False, 'Delta': 0, 'phi_ext': np.float64(2.4000000000000004), 'explicit_plus_hc': False, 'N_rings': 2, 'xy_lattice': 'Square', 'ring_order': None, 'conserve_k': True, 'sort_mpo_legs': False}
2
[1.57079633 3.14159265 0.        ] 0
[-1.57079633  3.14159265  3.14159265] 1
[1.57079633 3.14159265 0.        ] 0
[-1.57079633  3.14159265  3.14159265] 1
[1.57079633 3.14159265 0.        ] 0
[-1.57079633  3.14159265  3.14159265] 1
created model
loaded psi
momentum of initial state: 2 , particle number of initial state: 2
starting drmg run
E= 0.3623393084862225
max bond dimension= 256
[8.23524178 0.46193688]
started to simulate
{'bc_MPS': 'infinite', 'bc': ['periodic', 'periodic'], 'V1': 0.6, 't': -1, 't2': -0.25, 'Lx': 2, 'Ly': 3, 'chi_max': 256, 'Nsec': 2, 'ktot': np.int64(2), 'saveAll': False, 'Delta': 0, 'phi_ext': np.float64(2.45), 'explicit_plus_hc': False, 'N_rings': 2, 'xy_lattice': 'Square', 'ring_order': None, 'conserve_k': True, 'sort_mpo_legs': False}
2
[1.57079633 3.14159265 0.        ] 0
[-1.57079633  3.14159265  3.14159265] 1
[1.57079633 3.14159265 0.        ] 0
[-1.57079633  3.14159265  3.14159265] 1
[1.57079633 3.14159265 0.        ] 0
[-1.57079633  3.14159265  3.14159265] 1
created model
loaded psi
momentum of initial state: 2 , particle number of initial state: 2
starting drmg run
E= -0.7107362646497867
max bond dimension= 256
[9.94763707 1.01561214]
started to simulate
{'bc_MPS': 'infinite', 'bc': ['periodic', 'periodic'], 'V1': 0.6, 't': -1, 't2': -0.25, 'Lx': 2, 'Ly': 3, 'chi_max': 256, 'Nsec': 2, 'ktot': np.int64(2), 'saveAll': False, 'Delta': 0, 'phi_ext': np.float64(2.5), 'explicit_plus_hc': False, 'N_rings': 2, 'xy_lattice': 'Square', 'ring_order': None, 'conserve_k': True, 'sort_mpo_legs': False}
2
[1.57079633 3.14159265 0.        ] 0
[-1.57079633  3.14159265  3.14159265] 1
[1.57079633 3.14159265 0.        ] 0
[-1.57079633  3.14159265  3.14159265] 1
[1.57079633 3.14159265 0.        ] 0
[-1.57079633  3.14159265  3.14159265] 1
created model
loaded psi
momentum of initial state: 2 , particle number of initial state: 2
starting drmg run
E= -0.7127887143435506
max bond dimension= 256
[9.93915103 1.00768949]
started to simulate
{'bc_MPS': 'infinite', 'bc': ['periodic', 'periodic'], 'V1': 0.6, 't': -1, 't2': -0.25, 'Lx': 2, 'Ly': 3, 'chi_max': 256, 'Nsec': 2, 'ktot': np.int64(2), 'saveAll': False, 'Delta': 0, 'phi_ext': np.float64(2.5500000000000003), 'explicit_plus_hc': False, 'N_rings': 2, 'xy_lattice': 'Square', 'ring_order': None, 'conserve_k': True, 'sort_mpo_legs': False}
2
[1.57079633 3.14159265 0.        ] 0
[-1.57079633  3.14159265  3.14159265] 1
[1.57079633 3.14159265 0.        ] 0
[-1.57079633  3.14159265  3.14159265] 1
[1.57079633 3.14159265 0.        ] 0
[-1.57079633  3.14159265  3.14159265] 1
created model
loaded psi
momentum of initial state: 2 , particle number of initial state: 2
starting drmg run
E= -0.7137036280014541
max bond dimension= 256
[9.9505892  1.00350873]
started to simulate
{'bc_MPS': 'infinite', 'bc': ['periodic', 'periodic'], 'V1': 0.6, 't': -1, 't2': -0.25, 'Lx': 2, 'Ly': 3, 'chi_max': 256, 'Nsec': 2, 'ktot': np.int64(2), 'saveAll': False, 'Delta': 0, 'phi_ext': np.float64(2.6), 'explicit_plus_hc': False, 'N_rings': 2, 'xy_lattice': 'Square', 'ring_order': None, 'conserve_k': True, 'sort_mpo_legs': False}
2
[1.57079633 3.14159265 0.        ] 0
[-1.57079633  3.14159265  3.14159265] 1
[1.57079633 3.14159265 0.        ] 0
[-1.57079633  3.14159265  3.14159265] 1
[1.57079633 3.14159265 0.        ] 0
[-1.57079633  3.14159265  3.14159265] 1
created model
loaded psi
momentum of initial state: 2 , particle number of initial state: 2
starting drmg run
E= -0.7144932186031762
max bond dimension= 256
[9.96300298 1.00160528]
started to simulate
{'bc_MPS': 'infinite', 'bc': ['periodic', 'periodic'], 'V1': 0.6, 't': -1, 't2': -0.25, 'Lx': 2, 'Ly': 3, 'chi_max': 256, 'Nsec': 2, 'ktot': np.int64(2), 'saveAll': False, 'Delta': 0, 'phi_ext': np.float64(2.6500000000000004), 'explicit_plus_hc': False, 'N_rings': 2, 'xy_lattice': 'Square', 'ring_order': None, 'conserve_k': True, 'sort_mpo_legs': False}
2
[1.57079633 3.14159265 0.        ] 0
[-1.57079633  3.14159265  3.14159265] 1
[1.57079633 3.14159265 0.        ] 0
[-1.57079633  3.14159265  3.14159265] 1
[1.57079633 3.14159265 0.        ] 0
[-1.57079633  3.14159265  3.14159265] 1
created model
loaded psi
momentum of initial state: 2 , particle number of initial state: 2
starting drmg run
E= -0.7151000048913309
max bond dimension= 256
[9.97546193 1.00165153]
started to simulate
{'bc_MPS': 'infinite', 'bc': ['periodic', 'periodic'], 'V1': 0.6, 't': -1, 't2': -0.25, 'Lx': 2, 'Ly': 3, 'chi_max': 256, 'Nsec': 2, 'ktot': np.int64(2), 'saveAll': False, 'Delta': 0, 'phi_ext': np.float64(2.7), 'explicit_plus_hc': False, 'N_rings': 2, 'xy_lattice': 'Square', 'ring_order': None, 'conserve_k': True, 'sort_mpo_legs': False}
2
[1.57079633 3.14159265 0.        ] 0
[-1.57079633  3.14159265  3.14159265] 1
[1.57079633 3.14159265 0.        ] 0
[-1.57079633  3.14159265  3.14159265] 1
[1.57079633 3.14159265 0.        ] 0
[-1.57079633  3.14159265  3.14159265] 1
created model
loaded psi
momentum of initial state: 2 , particle number of initial state: 2
starting drmg run
E= -0.7154817216729915
max bond dimension= 256
[9.98778484 1.00327116]
started to simulate
{'bc_MPS': 'infinite', 'bc': ['periodic', 'periodic'], 'V1': 0.6, 't': -1, 't2': -0.25, 'Lx': 2, 'Ly': 3, 'chi_max': 256, 'Nsec': 2, 'ktot': np.int64(2), 'saveAll': False, 'Delta': 0, 'phi_ext': np.float64(2.75), 'explicit_plus_hc': False, 'N_rings': 2, 'xy_lattice': 'Square', 'ring_order': None, 'conserve_k': True, 'sort_mpo_legs': False}
2
[1.57079633 3.14159265 0.        ] 0
[-1.57079633  3.14159265  3.14159265] 1
[1.57079633 3.14159265 0.        ] 0
[-1.57079633  3.14159265  3.14159265] 1
[1.57079633 3.14159265 0.        ] 0
[-1.57079633  3.14159265  3.14159265] 1
created model
loaded psi
momentum of initial state: 2 , particle number of initial state: 2
starting drmg run
E= -0.7156119642501011
max bond dimension= 256
[10.          1.00610623]
started to simulate
{'bc_MPS': 'infinite', 'bc': ['periodic', 'periodic'], 'V1': 0.6, 't': -1, 't2': -0.25, 'Lx': 2, 'Ly': 3, 'chi_max': 256, 'Nsec': 2, 'ktot': np.int64(2), 'saveAll': False, 'Delta': 0, 'phi_ext': np.float64(2.8000000000000003), 'explicit_plus_hc': False, 'N_rings': 2, 'xy_lattice': 'Square', 'ring_order': None, 'conserve_k': True, 'sort_mpo_legs': False}
2
[1.57079633 3.14159265 0.        ] 0
[-1.57079633  3.14159265  3.14159265] 1
[1.57079633 3.14159265 0.        ] 0
[-1.57079633  3.14159265  3.14159265] 1
[1.57079633 3.14159265 0.        ] 0
[-1.57079633  3.14159265  3.14159265] 1
created model
loaded psi
momentum of initial state: 2 , particle number of initial state: 2
starting drmg run
E= -0.7154817216345464
max bond dimension= 256
[10.01221516  1.00981976]
started to simulate
{'bc_MPS': 'infinite', 'bc': ['periodic', 'periodic'], 'V1': 0.6, 't': -1, 't2': -0.25, 'Lx': 2, 'Ly': 3, 'chi_max': 256, 'Nsec': 2, 'ktot': np.int64(2), 'saveAll': False, 'Delta': 0, 'phi_ext': np.float64(2.85), 'explicit_plus_hc': False, 'N_rings': 2, 'xy_lattice': 'Square', 'ring_order': None, 'conserve_k': True, 'sort_mpo_legs': False}
2
[1.57079633 3.14159265 0.        ] 0
[-1.57079633  3.14159265  3.14159265] 1
[1.57079633 3.14159265 0.        ] 0
[-1.57079633  3.14159265  3.14159265] 1
[1.57079633 3.14159265 0.        ] 0
[-1.57079633  3.14159265  3.14159265] 1
created model
loaded psi
momentum of initial state: 2 , particle number of initial state: 2
starting drmg run
E= -0.7151000048678782
max bond dimension= 256
[10.02453808  1.01407525]
started to simulate
{'bc_MPS': 'infinite', 'bc': ['periodic', 'periodic'], 'V1': 0.6, 't': -1, 't2': -0.25, 'Lx': 2, 'Ly': 3, 'chi_max': 256, 'Nsec': 2, 'ktot': np.int64(2), 'saveAll': False, 'Delta': 0, 'phi_ext': np.float64(2.9000000000000004), 'explicit_plus_hc': False, 'N_rings': 2, 'xy_lattice': 'Square', 'ring_order': None, 'conserve_k': True, 'sort_mpo_legs': False}
2
[1.57079633 3.14159265 0.        ] 0
[-1.57079633  3.14159265  3.14159265] 1
[1.57079633 3.14159265 0.        ] 0
[-1.57079633  3.14159265  3.14159265] 1
[1.57079633 3.14159265 0.        ] 0
[-1.57079633  3.14159265  3.14159265] 1
created model
loaded psi
momentum of initial state: 2 , particle number of initial state: 2
starting drmg run
E= -0.7144932132652002
max bond dimension= 256
[10.03699705  1.01850839]
started to simulate
{'bc_MPS': 'infinite', 'bc': ['periodic', 'periodic'], 'V1': 0.6, 't': -1, 't2': -0.25, 'Lx': 2, 'Ly': 3, 'chi_max': 256, 'Nsec': 2, 'ktot': np.int64(2), 'saveAll': False, 'Delta': 0, 'phi_ext': np.float64(2.95), 'explicit_plus_hc': False, 'N_rings': 2, 'xy_lattice': 'Square', 'ring_order': None, 'conserve_k': True, 'sort_mpo_legs': False}
2
[1.57079633 3.14159265 0.        ] 0
[-1.57079633  3.14159265  3.14159265] 1
[1.57079633 3.14159265 0.        ] 0
[-1.57079633  3.14159265  3.14159265] 1
[1.57079633 3.14159265 0.        ] 0
[-1.57079633  3.14159265  3.14159265] 1
created model
loaded psi
momentum of initial state: 2 , particle number of initial state: 2
starting drmg run
E= -0.7137036264699977
max bond dimension= 256
[10.04941084  1.02270287]
started to simulate
{'bc_MPS': 'infinite', 'bc': ['periodic', 'periodic'], 'V1': 0.6, 't': -1, 't2': -0.25, 'Lx': 2, 'Ly': 3, 'chi_max': 256, 'Nsec': 2, 'ktot': np.int64(2), 'saveAll': False, 'Delta': 0, 'phi_ext': np.float64(3.0), 'explicit_plus_hc': False, 'N_rings': 2, 'xy_lattice': 'Square', 'ring_order': None, 'conserve_k': True, 'sort_mpo_legs': False}
2
[1.57079633 3.14159265 0.        ] 0
[-1.57079633  3.14159265  3.14159265] 1
[1.57079633 3.14159265 0.        ] 0
[-1.57079633  3.14159265  3.14159265] 1
[1.57079633 3.14159265 0.        ] 0
[-1.57079633  3.14159265  3.14159265] 1
created model
loaded psi
momentum of initial state: 2 , particle number of initial state: 2
starting drmg run
E= -0.7127887154901202
max bond dimension= 256
[10.06084865  1.02616279]
finished at Sun 26 Oct 02:56:57 CEST 2025
